solid OpenSCAD_Model
  facet normal -0.466993 -0.881822 0.065631
    outer loop
      vertex 24.4143 -27.6629 49.8634
      vertex 34.7771 -27.8478 121.115
      vertex 34.4347 -27.6629 121.163
    endloop
  endfacet
  facet normal -0.466979 -0.88183 0.0656288
    outer loop
      vertex 34.7771 -27.8478 121.115
      vertex 24.4143 -27.6629 49.8634
      vertex 24.7567 -27.8478 49.8153
    endloop
  endfacet
  facet normal 0.990272 0 -0.139143
    outer loop
      vertex 38.5059 -13.4447 120.591
      vertex 38.5059 -26 120.591
      vertex 37.9492 -13.4447 116.629
    endloop
  endfacet
  facet normal 0.990272 0 -0.139143
    outer loop
      vertex 37.9492 13.4447 116.629
      vertex 38.5059 26 120.591
      vertex 38.5059 13.4447 120.591
    endloop
  endfacet
  facet normal 0.990268 9.53811e-06 -0.139173
    outer loop
      vertex 38.5059 26 120.591
      vertex 37.9492 13.4447 116.629
      vertex 28.4854 26 49.2912
    endloop
  endfacet
  facet normal 0.990268 0 -0.139174
    outer loop
      vertex 37.9492 -13.4447 116.629
      vertex 28.4854 26 49.2912
      vertex 37.9492 13.4447 116.629
    endloop
  endfacet
  facet normal 0.990268 -9.53811e-06 -0.139173
    outer loop
      vertex 28.4854 -26 49.2912
      vertex 37.9492 -13.4447 116.629
      vertex 38.5059 -26 120.591
    endloop
  endfacet
  facet normal 0.990268 0 -0.139174
    outer loop
      vertex 37.9492 -13.4447 116.629
      vertex 28.4854 -26 49.2912
      vertex 28.4854 26 49.2912
    endloop
  endfacet
  facet normal 0.139968 0.000979026 0.990155
    outer loop
      vertex 36.5253 28 120.869
      vertex 38.5059 26 120.591
      vertex 38.4678 26.3902 120.596
    endloop
  endfacet
  facet normal 0.138713 -0.000566084 0.990332
    outer loop
      vertex 36.5253 28 120.869
      vertex 38.4678 26.3902 120.596
      vertex 38.3551 26.7654 120.612
    endloop
  endfacet
  facet normal 0.141158 0.0031309 0.989982
    outer loop
      vertex 36.5253 28 120.869
      vertex 38.3551 26.7654 120.612
      vertex 38.1721 27.1111 120.637
    endloop
  endfacet
  facet normal 0.138527 0 0.990359
    outer loop
      vertex 38.5059 26 120.591
      vertex 38.0412 13.6955 120.656
      vertex 38.5059 13.4447 120.591
    endloop
  endfacet
  facet normal 0.138573 -0.00175444 0.990351
    outer loop
      vertex 36.5253 28 120.869
      vertex 38.1721 27.1111 120.637
      vertex 37.9258 27.4142 120.672
    endloop
  endfacet
  facet normal 0.139996 0.00171448 0.990151
    outer loop
      vertex 36.5253 28 120.869
      vertex 37.9258 27.4142 120.672
      vertex 37.6257 27.6629 120.714
    endloop
  endfacet
  facet normal 0.138603 -2.92311e-06 0.990348
    outer loop
      vertex 38.5059 26 120.591
      vertex 37.2981 13.9231 120.76
      vertex 38.0412 13.6955 120.656
    endloop
  endfacet
  facet normal 0.140387 0.00301841 0.990092
    outer loop
      vertex 36.5253 28 120.869
      vertex 37.6257 27.6629 120.714
      vertex 37.2832 27.8478 120.762
    endloop
  endfacet
  facet normal 0.137034 -0.0139434 0.990468
    outer loop
      vertex 36.5253 28 120.869
      vertex 37.2832 27.8478 120.762
      vertex 36.9117 27.9616 120.815
    endloop
  endfacet
  facet normal 0.139002 2.78003e-06 0.990292
    outer loop
      vertex 38.5059 26 120.591
      vertex 36.5253 28 120.869
      vertex 33.5545 26 121.286
    endloop
  endfacet
  facet normal 0.139002 -4.63339e-07 0.990292
    outer loop
      vertex 38.5059 26 120.591
      vertex 33.5545 26 121.286
      vertex 36.5253 14 120.869
    endloop
  endfacet
  facet normal 0.139013 -1.39013e-05 0.990291
    outer loop
      vertex 33.5545 26 121.286
      vertex 36.5253 28 120.869
      vertex 35.5351 28 121.008
    endloop
  endfacet
  facet normal 0.139652 -0.000109988 0.990201
    outer loop
      vertex 38.5059 26 120.591
      vertex 36.5253 14 120.869
      vertex 37.2981 13.9231 120.76
    endloop
  endfacet
  facet normal 0.138342 0.00066353 0.990384
    outer loop
      vertex 33.5545 26 121.286
      vertex 35.5351 28 121.008
      vertex 35.1487 27.9616 121.062
    endloop
  endfacet
  facet normal 0.141878 -0.00226755 0.989882
    outer loop
      vertex 33.5545 26 121.286
      vertex 35.1487 27.9616 121.062
      vertex 34.7771 27.8478 121.115
    endloop
  endfacet
  facet normal 0.139013 2.31688e-06 0.990291
    outer loop
      vertex 36.5253 14 120.869
      vertex 33.5545 26 121.286
      vertex 35.5351 14 121.008
    endloop
  endfacet
  facet normal 0.139003 -0.000327315 0.990292
    outer loop
      vertex 33.5545 26 121.286
      vertex 34.7771 27.8478 121.115
      vertex 34.4347 27.6629 121.163
    endloop
  endfacet
  facet normal 0.138764 -0.000198326 0.990325
    outer loop
      vertex 33.5545 26 121.286
      vertex 34.4347 27.6629 121.163
      vertex 34.1346 27.4142 121.205
    endloop
  endfacet
  facet normal 0.139652 0.000109988 0.990201
    outer loop
      vertex 35.5351 14 121.008
      vertex 33.5545 26 121.286
      vertex 34.7623 13.9231 121.117
    endloop
  endfacet
  facet normal 0.135172 0.00130337 0.990821
    outer loop
      vertex 33.5545 26 121.286
      vertex 34.1346 27.4142 121.205
      vertex 33.8883 27.1111 121.239
    endloop
  endfacet
  facet normal 0.142285 -0.000875726 0.989825
    outer loop
      vertex 33.5545 26 121.286
      vertex 33.8883 27.1111 121.239
      vertex 33.7053 26.7654 121.265
    endloop
  endfacet
  facet normal 0.145573 -0.00153667 0.989346
    outer loop
      vertex 33.5545 26 121.286
      vertex 33.7053 26.7654 121.265
      vertex 33.5926 26.3902 121.281
    endloop
  endfacet
  facet normal 0.138603 2.92311e-06 0.990348
    outer loop
      vertex 34.7623 13.9231 121.117
      vertex 33.5545 26 121.286
      vertex 34.0192 13.6955 121.221
    endloop
  endfacet
  facet normal 0.138527 0 0.990359
    outer loop
      vertex 34.0192 13.6955 121.221
      vertex 33.5545 26 121.286
      vertex 33.5545 13.4447 121.286
    endloop
  endfacet
  facet normal 0.138527 0 0.990359
    outer loop
      vertex 38.0412 -13.6955 120.656
      vertex 38.5059 -26 120.591
      vertex 38.5059 -13.4447 120.591
    endloop
  endfacet
  facet normal 0.138603 2.92311e-06 0.990348
    outer loop
      vertex 37.2981 -13.9231 120.76
      vertex 38.5059 -26 120.591
      vertex 38.0412 -13.6955 120.656
    endloop
  endfacet
  facet normal 0.139652 0.000109988 0.990201
    outer loop
      vertex 36.5253 -14 120.869
      vertex 38.5059 -26 120.591
      vertex 37.2981 -13.9231 120.76
    endloop
  endfacet
  facet normal 0.139002 4.63339e-07 0.990292
    outer loop
      vertex 33.5545 -26 121.286
      vertex 38.5059 -26 120.591
      vertex 36.5253 -14 120.869
    endloop
  endfacet
  facet normal 0.139002 -2.78003e-06 0.990292
    outer loop
      vertex 36.5253 -28 120.869
      vertex 38.5059 -26 120.591
      vertex 33.5545 -26 121.286
    endloop
  endfacet
  facet normal 0.139968 -0.000979026 0.990155
    outer loop
      vertex 38.5059 -26 120.591
      vertex 36.5253 -28 120.869
      vertex 38.4678 -26.3902 120.596
    endloop
  endfacet
  facet normal 0.141158 -0.0031309 0.989982
    outer loop
      vertex 38.3551 -26.7654 120.612
      vertex 36.5253 -28 120.869
      vertex 38.1721 -27.1111 120.637
    endloop
  endfacet
  facet normal 0.138573 0.00175444 0.990351
    outer loop
      vertex 38.1721 -27.1111 120.637
      vertex 36.5253 -28 120.869
      vertex 37.9258 -27.4142 120.672
    endloop
  endfacet
  facet normal 0.139996 -0.00171448 0.990151
    outer loop
      vertex 37.9258 -27.4142 120.672
      vertex 36.5253 -28 120.869
      vertex 37.6257 -27.6629 120.714
    endloop
  endfacet
  facet normal 0.138713 0.000566084 0.990332
    outer loop
      vertex 38.4678 -26.3902 120.596
      vertex 36.5253 -28 120.869
      vertex 38.3551 -26.7654 120.612
    endloop
  endfacet
  facet normal 0.140387 -0.00301841 0.990092
    outer loop
      vertex 37.6257 -27.6629 120.714
      vertex 36.5253 -28 120.869
      vertex 37.2832 -27.8478 120.762
    endloop
  endfacet
  facet normal 0.139013 -2.31688e-06 0.990291
    outer loop
      vertex 33.5545 -26 121.286
      vertex 36.5253 -14 120.869
      vertex 35.5351 -14 121.008
    endloop
  endfacet
  facet normal 0.137034 0.0139434 0.990468
    outer loop
      vertex 37.2832 -27.8478 120.762
      vertex 36.5253 -28 120.869
      vertex 36.9117 -27.9616 120.815
    endloop
  endfacet
  facet normal 0.139013 1.39013e-05 0.990291
    outer loop
      vertex 36.5253 -28 120.869
      vertex 33.5545 -26 121.286
      vertex 35.5351 -28 121.008
    endloop
  endfacet
  facet normal 0.138342 -0.00066353 0.990384
    outer loop
      vertex 35.5351 -28 121.008
      vertex 33.5545 -26 121.286
      vertex 35.1487 -27.9616 121.062
    endloop
  endfacet
  facet normal 0.139652 -0.000109988 0.990201
    outer loop
      vertex 33.5545 -26 121.286
      vertex 35.5351 -14 121.008
      vertex 34.7623 -13.9231 121.117
    endloop
  endfacet
  facet normal 0.141878 0.00226755 0.989882
    outer loop
      vertex 35.1487 -27.9616 121.062
      vertex 33.5545 -26 121.286
      vertex 34.7771 -27.8478 121.115
    endloop
  endfacet
  facet normal 0.139003 0.000327315 0.990292
    outer loop
      vertex 34.7771 -27.8478 121.115
      vertex 33.5545 -26 121.286
      vertex 34.4347 -27.6629 121.163
    endloop
  endfacet
  facet normal 0.138603 -2.92311e-06 0.990348
    outer loop
      vertex 33.5545 -26 121.286
      vertex 34.7623 -13.9231 121.117
      vertex 34.0192 -13.6955 121.221
    endloop
  endfacet
  facet normal 0.138764 0.000198326 0.990325
    outer loop
      vertex 34.4347 -27.6629 121.163
      vertex 33.5545 -26 121.286
      vertex 34.1346 -27.4142 121.205
    endloop
  endfacet
  facet normal 0.135172 -0.00130337 0.990821
    outer loop
      vertex 34.1346 -27.4142 121.205
      vertex 33.5545 -26 121.286
      vertex 33.8883 -27.1111 121.239
    endloop
  endfacet
  facet normal 0.142285 0.000875726 0.989825
    outer loop
      vertex 33.8883 -27.1111 121.239
      vertex 33.5545 -26 121.286
      vertex 33.7053 -26.7654 121.265
    endloop
  endfacet
  facet normal 0.138527 -0 0.990359
    outer loop
      vertex 33.5545 -26 121.286
      vertex 34.0192 -13.6955 121.221
      vertex 33.5545 -13.4447 121.286
    endloop
  endfacet
  facet normal 0.145573 0.00153667 0.989346
    outer loop
      vertex 33.7053 -26.7654 121.265
      vertex 33.5545 -26 121.286
      vertex 33.5926 -26.3902 121.281
    endloop
  endfacet
  facet normal 0.765455 0.634433 -0.107578
    outer loop
      vertex 38.1721 27.1111 120.637
      vertex 27.9053 27.4142 49.3728
      vertex 37.9258 27.4142 120.672
    endloop
  endfacet
  facet normal 0.765524 0.634349 -0.107588
    outer loop
      vertex 27.9053 27.4142 49.3728
      vertex 38.1721 27.1111 120.637
      vertex 28.1516 27.1111 49.3382
    endloop
  endfacet
  facet normal 0.985501 0.0980013 -0.138503
    outer loop
      vertex 38.5059 26 120.591
      vertex 28.4473 26.3902 49.2966
      vertex 38.4678 26.3902 120.596
    endloop
  endfacet
  facet normal 0.985488 0.0981419 -0.138501
    outer loop
      vertex 28.4473 26.3902 49.2966
      vertex 38.5059 26 120.591
      vertex 28.4854 26 49.2912
    endloop
  endfacet
  facet normal -0.985515 -0.0978566 0.138506
    outer loop
      vertex 33.5926 -26.3902 121.281
      vertex 23.5341 -26 49.9871
      vertex 23.5721 -26.3902 49.9818
    endloop
  endfacet
  facet normal -0.985501 -0.0980013 0.138503
    outer loop
      vertex 23.5341 -26 49.9871
      vertex 33.5926 -26.3902 121.281
      vertex 33.5545 -26 121.286
    endloop
  endfacet
  facet normal 0.287381 0.956964 -0.0403887
    outer loop
      vertex 37.2832 27.8478 120.762
      vertex 26.8912 27.9616 49.5153
      vertex 36.9117 27.9616 120.815
    endloop
  endfacet
  facet normal 0.287389 0.956962 -0.0403899
    outer loop
      vertex 26.8912 27.9616 49.5153
      vertex 37.2832 27.8478 120.762
      vertex 27.2628 27.8478 49.4631
    endloop
  endfacet
  facet normal 0.466889 -0.881878 -0.065617
    outer loop
      vertex 27.2628 -27.8478 49.4631
      vertex 37.6257 -27.6629 120.714
      vertex 37.2832 -27.8478 120.762
    endloop
  endfacet
  facet normal 0.466964 -0.881838 -0.0656279
    outer loop
      vertex 37.6257 -27.6629 120.714
      vertex 27.2628 -27.8478 49.4631
      vertex 27.6052 -27.6629 49.4149
    endloop
  endfacet
  facet normal 0.873425 -0.471234 -0.122753
    outer loop
      vertex 28.1516 -27.1111 49.3382
      vertex 38.3551 -26.7654 120.612
      vertex 38.1721 -27.1111 120.637
    endloop
  endfacet
  facet normal 0.873308 -0.471455 -0.122735
    outer loop
      vertex 38.3551 -26.7654 120.612
      vertex 28.1516 -27.1111 49.3382
      vertex 28.3346 -26.7654 49.3124
    endloop
  endfacet
  facet normal -0.466993 0.881822 0.065631
    outer loop
      vertex 34.7771 27.8478 121.115
      vertex 24.4143 27.6629 49.8634
      vertex 34.4347 27.6629 121.163
    endloop
  endfacet
  facet normal -0.466979 0.88183 0.0656288
    outer loop
      vertex 24.4143 27.6629 49.8634
      vertex 34.7771 27.8478 121.115
      vertex 24.7567 27.8478 49.8153
    endloop
  endfacet
  facet normal -0.990268 5.55456e-06 0.139173
    outer loop
      vertex 28.2659 11.7108 83.6562
      vertex 33.5545 26 121.286
      vertex 23.5341 26 49.9871
    endloop
  endfacet
  facet normal -0.990269 -4.6966e-06 0.139169
    outer loop
      vertex 28.2659 11.7108 83.6562
      vertex 23.5341 26 49.9871
      vertex 26.0392 11.7108 67.8119
    endloop
  endfacet
  facet normal -0.990268 0 0.139172
    outer loop
      vertex 23.5341 26 49.9871
      vertex 26.0392 -11.7108 67.8119
      vertex 26.0392 11.7108 67.8119
    endloop
  endfacet
  facet normal -0.990269 4.6966e-06 0.139169
    outer loop
      vertex 23.5341 -26 49.9871
      vertex 28.2659 -11.7108 83.6562
      vertex 26.0392 -11.7108 67.8119
    endloop
  endfacet
  facet normal -0.990268 0 0.139172
    outer loop
      vertex 23.5341 -26 49.9871
      vertex 26.0392 -11.7108 67.8119
      vertex 23.5341 26 49.9871
    endloop
  endfacet
  facet normal -0.990268 -5.55456e-06 0.139173
    outer loop
      vertex 28.2659 -11.7108 83.6562
      vertex 23.5341 -26 49.9871
      vertex 33.5545 -26 121.286
    endloop
  endfacet
  facet normal -0.990268 -8.69313e-07 0.139175
    outer loop
      vertex 28.2659 -11.7108 83.6562
      vertex 33.5545 -26 121.286
      vertex 32.9978 -13.4447 117.325
    endloop
  endfacet
  facet normal -0.990267 0 0.139177
    outer loop
      vertex 32.9978 -13.4447 117.325
      vertex 33.5545 -26 121.286
      vertex 33.5545 -13.4447 121.286
    endloop
  endfacet
  facet normal -0.990267 0 0.139177
    outer loop
      vertex 33.5545 26 121.286
      vertex 32.9978 13.4447 117.325
      vertex 33.5545 13.4447 121.286
    endloop
  endfacet
  facet normal -0.990268 8.69313e-07 0.139175
    outer loop
      vertex 33.5545 26 121.286
      vertex 28.2659 11.7108 83.6562
      vertex 32.9978 13.4447 117.325
    endloop
  endfacet
  facet normal -0.990268 0 0.139175
    outer loop
      vertex 28.2659 -11.7108 83.6562
      vertex 32.9978 13.4447 117.325
      vertex 28.2659 11.7108 83.6562
    endloop
  endfacet
  facet normal -0.990268 0 0.139175
    outer loop
      vertex 32.9978 13.4447 117.325
      vertex 28.2659 -11.7108 83.6562
      vertex 32.9978 -13.4447 117.325
    endloop
  endfacet
  facet normal -0.765524 -0.634349 0.107588
    outer loop
      vertex 34.1346 -27.4142 121.205
      vertex 23.8678 -27.1111 49.9402
      vertex 24.1141 -27.4142 49.9056
    endloop
  endfacet
  facet normal -0.765627 -0.634221 0.107603
    outer loop
      vertex 23.8678 -27.1111 49.9402
      vertex 34.1346 -27.4142 121.205
      vertex 33.8883 -27.1111 121.239
    endloop
  endfacet
  facet normal 0.947617 0.290318 -0.133179
    outer loop
      vertex 38.4678 26.3902 120.596
      vertex 28.3346 26.7654 49.3124
      vertex 38.3551 26.7654 120.612
    endloop
  endfacet
  facet normal 0.947637 0.290253 -0.133182
    outer loop
      vertex 28.3346 26.7654 49.3124
      vertex 38.4678 26.3902 120.596
      vertex 28.4473 26.3902 49.2966
    endloop
  endfacet
  facet normal 0.873425 0.471234 -0.122753
    outer loop
      vertex 38.3551 26.7654 120.612
      vertex 28.1516 27.1111 49.3382
      vertex 38.1721 27.1111 120.637
    endloop
  endfacet
  facet normal 0.873308 0.471455 -0.122735
    outer loop
      vertex 28.1516 27.1111 49.3382
      vertex 38.3551 26.7654 120.612
      vertex 28.3346 26.7654 49.3124
    endloop
  endfacet
  facet normal 0.628241 0.772993 -0.088294
    outer loop
      vertex 37.9258 27.4142 120.672
      vertex 27.6052 27.6629 49.4149
      vertex 37.6257 27.6629 120.714
    endloop
  endfacet
  facet normal 0.628223 0.773007 -0.0882915
    outer loop
      vertex 27.6052 27.6629 49.4149
      vertex 37.9258 27.4142 120.672
      vertex 27.9053 27.4142 49.3728
    endloop
  endfacet
  facet normal 0 -1 0
    outer loop
      vertex 25.5146 -28 49.7088
      vertex 36.5253 -28 120.869
      vertex 35.5351 -28 121.008
    endloop
  endfacet
  facet normal 0 -1 0
    outer loop
      vertex 36.5253 -28 120.869
      vertex 25.5146 -28 49.7088
      vertex 26.5049 -28 49.5696
    endloop
  endfacet
  facet normal 0.0969959 -0.995191 -0.0136318
    outer loop
      vertex 26.5049 -28 49.5696
      vertex 36.9117 -27.9616 120.815
      vertex 36.5253 -28 120.869
    endloop
  endfacet
  facet normal 0.09701 -0.99519 -0.0136338
    outer loop
      vertex 36.9117 -27.9616 120.815
      vertex 26.5049 -28 49.5696
      vertex 26.8912 -27.9616 49.5153
    endloop
  endfacet
  facet normal 0.628241 -0.772993 -0.088294
    outer loop
      vertex 27.6052 -27.6629 49.4149
      vertex 37.9258 -27.4142 120.672
      vertex 37.6257 -27.6629 120.714
    endloop
  endfacet
  facet normal 0.628223 -0.773007 -0.0882915
    outer loop
      vertex 37.9258 -27.4142 120.672
      vertex 27.6052 -27.6629 49.4149
      vertex 27.9053 -27.4142 49.3728
    endloop
  endfacet
  facet normal 0.466889 0.881878 -0.065617
    outer loop
      vertex 37.6257 27.6629 120.714
      vertex 27.2628 27.8478 49.4631
      vertex 37.2832 27.8478 120.762
    endloop
  endfacet
  facet normal 0.466964 0.881838 -0.0656279
    outer loop
      vertex 27.2628 27.8478 49.4631
      vertex 37.6257 27.6629 120.714
      vertex 27.6052 27.6629 49.4149
    endloop
  endfacet
  facet normal -0.985515 0.0978566 0.138506
    outer loop
      vertex 23.5341 26 49.9871
      vertex 33.5926 26.3902 121.281
      vertex 23.5721 26.3902 49.9818
    endloop
  endfacet
  facet normal -0.985501 0.0980013 0.138503
    outer loop
      vertex 33.5926 26.3902 121.281
      vertex 23.5341 26 49.9871
      vertex 33.5545 26 121.286
    endloop
  endfacet
  facet normal -0.947627 0.290286 0.133181
    outer loop
      vertex 23.5721 26.3902 49.9818
      vertex 33.7053 26.7654 121.265
      vertex 23.6848 26.7654 49.9659
    endloop
  endfacet
  facet normal -0.947617 0.290318 0.13318
    outer loop
      vertex 33.7053 26.7654 121.265
      vertex 23.5721 26.3902 49.9818
      vertex 33.5926 26.3902 121.281
    endloop
  endfacet
  facet normal 0.0969959 0.995191 -0.0136318
    outer loop
      vertex 36.9117 27.9616 120.815
      vertex 26.5049 28 49.5696
      vertex 36.5253 28 120.869
    endloop
  endfacet
  facet normal 0.09701 0.99519 -0.0136338
    outer loop
      vertex 26.5049 28 49.5696
      vertex 36.9117 27.9616 120.815
      vertex 26.8912 27.9616 49.5153
    endloop
  endfacet
  facet normal -0.947627 -0.290286 0.133181
    outer loop
      vertex 33.7053 -26.7654 121.265
      vertex 23.5721 -26.3902 49.9818
      vertex 23.6848 -26.7654 49.9659
    endloop
  endfacet
  facet normal -0.947617 -0.290318 0.13318
    outer loop
      vertex 23.5721 -26.3902 49.9818
      vertex 33.7053 -26.7654 121.265
      vertex 33.5926 -26.3902 121.281
    endloop
  endfacet
  facet normal -0.628241 -0.772993 0.0882937
    outer loop
      vertex 24.1141 -27.4142 49.9056
      vertex 34.4347 -27.6629 121.163
      vertex 34.1346 -27.4142 121.205
    endloop
  endfacet
  facet normal -0.628084 -0.773123 0.0882705
    outer loop
      vertex 34.4347 -27.6629 121.163
      vertex 24.1141 -27.4142 49.9056
      vertex 24.4143 -27.6629 49.8634
    endloop
  endfacet
  facet normal -0.0969959 -0.995191 0.013632
    outer loop
      vertex 25.1282 -27.9616 49.7631
      vertex 35.5351 -28 121.008
      vertex 35.1487 -27.9616 121.062
    endloop
  endfacet
  facet normal -0.0969856 -0.995192 0.0136305
    outer loop
      vertex 35.5351 -28 121.008
      vertex 25.1282 -27.9616 49.7631
      vertex 25.5146 -28 49.7088
    endloop
  endfacet
  facet normal 0.985501 -0.0980013 -0.138503
    outer loop
      vertex 28.4473 -26.3902 49.2966
      vertex 38.5059 -26 120.591
      vertex 38.4678 -26.3902 120.596
    endloop
  endfacet
  facet normal 0.985488 -0.0981419 -0.138501
    outer loop
      vertex 38.5059 -26 120.591
      vertex 28.4473 -26.3902 49.2966
      vertex 28.4854 -26 49.2912
    endloop
  endfacet
  facet normal -0.139079 -0.000124618 -0.990281
    outer loop
      vertex 26.5049 -28 49.5696
      vertex 28.4854 -26 49.2912
      vertex 28.4473 -26.3902 49.2966
    endloop
  endfacet
  facet normal -0.139181 0 -0.990267
    outer loop
      vertex 28.4854 -26 49.2912
      vertex 23.5341 -26 49.9871
      vertex 28.4854 26 49.2912
    endloop
  endfacet
  facet normal -0.139293 0.000139628 -0.990251
    outer loop
      vertex 26.5049 -28 49.5696
      vertex 28.4473 -26.3902 49.2966
      vertex 28.3346 -26.7654 49.3124
    endloop
  endfacet
  facet normal -0.139181 -0 -0.990267
    outer loop
      vertex 23.5341 26 49.9871
      vertex 28.4854 26 49.2912
      vertex 23.5341 -26 49.9871
    endloop
  endfacet
  facet normal -0.138977 -0.000337717 -0.990295
    outer loop
      vertex 26.5049 -28 49.5696
      vertex 28.3346 -26.7654 49.3124
      vertex 28.1516 -27.1111 49.3382
    endloop
  endfacet
  facet normal -0.139181 2.11971e-05 -0.990267
    outer loop
      vertex 26.5049 28 49.5696
      vertex 28.4854 26 49.2912
      vertex 23.5341 26 49.9871
    endloop
  endfacet
  facet normal -0.13919 6.36193e-05 -0.990266
    outer loop
      vertex 26.5049 -28 49.5696
      vertex 28.1516 -27.1111 49.3382
      vertex 27.9053 -27.4142 49.3728
    endloop
  endfacet
  facet normal -0.139079 0.000124618 -0.990281
    outer loop
      vertex 28.4854 26 49.2912
      vertex 26.5049 28 49.5696
      vertex 28.4473 26.3902 49.2966
    endloop
  endfacet
  facet normal -0.139406 0.000590418 -0.990235
    outer loop
      vertex 26.5049 -28 49.5696
      vertex 27.9053 -27.4142 49.3728
      vertex 27.6052 -27.6629 49.4149
    endloop
  endfacet
  facet normal -0.139293 -0.000139628 -0.990251
    outer loop
      vertex 28.4473 26.3902 49.2966
      vertex 26.5049 28 49.5696
      vertex 28.3346 26.7654 49.3124
    endloop
  endfacet
  facet normal -0.139008 -0.000733304 -0.990291
    outer loop
      vertex 26.5049 -28 49.5696
      vertex 27.6052 -27.6629 49.4149
      vertex 27.2628 -27.8478 49.4631
    endloop
  endfacet
  facet normal -0.138977 0.000337717 -0.990295
    outer loop
      vertex 28.3346 26.7654 49.3124
      vertex 26.5049 28 49.5696
      vertex 28.1516 27.1111 49.3382
    endloop
  endfacet
  facet normal -0.139238 0.000434238 -0.990259
    outer loop
      vertex 26.5049 -28 49.5696
      vertex 27.2628 -27.8478 49.4631
      vertex 26.8912 -27.9616 49.5153
    endloop
  endfacet
  facet normal -0.13919 -6.36193e-05 -0.990266
    outer loop
      vertex 28.1516 27.1111 49.3382
      vertex 26.5049 28 49.5696
      vertex 27.9053 27.4142 49.3728
    endloop
  endfacet
  facet normal -0.139181 -2.11971e-05 -0.990267
    outer loop
      vertex 28.4854 -26 49.2912
      vertex 26.5049 -28 49.5696
      vertex 23.5341 -26 49.9871
    endloop
  endfacet
  facet normal -0.139406 -0.000590418 -0.990235
    outer loop
      vertex 27.9053 27.4142 49.3728
      vertex 26.5049 28 49.5696
      vertex 27.6052 27.6629 49.4149
    endloop
  endfacet
  facet normal -0.139195 -4.25535e-05 -0.990265
    outer loop
      vertex 23.5341 -26 49.9871
      vertex 26.5049 -28 49.5696
      vertex 25.5146 -28 49.7088
    endloop
  endfacet
  facet normal -0.139008 0.000733304 -0.990291
    outer loop
      vertex 27.6052 27.6629 49.4149
      vertex 26.5049 28 49.5696
      vertex 27.2628 27.8478 49.4631
    endloop
  endfacet
  facet normal -0.139161 -8.57027e-06 -0.99027
    outer loop
      vertex 23.5341 -26 49.9871
      vertex 25.5146 -28 49.7088
      vertex 25.1282 -27.9616 49.7631
    endloop
  endfacet
  facet normal -0.139238 -0.000434238 -0.990259
    outer loop
      vertex 27.2628 27.8478 49.4631
      vertex 26.5049 28 49.5696
      vertex 26.8912 27.9616 49.5153
    endloop
  endfacet
  facet normal -0.139142 7.20098e-06 -0.990272
    outer loop
      vertex 23.5341 -26 49.9871
      vertex 25.1282 -27.9616 49.7631
      vertex 24.7567 -27.8478 49.8153
    endloop
  endfacet
  facet normal -0.139195 4.25535e-05 -0.990265
    outer loop
      vertex 26.5049 28 49.5696
      vertex 23.5341 26 49.9871
      vertex 25.5146 28 49.7088
    endloop
  endfacet
  facet normal -0.139091 4.20341e-05 -0.99028
    outer loop
      vertex 23.5341 -26 49.9871
      vertex 24.7567 -27.8478 49.8153
      vertex 24.4143 -27.6629 49.8634
    endloop
  endfacet
  facet normal -0.139161 8.57027e-06 -0.99027
    outer loop
      vertex 25.5146 28 49.7088
      vertex 23.5341 26 49.9871
      vertex 25.1282 27.9616 49.7631
    endloop
  endfacet
  facet normal -0.139232 -3.42691e-05 -0.99026
    outer loop
      vertex 23.5341 -26 49.9871
      vertex 24.4143 -27.6629 49.8634
      vertex 24.1141 -27.4142 49.9056
    endloop
  endfacet
  facet normal -0.139142 -7.20098e-06 -0.990272
    outer loop
      vertex 25.1282 27.9616 49.7631
      vertex 23.5341 26 49.9871
      vertex 24.7567 27.8478 49.8153
    endloop
  endfacet
  facet normal -0.139075 3.12836e-05 -0.990282
    outer loop
      vertex 23.5341 -26 49.9871
      vertex 24.1141 -27.4142 49.9056
      vertex 23.8678 -27.1111 49.9402
    endloop
  endfacet
  facet normal -0.139091 -4.20341e-05 -0.99028
    outer loop
      vertex 24.7567 27.8478 49.8153
      vertex 23.5341 26 49.9871
      vertex 24.4143 27.6629 49.8634
    endloop
  endfacet
  facet normal -0.138935 7.44095e-05 -0.990302
    outer loop
      vertex 23.5341 -26 49.9871
      vertex 23.8678 -27.1111 49.9402
      vertex 23.6848 -26.7654 49.9659
    endloop
  endfacet
  facet normal -0.139232 3.42691e-05 -0.99026
    outer loop
      vertex 24.4143 27.6629 49.8634
      vertex 23.5341 26 49.9871
      vertex 24.1141 27.4142 49.9056
    endloop
  endfacet
  facet normal -0.140448 -0.000229548 -0.990088
    outer loop
      vertex 23.5341 -26 49.9871
      vertex 23.6848 -26.7654 49.9659
      vertex 23.5721 -26.3902 49.9818
    endloop
  endfacet
  facet normal -0.139075 -3.12836e-05 -0.990282
    outer loop
      vertex 24.1141 27.4142 49.9056
      vertex 23.5341 26 49.9871
      vertex 23.8678 27.1111 49.9402
    endloop
  endfacet
  facet normal -0.138935 -7.44095e-05 -0.990302
    outer loop
      vertex 23.8678 27.1111 49.9402
      vertex 23.5341 26 49.9871
      vertex 23.6848 26.7654 49.9659
    endloop
  endfacet
  facet normal -0.140448 0.000229548 -0.990088
    outer loop
      vertex 23.6848 26.7654 49.9659
      vertex 23.5341 26 49.9871
      vertex 23.5721 26.3902 49.9818
    endloop
  endfacet
  facet normal 0.287381 -0.956964 -0.0403887
    outer loop
      vertex 26.8912 -27.9616 49.5153
      vertex 37.2832 -27.8478 120.762
      vertex 36.9117 -27.9616 120.815
    endloop
  endfacet
  facet normal 0.287389 -0.956962 -0.0403899
    outer loop
      vertex 37.2832 -27.8478 120.762
      vertex 26.8912 -27.9616 49.5153
      vertex 27.2628 -27.8478 49.4631
    endloop
  endfacet
  facet normal -0.287311 -0.956986 0.0403785
    outer loop
      vertex 24.7567 -27.8478 49.8153
      vertex 35.1487 -27.9616 121.062
      vertex 34.7771 -27.8478 121.115
    endloop
  endfacet
  facet normal -0.287459 -0.956941 0.0404001
    outer loop
      vertex 35.1487 -27.9616 121.062
      vertex 24.7567 -27.8478 49.8153
      vertex 25.1282 -27.9616 49.7631
    endloop
  endfacet
  facet normal 0.765455 -0.634433 -0.107578
    outer loop
      vertex 27.9053 -27.4142 49.3728
      vertex 38.1721 -27.1111 120.637
      vertex 37.9258 -27.4142 120.672
    endloop
  endfacet
  facet normal 0.765524 -0.634349 -0.107588
    outer loop
      vertex 38.1721 -27.1111 120.637
      vertex 27.9053 -27.4142 49.3728
      vertex 28.1516 -27.1111 49.3382
    endloop
  endfacet
  facet normal 0.947617 -0.290318 -0.133179
    outer loop
      vertex 28.3346 -26.7654 49.3124
      vertex 38.4678 -26.3902 120.596
      vertex 38.3551 -26.7654 120.612
    endloop
  endfacet
  facet normal 0.947637 -0.290253 -0.133182
    outer loop
      vertex 38.4678 -26.3902 120.596
      vertex 28.3346 -26.7654 49.3124
      vertex 28.4473 -26.3902 49.2966
    endloop
  endfacet
  facet normal -0.287311 0.956986 0.0403785
    outer loop
      vertex 35.1487 27.9616 121.062
      vertex 24.7567 27.8478 49.8153
      vertex 34.7771 27.8478 121.115
    endloop
  endfacet
  facet normal -0.287459 0.956941 0.0404001
    outer loop
      vertex 24.7567 27.8478 49.8153
      vertex 35.1487 27.9616 121.062
      vertex 25.1282 27.9616 49.7631
    endloop
  endfacet
  facet normal -0.873322 0.471427 0.122739
    outer loop
      vertex 23.6848 26.7654 49.9659
      vertex 33.8883 27.1111 121.239
      vertex 23.8678 27.1111 49.9402
    endloop
  endfacet
  facet normal -0.873278 0.47151 0.122732
    outer loop
      vertex 33.8883 27.1111 121.239
      vertex 23.6848 26.7654 49.9659
      vertex 33.7053 26.7654 121.265
    endloop
  endfacet
  facet normal -0.0969959 0.995191 0.013632
    outer loop
      vertex 35.5351 28 121.008
      vertex 25.1282 27.9616 49.7631
      vertex 35.1487 27.9616 121.062
    endloop
  endfacet
  facet normal -0.0969856 0.995192 0.0136305
    outer loop
      vertex 25.1282 27.9616 49.7631
      vertex 35.5351 28 121.008
      vertex 25.5146 28 49.7088
    endloop
  endfacet
  facet normal 0 1 0
    outer loop
      vertex 36.5253 28 120.869
      vertex 25.5146 28 49.7088
      vertex 35.5351 28 121.008
    endloop
  endfacet
  facet normal -0 1 0
    outer loop
      vertex 25.5146 28 49.7088
      vertex 36.5253 28 120.869
      vertex 26.5049 28 49.5696
    endloop
  endfacet
  facet normal -0.873322 -0.471427 0.122739
    outer loop
      vertex 33.8883 -27.1111 121.239
      vertex 23.6848 -26.7654 49.9659
      vertex 23.8678 -27.1111 49.9402
    endloop
  endfacet
  facet normal -0.873278 -0.47151 0.122732
    outer loop
      vertex 23.6848 -26.7654 49.9659
      vertex 33.8883 -27.1111 121.239
      vertex 33.7053 -26.7654 121.265
    endloop
  endfacet
  facet normal -0.765524 0.634349 0.107588
    outer loop
      vertex 23.8678 27.1111 49.9402
      vertex 34.1346 27.4142 121.205
      vertex 24.1141 27.4142 49.9056
    endloop
  endfacet
  facet normal -0.765627 0.634221 0.107603
    outer loop
      vertex 34.1346 27.4142 121.205
      vertex 23.8678 27.1111 49.9402
      vertex 33.8883 27.1111 121.239
    endloop
  endfacet
  facet normal -0.628241 0.772993 0.0882937
    outer loop
      vertex 34.4347 27.6629 121.163
      vertex 24.1141 27.4142 49.9056
      vertex 34.1346 27.4142 121.205
    endloop
  endfacet
  facet normal -0.628084 0.773123 0.0882705
    outer loop
      vertex 24.1141 27.4142 49.9056
      vertex 34.4347 27.6629 121.163
      vertex 24.4143 27.6629 49.8634
    endloop
  endfacet
  facet normal -0.985498 -0.0980401 0.138498
    outer loop
      vertex 23.8668 -9.34527 84.2745
      vertex 21.583 -8.76 68.4382
      vertex 21.6401 -9.34527 68.4302
    endloop
  endfacet
  facet normal -0.985498 -0.0980401 0.138498
    outer loop
      vertex 21.583 -8.76 68.4382
      vertex 23.8668 -9.34527 84.2745
      vertex 23.8097 -8.76 84.2825
    endloop
  endfacet
  facet normal -0.139181 -4.57278e-06 -0.990267
    outer loop
      vertex 21.583 -8.76 68.4382
      vertex 26.0392 -11.7108 67.8119
      vertex 25.544 -11.76 67.8815
    endloop
  endfacet
  facet normal -0.139178 0 -0.990267
    outer loop
      vertex 26.0392 -11.7108 67.8119
      vertex 21.583 -8.76 68.4382
      vertex 26.0392 11.7108 67.8119
    endloop
  endfacet
  facet normal -0.139209 -4.22894e-05 -0.990263
    outer loop
      vertex 21.583 -8.76 68.4382
      vertex 25.544 -11.76 67.8815
      vertex 24.5538 -11.76 68.0207
    endloop
  endfacet
  facet normal -0.139178 -0 -0.990267
    outer loop
      vertex 21.583 8.76 68.4382
      vertex 26.0392 11.7108 67.8119
      vertex 21.583 -8.76 68.4382
    endloop
  endfacet
  facet normal -0.139067 0.000100994 -0.990283
    outer loop
      vertex 21.583 -8.76 68.4382
      vertex 24.5538 -11.76 68.0207
      vertex 23.9742 -11.7024 68.1021
    endloop
  endfacet
  facet normal -0.139181 4.57278e-06 -0.990267
    outer loop
      vertex 26.0392 11.7108 67.8119
      vertex 21.583 8.76 68.4382
      vertex 25.544 11.76 67.8815
    endloop
  endfacet
  facet normal -0.139346 -0.000129914 -0.990244
    outer loop
      vertex 21.583 -8.76 68.4382
      vertex 23.9742 -11.7024 68.1021
      vertex 23.4169 -11.5316 68.1805
    endloop
  endfacet
  facet normal -0.139209 4.22894e-05 -0.990263
    outer loop
      vertex 25.544 11.76 67.8815
      vertex 21.583 8.76 68.4382
      vertex 24.5538 11.76 68.0207
    endloop
  endfacet
  facet normal -0.139238 -5.71992e-05 -0.990259
    outer loop
      vertex 21.583 -8.76 68.4382
      vertex 23.4169 -11.5316 68.1805
      vertex 22.9033 -11.2544 68.2527
    endloop
  endfacet
  facet normal -0.139067 -0.000100994 -0.990283
    outer loop
      vertex 24.5538 11.76 68.0207
      vertex 21.583 8.76 68.4382
      vertex 23.9742 11.7024 68.1021
    endloop
  endfacet
  facet normal -0.138931 0.000108617 -0.990302
    outer loop
      vertex 21.583 -8.76 68.4382
      vertex 22.9033 -11.2544 68.2527
      vertex 22.4531 -10.8813 68.3159
    endloop
  endfacet
  facet normal -0.139346 0.000129914 -0.990244
    outer loop
      vertex 23.9742 11.7024 68.1021
      vertex 21.583 8.76 68.4382
      vertex 23.4169 11.5316 68.1805
    endloop
  endfacet
  facet normal -0.138997 8.07491e-05 -0.990293
    outer loop
      vertex 21.583 -8.76 68.4382
      vertex 22.4531 -10.8813 68.3159
      vertex 22.0836 -10.4267 68.3678
    endloop
  endfacet
  facet normal -0.139238 5.71992e-05 -0.990259
    outer loop
      vertex 23.4169 11.5316 68.1805
      vertex 21.583 8.76 68.4382
      vertex 22.9033 11.2544 68.2527
    endloop
  endfacet
  facet normal -0.139234 8.20742e-06 -0.990259
    outer loop
      vertex 21.583 -8.76 68.4382
      vertex 22.0836 -10.4267 68.3678
      vertex 21.8091 -9.90805 68.4064
    endloop
  endfacet
  facet normal -0.138931 -0.000108617 -0.990302
    outer loop
      vertex 22.9033 11.2544 68.2527
      vertex 21.583 8.76 68.4382
      vertex 22.4531 10.8813 68.3159
    endloop
  endfacet
  facet normal -0.13979 -0.000103502 -0.990181
    outer loop
      vertex 21.583 -8.76 68.4382
      vertex 21.8091 -9.90805 68.4064
      vertex 21.6401 -9.34527 68.4302
    endloop
  endfacet
  facet normal -0.138997 -8.07491e-05 -0.990293
    outer loop
      vertex 22.4531 10.8813 68.3159
      vertex 21.583 8.76 68.4382
      vertex 22.0836 10.4267 68.3678
    endloop
  endfacet
  facet normal -0.139234 -8.20742e-06 -0.990259
    outer loop
      vertex 22.0836 10.4267 68.3678
      vertex 21.583 8.76 68.4382
      vertex 21.8091 9.90805 68.4064
    endloop
  endfacet
  facet normal -0.13979 0.000103502 -0.990181
    outer loop
      vertex 21.8091 9.90805 68.4064
      vertex 21.583 8.76 68.4382
      vertex 21.6401 9.34527 68.4302
    endloop
  endfacet
  facet normal -0.097003 -0.995191 0.0136331
    outer loop
      vertex 23.9742 -11.7024 68.1021
      vertex 26.7805 -11.76 83.865
      vertex 26.201 -11.7024 83.9464
    endloop
  endfacet
  facet normal -0.0969869 -0.995192 0.0136302
    outer loop
      vertex 26.7805 -11.76 83.865
      vertex 23.9742 -11.7024 68.1021
      vertex 24.5538 -11.76 68.0207
    endloop
  endfacet
  facet normal -0.765449 -0.634441 0.107578
    outer loop
      vertex 24.6799 -10.8813 84.1602
      vertex 22.0836 -10.4267 68.3678
      vertex 22.4531 -10.8813 68.3159
    endloop
  endfacet
  facet normal -0.765449 -0.634441 0.107578
    outer loop
      vertex 22.0836 -10.4267 68.3678
      vertex 24.6799 -10.8813 84.1602
      vertex 24.3104 -10.4267 84.2121
    endloop
  endfacet
  facet normal -0.628215 -0.773014 0.0882911
    outer loop
      vertex 22.4531 -10.8813 68.3159
      vertex 25.1301 -11.2544 84.0969
      vertex 24.6799 -10.8813 84.1602
    endloop
  endfacet
  facet normal -0.628227 -0.773004 0.0882932
    outer loop
      vertex 25.1301 -11.2544 84.0969
      vertex 22.4531 -10.8813 68.3159
      vertex 22.9033 -11.2544 68.2527
    endloop
  endfacet
  facet normal -0.990269 0 0.139169
    outer loop
      vertex 21.583 -8.76 68.4382
      vertex 23.8097 8.76 84.2825
      vertex 21.583 8.76 68.4382
    endloop
  endfacet
  facet normal -0.990269 0 0.139169
    outer loop
      vertex 23.8097 8.76 84.2825
      vertex 21.583 -8.76 68.4382
      vertex 23.8097 -8.76 84.2825
    endloop
  endfacet
  facet normal 0 -1 0
    outer loop
      vertex 24.5538 -11.76 68.0207
      vertex 27.7708 -11.76 83.7258
      vertex 26.7805 -11.76 83.865
    endloop
  endfacet
  facet normal 0 -1 0
    outer loop
      vertex 27.7708 -11.76 83.7258
      vertex 24.5538 -11.76 68.0207
      vertex 25.544 -11.76 67.8815
    endloop
  endfacet
  facet normal -0.466787 -0.881933 0.0656039
    outer loop
      vertex 22.9033 -11.2544 68.2527
      vertex 25.6437 -11.5316 84.0248
      vertex 25.1301 -11.2544 84.0969
    endloop
  endfacet
  facet normal -0.466777 -0.881938 0.0656021
    outer loop
      vertex 25.6437 -11.5316 84.0248
      vertex 22.9033 -11.2544 68.2527
      vertex 23.4169 -11.5316 68.1805
    endloop
  endfacet
  facet normal 0.139205 -4.14863e-05 0.990264
    outer loop
      vertex 23.8097 8.76 84.2825
      vertex 28.2659 11.7108 83.6562
      vertex 27.7708 11.76 83.7258
    endloop
  endfacet
  facet normal 0.139178 0 0.990267
    outer loop
      vertex 28.2659 11.7108 83.6562
      vertex 23.8097 8.76 84.2825
      vertex 28.2659 -11.7108 83.6562
    endloop
  endfacet
  facet normal 0.139195 -2.8369e-05 0.990265
    outer loop
      vertex 23.8097 8.76 84.2825
      vertex 27.7708 11.76 83.7258
      vertex 26.7805 11.76 83.865
    endloop
  endfacet
  facet normal 0.139178 -0 0.990267
    outer loop
      vertex 23.8097 -8.76 84.2825
      vertex 28.2659 -11.7108 83.6562
      vertex 23.8097 8.76 84.2825
    endloop
  endfacet
  facet normal 0.139093 7.46351e-05 0.990279
    outer loop
      vertex 23.8097 8.76 84.2825
      vertex 26.7805 11.76 83.865
      vertex 26.201 11.7024 83.9464
    endloop
  endfacet
  facet normal 0.139205 4.14863e-05 0.990264
    outer loop
      vertex 28.2659 -11.7108 83.6562
      vertex 23.8097 -8.76 84.2825
      vertex 27.7708 -11.76 83.7258
    endloop
  endfacet
  facet normal 0.139347 -0.000136221 0.990244
    outer loop
      vertex 23.8097 8.76 84.2825
      vertex 26.201 11.7024 83.9464
      vertex 25.6437 11.5316 84.0248
    endloop
  endfacet
  facet normal 0.139195 2.8369e-05 0.990265
    outer loop
      vertex 27.7708 -11.76 83.7258
      vertex 23.8097 -8.76 84.2825
      vertex 26.7805 -11.76 83.865
    endloop
  endfacet
  facet normal 0.138948 0.000133453 0.9903
    outer loop
      vertex 23.8097 8.76 84.2825
      vertex 25.6437 11.5316 84.0248
      vertex 25.1301 11.2544 84.0969
    endloop
  endfacet
  facet normal 0.139093 -7.46351e-05 0.990279
    outer loop
      vertex 26.7805 -11.76 83.865
      vertex 23.8097 -8.76 84.2825
      vertex 26.201 -11.7024 83.9464
    endloop
  endfacet
  facet normal 0.139266 -3.8018e-05 0.990255
    outer loop
      vertex 23.8097 8.76 84.2825
      vertex 25.1301 11.2544 84.0969
      vertex 24.6799 10.8813 84.1602
    endloop
  endfacet
  facet normal 0.139347 0.000136221 0.990244
    outer loop
      vertex 26.201 -11.7024 83.9464
      vertex 23.8097 -8.76 84.2825
      vertex 25.6437 -11.5316 84.0248
    endloop
  endfacet
  facet normal 0.139013 6.75197e-05 0.990291
    outer loop
      vertex 23.8097 8.76 84.2825
      vertex 24.6799 10.8813 84.1602
      vertex 24.3104 10.4267 84.2121
    endloop
  endfacet
  facet normal 0.138948 -0.000133453 0.9903
    outer loop
      vertex 25.6437 -11.5316 84.0248
      vertex 23.8097 -8.76 84.2825
      vertex 25.1301 -11.2544 84.0969
    endloop
  endfacet
  facet normal 0.13927 -1.11129e-05 0.990254
    outer loop
      vertex 23.8097 8.76 84.2825
      vertex 24.3104 10.4267 84.2121
      vertex 24.0359 9.90805 84.2507
    endloop
  endfacet
  facet normal 0.139266 3.8018e-05 0.990255
    outer loop
      vertex 25.1301 -11.2544 84.0969
      vertex 23.8097 -8.76 84.2825
      vertex 24.6799 -10.8813 84.1602
    endloop
  endfacet
  facet normal 0.13967 -9.1561e-05 0.990198
    outer loop
      vertex 23.8097 8.76 84.2825
      vertex 24.0359 9.90805 84.2507
      vertex 23.8668 9.34527 84.2745
    endloop
  endfacet
  facet normal 0.139013 -6.75197e-05 0.990291
    outer loop
      vertex 24.6799 -10.8813 84.1602
      vertex 23.8097 -8.76 84.2825
      vertex 24.3104 -10.4267 84.2121
    endloop
  endfacet
  facet normal 0.13927 1.11129e-05 0.990254
    outer loop
      vertex 24.3104 -10.4267 84.2121
      vertex 23.8097 -8.76 84.2825
      vertex 24.0359 -9.90805 84.2507
    endloop
  endfacet
  facet normal 0.13967 9.1561e-05 0.990198
    outer loop
      vertex 24.0359 -9.90805 84.2507
      vertex 23.8097 -8.76 84.2825
      vertex 23.8668 -9.34527 84.2745
    endloop
  endfacet
  facet normal 0.0969801 -0.995193 -0.0136298
    outer loop
      vertex 25.544 -11.76 67.8815
      vertex 28.2659 -11.7108 83.6562
      vertex 27.7708 -11.76 83.7258
    endloop
  endfacet
  facet normal 0.0969612 -0.995195 -0.0136266
    outer loop
      vertex 28.2659 -11.7108 83.6562
      vertex 25.544 -11.76 67.8815
      vertex 26.0392 -11.7108 67.8119
    endloop
  endfacet
  facet normal -0.947651 -0.290207 0.133185
    outer loop
      vertex 24.0359 -9.90805 84.2507
      vertex 21.6401 -9.34527 68.4302
      vertex 21.8091 -9.90805 68.4064
    endloop
  endfacet
  facet normal -0.947605 -0.290361 0.133173
    outer loop
      vertex 21.6401 -9.34527 68.4302
      vertex 24.0359 -9.90805 84.2507
      vertex 23.8668 -9.34527 84.2745
    endloop
  endfacet
  facet normal -0.873355 -0.471366 0.122744
    outer loop
      vertex 24.3104 -10.4267 84.2121
      vertex 21.8091 -9.90805 68.4064
      vertex 22.0836 -10.4267 68.3678
    endloop
  endfacet
  facet normal -0.873355 -0.471366 0.122744
    outer loop
      vertex 21.8091 -9.90805 68.4064
      vertex 24.3104 -10.4267 84.2121
      vertex 24.0359 -9.90805 84.2507
    endloop
  endfacet
  facet normal -0.287583 -0.956902 0.0404177
    outer loop
      vertex 23.4169 -11.5316 68.1805
      vertex 26.201 -11.7024 83.9464
      vertex 25.6437 -11.5316 84.0248
    endloop
  endfacet
  facet normal -0.287583 -0.956902 0.0404177
    outer loop
      vertex 26.201 -11.7024 83.9464
      vertex 23.4169 -11.5316 68.1805
      vertex 23.9742 -11.7024 68.1021
    endloop
  endfacet
  facet normal -0.985498 0.0980401 0.138498
    outer loop
      vertex 21.583 8.76 68.4382
      vertex 23.8668 9.34527 84.2745
      vertex 21.6401 9.34527 68.4302
    endloop
  endfacet
  facet normal -0.985498 0.0980401 0.138498
    outer loop
      vertex 23.8668 9.34527 84.2745
      vertex 21.583 8.76 68.4382
      vertex 23.8097 8.76 84.2825
    endloop
  endfacet
  facet normal 0 1 0
    outer loop
      vertex 27.7708 11.76 83.7258
      vertex 24.5538 11.76 68.0207
      vertex 26.7805 11.76 83.865
    endloop
  endfacet
  facet normal -0 1 0
    outer loop
      vertex 24.5538 11.76 68.0207
      vertex 27.7708 11.76 83.7258
      vertex 25.544 11.76 67.8815
    endloop
  endfacet
  facet normal -0.097003 0.995191 0.0136331
    outer loop
      vertex 26.7805 11.76 83.865
      vertex 23.9742 11.7024 68.1021
      vertex 26.201 11.7024 83.9464
    endloop
  endfacet
  facet normal -0.0969869 0.995192 0.0136302
    outer loop
      vertex 23.9742 11.7024 68.1021
      vertex 26.7805 11.76 83.865
      vertex 24.5538 11.76 68.0207
    endloop
  endfacet
  facet normal -0.873355 0.471366 0.122744
    outer loop
      vertex 21.8091 9.90805 68.4064
      vertex 24.3104 10.4267 84.2121
      vertex 22.0836 10.4267 68.3678
    endloop
  endfacet
  facet normal -0.873355 0.471366 0.122744
    outer loop
      vertex 24.3104 10.4267 84.2121
      vertex 21.8091 9.90805 68.4064
      vertex 24.0359 9.90805 84.2507
    endloop
  endfacet
  facet normal -0.765449 0.634441 0.107578
    outer loop
      vertex 22.0836 10.4267 68.3678
      vertex 24.6799 10.8813 84.1602
      vertex 22.4531 10.8813 68.3159
    endloop
  endfacet
  facet normal -0.765449 0.634441 0.107578
    outer loop
      vertex 24.6799 10.8813 84.1602
      vertex 22.0836 10.4267 68.3678
      vertex 24.3104 10.4267 84.2121
    endloop
  endfacet
  facet normal 0.0969801 0.995193 -0.0136298
    outer loop
      vertex 28.2659 11.7108 83.6562
      vertex 25.544 11.76 67.8815
      vertex 27.7708 11.76 83.7258
    endloop
  endfacet
  facet normal 0.0969612 0.995195 -0.0136266
    outer loop
      vertex 25.544 11.76 67.8815
      vertex 28.2659 11.7108 83.6562
      vertex 26.0392 11.7108 67.8119
    endloop
  endfacet
  facet normal -0.287583 0.956902 0.0404177
    outer loop
      vertex 26.201 11.7024 83.9464
      vertex 23.4169 11.5316 68.1805
      vertex 25.6437 11.5316 84.0248
    endloop
  endfacet
  facet normal -0.287583 0.956902 0.0404177
    outer loop
      vertex 23.4169 11.5316 68.1805
      vertex 26.201 11.7024 83.9464
      vertex 23.9742 11.7024 68.1021
    endloop
  endfacet
  facet normal -0.947651 0.290207 0.133185
    outer loop
      vertex 21.6401 9.34527 68.4302
      vertex 24.0359 9.90805 84.2507
      vertex 21.8091 9.90805 68.4064
    endloop
  endfacet
  facet normal -0.947605 0.290361 0.133173
    outer loop
      vertex 24.0359 9.90805 84.2507
      vertex 21.6401 9.34527 68.4302
      vertex 23.8668 9.34527 84.2745
    endloop
  endfacet
  facet normal -0.466787 0.881933 0.0656039
    outer loop
      vertex 25.6437 11.5316 84.0248
      vertex 22.9033 11.2544 68.2527
      vertex 25.1301 11.2544 84.0969
    endloop
  endfacet
  facet normal -0.466777 0.881938 0.0656021
    outer loop
      vertex 22.9033 11.2544 68.2527
      vertex 25.6437 11.5316 84.0248
      vertex 23.4169 11.5316 68.1805
    endloop
  endfacet
  facet normal -0.628215 0.773014 0.0882911
    outer loop
      vertex 25.1301 11.2544 84.0969
      vertex 22.4531 10.8813 68.3159
      vertex 24.6799 10.8813 84.1602
    endloop
  endfacet
  facet normal -0.628227 0.773004 0.0882932
    outer loop
      vertex 22.4531 10.8813 68.3159
      vertex 25.1301 11.2544 84.0969
      vertex 22.9033 11.2544 68.2527
    endloop
  endfacet
  facet normal 0.873355 0.471364 -0.122746
    outer loop
      vertex 41.855 11.5307 132.238
      vertex 39.2621 12.2223 116.445
      vertex 41.4889 12.2223 132.289
    endloop
  endfacet
  facet normal 0.873355 0.471364 -0.122746
    outer loop
      vertex 39.2621 12.2223 116.445
      vertex 41.855 11.5307 132.238
      vertex 39.6282 11.5307 116.394
    endloop
  endfacet
  facet normal 0.985496 0.098052 -0.138507
    outer loop
      vertex 42.1565 10 132.195
      vertex 39.8536 10.7804 116.362
      vertex 42.0804 10.7804 132.206
    endloop
  endfacet
  facet normal 0.985496 0.098052 -0.138507
    outer loop
      vertex 39.8536 10.7804 116.362
      vertex 42.1565 10 132.195
      vertex 39.9297 10 116.351
    endloop
  endfacet
  facet normal 0.990267 0 -0.139177
    outer loop
      vertex 42.1565 -10 132.195
      vertex 39.9297 10 116.351
      vertex 42.1565 10 132.195
    endloop
  endfacet
  facet normal 0.990267 0 -0.139177
    outer loop
      vertex 39.9297 10 116.351
      vertex 42.1565 -10 132.195
      vertex 39.9297 -10 116.351
    endloop
  endfacet
  facet normal 0.985496 -0.098052 -0.138507
    outer loop
      vertex 39.8536 -10.7804 116.362
      vertex 42.1565 -10 132.195
      vertex 42.0804 -10.7804 132.206
    endloop
  endfacet
  facet normal 0.985496 -0.098052 -0.138507
    outer loop
      vertex 42.1565 -10 132.195
      vertex 39.8536 -10.7804 116.362
      vertex 39.9297 -10 116.351
    endloop
  endfacet
  facet normal -0.985496 -0.098052 0.138507
    outer loop
      vertex 33.3202 -10.7804 133.437
      vertex 31.0173 -10 117.604
      vertex 31.0934 -10.7804 117.593
    endloop
  endfacet
  facet normal -0.985496 -0.098052 0.138507
    outer loop
      vertex 31.0173 -10 117.604
      vertex 33.3202 -10.7804 133.437
      vertex 33.2441 -10 133.448
    endloop
  endfacet
  facet normal -0.873356 0.471364 0.122741
    outer loop
      vertex 31.3188 11.5307 117.561
      vertex 33.9116 12.2223 133.354
      vertex 31.6849 12.2223 117.51
    endloop
  endfacet
  facet normal -0.873335 0.471404 0.122735
    outer loop
      vertex 33.9116 12.2223 133.354
      vertex 31.3188 11.5307 117.561
      vertex 33.5456 11.5307 133.406
    endloop
  endfacet
  facet normal 0.947606 -0.290354 -0.133182
    outer loop
      vertex 39.6282 -11.5307 116.394
      vertex 42.0804 -10.7804 132.206
      vertex 41.855 -11.5307 132.238
    endloop
  endfacet
  facet normal 0.947606 -0.290354 -0.133182
    outer loop
      vertex 42.0804 -10.7804 132.206
      vertex 39.6282 -11.5307 116.394
      vertex 39.8536 -10.7804 116.362
    endloop
  endfacet
  facet normal -0.138177 -0.000485928 -0.990407
    outer loop
      vertex 37.9492 -13.4447 116.629
      vertex 39.9297 -10 116.351
      vertex 39.8536 -10.7804 116.362
    endloop
  endfacet
  facet normal -0.139006 0 -0.990292
    outer loop
      vertex 39.9297 -10 116.351
      vertex 37.9492 -13.4447 116.629
      vertex 39.9297 10 116.351
    endloop
  endfacet
  facet normal -0.137598 -0.000907576 -0.990488
    outer loop
      vertex 37.9492 -13.4447 116.629
      vertex 39.8536 -10.7804 116.362
      vertex 39.6282 -11.5307 116.394
    endloop
  endfacet
  facet normal -0.139006 -0 -0.990292
    outer loop
      vertex 37.9492 13.4447 116.629
      vertex 39.9297 10 116.351
      vertex 37.9492 -13.4447 116.629
    endloop
  endfacet
  facet normal -0.139586 0.000869829 -0.99021
    outer loop
      vertex 37.9492 -13.4447 116.629
      vertex 39.6282 -11.5307 116.394
      vertex 39.2621 -12.2223 116.445
    endloop
  endfacet
  facet normal -0.138177 0.000485928 -0.990407
    outer loop
      vertex 39.9297 10 116.351
      vertex 37.9492 13.4447 116.629
      vertex 39.8536 10.7804 116.362
    endloop
  endfacet
  facet normal -0.139017 0.000247068 -0.99029
    outer loop
      vertex 37.9492 -13.4447 116.629
      vertex 39.2621 -12.2223 116.445
      vertex 38.7695 -12.8284 116.514
    endloop
  endfacet
  facet normal -0.137598 0.000907576 -0.990488
    outer loop
      vertex 39.8536 10.7804 116.362
      vertex 37.9492 13.4447 116.629
      vertex 39.6282 11.5307 116.394
    endloop
  endfacet
  facet normal -0.125356 -0.0182438 -0.991944
    outer loop
      vertex 37.9492 -13.4447 116.629
      vertex 38.7695 -12.8284 116.514
      vertex 38.1693 -13.3259 116.599
    endloop
  endfacet
  facet normal -0.139586 -0.000869829 -0.99021
    outer loop
      vertex 39.6282 11.5307 116.394
      vertex 37.9492 13.4447 116.629
      vertex 39.2621 12.2223 116.445
    endloop
  endfacet
  facet normal -0.139017 -0.000247068 -0.99029
    outer loop
      vertex 39.2621 12.2223 116.445
      vertex 37.9492 13.4447 116.629
      vertex 38.7695 12.8284 116.514
    endloop
  endfacet
  facet normal -0.125356 0.0182438 -0.991944
    outer loop
      vertex 38.7695 12.8284 116.514
      vertex 37.9492 13.4447 116.629
      vertex 38.1693 13.3259 116.599
    endloop
  endfacet
  facet normal -0.138064 0.00265263 -0.99042
    outer loop
      vertex 32.1775 -12.8284 117.441
      vertex 32.9978 -13.4447 117.325
      vertex 32.7777 -13.3259 117.356
    endloop
  endfacet
  facet normal -0.139496 0 -0.990223
    outer loop
      vertex 32.9978 -13.4447 117.325
      vertex 31.0173 -10 117.604
      vertex 32.9978 13.4447 117.325
    endloop
  endfacet
  facet normal -0.142055 -0.00276564 -0.989855
    outer loop
      vertex 31.6849 -12.2223 117.51
      vertex 32.9978 -13.4447 117.325
      vertex 32.1775 -12.8284 117.441
    endloop
  endfacet
  facet normal -0.139496 -0 -0.990223
    outer loop
      vertex 31.0173 10 117.604
      vertex 32.9978 13.4447 117.325
      vertex 31.0173 -10 117.604
    endloop
  endfacet
  facet normal -0.139571 -4.40077e-05 -0.990212
    outer loop
      vertex 32.9978 -13.4447 117.325
      vertex 31.6849 -12.2223 117.51
      vertex 31.0173 -10 117.604
    endloop
  endfacet
  facet normal -0.139571 4.40077e-05 -0.990212
    outer loop
      vertex 31.6849 12.2223 117.51
      vertex 32.9978 13.4447 117.325
      vertex 31.0173 10 117.604
    endloop
  endfacet
  facet normal -0.136065 0.00102991 -0.990699
    outer loop
      vertex 31.0173 -10 117.604
      vertex 31.6849 -12.2223 117.51
      vertex 31.3188 -11.5307 117.561
    endloop
  endfacet
  facet normal -0.138064 -0.00265263 -0.99042
    outer loop
      vertex 32.9978 13.4447 117.325
      vertex 32.1775 12.8284 117.441
      vertex 32.7777 13.3259 117.356
    endloop
  endfacet
  facet normal -0.139358 0.00036841 -0.990242
    outer loop
      vertex 31.0173 -10 117.604
      vertex 31.3188 -11.5307 117.561
      vertex 31.0934 -10.7804 117.593
    endloop
  endfacet
  facet normal -0.142055 0.00276564 -0.989855
    outer loop
      vertex 32.9978 13.4447 117.325
      vertex 31.6849 12.2223 117.51
      vertex 32.1775 12.8284 117.441
    endloop
  endfacet
  facet normal -0.136065 -0.00102991 -0.990699
    outer loop
      vertex 31.6849 12.2223 117.51
      vertex 31.0173 10 117.604
      vertex 31.3188 11.5307 117.561
    endloop
  endfacet
  facet normal -0.139358 -0.00036841 -0.990242
    outer loop
      vertex 31.3188 11.5307 117.561
      vertex 31.0173 10 117.604
      vertex 31.0934 10.7804 117.593
    endloop
  endfacet
  facet normal 0.138831 -0.000420881 0.990316
    outer loop
      vertex 38.1954 14 132.752
      vertex 42.1565 10 132.195
      vertex 42.0804 10.7804 132.206
    endloop
  endfacet
  facet normal 0.139221 0 0.990261
    outer loop
      vertex 42.1565 10 132.195
      vertex 33.2441 10 133.448
      vertex 42.1565 -10 132.195
    endloop
  endfacet
  facet normal 0.138713 -0.000566184 0.990333
    outer loop
      vertex 38.1954 14 132.752
      vertex 42.0804 10.7804 132.206
      vertex 41.855 11.5307 132.238
    endloop
  endfacet
  facet normal 0.139221 -0 0.990261
    outer loop
      vertex 33.2441 -10 133.448
      vertex 42.1565 -10 132.195
      vertex 33.2441 10 133.448
    endloop
  endfacet
  facet normal 0.139706 0.000934706 0.990193
    outer loop
      vertex 38.1954 14 132.752
      vertex 41.855 11.5307 132.238
      vertex 41.4889 12.2223 132.289
    endloop
  endfacet
  facet normal 0.139221 2.63471e-05 0.990261
    outer loop
      vertex 38.1954 -14 132.752
      vertex 42.1565 -10 132.195
      vertex 33.2441 -10 133.448
    endloop
  endfacet
  facet normal 0.139596 0.000726686 0.990208
    outer loop
      vertex 38.1954 14 132.752
      vertex 41.4889 12.2223 132.289
      vertex 40.9963 12.8284 132.358
    endloop
  endfacet
  facet normal 0.138831 0.000420881 0.990316
    outer loop
      vertex 42.1565 -10 132.195
      vertex 38.1954 -14 132.752
      vertex 42.0804 -10.7804 132.206
    endloop
  endfacet
  facet normal 0.138357 -0.00229239 0.99038
    outer loop
      vertex 38.1954 14 132.752
      vertex 40.9963 12.8284 132.358
      vertex 40.3961 13.3259 132.443
    endloop
  endfacet
  facet normal 0.138713 0.000566184 0.990333
    outer loop
      vertex 42.0804 -10.7804 132.206
      vertex 38.1954 -14 132.752
      vertex 41.855 -11.5307 132.238
    endloop
  endfacet
  facet normal 0.139356 0.00103308 0.990242
    outer loop
      vertex 38.1954 14 132.752
      vertex 40.3961 13.3259 132.443
      vertex 39.7112 13.6955 132.539
    endloop
  endfacet
  facet normal 0.139706 -0.000934706 0.990193
    outer loop
      vertex 41.855 -11.5307 132.238
      vertex 38.1954 -14 132.752
      vertex 41.4889 -12.2223 132.289
    endloop
  endfacet
  facet normal 0.140162 0.00513431 0.990115
    outer loop
      vertex 38.1954 14 132.752
      vertex 39.7112 13.6955 132.539
      vertex 38.9682 13.9231 132.643
    endloop
  endfacet
  facet normal 0.139596 -0.000726686 0.990208
    outer loop
      vertex 41.4889 -12.2223 132.289
      vertex 38.1954 -14 132.752
      vertex 40.9963 -12.8284 132.358
    endloop
  endfacet
  facet normal 0.139221 -2.63471e-05 0.990261
    outer loop
      vertex 42.1565 10 132.195
      vertex 38.1954 14 132.752
      vertex 33.2441 10 133.448
    endloop
  endfacet
  facet normal 0.138357 0.00229239 0.99038
    outer loop
      vertex 40.9963 -12.8284 132.358
      vertex 38.1954 -14 132.752
      vertex 40.3961 -13.3259 132.443
    endloop
  endfacet
  facet normal 0.138999 0.000254523 0.990292
    outer loop
      vertex 33.2441 10 133.448
      vertex 38.1954 14 132.752
      vertex 37.2051 14 132.891
    endloop
  endfacet
  facet normal 0.139356 -0.00103308 0.990242
    outer loop
      vertex 40.3961 -13.3259 132.443
      vertex 38.1954 -14 132.752
      vertex 39.7112 -13.6955 132.539
    endloop
  endfacet
  facet normal 0.139728 -0.00048159 0.99019
    outer loop
      vertex 33.2441 10 133.448
      vertex 37.2051 14 132.891
      vertex 36.4324 13.9231 133
    endloop
  endfacet
  facet normal 0.140162 -0.00513431 0.990115
    outer loop
      vertex 39.7112 -13.6955 132.539
      vertex 38.1954 -14 132.752
      vertex 38.9682 -13.9231 132.643
    endloop
  endfacet
  facet normal 0.138423 0.00059958 0.990373
    outer loop
      vertex 33.2441 10 133.448
      vertex 36.4324 13.9231 133
      vertex 35.6893 13.6955 133.104
    endloop
  endfacet
  facet normal 0.138999 -0.000254523 0.990292
    outer loop
      vertex 38.1954 -14 132.752
      vertex 33.2441 -10 133.448
      vertex 37.2051 -14 132.891
    endloop
  endfacet
  facet normal 0.140767 -0.000981686 0.990042
    outer loop
      vertex 33.2441 10 133.448
      vertex 35.6893 13.6955 133.104
      vertex 35.0045 13.3259 133.201
    endloop
  endfacet
  facet normal 0.139728 0.00048159 0.99019
    outer loop
      vertex 37.2051 -14 132.891
      vertex 33.2441 -10 133.448
      vertex 36.4324 -13.9231 133
    endloop
  endfacet
  facet normal 0.138292 0.00035392 0.990391
    outer loop
      vertex 33.2441 10 133.448
      vertex 35.0045 13.3259 133.201
      vertex 34.4042 12.8284 133.285
    endloop
  endfacet
  facet normal 0.138423 -0.00059958 0.990373
    outer loop
      vertex 36.4324 -13.9231 133
      vertex 33.2441 -10 133.448
      vertex 35.6893 -13.6955 133.104
    endloop
  endfacet
  facet normal 0.138291 0.00035432 0.990392
    outer loop
      vertex 33.2441 10 133.448
      vertex 34.4042 12.8284 133.285
      vertex 33.9116 12.2223 133.354
    endloop
  endfacet
  facet normal 0.140767 0.000981686 0.990042
    outer loop
      vertex 35.6893 -13.6955 133.104
      vertex 33.2441 -10 133.448
      vertex 35.0045 -13.3259 133.201
    endloop
  endfacet
  facet normal 0.142259 -0.000861164 0.989829
    outer loop
      vertex 33.2441 10 133.448
      vertex 33.9116 12.2223 133.354
      vertex 33.5456 11.5307 133.406
    endloop
  endfacet
  facet normal 0.138292 -0.00035392 0.990391
    outer loop
      vertex 35.0045 -13.3259 133.201
      vertex 33.2441 -10 133.448
      vertex 34.4042 -12.8284 133.285
    endloop
  endfacet
  facet normal 0.132971 0.0010036 0.991119
    outer loop
      vertex 33.2441 10 133.448
      vertex 33.5456 11.5307 133.406
      vertex 33.3202 10.7804 133.437
    endloop
  endfacet
  facet normal 0.138291 -0.00035432 0.990392
    outer loop
      vertex 34.4042 -12.8284 133.285
      vertex 33.2441 -10 133.448
      vertex 33.9116 -12.2223 133.354
    endloop
  endfacet
  facet normal 0.142259 0.000861164 0.989829
    outer loop
      vertex 33.9116 -12.2223 133.354
      vertex 33.2441 -10 133.448
      vertex 33.5456 -11.5307 133.406
    endloop
  endfacet
  facet normal 0.132971 -0.0010036 0.991119
    outer loop
      vertex 33.5456 -11.5307 133.406
      vertex 33.2441 -10 133.448
      vertex 33.3202 -10.7804 133.437
    endloop
  endfacet
  facet normal -0.466724 -0.881967 0.0655919
    outer loop
      vertex 35.0045 -13.3259 133.201
      vertex 33.5545 -13.4447 121.286
      vertex 35.6893 -13.6955 133.104
    endloop
  endfacet
  facet normal -0.466731 -0.881964 0.0655927
    outer loop
      vertex 32.7777 -13.3259 117.356
      vertex 33.5545 -13.4447 121.286
      vertex 35.0045 -13.3259 133.201
    endloop
  endfacet
  facet normal -0.466787 -0.881933 0.0656048
    outer loop
      vertex 33.5545 -13.4447 121.286
      vertex 32.7777 -13.3259 117.356
      vertex 32.9978 -13.4447 117.325
    endloop
  endfacet
  facet normal -0.466801 -0.881925 0.0656067
    outer loop
      vertex 35.6893 -13.6955 133.104
      vertex 33.5545 -13.4447 121.286
      vertex 34.0192 -13.6955 121.221
    endloop
  endfacet
  facet normal -0.990267 0 0.139177
    outer loop
      vertex 31.0173 -10 117.604
      vertex 33.2441 10 133.448
      vertex 31.0173 10 117.604
    endloop
  endfacet
  facet normal -0.990267 0 0.139177
    outer loop
      vertex 33.2441 10 133.448
      vertex 31.0173 -10 117.604
      vertex 33.2441 -10 133.448
    endloop
  endfacet
  facet normal -0.76549 -0.63439 0.107581
    outer loop
      vertex 34.4042 -12.8284 133.285
      vertex 31.6849 -12.2223 117.51
      vertex 32.1775 -12.8284 117.441
    endloop
  endfacet
  facet normal -0.76549 -0.63439 0.107581
    outer loop
      vertex 31.6849 -12.2223 117.51
      vertex 34.4042 -12.8284 133.285
      vertex 33.9116 -12.2223 133.354
    endloop
  endfacet
  facet normal 0.947606 0.290354 -0.133182
    outer loop
      vertex 42.0804 10.7804 132.206
      vertex 39.6282 11.5307 116.394
      vertex 41.855 11.5307 132.238
    endloop
  endfacet
  facet normal 0.947606 0.290354 -0.133182
    outer loop
      vertex 39.6282 11.5307 116.394
      vertex 42.0804 10.7804 132.206
      vertex 39.8536 10.7804 116.362
    endloop
  endfacet
  facet normal -0.873356 -0.471364 0.122741
    outer loop
      vertex 33.9116 -12.2223 133.354
      vertex 31.3188 -11.5307 117.561
      vertex 31.6849 -12.2223 117.51
    endloop
  endfacet
  facet normal -0.873335 -0.471404 0.122735
    outer loop
      vertex 31.3188 -11.5307 117.561
      vertex 33.9116 -12.2223 133.354
      vertex 33.5456 -11.5307 133.406
    endloop
  endfacet
  facet normal -0.947607 -0.290354 0.133173
    outer loop
      vertex 33.5456 -11.5307 133.406
      vertex 31.0934 -10.7804 117.593
      vertex 31.3188 -11.5307 117.561
    endloop
  endfacet
  facet normal -0.947655 -0.290191 0.133188
    outer loop
      vertex 31.0934 -10.7804 117.593
      vertex 33.5456 -11.5307 133.406
      vertex 33.3202 -10.7804 133.437
    endloop
  endfacet
  facet normal -0.985496 0.098052 0.138507
    outer loop
      vertex 31.0173 10 117.604
      vertex 33.3202 10.7804 133.437
      vertex 31.0934 10.7804 117.593
    endloop
  endfacet
  facet normal -0.985496 0.098052 0.138507
    outer loop
      vertex 33.3202 10.7804 133.437
      vertex 31.0173 10 117.604
      vertex 33.2441 10 133.448
    endloop
  endfacet
  facet normal -0.947607 0.290354 0.133173
    outer loop
      vertex 31.0934 10.7804 117.593
      vertex 33.5456 11.5307 133.406
      vertex 31.3188 11.5307 117.561
    endloop
  endfacet
  facet normal -0.947655 0.290191 0.133188
    outer loop
      vertex 33.5456 11.5307 133.406
      vertex 31.0934 10.7804 117.593
      vertex 33.3202 10.7804 133.437
    endloop
  endfacet
  facet normal 0.873355 -0.471364 -0.122746
    outer loop
      vertex 39.2621 -12.2223 116.445
      vertex 41.855 -11.5307 132.238
      vertex 41.4889 -12.2223 132.289
    endloop
  endfacet
  facet normal 0.873355 -0.471364 -0.122746
    outer loop
      vertex 41.855 -11.5307 132.238
      vertex 39.2621 -12.2223 116.445
      vertex 39.6282 -11.5307 116.394
    endloop
  endfacet
  facet normal -0.628255 -0.772981 0.0882943
    outer loop
      vertex 32.1775 -12.8284 117.441
      vertex 35.0045 -13.3259 133.201
      vertex 34.4042 -12.8284 133.285
    endloop
  endfacet
  facet normal -0.62823 -0.773002 0.0882892
    outer loop
      vertex 35.0045 -13.3259 133.201
      vertex 32.1775 -12.8284 117.441
      vertex 32.7777 -13.3259 117.356
    endloop
  endfacet
  facet normal -0.097116 -0.995179 0.0136492
    outer loop
      vertex 34.7623 -13.9231 121.117
      vertex 37.2051 -14 132.891
      vertex 36.4324 -13.9231 133
    endloop
  endfacet
  facet normal -0.0971039 -0.995181 0.0136467
    outer loop
      vertex 37.2051 -14 132.891
      vertex 34.7623 -13.9231 121.117
      vertex 35.5351 -14 121.008
    endloop
  endfacet
  facet normal -0.76549 0.63439 0.107581
    outer loop
      vertex 31.6849 12.2223 117.51
      vertex 34.4042 12.8284 133.285
      vertex 32.1775 12.8284 117.441
    endloop
  endfacet
  facet normal -0.76549 0.63439 0.107581
    outer loop
      vertex 34.4042 12.8284 133.285
      vertex 31.6849 12.2223 117.51
      vertex 33.9116 12.2223 133.354
    endloop
  endfacet
  facet normal 0.76549 0.63439 -0.107586
    outer loop
      vertex 41.4889 12.2223 132.289
      vertex 38.7695 12.8284 116.514
      vertex 40.9963 12.8284 132.358
    endloop
  endfacet
  facet normal 0.76549 0.63439 -0.107586
    outer loop
      vertex 38.7695 12.8284 116.514
      vertex 41.4889 12.2223 132.289
      vertex 39.2621 12.2223 116.445
    endloop
  endfacet
  facet normal -0.628255 0.772981 0.0882943
    outer loop
      vertex 35.0045 13.3259 133.201
      vertex 32.1775 12.8284 117.441
      vertex 34.4042 12.8284 133.285
    endloop
  endfacet
  facet normal -0.62823 0.773002 0.0882892
    outer loop
      vertex 32.1775 12.8284 117.441
      vertex 35.0045 13.3259 133.201
      vertex 32.7777 13.3259 117.356
    endloop
  endfacet
  facet normal 0.628229 -0.773002 -0.0882947
    outer loop
      vertex 38.1693 -13.3259 116.599
      vertex 40.9963 -12.8284 132.358
      vertex 40.3961 -13.3259 132.443
    endloop
  endfacet
  facet normal 0.628229 -0.773002 -0.0882947
    outer loop
      vertex 40.9963 -12.8284 132.358
      vertex 38.1693 -13.3259 116.599
      vertex 38.7695 -12.8284 116.514
    endloop
  endfacet
  facet normal 0.0971038 -0.995181 -0.0136475
    outer loop
      vertex 36.5253 -14 120.869
      vertex 38.9682 -13.9231 132.643
      vertex 38.1954 -14 132.752
    endloop
  endfacet
  facet normal 0.0971038 -0.995181 -0.0136475
    outer loop
      vertex 38.9682 -13.9231 132.643
      vertex 36.5253 -14 120.869
      vertex 37.2981 -13.9231 120.76
    endloop
  endfacet
  facet normal 0.466802 -0.881925 -0.0656029
    outer loop
      vertex 38.5059 -13.4447 120.591
      vertex 39.7112 -13.6955 132.539
      vertex 38.0412 -13.6955 120.656
    endloop
  endfacet
  facet normal 0.466745 -0.881956 -0.0655978
    outer loop
      vertex 39.7112 -13.6955 132.539
      vertex 38.5059 -13.4447 120.591
      vertex 40.3961 -13.3259 132.443
    endloop
  endfacet
  facet normal 0.467017 -0.88181 -0.0656205
    outer loop
      vertex 38.1693 -13.3259 116.599
      vertex 38.5059 -13.4447 120.591
      vertex 37.9492 -13.4447 116.629
    endloop
  endfacet
  facet normal 0.466787 -0.881933 -0.0656048
    outer loop
      vertex 38.5059 -13.4447 120.591
      vertex 38.1693 -13.3259 116.599
      vertex 40.3961 -13.3259 132.443
    endloop
  endfacet
  facet normal 0 -1 0
    outer loop
      vertex 35.5351 -14 121.008
      vertex 38.1954 -14 132.752
      vertex 37.2051 -14 132.891
    endloop
  endfacet
  facet normal 0 -1 0
    outer loop
      vertex 38.1954 -14 132.752
      vertex 35.5351 -14 121.008
      vertex 36.5253 -14 120.869
    endloop
  endfacet
  facet normal 0 1 0
    outer loop
      vertex 38.1954 14 132.752
      vertex 35.5351 14 121.008
      vertex 37.2051 14 132.891
    endloop
  endfacet
  facet normal -0 1 0
    outer loop
      vertex 35.5351 14 121.008
      vertex 38.1954 14 132.752
      vertex 36.5253 14 120.869
    endloop
  endfacet
  facet normal 0.466745 0.881956 -0.0655978
    outer loop
      vertex 38.5059 13.4447 120.591
      vertex 39.7112 13.6955 132.539
      vertex 40.3961 13.3259 132.443
    endloop
  endfacet
  facet normal 0.466802 0.881925 -0.0656029
    outer loop
      vertex 39.7112 13.6955 132.539
      vertex 38.5059 13.4447 120.591
      vertex 38.0412 13.6955 120.656
    endloop
  endfacet
  facet normal 0.466787 0.881933 -0.0656048
    outer loop
      vertex 38.1693 13.3259 116.599
      vertex 38.5059 13.4447 120.591
      vertex 40.3961 13.3259 132.443
    endloop
  endfacet
  facet normal 0.467017 0.88181 -0.0656205
    outer loop
      vertex 38.5059 13.4447 120.591
      vertex 38.1693 13.3259 116.599
      vertex 37.9492 13.4447 116.629
    endloop
  endfacet
  facet normal -0.466801 0.881925 0.0656067
    outer loop
      vertex 35.6893 13.6955 133.104
      vertex 34.0192 13.6955 121.221
      vertex 33.5545 13.4447 121.286
    endloop
  endfacet
  facet normal -0.466724 0.881967 0.0655919
    outer loop
      vertex 33.5545 13.4447 121.286
      vertex 35.0045 13.3259 133.201
      vertex 35.6893 13.6955 133.104
    endloop
  endfacet
  facet normal -0.466731 0.881964 0.0655927
    outer loop
      vertex 33.5545 13.4447 121.286
      vertex 32.7777 13.3259 117.356
      vertex 35.0045 13.3259 133.201
    endloop
  endfacet
  facet normal -0.466787 0.881933 0.0656048
    outer loop
      vertex 32.7777 13.3259 117.356
      vertex 33.5545 13.4447 121.286
      vertex 32.9978 13.4447 117.325
    endloop
  endfacet
  facet normal 0.76549 -0.63439 -0.107586
    outer loop
      vertex 38.7695 -12.8284 116.514
      vertex 41.4889 -12.2223 132.289
      vertex 40.9963 -12.8284 132.358
    endloop
  endfacet
  facet normal 0.76549 -0.63439 -0.107586
    outer loop
      vertex 41.4889 -12.2223 132.289
      vertex 38.7695 -12.8284 116.514
      vertex 39.2621 -12.2223 116.445
    endloop
  endfacet
  facet normal 0.287478 -0.956935 -0.0404037
    outer loop
      vertex 37.2981 -13.9231 120.76
      vertex 39.7112 -13.6955 132.539
      vertex 38.9682 -13.9231 132.643
    endloop
  endfacet
  facet normal 0.287444 -0.956945 -0.0403965
    outer loop
      vertex 39.7112 -13.6955 132.539
      vertex 37.2981 -13.9231 120.76
      vertex 38.0412 -13.6955 120.656
    endloop
  endfacet
  facet normal -0.287443 -0.956945 0.0403988
    outer loop
      vertex 34.0192 -13.6955 121.221
      vertex 36.4324 -13.9231 133
      vertex 35.6893 -13.6955 133.104
    endloop
  endfacet
  facet normal -0.287443 -0.956945 0.0403988
    outer loop
      vertex 36.4324 -13.9231 133
      vertex 34.0192 -13.6955 121.221
      vertex 34.7623 -13.9231 121.117
    endloop
  endfacet
  facet normal 0.0971038 0.995181 -0.0136475
    outer loop
      vertex 38.9682 13.9231 132.643
      vertex 36.5253 14 120.869
      vertex 38.1954 14 132.752
    endloop
  endfacet
  facet normal 0.0971038 0.995181 -0.0136475
    outer loop
      vertex 36.5253 14 120.869
      vertex 38.9682 13.9231 132.643
      vertex 37.2981 13.9231 120.76
    endloop
  endfacet
  facet normal -0.287443 0.956945 0.0403988
    outer loop
      vertex 36.4324 13.9231 133
      vertex 34.0192 13.6955 121.221
      vertex 35.6893 13.6955 133.104
    endloop
  endfacet
  facet normal -0.287443 0.956945 0.0403988
    outer loop
      vertex 34.0192 13.6955 121.221
      vertex 36.4324 13.9231 133
      vertex 34.7623 13.9231 121.117
    endloop
  endfacet
  facet normal -0.097116 0.995179 0.0136492
    outer loop
      vertex 37.2051 14 132.891
      vertex 34.7623 13.9231 121.117
      vertex 36.4324 13.9231 133
    endloop
  endfacet
  facet normal -0.0971039 0.995181 0.0136467
    outer loop
      vertex 34.7623 13.9231 121.117
      vertex 37.2051 14 132.891
      vertex 35.5351 14 121.008
    endloop
  endfacet
  facet normal 0.628229 0.773002 -0.0882947
    outer loop
      vertex 40.9963 12.8284 132.358
      vertex 38.1693 13.3259 116.599
      vertex 40.3961 13.3259 132.443
    endloop
  endfacet
  facet normal 0.628229 0.773002 -0.0882947
    outer loop
      vertex 38.1693 13.3259 116.599
      vertex 40.9963 12.8284 132.358
      vertex 38.7695 12.8284 116.514
    endloop
  endfacet
  facet normal 0.287478 0.956935 -0.0404037
    outer loop
      vertex 39.7112 13.6955 132.539
      vertex 37.2981 13.9231 120.76
      vertex 38.9682 13.9231 132.643
    endloop
  endfacet
  facet normal 0.287444 0.956945 -0.0403965
    outer loop
      vertex 37.2981 13.9231 120.76
      vertex 39.7112 13.6955 132.539
      vertex 38.0412 13.6955 120.656
    endloop
  endfacet
  facet normal 0.634351 -0.773045 0
    outer loop
      vertex 23.0001 -31.4832 46.5
      vertex 24.364 -30.364 49.5
      vertex 23.0001 -31.4832 49.5
    endloop
  endfacet
  facet normal 0.634351 -0.773045 0
    outer loop
      vertex 24.364 -30.364 49.5
      vertex 23.0001 -31.4832 46.5
      vertex 24.364 -30.364 46.5
    endloop
  endfacet
  facet normal 0 0 1
    outer loop
      vertex 18 33 49.5
      vertex 27 24 49.5
      vertex 26.8271 25.7558 49.5
    endloop
  endfacet
  facet normal 0 0 1
    outer loop
      vertex 27 24 49.5
      vertex 18 33 49.5
      vertex 27 -24 49.5
    endloop
  endfacet
  facet normal 0 0 1
    outer loop
      vertex 18 33 49.5
      vertex 26.8271 25.7558 49.5
      vertex 26.3149 27.4441 49.5
    endloop
  endfacet
  facet normal 0 0 1
    outer loop
      vertex 18 -33 49.5
      vertex 27 -24 49.5
      vertex 18 33 49.5
    endloop
  endfacet
  facet normal 0 0 1
    outer loop
      vertex 18 33 49.5
      vertex 26.3149 27.4441 49.5
      vertex 25.4832 29.0001 49.5
    endloop
  endfacet
  facet normal 0 0 1
    outer loop
      vertex 27 -24 49.5
      vertex 18 -33 49.5
      vertex 26.8271 -25.7558 49.5
    endloop
  endfacet
  facet normal 0 0 1
    outer loop
      vertex 18 33 49.5
      vertex 25.4832 29.0001 49.5
      vertex 24.364 30.364 49.5
    endloop
  endfacet
  facet normal 0 0 1
    outer loop
      vertex 26.8271 -25.7558 49.5
      vertex 18 -33 49.5
      vertex 26.3149 -27.4441 49.5
    endloop
  endfacet
  facet normal 0 0 1
    outer loop
      vertex 18 33 49.5
      vertex 24.364 30.364 49.5
      vertex 23.0001 31.4832 49.5
    endloop
  endfacet
  facet normal 0 0 1
    outer loop
      vertex 26.3149 -27.4441 49.5
      vertex 18 -33 49.5
      vertex 25.4832 -29.0001 49.5
    endloop
  endfacet
  facet normal 0 0 1
    outer loop
      vertex 18 33 49.5
      vertex 23.0001 31.4832 49.5
      vertex 21.4441 32.3149 49.5
    endloop
  endfacet
  facet normal 0 0 1
    outer loop
      vertex 25.4832 -29.0001 49.5
      vertex 18 -33 49.5
      vertex 24.364 -30.364 49.5
    endloop
  endfacet
  facet normal 0 0 1
    outer loop
      vertex 18 33 49.5
      vertex 21.4441 32.3149 49.5
      vertex 19.7558 32.8271 49.5
    endloop
  endfacet
  facet normal 0 0 1
    outer loop
      vertex 24.364 -30.364 49.5
      vertex 18 -33 49.5
      vertex 23.0001 -31.4832 49.5
    endloop
  endfacet
  facet normal 0 0 1
    outer loop
      vertex 23.0001 -31.4832 49.5
      vertex 18 -33 49.5
      vertex 21.4441 -32.3149 49.5
    endloop
  endfacet
  facet normal 0 0 1
    outer loop
      vertex 21.4441 -32.3149 49.5
      vertex 18 -33 49.5
      vertex 19.7558 -32.8271 49.5
    endloop
  endfacet
  facet normal -0 0 1
    outer loop
      vertex -30 33 49.5
      vertex 18 -33 49.5
      vertex 18 33 49.5
    endloop
  endfacet
  facet normal 0 0 1
    outer loop
      vertex -30 33 49.5
      vertex -30 -33 49.5
      vertex 18 -33 49.5
    endloop
  endfacet
  facet normal 0 0 1
    outer loop
      vertex -39 24 49.5
      vertex -30 33 49.5
      vertex -31.7558 32.8271 49.5
    endloop
  endfacet
  facet normal 0 0 1
    outer loop
      vertex -30 33 49.5
      vertex -39 24 49.5
      vertex -30 -33 49.5
    endloop
  endfacet
  facet normal 0 0 1
    outer loop
      vertex -39 24 49.5
      vertex -31.7558 32.8271 49.5
      vertex -33.4441 32.3149 49.5
    endloop
  endfacet
  facet normal -0 0 1
    outer loop
      vertex -39 -24 49.5
      vertex -30 -33 49.5
      vertex -39 24 49.5
    endloop
  endfacet
  facet normal 0 0 1
    outer loop
      vertex -39 24 49.5
      vertex -33.4441 32.3149 49.5
      vertex -35.0001 31.4832 49.5
    endloop
  endfacet
  facet normal 0 0 1
    outer loop
      vertex -30 -33 49.5
      vertex -39 -24 49.5
      vertex -31.7558 -32.8271 49.5
    endloop
  endfacet
  facet normal 0 0 1
    outer loop
      vertex -39 24 49.5
      vertex -35.0001 31.4832 49.5
      vertex -36.364 30.364 49.5
    endloop
  endfacet
  facet normal 0 0 1
    outer loop
      vertex -31.7558 -32.8271 49.5
      vertex -39 -24 49.5
      vertex -33.4441 -32.3149 49.5
    endloop
  endfacet
  facet normal 0 0 1
    outer loop
      vertex -39 24 49.5
      vertex -36.364 30.364 49.5
      vertex -37.4832 29.0001 49.5
    endloop
  endfacet
  facet normal 0 0 1
    outer loop
      vertex -33.4441 -32.3149 49.5
      vertex -39 -24 49.5
      vertex -35.0001 -31.4832 49.5
    endloop
  endfacet
  facet normal 0 0 1
    outer loop
      vertex -39 24 49.5
      vertex -37.4832 29.0001 49.5
      vertex -38.3149 27.4441 49.5
    endloop
  endfacet
  facet normal 0 0 1
    outer loop
      vertex -35.0001 -31.4832 49.5
      vertex -39 -24 49.5
      vertex -36.364 -30.364 49.5
    endloop
  endfacet
  facet normal 0 0 1
    outer loop
      vertex -39 24 49.5
      vertex -38.3149 27.4441 49.5
      vertex -38.8271 25.7558 49.5
    endloop
  endfacet
  facet normal 0 0 1
    outer loop
      vertex -36.364 -30.364 49.5
      vertex -39 -24 49.5
      vertex -37.4832 -29.0001 49.5
    endloop
  endfacet
  facet normal 0 0 1
    outer loop
      vertex -37.4832 -29.0001 49.5
      vertex -39 -24 49.5
      vertex -38.3149 -27.4441 49.5
    endloop
  endfacet
  facet normal 0 0 1
    outer loop
      vertex -38.3149 -27.4441 49.5
      vertex -39 -24 49.5
      vertex -38.8271 -25.7558 49.5
    endloop
  endfacet
  facet normal -0.773045 0.634351 0
    outer loop
      vertex -37.4832 29.0001 46.5
      vertex -36.364 30.364 49.5
      vertex -36.364 30.364 46.5
    endloop
  endfacet
  facet normal -0.773045 0.634351 0
    outer loop
      vertex -36.364 30.364 49.5
      vertex -37.4832 29.0001 46.5
      vertex -37.4832 29.0001 49.5
    endloop
  endfacet
  facet normal -0.881921 0.471397 0
    outer loop
      vertex -38.3149 27.4441 46.5
      vertex -37.4832 29.0001 49.5
      vertex -37.4832 29.0001 46.5
    endloop
  endfacet
  facet normal -0.881921 0.471397 0
    outer loop
      vertex -37.4832 29.0001 49.5
      vertex -38.3149 27.4441 46.5
      vertex -38.3149 27.4441 49.5
    endloop
  endfacet
  facet normal -1 0 0
    outer loop
      vertex -39 -24 46.5
      vertex -39 24 49.5
      vertex -39 24 46.5
    endloop
  endfacet
  facet normal -1 -0 0
    outer loop
      vertex -39 24 49.5
      vertex -39 -24 46.5
      vertex -39 -24 49.5
    endloop
  endfacet
  facet normal 0.956931 -0.290316 0
    outer loop
      vertex 26.3149 -27.4441 49.5
      vertex 26.8271 -25.7558 46.5
      vertex 26.8271 -25.7558 49.5
    endloop
  endfacet
  facet normal 0.956931 -0.290316 0
    outer loop
      vertex 26.8271 -25.7558 46.5
      vertex 26.3149 -27.4441 49.5
      vertex 26.3149 -27.4441 46.5
    endloop
  endfacet
  facet normal -0.0979996 -0.995186 0
    outer loop
      vertex -31.7558 -32.8271 46.5
      vertex -30 -33 49.5
      vertex -31.7558 -32.8271 49.5
    endloop
  endfacet
  facet normal -0.0979996 -0.995186 -0
    outer loop
      vertex -30 -33 49.5
      vertex -31.7558 -32.8271 46.5
      vertex -30 -33 46.5
    endloop
  endfacet
  facet normal 0.634351 0.773045 -0
    outer loop
      vertex 24.364 30.364 46.5
      vertex 23.0001 31.4832 49.5
      vertex 24.364 30.364 49.5
    endloop
  endfacet
  facet normal 0.634351 0.773045 0
    outer loop
      vertex 23.0001 31.4832 49.5
      vertex 24.364 30.364 46.5
      vertex 23.0001 31.4832 46.5
    endloop
  endfacet
  facet normal 0 1 -0
    outer loop
      vertex 18 33 46.5
      vertex -30 33 49.5
      vertex 18 33 49.5
    endloop
  endfacet
  facet normal 0 1 0
    outer loop
      vertex -30 33 49.5
      vertex 18 33 46.5
      vertex -30 33 46.5
    endloop
  endfacet
  facet normal 1 -0 0
    outer loop
      vertex 27 -24 49.5
      vertex 27 24 46.5
      vertex 27 24 49.5
    endloop
  endfacet
  facet normal 1 0 0
    outer loop
      vertex 27 24 46.5
      vertex 27 -24 49.5
      vertex 27 -24 46.5
    endloop
  endfacet
  facet normal -0.995186 0.0979996 0
    outer loop
      vertex -39 24 46.5
      vertex -38.8271 25.7558 49.5
      vertex -38.8271 25.7558 46.5
    endloop
  endfacet
  facet normal -0.995186 0.0979996 0
    outer loop
      vertex -38.8271 25.7558 49.5
      vertex -39 24 46.5
      vertex -39 24 49.5
    endloop
  endfacet
  facet normal 0 0 -1
    outer loop
      vertex 20.8655 -23.3656 46.5
      vertex 27 -24 46.5
      vertex 26.8271 -25.7558 46.5
    endloop
  endfacet
  facet normal 0 0 -1
    outer loop
      vertex 27 -24 46.5
      vertex 21 -22 46.5
      vertex 27 24 46.5
    endloop
  endfacet
  facet normal 0 0 -1
    outer loop
      vertex 20.4672 -24.6788 46.5
      vertex 26.8271 -25.7558 46.5
      vertex 26.3149 -27.4441 46.5
    endloop
  endfacet
  facet normal 0 0 -1
    outer loop
      vertex 21 22 46.5
      vertex 27 24 46.5
      vertex 21 -22 46.5
    endloop
  endfacet
  facet normal 0 0 -1
    outer loop
      vertex 20.4672 -24.6788 46.5
      vertex 26.3149 -27.4441 46.5
      vertex 25.4832 -29.0001 46.5
    endloop
  endfacet
  facet normal 0 0 -1
    outer loop
      vertex 20.8655 23.3656 46.5
      vertex 27 24 46.5
      vertex 21 22 46.5
    endloop
  endfacet
  facet normal 0 0 -1
    outer loop
      vertex 19.8203 -25.889 46.5
      vertex 25.4832 -29.0001 46.5
      vertex 24.364 -30.364 46.5
    endloop
  endfacet
  facet normal -0 0 -1
    outer loop
      vertex 27 24 46.5
      vertex 20.8655 23.3656 46.5
      vertex 26.8271 25.7558 46.5
    endloop
  endfacet
  facet normal 0 0 -1
    outer loop
      vertex 18.9497 -26.9497 46.5
      vertex 24.364 -30.364 46.5
      vertex 23.0001 -31.4832 46.5
    endloop
  endfacet
  facet normal 0 0 -1
    outer loop
      vertex 20.4672 24.6788 46.5
      vertex 26.8271 25.7558 46.5
      vertex 20.8655 23.3656 46.5
    endloop
  endfacet
  facet normal 0 0 -1
    outer loop
      vertex 18.9497 -26.9497 46.5
      vertex 23.0001 -31.4832 46.5
      vertex 21.4441 -32.3149 46.5
    endloop
  endfacet
  facet normal -0 0 -1
    outer loop
      vertex 26.8271 25.7558 46.5
      vertex 20.4672 24.6788 46.5
      vertex 26.3149 27.4441 46.5
    endloop
  endfacet
  facet normal -0 0 -1
    outer loop
      vertex 26.3149 27.4441 46.5
      vertex 20.4672 24.6788 46.5
      vertex 25.4832 29.0001 46.5
    endloop
  endfacet
  facet normal 0 0 -1
    outer loop
      vertex 27 -24 46.5
      vertex 20.8655 -23.3656 46.5
      vertex 21 -22 46.5
    endloop
  endfacet
  facet normal 0 0 -1
    outer loop
      vertex 26.8271 -25.7558 46.5
      vertex 20.4672 -24.6788 46.5
      vertex 20.8655 -23.3656 46.5
    endloop
  endfacet
  facet normal 0 0 -1
    outer loop
      vertex 25.4832 -29.0001 46.5
      vertex 19.8203 -25.889 46.5
      vertex 20.4672 -24.6788 46.5
    endloop
  endfacet
  facet normal 0 0 -1
    outer loop
      vertex 17.889 -27.8203 46.5
      vertex 21.4441 -32.3149 46.5
      vertex 19.7558 -32.8271 46.5
    endloop
  endfacet
  facet normal 0 0 -1
    outer loop
      vertex 24.364 -30.364 46.5
      vertex 18.9497 -26.9497 46.5
      vertex 19.8203 -25.889 46.5
    endloop
  endfacet
  facet normal 0 0 -1
    outer loop
      vertex 17.889 -27.8203 46.5
      vertex 19.7558 -32.8271 46.5
      vertex 18 -33 46.5
    endloop
  endfacet
  facet normal 0 0 -1
    outer loop
      vertex 21.4441 -32.3149 46.5
      vertex 17.889 -27.8203 46.5
      vertex 18.9497 -26.9497 46.5
    endloop
  endfacet
  facet normal 0 0 -1
    outer loop
      vertex 18 -33 46.5
      vertex 16.6788 -28.4672 46.5
      vertex 17.889 -27.8203 46.5
    endloop
  endfacet
  facet normal 0 0 -1
    outer loop
      vertex 18 -33 46.5
      vertex 15.3656 -28.8655 46.5
      vertex 16.6788 -28.4672 46.5
    endloop
  endfacet
  facet normal 0 0 -1
    outer loop
      vertex 18 -33 46.5
      vertex 14 -29 46.5
      vertex 15.3656 -28.8655 46.5
    endloop
  endfacet
  facet normal 0 0 -1
    outer loop
      vertex -30 -33 46.5
      vertex 14 -29 46.5
      vertex 18 -33 46.5
    endloop
  endfacet
  facet normal -0 0 -1
    outer loop
      vertex 14 -29 46.5
      vertex -30 -33 46.5
      vertex -28 -29 46.5
    endloop
  endfacet
  facet normal 0 0 -1
    outer loop
      vertex -30 -33 46.5
      vertex -29.3656 -28.8655 46.5
      vertex -28 -29 46.5
    endloop
  endfacet
  facet normal 0 0 -1
    outer loop
      vertex -30 -33 46.5
      vertex -30.6788 -28.4672 46.5
      vertex -29.3656 -28.8655 46.5
    endloop
  endfacet
  facet normal 0 0 -1
    outer loop
      vertex -31.7558 -32.8271 46.5
      vertex -30.6788 -28.4672 46.5
      vertex -30 -33 46.5
    endloop
  endfacet
  facet normal 0 0 -1
    outer loop
      vertex -33.4441 -32.3149 46.5
      vertex -30.6788 -28.4672 46.5
      vertex -31.7558 -32.8271 46.5
    endloop
  endfacet
  facet normal -0 0 -1
    outer loop
      vertex -30.6788 -28.4672 46.5
      vertex -33.4441 -32.3149 46.5
      vertex -31.889 -27.8203 46.5
    endloop
  endfacet
  facet normal 0 0 -1
    outer loop
      vertex -35.0001 -31.4832 46.5
      vertex -31.889 -27.8203 46.5
      vertex -33.4441 -32.3149 46.5
    endloop
  endfacet
  facet normal -0 0 -1
    outer loop
      vertex -31.889 -27.8203 46.5
      vertex -35.0001 -31.4832 46.5
      vertex -32.9497 -26.9497 46.5
    endloop
  endfacet
  facet normal 0 0 -1
    outer loop
      vertex -36.364 -30.364 46.5
      vertex -32.9497 -26.9497 46.5
      vertex -35.0001 -31.4832 46.5
    endloop
  endfacet
  facet normal 0 0 -1
    outer loop
      vertex -37.4832 -29.0001 46.5
      vertex -32.9497 -26.9497 46.5
      vertex -36.364 -30.364 46.5
    endloop
  endfacet
  facet normal -0 0 -1
    outer loop
      vertex -33.8203 -25.889 46.5
      vertex -38.3149 -27.4441 46.5
      vertex -34.4672 -24.6788 46.5
    endloop
  endfacet
  facet normal 0 0 -1
    outer loop
      vertex -38.3149 -27.4441 46.5
      vertex -33.8203 -25.889 46.5
      vertex -37.4832 -29.0001 46.5
    endloop
  endfacet
  facet normal -0 0 -1
    outer loop
      vertex -32.9497 -26.9497 46.5
      vertex -37.4832 -29.0001 46.5
      vertex -33.8203 -25.889 46.5
    endloop
  endfacet
  facet normal 0 0 -1
    outer loop
      vertex 19.8203 25.889 46.5
      vertex 25.4832 29.0001 46.5
      vertex 20.4672 24.6788 46.5
    endloop
  endfacet
  facet normal -0 0 -1
    outer loop
      vertex 25.4832 29.0001 46.5
      vertex 19.8203 25.889 46.5
      vertex 24.364 30.364 46.5
    endloop
  endfacet
  facet normal 0 0 -1
    outer loop
      vertex 18.9497 26.9497 46.5
      vertex 24.364 30.364 46.5
      vertex 19.8203 25.889 46.5
    endloop
  endfacet
  facet normal -0 0 -1
    outer loop
      vertex 24.364 30.364 46.5
      vertex 18.9497 26.9497 46.5
      vertex 23.0001 31.4832 46.5
    endloop
  endfacet
  facet normal -0 0 -1
    outer loop
      vertex 23.0001 31.4832 46.5
      vertex 18.9497 26.9497 46.5
      vertex 21.4441 32.3149 46.5
    endloop
  endfacet
  facet normal 0 0 -1
    outer loop
      vertex 17.889 27.8203 46.5
      vertex 21.4441 32.3149 46.5
      vertex 18.9497 26.9497 46.5
    endloop
  endfacet
  facet normal -0 0 -1
    outer loop
      vertex 21.4441 32.3149 46.5
      vertex 17.889 27.8203 46.5
      vertex 19.7558 32.8271 46.5
    endloop
  endfacet
  facet normal -0 0 -1
    outer loop
      vertex 19.7558 32.8271 46.5
      vertex 17.889 27.8203 46.5
      vertex 18 33 46.5
    endloop
  endfacet
  facet normal 0 0 -1
    outer loop
      vertex 16.6788 28.4672 46.5
      vertex 18 33 46.5
      vertex 17.889 27.8203 46.5
    endloop
  endfacet
  facet normal 0 0 -1
    outer loop
      vertex 15.3656 28.8655 46.5
      vertex 18 33 46.5
      vertex 16.6788 28.4672 46.5
    endloop
  endfacet
  facet normal 0 0 -1
    outer loop
      vertex 14 29 46.5
      vertex 18 33 46.5
      vertex 15.3656 28.8655 46.5
    endloop
  endfacet
  facet normal 0 0 -1
    outer loop
      vertex -30 33 46.5
      vertex 14 29 46.5
      vertex -28 29 46.5
    endloop
  endfacet
  facet normal 0 0 -1
    outer loop
      vertex 14 29 46.5
      vertex -30 33 46.5
      vertex 18 33 46.5
    endloop
  endfacet
  facet normal 0 0 -1
    outer loop
      vertex -29.3656 28.8655 46.5
      vertex -30 33 46.5
      vertex -28 29 46.5
    endloop
  endfacet
  facet normal 0 0 -1
    outer loop
      vertex -30.6788 28.4672 46.5
      vertex -30 33 46.5
      vertex -29.3656 28.8655 46.5
    endloop
  endfacet
  facet normal 0 0 -1
    outer loop
      vertex -30.6788 28.4672 46.5
      vertex -31.7558 32.8271 46.5
      vertex -30 33 46.5
    endloop
  endfacet
  facet normal 0 0 -1
    outer loop
      vertex -33.4441 32.3149 46.5
      vertex -30.6788 28.4672 46.5
      vertex -31.889 27.8203 46.5
    endloop
  endfacet
  facet normal 0 0 -1
    outer loop
      vertex -35.0001 31.4832 46.5
      vertex -31.889 27.8203 46.5
      vertex -32.9497 26.9497 46.5
    endloop
  endfacet
  facet normal 0 0 -1
    outer loop
      vertex -30.6788 28.4672 46.5
      vertex -33.4441 32.3149 46.5
      vertex -31.7558 32.8271 46.5
    endloop
  endfacet
  facet normal 0 0 -1
    outer loop
      vertex -37.4832 29.0001 46.5
      vertex -32.9497 26.9497 46.5
      vertex -33.8203 25.889 46.5
    endloop
  endfacet
  facet normal 0 0 -1
    outer loop
      vertex -38.3149 27.4441 46.5
      vertex -33.8203 25.889 46.5
      vertex -34.4672 24.6788 46.5
    endloop
  endfacet
  facet normal 0 0 -1
    outer loop
      vertex -38.8271 25.7558 46.5
      vertex -34.4672 24.6788 46.5
      vertex -34.8655 23.3656 46.5
    endloop
  endfacet
  facet normal 0 0 -1
    outer loop
      vertex -31.889 27.8203 46.5
      vertex -35.0001 31.4832 46.5
      vertex -33.4441 32.3149 46.5
    endloop
  endfacet
  facet normal 0 0 -1
    outer loop
      vertex -39 24 46.5
      vertex -34.8655 23.3656 46.5
      vertex -35 22 46.5
    endloop
  endfacet
  facet normal -0 0 -1
    outer loop
      vertex -35 -22 46.5
      vertex -39 -24 46.5
      vertex -35 22 46.5
    endloop
  endfacet
  facet normal 0 0 -1
    outer loop
      vertex -38.8271 -25.7558 46.5
      vertex -34.4672 -24.6788 46.5
      vertex -38.3149 -27.4441 46.5
    endloop
  endfacet
  facet normal 0 0 -1
    outer loop
      vertex -39 24 46.5
      vertex -35 22 46.5
      vertex -39 -24 46.5
    endloop
  endfacet
  facet normal -0 0 -1
    outer loop
      vertex -34.4672 -24.6788 46.5
      vertex -38.8271 -25.7558 46.5
      vertex -34.8655 -23.3656 46.5
    endloop
  endfacet
  facet normal 0 0 -1
    outer loop
      vertex -34.8655 23.3656 46.5
      vertex -39 24 46.5
      vertex -38.8271 25.7558 46.5
    endloop
  endfacet
  facet normal 0 0 -1
    outer loop
      vertex -39 -24 46.5
      vertex -34.8655 -23.3656 46.5
      vertex -38.8271 -25.7558 46.5
    endloop
  endfacet
  facet normal 0 0 -1
    outer loop
      vertex -32.9497 26.9497 46.5
      vertex -36.364 30.364 46.5
      vertex -35.0001 31.4832 46.5
    endloop
  endfacet
  facet normal -0 0 -1
    outer loop
      vertex -34.8655 -23.3656 46.5
      vertex -39 -24 46.5
      vertex -35 -22 46.5
    endloop
  endfacet
  facet normal 0 0 -1
    outer loop
      vertex -32.9497 26.9497 46.5
      vertex -37.4832 29.0001 46.5
      vertex -36.364 30.364 46.5
    endloop
  endfacet
  facet normal 0 0 -1
    outer loop
      vertex -33.8203 25.889 46.5
      vertex -38.3149 27.4441 46.5
      vertex -37.4832 29.0001 46.5
    endloop
  endfacet
  facet normal 0 0 -1
    outer loop
      vertex -34.4672 24.6788 46.5
      vertex -38.8271 25.7558 46.5
      vertex -38.3149 27.4441 46.5
    endloop
  endfacet
  facet normal -0.995186 -0.0979996 0
    outer loop
      vertex -38.8271 -25.7558 46.5
      vertex -39 -24 49.5
      vertex -39 -24 46.5
    endloop
  endfacet
  facet normal -0.995186 -0.0979996 0
    outer loop
      vertex -39 -24 49.5
      vertex -38.8271 -25.7558 46.5
      vertex -38.8271 -25.7558 49.5
    endloop
  endfacet
  facet normal 0 -1 0
    outer loop
      vertex -30 -33 46.5
      vertex 18 -33 49.5
      vertex -30 -33 49.5
    endloop
  endfacet
  facet normal 0 -1 -0
    outer loop
      vertex 18 -33 49.5
      vertex -30 -33 46.5
      vertex 18 -33 46.5
    endloop
  endfacet
  facet normal -0.471397 0.881921 0
    outer loop
      vertex -33.4441 32.3149 46.5
      vertex -35.0001 31.4832 49.5
      vertex -33.4441 32.3149 49.5
    endloop
  endfacet
  facet normal -0.471397 0.881921 0
    outer loop
      vertex -35.0001 31.4832 49.5
      vertex -33.4441 32.3149 46.5
      vertex -35.0001 31.4832 46.5
    endloop
  endfacet
  facet normal 0.881921 0.471397 0
    outer loop
      vertex 26.3149 27.4441 49.5
      vertex 25.4832 29.0001 46.5
      vertex 25.4832 29.0001 49.5
    endloop
  endfacet
  facet normal 0.881921 0.471397 0
    outer loop
      vertex 25.4832 29.0001 46.5
      vertex 26.3149 27.4441 49.5
      vertex 26.3149 27.4441 46.5
    endloop
  endfacet
  facet normal 0.773045 -0.634351 0
    outer loop
      vertex 24.364 -30.364 49.5
      vertex 25.4832 -29.0001 46.5
      vertex 25.4832 -29.0001 49.5
    endloop
  endfacet
  facet normal 0.773045 -0.634351 0
    outer loop
      vertex 25.4832 -29.0001 46.5
      vertex 24.364 -30.364 49.5
      vertex 24.364 -30.364 46.5
    endloop
  endfacet
  facet normal 0.995186 -0.0979996 0
    outer loop
      vertex 26.8271 -25.7558 49.5
      vertex 27 -24 46.5
      vertex 27 -24 49.5
    endloop
  endfacet
  facet normal 0.995186 -0.0979996 0
    outer loop
      vertex 27 -24 46.5
      vertex 26.8271 -25.7558 49.5
      vertex 26.8271 -25.7558 46.5
    endloop
  endfacet
  facet normal 0.995186 0.0979996 0
    outer loop
      vertex 27 24 49.5
      vertex 26.8271 25.7558 46.5
      vertex 26.8271 25.7558 49.5
    endloop
  endfacet
  facet normal 0.995186 0.0979996 0
    outer loop
      vertex 26.8271 25.7558 46.5
      vertex 27 24 49.5
      vertex 27 24 46.5
    endloop
  endfacet
  facet normal -0.634351 0.773045 0
    outer loop
      vertex -35.0001 31.4832 46.5
      vertex -36.364 30.364 49.5
      vertex -35.0001 31.4832 49.5
    endloop
  endfacet
  facet normal -0.634351 0.773045 0
    outer loop
      vertex -36.364 30.364 49.5
      vertex -35.0001 31.4832 46.5
      vertex -36.364 30.364 46.5
    endloop
  endfacet
  facet normal -0.956931 0.290316 0
    outer loop
      vertex -38.8271 25.7558 46.5
      vertex -38.3149 27.4441 49.5
      vertex -38.3149 27.4441 46.5
    endloop
  endfacet
  facet normal -0.956931 0.290316 0
    outer loop
      vertex -38.3149 27.4441 49.5
      vertex -38.8271 25.7558 46.5
      vertex -38.8271 25.7558 49.5
    endloop
  endfacet
  facet normal 0.471397 -0.881921 0
    outer loop
      vertex 21.4441 -32.3149 46.5
      vertex 23.0001 -31.4832 49.5
      vertex 21.4441 -32.3149 49.5
    endloop
  endfacet
  facet normal 0.471397 -0.881921 0
    outer loop
      vertex 23.0001 -31.4832 49.5
      vertex 21.4441 -32.3149 46.5
      vertex 23.0001 -31.4832 46.5
    endloop
  endfacet
  facet normal 0.0979996 -0.995186 0
    outer loop
      vertex 18 -33 46.5
      vertex 19.7558 -32.8271 49.5
      vertex 18 -33 49.5
    endloop
  endfacet
  facet normal 0.0979996 -0.995186 0
    outer loop
      vertex 19.7558 -32.8271 49.5
      vertex 18 -33 46.5
      vertex 19.7558 -32.8271 46.5
    endloop
  endfacet
  facet normal -0.290316 -0.956931 0
    outer loop
      vertex -33.4441 -32.3149 46.5
      vertex -31.7558 -32.8271 49.5
      vertex -33.4441 -32.3149 49.5
    endloop
  endfacet
  facet normal -0.290316 -0.956931 -0
    outer loop
      vertex -31.7558 -32.8271 49.5
      vertex -33.4441 -32.3149 46.5
      vertex -31.7558 -32.8271 46.5
    endloop
  endfacet
  facet normal 0.471397 0.881921 -0
    outer loop
      vertex 23.0001 31.4832 46.5
      vertex 21.4441 32.3149 49.5
      vertex 23.0001 31.4832 49.5
    endloop
  endfacet
  facet normal 0.471397 0.881921 0
    outer loop
      vertex 21.4441 32.3149 49.5
      vertex 23.0001 31.4832 46.5
      vertex 21.4441 32.3149 46.5
    endloop
  endfacet
  facet normal 0.0979996 0.995186 -0
    outer loop
      vertex 19.7558 32.8271 46.5
      vertex 18 33 49.5
      vertex 19.7558 32.8271 49.5
    endloop
  endfacet
  facet normal 0.0979996 0.995186 0
    outer loop
      vertex 18 33 49.5
      vertex 19.7558 32.8271 46.5
      vertex 18 33 46.5
    endloop
  endfacet
  facet normal 0.773045 0.634351 0
    outer loop
      vertex 25.4832 29.0001 49.5
      vertex 24.364 30.364 46.5
      vertex 24.364 30.364 49.5
    endloop
  endfacet
  facet normal 0.773045 0.634351 0
    outer loop
      vertex 24.364 30.364 46.5
      vertex 25.4832 29.0001 49.5
      vertex 25.4832 29.0001 46.5
    endloop
  endfacet
  facet normal 0.956931 0.290316 0
    outer loop
      vertex 26.8271 25.7558 49.5
      vertex 26.3149 27.4441 46.5
      vertex 26.3149 27.4441 49.5
    endloop
  endfacet
  facet normal 0.956931 0.290316 0
    outer loop
      vertex 26.3149 27.4441 46.5
      vertex 26.8271 25.7558 49.5
      vertex 26.8271 25.7558 46.5
    endloop
  endfacet
  facet normal 0.881921 -0.471397 0
    outer loop
      vertex 25.4832 -29.0001 49.5
      vertex 26.3149 -27.4441 46.5
      vertex 26.3149 -27.4441 49.5
    endloop
  endfacet
  facet normal 0.881921 -0.471397 0
    outer loop
      vertex 26.3149 -27.4441 46.5
      vertex 25.4832 -29.0001 49.5
      vertex 25.4832 -29.0001 46.5
    endloop
  endfacet
  facet normal 0.290316 -0.956931 0
    outer loop
      vertex 19.7558 -32.8271 46.5
      vertex 21.4441 -32.3149 49.5
      vertex 19.7558 -32.8271 49.5
    endloop
  endfacet
  facet normal 0.290316 -0.956931 0
    outer loop
      vertex 21.4441 -32.3149 49.5
      vertex 19.7558 -32.8271 46.5
      vertex 21.4441 -32.3149 46.5
    endloop
  endfacet
  facet normal -0.956931 -0.290316 0
    outer loop
      vertex -38.3149 -27.4441 46.5
      vertex -38.8271 -25.7558 49.5
      vertex -38.8271 -25.7558 46.5
    endloop
  endfacet
  facet normal -0.956931 -0.290316 0
    outer loop
      vertex -38.8271 -25.7558 49.5
      vertex -38.3149 -27.4441 46.5
      vertex -38.3149 -27.4441 49.5
    endloop
  endfacet
  facet normal -0.0979996 0.995186 0
    outer loop
      vertex -30 33 46.5
      vertex -31.7558 32.8271 49.5
      vertex -30 33 49.5
    endloop
  endfacet
  facet normal -0.0979996 0.995186 0
    outer loop
      vertex -31.7558 32.8271 49.5
      vertex -30 33 46.5
      vertex -31.7558 32.8271 46.5
    endloop
  endfacet
  facet normal -0.290316 0.956931 0
    outer loop
      vertex -31.7558 32.8271 46.5
      vertex -33.4441 32.3149 49.5
      vertex -31.7558 32.8271 49.5
    endloop
  endfacet
  facet normal -0.290316 0.956931 0
    outer loop
      vertex -33.4441 32.3149 49.5
      vertex -31.7558 32.8271 46.5
      vertex -33.4441 32.3149 46.5
    endloop
  endfacet
  facet normal 0.290316 0.956931 -0
    outer loop
      vertex 21.4441 32.3149 46.5
      vertex 19.7558 32.8271 49.5
      vertex 21.4441 32.3149 49.5
    endloop
  endfacet
  facet normal 0.290316 0.956931 0
    outer loop
      vertex 19.7558 32.8271 49.5
      vertex 21.4441 32.3149 46.5
      vertex 19.7558 32.8271 46.5
    endloop
  endfacet
  facet normal -0.471397 -0.881921 0
    outer loop
      vertex -35.0001 -31.4832 46.5
      vertex -33.4441 -32.3149 49.5
      vertex -35.0001 -31.4832 49.5
    endloop
  endfacet
  facet normal -0.471397 -0.881921 -0
    outer loop
      vertex -33.4441 -32.3149 49.5
      vertex -35.0001 -31.4832 46.5
      vertex -33.4441 -32.3149 46.5
    endloop
  endfacet
  facet normal -0.881921 -0.471397 0
    outer loop
      vertex -37.4832 -29.0001 46.5
      vertex -38.3149 -27.4441 49.5
      vertex -38.3149 -27.4441 46.5
    endloop
  endfacet
  facet normal -0.881921 -0.471397 0
    outer loop
      vertex -38.3149 -27.4441 49.5
      vertex -37.4832 -29.0001 46.5
      vertex -37.4832 -29.0001 49.5
    endloop
  endfacet
  facet normal -0.634351 -0.773045 0
    outer loop
      vertex -36.364 -30.364 46.5
      vertex -35.0001 -31.4832 49.5
      vertex -36.364 -30.364 49.5
    endloop
  endfacet
  facet normal -0.634351 -0.773045 -0
    outer loop
      vertex -35.0001 -31.4832 49.5
      vertex -36.364 -30.364 46.5
      vertex -35.0001 -31.4832 46.5
    endloop
  endfacet
  facet normal -0.773045 -0.634351 0
    outer loop
      vertex -36.364 -30.364 46.5
      vertex -37.4832 -29.0001 49.5
      vertex -37.4832 -29.0001 46.5
    endloop
  endfacet
  facet normal -0.773045 -0.634351 0
    outer loop
      vertex -37.4832 -29.0001 49.5
      vertex -36.364 -30.364 46.5
      vertex -36.364 -30.364 49.5
    endloop
  endfacet
  facet normal 1 -0 0
    outer loop
      vertex 21 -22 46.5
      vertex 21 22 44
      vertex 21 22 46.5
    endloop
  endfacet
  facet normal 1 0 0
    outer loop
      vertex 21 22 44
      vertex 21 -22 46.5
      vertex 21 -22 44
    endloop
  endfacet
  facet normal 0.634439 -0.772973 0
    outer loop
      vertex 17.889 -27.8203 44
      vertex 18.9497 -26.9497 46.5
      vertex 17.889 -27.8203 46.5
    endloop
  endfacet
  facet normal 0.634439 -0.772973 0
    outer loop
      vertex 18.9497 -26.9497 46.5
      vertex 17.889 -27.8203 44
      vertex 18.9497 -26.9497 44
    endloop
  endfacet
  facet normal 0.995185 -0.0980172 0
    outer loop
      vertex 20.8655 -23.3656 46.5
      vertex 21 -22 44
      vertex 21 -22 46.5
    endloop
  endfacet
  facet normal 0.995185 -0.0980172 0
    outer loop
      vertex 21 -22 44
      vertex 20.8655 -23.3656 46.5
      vertex 20.8655 -23.3656 44
    endloop
  endfacet
  facet normal 0.956951 -0.290248 0
    outer loop
      vertex 20.4672 -24.6788 46.5
      vertex 20.8655 -23.3656 44
      vertex 20.8655 -23.3656 46.5
    endloop
  endfacet
  facet normal 0.956951 -0.290248 0
    outer loop
      vertex 20.8655 -23.3656 44
      vertex 20.4672 -24.6788 46.5
      vertex 20.4672 -24.6788 44
    endloop
  endfacet
  facet normal 0.772973 -0.634439 0
    outer loop
      vertex 18.9497 -26.9497 46.5
      vertex 19.8203 -25.889 44
      vertex 19.8203 -25.889 46.5
    endloop
  endfacet
  facet normal 0.772973 -0.634439 0
    outer loop
      vertex 19.8203 -25.889 44
      vertex 18.9497 -26.9497 46.5
      vertex 18.9497 -26.9497 44
    endloop
  endfacet
  facet normal 0.471416 -0.881911 0
    outer loop
      vertex 16.6788 -28.4672 44
      vertex 17.889 -27.8203 46.5
      vertex 16.6788 -28.4672 46.5
    endloop
  endfacet
  facet normal 0.471416 -0.881911 0
    outer loop
      vertex 17.889 -27.8203 46.5
      vertex 16.6788 -28.4672 44
      vertex 17.889 -27.8203 44
    endloop
  endfacet
  facet normal 0 1 -0
    outer loop
      vertex 14 29 44
      vertex -28 29 46.5
      vertex 14 29 46.5
    endloop
  endfacet
  facet normal 0 1 0
    outer loop
      vertex -28 29 46.5
      vertex 14 29 44
      vertex -28 29 44
    endloop
  endfacet
  facet normal 0.881911 -0.471416 0
    outer loop
      vertex 19.8203 -25.889 46.5
      vertex 20.4672 -24.6788 44
      vertex 20.4672 -24.6788 46.5
    endloop
  endfacet
  facet normal 0.881911 -0.471416 0
    outer loop
      vertex 20.4672 -24.6788 44
      vertex 19.8203 -25.889 46.5
      vertex 19.8203 -25.889 44
    endloop
  endfacet
  facet normal 0.0980172 -0.995185 0
    outer loop
      vertex 14 -29 44
      vertex 15.3656 -28.8655 46.5
      vertex 14 -29 46.5
    endloop
  endfacet
  facet normal 0.0980172 -0.995185 0
    outer loop
      vertex 15.3656 -28.8655 46.5
      vertex 14 -29 44
      vertex 15.3656 -28.8655 44
    endloop
  endfacet
  facet normal -0.634439 -0.772973 0
    outer loop
      vertex -32.9497 -26.9497 44
      vertex -31.889 -27.8203 46.5
      vertex -32.9497 -26.9497 46.5
    endloop
  endfacet
  facet normal -0.634439 -0.772973 -0
    outer loop
      vertex -31.889 -27.8203 46.5
      vertex -32.9497 -26.9497 44
      vertex -31.889 -27.8203 44
    endloop
  endfacet
  facet normal 0.290248 -0.956951 0
    outer loop
      vertex 15.3656 -28.8655 44
      vertex 16.6788 -28.4672 46.5
      vertex 15.3656 -28.8655 46.5
    endloop
  endfacet
  facet normal 0.290248 -0.956951 0
    outer loop
      vertex 16.6788 -28.4672 46.5
      vertex 15.3656 -28.8655 44
      vertex 16.6788 -28.4672 44
    endloop
  endfacet
  facet normal -0.471416 0.881911 0
    outer loop
      vertex -30.6788 28.4672 44
      vertex -31.889 27.8203 46.5
      vertex -30.6788 28.4672 46.5
    endloop
  endfacet
  facet normal -0.471416 0.881911 0
    outer loop
      vertex -31.889 27.8203 46.5
      vertex -30.6788 28.4672 44
      vertex -31.889 27.8203 44
    endloop
  endfacet
  facet normal 0.0980172 0.995185 -0
    outer loop
      vertex 15.3656 28.8655 44
      vertex 14 29 46.5
      vertex 15.3656 28.8655 46.5
    endloop
  endfacet
  facet normal 0.0980172 0.995185 0
    outer loop
      vertex 14 29 46.5
      vertex 15.3656 28.8655 44
      vertex 14 29 44
    endloop
  endfacet
  facet normal 0.995185 0.0980172 0
    outer loop
      vertex 21 22 46.5
      vertex 20.8655 23.3656 44
      vertex 20.8655 23.3656 46.5
    endloop
  endfacet
  facet normal 0.995185 0.0980172 0
    outer loop
      vertex 20.8655 23.3656 44
      vertex 21 22 46.5
      vertex 21 22 44
    endloop
  endfacet
  facet normal 0.772973 0.634439 0
    outer loop
      vertex 19.8203 25.889 46.5
      vertex 18.9497 26.9497 44
      vertex 18.9497 26.9497 46.5
    endloop
  endfacet
  facet normal 0.772973 0.634439 0
    outer loop
      vertex 18.9497 26.9497 44
      vertex 19.8203 25.889 46.5
      vertex 19.8203 25.889 44
    endloop
  endfacet
  facet normal 0 -1 0
    outer loop
      vertex -28 -29 44
      vertex 14 -29 46.5
      vertex -28 -29 46.5
    endloop
  endfacet
  facet normal 0 -1 -0
    outer loop
      vertex 14 -29 46.5
      vertex -28 -29 44
      vertex 14 -29 44
    endloop
  endfacet
  facet normal -0.290248 -0.956951 0
    outer loop
      vertex -30.6788 -28.4672 44
      vertex -29.3656 -28.8655 46.5
      vertex -30.6788 -28.4672 46.5
    endloop
  endfacet
  facet normal -0.290248 -0.956951 -0
    outer loop
      vertex -29.3656 -28.8655 46.5
      vertex -30.6788 -28.4672 44
      vertex -29.3656 -28.8655 44
    endloop
  endfacet
  facet normal -0.634439 0.772973 0
    outer loop
      vertex -31.889 27.8203 44
      vertex -32.9497 26.9497 46.5
      vertex -31.889 27.8203 46.5
    endloop
  endfacet
  facet normal -0.634439 0.772973 0
    outer loop
      vertex -32.9497 26.9497 46.5
      vertex -31.889 27.8203 44
      vertex -32.9497 26.9497 44
    endloop
  endfacet
  facet normal -0.0980172 0.995185 0
    outer loop
      vertex -28 29 44
      vertex -29.3656 28.8655 46.5
      vertex -28 29 46.5
    endloop
  endfacet
  facet normal -0.0980172 0.995185 0
    outer loop
      vertex -29.3656 28.8655 46.5
      vertex -28 29 44
      vertex -29.3656 28.8655 44
    endloop
  endfacet
  facet normal -0.290248 0.956951 0
    outer loop
      vertex -29.3656 28.8655 44
      vertex -30.6788 28.4672 46.5
      vertex -29.3656 28.8655 46.5
    endloop
  endfacet
  facet normal -0.290248 0.956951 0
    outer loop
      vertex -30.6788 28.4672 46.5
      vertex -29.3656 28.8655 44
      vertex -30.6788 28.4672 44
    endloop
  endfacet
  facet normal 0.956951 0.290248 0
    outer loop
      vertex 20.8655 23.3656 46.5
      vertex 20.4672 24.6788 44
      vertex 20.4672 24.6788 46.5
    endloop
  endfacet
  facet normal 0.956951 0.290248 0
    outer loop
      vertex 20.4672 24.6788 44
      vertex 20.8655 23.3656 46.5
      vertex 20.8655 23.3656 44
    endloop
  endfacet
  facet normal 0.881911 0.471416 0
    outer loop
      vertex 20.4672 24.6788 46.5
      vertex 19.8203 25.889 44
      vertex 19.8203 25.889 46.5
    endloop
  endfacet
  facet normal 0.881911 0.471416 0
    outer loop
      vertex 19.8203 25.889 44
      vertex 20.4672 24.6788 46.5
      vertex 20.4672 24.6788 44
    endloop
  endfacet
  facet normal -0.995185 -0.0980172 0
    outer loop
      vertex -34.8655 -23.3656 44
      vertex -35 -22 46.5
      vertex -35 -22 44
    endloop
  endfacet
  facet normal -0.995185 -0.0980172 0
    outer loop
      vertex -35 -22 46.5
      vertex -34.8655 -23.3656 44
      vertex -34.8655 -23.3656 46.5
    endloop
  endfacet
  facet normal -0.956951 -0.290248 0
    outer loop
      vertex -34.4672 -24.6788 44
      vertex -34.8655 -23.3656 46.5
      vertex -34.8655 -23.3656 44
    endloop
  endfacet
  facet normal -0.956951 -0.290248 0
    outer loop
      vertex -34.8655 -23.3656 46.5
      vertex -34.4672 -24.6788 44
      vertex -34.4672 -24.6788 46.5
    endloop
  endfacet
  facet normal -0.471416 -0.881911 0
    outer loop
      vertex -31.889 -27.8203 44
      vertex -30.6788 -28.4672 46.5
      vertex -31.889 -27.8203 46.5
    endloop
  endfacet
  facet normal -0.471416 -0.881911 -0
    outer loop
      vertex -30.6788 -28.4672 46.5
      vertex -31.889 -27.8203 44
      vertex -30.6788 -28.4672 44
    endloop
  endfacet
  facet normal -0.0980172 -0.995185 0
    outer loop
      vertex -29.3656 -28.8655 44
      vertex -28 -29 46.5
      vertex -29.3656 -28.8655 46.5
    endloop
  endfacet
  facet normal -0.0980172 -0.995185 -0
    outer loop
      vertex -28 -29 46.5
      vertex -29.3656 -28.8655 44
      vertex -28 -29 44
    endloop
  endfacet
  facet normal -0.995185 0.0980172 0
    outer loop
      vertex -35 22 44
      vertex -34.8655 23.3656 46.5
      vertex -34.8655 23.3656 44
    endloop
  endfacet
  facet normal -0.995185 0.0980172 0
    outer loop
      vertex -34.8655 23.3656 46.5
      vertex -35 22 44
      vertex -35 22 46.5
    endloop
  endfacet
  facet normal 0.290248 0.956951 -0
    outer loop
      vertex 16.6788 28.4672 44
      vertex 15.3656 28.8655 46.5
      vertex 16.6788 28.4672 46.5
    endloop
  endfacet
  facet normal 0.290248 0.956951 0
    outer loop
      vertex 15.3656 28.8655 46.5
      vertex 16.6788 28.4672 44
      vertex 15.3656 28.8655 44
    endloop
  endfacet
  facet normal 0.471416 0.881911 -0
    outer loop
      vertex 17.889 27.8203 44
      vertex 16.6788 28.4672 46.5
      vertex 17.889 27.8203 46.5
    endloop
  endfacet
  facet normal 0.471416 0.881911 0
    outer loop
      vertex 16.6788 28.4672 46.5
      vertex 17.889 27.8203 44
      vertex 16.6788 28.4672 44
    endloop
  endfacet
  facet normal 0.634439 0.772973 -0
    outer loop
      vertex 18.9497 26.9497 44
      vertex 17.889 27.8203 46.5
      vertex 18.9497 26.9497 46.5
    endloop
  endfacet
  facet normal 0.634439 0.772973 0
    outer loop
      vertex 17.889 27.8203 46.5
      vertex 18.9497 26.9497 44
      vertex 17.889 27.8203 44
    endloop
  endfacet
  facet normal -0.956951 0.290248 0
    outer loop
      vertex -34.8655 23.3656 44
      vertex -34.4672 24.6788 46.5
      vertex -34.4672 24.6788 44
    endloop
  endfacet
  facet normal -0.956951 0.290248 0
    outer loop
      vertex -34.4672 24.6788 46.5
      vertex -34.8655 23.3656 44
      vertex -34.8655 23.3656 46.5
    endloop
  endfacet
  facet normal -1 0 0
    outer loop
      vertex -35 -22 44
      vertex -35 22 46.5
      vertex -35 22 44
    endloop
  endfacet
  facet normal -1 -0 0
    outer loop
      vertex -35 22 46.5
      vertex -35 -22 44
      vertex -35 -22 46.5
    endloop
  endfacet
  facet normal 0 0 -1
    outer loop
      vertex 14 -29 44
      vertex 21 -22 44
      vertex 20.8655 -23.3656 44
    endloop
  endfacet
  facet normal 0 0 -1
    outer loop
      vertex -35 -22 44
      vertex 21 -22 44
      vertex 14 -29 44
    endloop
  endfacet
  facet normal 0 0 -1
    outer loop
      vertex 14 -29 44
      vertex 20.8655 -23.3656 44
      vertex 20.4672 -24.6788 44
    endloop
  endfacet
  facet normal 0 0 -1
    outer loop
      vertex 21 -22 44
      vertex -35 -22 44
      vertex 21 22 44
    endloop
  endfacet
  facet normal 0 0 -1
    outer loop
      vertex 14 -29 44
      vertex 20.4672 -24.6788 44
      vertex 19.8203 -25.889 44
    endloop
  endfacet
  facet normal 0 0 -1
    outer loop
      vertex 21 22 44
      vertex 14 29 44
      vertex 20.8655 23.3656 44
    endloop
  endfacet
  facet normal 0 0 -1
    outer loop
      vertex 14 -29 44
      vertex 19.8203 -25.889 44
      vertex 18.9497 -26.9497 44
    endloop
  endfacet
  facet normal 0 0 -1
    outer loop
      vertex 20.8655 23.3656 44
      vertex 14 29 44
      vertex 20.4672 24.6788 44
    endloop
  endfacet
  facet normal 0 0 -1
    outer loop
      vertex 14 -29 44
      vertex 18.9497 -26.9497 44
      vertex 17.889 -27.8203 44
    endloop
  endfacet
  facet normal 0 0 -1
    outer loop
      vertex 20.4672 24.6788 44
      vertex 14 29 44
      vertex 19.8203 25.889 44
    endloop
  endfacet
  facet normal 0 0 -1
    outer loop
      vertex 14 -29 44
      vertex 17.889 -27.8203 44
      vertex 16.6788 -28.4672 44
    endloop
  endfacet
  facet normal 0 0 -1
    outer loop
      vertex 19.8203 25.889 44
      vertex 14 29 44
      vertex 18.9497 26.9497 44
    endloop
  endfacet
  facet normal 0 0 -1
    outer loop
      vertex 14 -29 44
      vertex 16.6788 -28.4672 44
      vertex 15.3656 -28.8655 44
    endloop
  endfacet
  facet normal 0 0 -1
    outer loop
      vertex 18.9497 26.9497 44
      vertex 14 29 44
      vertex 17.889 27.8203 44
    endloop
  endfacet
  facet normal 0 0 -1
    outer loop
      vertex 17.889 27.8203 44
      vertex 14 29 44
      vertex 16.6788 28.4672 44
    endloop
  endfacet
  facet normal 0 0 -1
    outer loop
      vertex 16.6788 28.4672 44
      vertex 14 29 44
      vertex 15.3656 28.8655 44
    endloop
  endfacet
  facet normal 0 0 -1
    outer loop
      vertex -35 -22 44
      vertex 14 -29 44
      vertex -28 -29 44
    endloop
  endfacet
  facet normal 0 0 -1
    outer loop
      vertex -35 22 44
      vertex 21 22 44
      vertex -35 -22 44
    endloop
  endfacet
  facet normal 0 0 -1
    outer loop
      vertex -35 -22 44
      vertex -28 -29 44
      vertex -29.3656 -28.8655 44
    endloop
  endfacet
  facet normal 0 0 -1
    outer loop
      vertex 21 22 44
      vertex -35 22 44
      vertex 14 29 44
    endloop
  endfacet
  facet normal 0 0 -1
    outer loop
      vertex -35 -22 44
      vertex -29.3656 -28.8655 44
      vertex -30.6788 -28.4672 44
    endloop
  endfacet
  facet normal -0 0 -1
    outer loop
      vertex 14 29 44
      vertex -35 22 44
      vertex -28 29 44
    endloop
  endfacet
  facet normal 0 0 -1
    outer loop
      vertex -35 -22 44
      vertex -30.6788 -28.4672 44
      vertex -31.889 -27.8203 44
    endloop
  endfacet
  facet normal 0 0 -1
    outer loop
      vertex -28 29 44
      vertex -35 22 44
      vertex -29.3656 28.8655 44
    endloop
  endfacet
  facet normal 0 0 -1
    outer loop
      vertex -35 -22 44
      vertex -31.889 -27.8203 44
      vertex -32.9497 -26.9497 44
    endloop
  endfacet
  facet normal 0 0 -1
    outer loop
      vertex -29.3656 28.8655 44
      vertex -35 22 44
      vertex -30.6788 28.4672 44
    endloop
  endfacet
  facet normal 0 0 -1
    outer loop
      vertex -35 -22 44
      vertex -32.9497 -26.9497 44
      vertex -33.8203 -25.889 44
    endloop
  endfacet
  facet normal 0 0 -1
    outer loop
      vertex -30.6788 28.4672 44
      vertex -35 22 44
      vertex -31.889 27.8203 44
    endloop
  endfacet
  facet normal 0 0 -1
    outer loop
      vertex -35 -22 44
      vertex -33.8203 -25.889 44
      vertex -34.4672 -24.6788 44
    endloop
  endfacet
  facet normal 0 0 -1
    outer loop
      vertex -31.889 27.8203 44
      vertex -35 22 44
      vertex -32.9497 26.9497 44
    endloop
  endfacet
  facet normal 0 0 -1
    outer loop
      vertex -35 -22 44
      vertex -34.4672 -24.6788 44
      vertex -34.8655 -23.3656 44
    endloop
  endfacet
  facet normal 0 0 -1
    outer loop
      vertex -32.9497 26.9497 44
      vertex -35 22 44
      vertex -33.8203 25.889 44
    endloop
  endfacet
  facet normal 0 0 -1
    outer loop
      vertex -33.8203 25.889 44
      vertex -35 22 44
      vertex -34.4672 24.6788 44
    endloop
  endfacet
  facet normal 0 0 -1
    outer loop
      vertex -34.4672 24.6788 44
      vertex -35 22 44
      vertex -34.8655 23.3656 44
    endloop
  endfacet
  facet normal -0.772973 -0.634439 0
    outer loop
      vertex -32.9497 -26.9497 44
      vertex -33.8203 -25.889 46.5
      vertex -33.8203 -25.889 44
    endloop
  endfacet
  facet normal -0.772973 -0.634439 0
    outer loop
      vertex -33.8203 -25.889 46.5
      vertex -32.9497 -26.9497 44
      vertex -32.9497 -26.9497 46.5
    endloop
  endfacet
  facet normal -0.881911 -0.471416 0
    outer loop
      vertex -33.8203 -25.889 44
      vertex -34.4672 -24.6788 46.5
      vertex -34.4672 -24.6788 44
    endloop
  endfacet
  facet normal -0.881911 -0.471416 0
    outer loop
      vertex -34.4672 -24.6788 46.5
      vertex -33.8203 -25.889 44
      vertex -33.8203 -25.889 46.5
    endloop
  endfacet
  facet normal -0.881911 0.471416 0
    outer loop
      vertex -34.4672 24.6788 44
      vertex -33.8203 25.889 46.5
      vertex -33.8203 25.889 44
    endloop
  endfacet
  facet normal -0.881911 0.471416 0
    outer loop
      vertex -33.8203 25.889 46.5
      vertex -34.4672 24.6788 44
      vertex -34.4672 24.6788 46.5
    endloop
  endfacet
  facet normal -0.772973 0.634439 0
    outer loop
      vertex -33.8203 25.889 44
      vertex -32.9497 26.9497 46.5
      vertex -32.9497 26.9497 44
    endloop
  endfacet
  facet normal -0.772973 0.634439 0
    outer loop
      vertex -32.9497 26.9497 46.5
      vertex -33.8203 25.889 44
      vertex -33.8203 25.889 46.5
    endloop
  endfacet
endsolid OpenSCAD_Model
