solid OpenSCAD_Model
  facet normal -0 1 0
    outer loop
      vertex 42.9509 7 6.19215
      vertex 43.5882 7 6.34074
      vertex 43.5362 7 3.2498
    endloop
  endfacet
  facet normal 0 1 0
    outer loop
      vertex 46 7 7.33975
      vertex 47.5 7 4.74168
      vertex 46.7497 7 4.34067
    endloop
  endfacet
  facet normal 0 1 0
    outer loop
      vertex 45.1787 7 3.68991
      vertex 44.3646 7 3.44298
      vertex 44.2144 7 6.5307
    endloop
  endfacet
  facet normal 0 1 0
    outer loop
      vertex 47.0876 7 8.06647
      vertex 48.2224 7 5.1909
      vertex 46.5557 7 7.68532
    endloop
  endfacet
  facet normal -0 1 0
    outer loop
      vertex 44.8268 7 6.76122
      vertex 45.4229 7 7.03128
      vertex 46.7497 7 4.34067
    endloop
  endfacet
  facet normal 0 1 0
    outer loop
      vertex 48.9335 7 9.9124
      vertex 51.3136 7 8.08611
      vertex 50.7739 7 7.42851
    endloop
  endfacet
  facet normal -0 1 0
    outer loop
      vertex 48.0711 7 8.92894
      vertex 48.5184 7 9.40656
      vertex 50.7739 7 7.42851
    endloop
  endfacet
  facet normal -0 1 0
    outer loop
      vertex 49.3147 7 10.4443
      vertex 49.6602 7 11
      vertex 51.8091 7 8.77759
    endloop
  endfacet
  facet normal 0 1 0
    outer loop
      vertex 49.9687 7 11.5771
      vertex 52.6593 7 10.2503
      vertex 49.6602 7 11
    endloop
  endfacet
  facet normal 0 1 0
    outer loop
      vertex 50.2388 7 12.1732
      vertex 53.0104 7 11.0251
      vertex 52.6593 7 10.2503
    endloop
  endfacet
  facet normal -0 1 0
    outer loop
      vertex 50.9144 7 14.6947
      vertex 53.9722 7 15.1498
      vertex 53.8888 7 14.3032
    endloop
  endfacet
  facet normal 0 1 0
    outer loop
      vertex 50.8078 7 14.0491
      vertex 53.7502 7 13.4638
      vertex 50.6593 7 13.4118
    endloop
  endfacet
  facet normal 0 1 0
    outer loop
      vertex 50.4693 7 12.7856
      vertex 53.3101 7 11.8213
      vertex 53.0104 7 11.0251
    endloop
  endfacet
  facet normal 0 1 0
    outer loop
      vertex 48.9335 7 22.0876
      vertex 50.7739 7 24.5715
      vertex 51.3136 7 23.9139
    endloop
  endfacet
  facet normal -0 1 0
    outer loop
      vertex 51 7 16
      vertex 54 7 16
      vertex 53.9722 7 15.1498
    endloop
  endfacet
  facet normal -0 1 0
    outer loop
      vertex 50.9786 7 16.654
      vertex 53.9722 7 16.8502
      vertex 51 7 16
    endloop
  endfacet
  facet normal 0 1 -0
    outer loop
      vertex 49.9687 7 20.4229
      vertex 49.6602 7 21
      vertex 52.6593 7 21.7497
    endloop
  endfacet
  facet normal -0 1 0
    outer loop
      vertex 50.8078 7 17.9509
      vertex 53.7502 7 18.5362
      vertex 50.9144 7 17.3053
    endloop
  endfacet
  facet normal -0 1 0
    outer loop
      vertex 50.6593 7 18.5882
      vertex 53.557 7 19.3646
      vertex 53.7502 7 18.5362
    endloop
  endfacet
  facet normal 0 1 0
    outer loop
      vertex 50.2388 7 19.8268
      vertex 52.6593 7 21.7497
      vertex 53.0104 7 20.9749
    endloop
  endfacet
  facet normal 0 1 0
    outer loop
      vertex 49.6602 7 21
      vertex 52.2583 7 22.5
      vertex 52.6593 7 21.7497
    endloop
  endfacet
  facet normal -0 1 0
    outer loop
      vertex 48.5184 7 22.5934
      vertex 50.7739 7 24.5715
      vertex 48.9335 7 22.0876
    endloop
  endfacet
  facet normal 0 1 0
    outer loop
      vertex 48.0711 7 23.0711
      vertex 50.1924 7 25.1924
      vertex 50.7739 7 24.5715
    endloop
  endfacet
  facet normal 0 1 0
    outer loop
      vertex 47.0876 7 23.9335
      vertex 48.9139 7 26.3136
      vertex 49.5715 7 25.7739
    endloop
  endfacet
  facet normal -0 1 0
    outer loop
      vertex 46.5557 7 24.3147
      vertex 48.2224 7 26.8091
      vertex 47.0876 7 23.9335
    endloop
  endfacet
  facet normal 0 1 0
    outer loop
      vertex 46 7 24.6602
      vertex 47.5 7 27.2583
      vertex 48.2224 7 26.8091
    endloop
  endfacet
  facet normal 0 1 0
    outer loop
      vertex 45.1787 7 28.3101
      vertex 45.9749 7 28.0104
      vertex 44.2144 7 25.4693
    endloop
  endfacet
  facet normal 0 1 0
    outer loop
      vertex 44.8268 7 25.2388
      vertex 45.9749 7 28.0104
      vertex 46.7497 7 27.6593
    endloop
  endfacet
  facet normal 0 1 0
    outer loop
      vertex 43.5362 7 28.7502
      vertex 44.3646 7 28.557
      vertex 43.5882 7 25.6593
    endloop
  endfacet
  facet normal 0 1 0
    outer loop
      vertex 44.3646 7 28.557
      vertex 45.1787 7 28.3101
      vertex 44.2144 7 25.4693
    endloop
  endfacet
  facet normal 0 1 -0
    outer loop
      vertex 44.2144 7 25.4693
      vertex 43.5882 7 25.6593
      vertex 44.3646 7 28.557
    endloop
  endfacet
  facet normal 0 1 0
    outer loop
      vertex 50.9786 7 15.346
      vertex 53.9722 7 15.1498
      vertex 50.9144 7 14.6947
    endloop
  endfacet
  facet normal 0 1 0
    outer loop
      vertex 43.5362 7 28.7502
      vertex 43.5882 7 25.6593
      vertex 42.9509 7 25.8078
    endloop
  endfacet
  facet normal -0 1 0
    outer loop
      vertex 42.3053 7 25.9144
      vertex 43.5362 7 28.7502
      vertex 42.9509 7 25.8078
    endloop
  endfacet
  facet normal 0 1 0
    outer loop
      vertex 42.3053 7 25.9144
      vertex 42.6968 7 28.8888
      vertex 43.5362 7 28.7502
    endloop
  endfacet
  facet normal 0 1 -0
    outer loop
      vertex 42.3053 7 25.9144
      vertex 41.8502 7 28.9722
      vertex 42.6968 7 28.8888
    endloop
  endfacet
  facet normal 0 1 0
    outer loop
      vertex 42.3053 7 25.9144
      vertex 41.654 7 25.9786
      vertex 41.8502 7 28.9722
    endloop
  endfacet
  facet normal 0 1 0
    outer loop
      vertex 41.8502 7 28.9722
      vertex 41.654 7 25.9786
      vertex 41 7 26
    endloop
  endfacet
  facet normal 0 1 0
    outer loop
      vertex 48.0711 7 8.92894
      vertex 49.5715 7 6.22609
      vertex 47.5934 7 8.48161
    endloop
  endfacet
  facet normal 0 1 0
    outer loop
      vertex 41 7 26
      vertex 41 7 29
      vertex 41.8502 7 28.9722
    endloop
  endfacet
  facet normal 0 1 0
    outer loop
      vertex 42.3053 7 6.08556
      vertex 43.5362 7 3.2498
      vertex 42.6968 7 3.11122
    endloop
  endfacet
  facet normal 0 1 0
    outer loop
      vertex 41.8502 7 3.02785
      vertex 41 7 3
      vertex 41 7 6
    endloop
  endfacet
  facet normal 0 1 0
    outer loop
      vertex -46 7 24.6602
      vertex -47.5 7 27.2583
      vertex -46.7497 7 27.6593
    endloop
  endfacet
  facet normal 0 1 -0
    outer loop
      vertex -46.5557 7 24.3147
      vertex -48.2224 7 26.8091
      vertex -46 7 24.6602
    endloop
  endfacet
  facet normal 0 1 0
    outer loop
      vertex -47.0876 7 23.9335
      vertex -48.9139 7 26.3136
      vertex -48.2224 7 26.8091
    endloop
  endfacet
  facet normal 0 1 0
    outer loop
      vertex -49.3147 7 21.5557
      vertex -49.6602 7 21
      vertex -51.8091 7 23.2224
    endloop
  endfacet
  facet normal 0 1 0
    outer loop
      vertex -50.4693 7 19.2144
      vertex -53.557 7 19.3646
      vertex -53.3101 7 20.1787
    endloop
  endfacet
  facet normal 0 1 0
    outer loop
      vertex -50.9144 7 17.3053
      vertex -53.8888 7 17.6968
      vertex -53.7502 7 18.5362
    endloop
  endfacet
  facet normal 0 1 0
    outer loop
      vertex -50.6593 7 18.5882
      vertex -53.7502 7 18.5362
      vertex -53.557 7 19.3646
    endloop
  endfacet
  facet normal 0 1 0
    outer loop
      vertex -50.4693 7 12.7856
      vertex -53.3101 7 11.8213
      vertex -53.557 7 12.6354
    endloop
  endfacet
  facet normal 0 1 0
    outer loop
      vertex -49.9687 7 11.5771
      vertex -52.6593 7 10.2503
      vertex -50.2388 7 12.1732
    endloop
  endfacet
  facet normal 0 1 0
    outer loop
      vertex -48.9335 7 9.9124
      vertex -51.3136 7 8.08611
      vertex -51.8091 7 8.77759
    endloop
  endfacet
  facet normal 0 1 0
    outer loop
      vertex -49.3147 7 10.4443
      vertex -48.9335 7 9.9124
      vertex -51.8091 7 8.77759
    endloop
  endfacet
  facet normal 0 1 0
    outer loop
      vertex -50.9144 7 14.6947
      vertex -53.7502 7 13.4638
      vertex -53.8888 7 14.3032
    endloop
  endfacet
  facet normal 0 1 0
    outer loop
      vertex -47.5934 7 8.48161
      vertex -47.0876 7 8.06647
      vertex -49.5715 7 6.22609
    endloop
  endfacet
  facet normal -0 1 0
    outer loop
      vertex -45.9749 7 3.98958
      vertex -44.2144 7 6.5307
      vertex -45.1787 7 3.68991
    endloop
  endfacet
  facet normal -0 1 0
    outer loop
      vertex -44.3646 7 3.44298
      vertex -43.5882 7 6.34074
      vertex -43.5362 7 3.2498
    endloop
  endfacet
  facet normal -0 1 0
    outer loop
      vertex -45.1787 7 3.68991
      vertex -44.2144 7 6.5307
      vertex -44.3646 7 3.44298
    endloop
  endfacet
  facet normal 0 1 0
    outer loop
      vertex -43.5882 7 6.34074
      vertex -44.3646 7 3.44298
      vertex -44.2144 7 6.5307
    endloop
  endfacet
  facet normal 0 1 0
    outer loop
      vertex -43.5882 7 6.34074
      vertex -42.9509 7 6.19215
      vertex -43.5362 7 3.2498
    endloop
  endfacet
  facet normal 0 1 0
    outer loop
      vertex -43.5362 7 3.2498
      vertex -42.9509 7 6.19215
      vertex -42.3053 7 6.08556
    endloop
  endfacet
  facet normal 0 1 -0
    outer loop
      vertex -42.6968 7 3.11122
      vertex -43.5362 7 3.2498
      vertex -42.3053 7 6.08556
    endloop
  endfacet
  facet normal 0 1 0
    outer loop
      vertex -41.8502 7 3.02785
      vertex -42.6968 7 3.11122
      vertex -42.3053 7 6.08556
    endloop
  endfacet
  facet normal 0 1 0
    outer loop
      vertex -41.654 7 6.02142
      vertex -41.8502 7 3.02785
      vertex -42.3053 7 6.08556
    endloop
  endfacet
  facet normal 0 1 0
    outer loop
      vertex -41.654 7 6.02142
      vertex -41 7 6
      vertex -41.8502 7 3.02785
    endloop
  endfacet
  facet normal 0 1 -0
    outer loop
      vertex -48.5184 7 22.5934
      vertex -50.7739 7 24.5715
      vertex -48.0711 7 23.0711
    endloop
  endfacet
  facet normal 0 1 -0
    outer loop
      vertex -41 7 3
      vertex -41.8502 7 3.02785
      vertex -41 7 6
    endloop
  endfacet
  facet normal 0 1 0
    outer loop
      vertex 41 7 3
      vertex -41 7 3
      vertex -41 7 6
    endloop
  endfacet
  facet normal 0 1 0
    outer loop
      vertex 41 7 6
      vertex 41 7 3
      vertex -41 7 6
    endloop
  endfacet
  facet normal 0 1 -0
    outer loop
      vertex -41 7 26
      vertex -41.8502 7 28.9722
      vertex -41 7 29
    endloop
  endfacet
  facet normal 0 1 0
    outer loop
      vertex -45.4229 7 24.9687
      vertex -46 7 24.6602
      vertex -46.7497 7 27.6593
    endloop
  endfacet
  facet normal 0 1 -0
    outer loop
      vertex -45.9749 7 3.98958
      vertex -46.7497 7 4.34067
      vertex -44.8268 7 6.76122
    endloop
  endfacet
  facet normal 0 1 0
    outer loop
      vertex -45.9749 7 3.98958
      vertex -44.8268 7 6.76122
      vertex -44.2144 7 6.5307
    endloop
  endfacet
  facet normal 0 1 0
    outer loop
      vertex -46.7497 7 4.34067
      vertex -46 7 7.33975
      vertex -45.4229 7 7.03128
    endloop
  endfacet
  facet normal 0 1 0
    outer loop
      vertex -46.7497 7 4.34067
      vertex -45.4229 7 7.03128
      vertex -44.8268 7 6.76122
    endloop
  endfacet
  facet normal 0 1 -0
    outer loop
      vertex -47.5 7 4.74168
      vertex -48.2224 7 5.1909
      vertex -46 7 7.33975
    endloop
  endfacet
  facet normal -0 1 0
    outer loop
      vertex -47.5 7 4.74168
      vertex -46 7 7.33975
      vertex -46.7497 7 4.34067
    endloop
  endfacet
  facet normal 0 1 0
    outer loop
      vertex -48.2224 7 5.1909
      vertex -47.0876 7 8.06647
      vertex -46.5557 7 7.68532
    endloop
  endfacet
  facet normal 0 1 0
    outer loop
      vertex -48.2224 7 5.1909
      vertex -46.5557 7 7.68532
      vertex -46 7 7.33975
    endloop
  endfacet
  facet normal 0 1 -0
    outer loop
      vertex -48.9139 7 5.68642
      vertex -49.5715 7 6.22609
      vertex -47.0876 7 8.06647
    endloop
  endfacet
  facet normal -0 1 0
    outer loop
      vertex -48.9139 7 5.68642
      vertex -47.0876 7 8.06647
      vertex -48.2224 7 5.1909
    endloop
  endfacet
  facet normal 0 1 0
    outer loop
      vertex -48.0711 7 8.92894
      vertex -47.5934 7 8.48161
      vertex -49.5715 7 6.22609
    endloop
  endfacet
  facet normal 0 1 -0
    outer loop
      vertex -50.1924 7 6.80762
      vertex -50.7739 7 7.42851
      vertex -48.0711 7 8.92894
    endloop
  endfacet
  facet normal -0 1 0
    outer loop
      vertex -50.1924 7 6.80762
      vertex -48.0711 7 8.92894
      vertex -49.5715 7 6.22609
    endloop
  endfacet
  facet normal 0 1 0
    outer loop
      vertex -50.7739 7 7.42851
      vertex -48.9335 7 9.9124
      vertex -48.5184 7 9.40656
    endloop
  endfacet
  facet normal 0 1 0
    outer loop
      vertex -50.7739 7 7.42851
      vertex -48.5184 7 9.40656
      vertex -48.0711 7 8.92894
    endloop
  endfacet
  facet normal 0 1 -0
    outer loop
      vertex -50.7739 7 7.42851
      vertex -51.3136 7 8.08611
      vertex -48.9335 7 9.9124
    endloop
  endfacet
  facet normal 0 1 0
    outer loop
      vertex -49.6602 7 11
      vertex -49.3147 7 10.4443
      vertex -51.8091 7 8.77759
    endloop
  endfacet
  facet normal 0 1 -0
    outer loop
      vertex -52.2583 7 9.5
      vertex -52.6593 7 10.2503
      vertex -49.6602 7 11
    endloop
  endfacet
  facet normal -0 1 0
    outer loop
      vertex -52.2583 7 9.5
      vertex -49.6602 7 11
      vertex -51.8091 7 8.77759
    endloop
  endfacet
  facet normal 0 1 0
    outer loop
      vertex -49.6602 7 11
      vertex -52.6593 7 10.2503
      vertex -49.9687 7 11.5771
    endloop
  endfacet
  facet normal 0 1 0
    outer loop
      vertex -53.0104 7 11.0251
      vertex -50.4693 7 12.7856
      vertex -50.2388 7 12.1732
    endloop
  endfacet
  facet normal -0 1 0
    outer loop
      vertex -53.0104 7 11.0251
      vertex -50.2388 7 12.1732
      vertex -52.6593 7 10.2503
    endloop
  endfacet
  facet normal 0 1 -0
    outer loop
      vertex -53.0104 7 11.0251
      vertex -53.3101 7 11.8213
      vertex -50.4693 7 12.7856
    endloop
  endfacet
  facet normal 0 1 -0
    outer loop
      vertex -53.557 7 12.6354
      vertex -53.7502 7 13.4638
      vertex -50.6593 7 13.4118
    endloop
  endfacet
  facet normal 0 1 0
    outer loop
      vertex -53.557 7 12.6354
      vertex -50.6593 7 13.4118
      vertex -50.4693 7 12.7856
    endloop
  endfacet
  facet normal 0 1 0
    outer loop
      vertex -53.7502 7 13.4638
      vertex -50.9144 7 14.6947
      vertex -50.8078 7 14.0491
    endloop
  endfacet
  facet normal -0 1 0
    outer loop
      vertex -53.7502 7 13.4638
      vertex -50.8078 7 14.0491
      vertex -50.6593 7 13.4118
    endloop
  endfacet
  facet normal 0 1 0
    outer loop
      vertex -53.9722 7 15.1498
      vertex -50.9144 7 14.6947
      vertex -53.8888 7 14.3032
    endloop
  endfacet
  facet normal 0 1 0
    outer loop
      vertex -53.9722 7 15.1498
      vertex -51 7 16
      vertex -50.9786 7 15.346
    endloop
  endfacet
  facet normal -0 1 0
    outer loop
      vertex -53.9722 7 15.1498
      vertex -50.9786 7 15.346
      vertex -50.9144 7 14.6947
    endloop
  endfacet
  facet normal 0 1 0
    outer loop
      vertex -54 7 16
      vertex -53.9722 7 16.8502
      vertex -51 7 16
    endloop
  endfacet
  facet normal -0 1 0
    outer loop
      vertex -54 7 16
      vertex -51 7 16
      vertex -53.9722 7 15.1498
    endloop
  endfacet
  facet normal -0 1 0
    outer loop
      vertex -53.9722 7 16.8502
      vertex -50.9144 7 17.3053
      vertex -50.9786 7 16.654
    endloop
  endfacet
  facet normal 0 1 0
    outer loop
      vertex -53.9722 7 16.8502
      vertex -50.9786 7 16.654
      vertex -51 7 16
    endloop
  endfacet
  facet normal 0 1 0
    outer loop
      vertex -53.9722 7 16.8502
      vertex -53.8888 7 17.6968
      vertex -50.9144 7 17.3053
    endloop
  endfacet
  facet normal -0 1 0
    outer loop
      vertex -53.7502 7 18.5362
      vertex -50.6593 7 18.5882
      vertex -50.8078 7 17.9509
    endloop
  endfacet
  facet normal 0 1 0
    outer loop
      vertex -53.7502 7 18.5362
      vertex -50.8078 7 17.9509
      vertex -50.9144 7 17.3053
    endloop
  endfacet
  facet normal 0 1 0
    outer loop
      vertex -50.4693 7 19.2144
      vertex -50.6593 7 18.5882
      vertex -53.557 7 19.3646
    endloop
  endfacet
  facet normal 0 1 0
    outer loop
      vertex -53.0104 7 20.9749
      vertex -50.4693 7 19.2144
      vertex -53.3101 7 20.1787
    endloop
  endfacet
  facet normal -0 1 0
    outer loop
      vertex -53.0104 7 20.9749
      vertex -52.6593 7 21.7497
      vertex -50.2388 7 19.8268
    endloop
  endfacet
  facet normal 0 1 0
    outer loop
      vertex -53.0104 7 20.9749
      vertex -50.2388 7 19.8268
      vertex -50.4693 7 19.2144
    endloop
  endfacet
  facet normal 0 1 0
    outer loop
      vertex -52.6593 7 21.7497
      vertex -49.6602 7 21
      vertex -49.9687 7 20.4229
    endloop
  endfacet
  facet normal 0 1 0
    outer loop
      vertex -52.6593 7 21.7497
      vertex -49.9687 7 20.4229
      vertex -50.2388 7 19.8268
    endloop
  endfacet
  facet normal -0 1 0
    outer loop
      vertex -52.2583 7 22.5
      vertex -51.8091 7 23.2224
      vertex -49.6602 7 21
    endloop
  endfacet
  facet normal 0 1 0
    outer loop
      vertex -52.2583 7 22.5
      vertex -49.6602 7 21
      vertex -52.6593 7 21.7497
    endloop
  endfacet
  facet normal 0 1 0
    outer loop
      vertex -48.9335 7 22.0876
      vertex -49.3147 7 21.5557
      vertex -51.8091 7 23.2224
    endloop
  endfacet
  facet normal -0 1 0
    outer loop
      vertex -51.3136 7 23.9139
      vertex -50.7739 7 24.5715
      vertex -48.9335 7 22.0876
    endloop
  endfacet
  facet normal 0 1 0
    outer loop
      vertex -51.3136 7 23.9139
      vertex -48.9335 7 22.0876
      vertex -51.8091 7 23.2224
    endloop
  endfacet
  facet normal 0 1 -0
    outer loop
      vertex -48.9335 7 22.0876
      vertex -50.7739 7 24.5715
      vertex -48.5184 7 22.5934
    endloop
  endfacet
  facet normal -0 1 0
    outer loop
      vertex -50.1924 7 25.1924
      vertex -49.5715 7 25.7739
      vertex -48.0711 7 23.0711
    endloop
  endfacet
  facet normal 0 1 0
    outer loop
      vertex -50.1924 7 25.1924
      vertex -48.0711 7 23.0711
      vertex -50.7739 7 24.5715
    endloop
  endfacet
  facet normal 0 1 0
    outer loop
      vertex -49.5715 7 25.7739
      vertex -47.0876 7 23.9335
      vertex -47.5934 7 23.5184
    endloop
  endfacet
  facet normal 0 1 0
    outer loop
      vertex -49.5715 7 25.7739
      vertex -47.5934 7 23.5184
      vertex -48.0711 7 23.0711
    endloop
  endfacet
  facet normal -0 1 0
    outer loop
      vertex -49.5715 7 25.7739
      vertex -48.9139 7 26.3136
      vertex -47.0876 7 23.9335
    endloop
  endfacet
  facet normal 0 1 -0
    outer loop
      vertex -47.0876 7 23.9335
      vertex -48.2224 7 26.8091
      vertex -46.5557 7 24.3147
    endloop
  endfacet
  facet normal -0 1 0
    outer loop
      vertex -48.2224 7 26.8091
      vertex -47.5 7 27.2583
      vertex -46 7 24.6602
    endloop
  endfacet
  facet normal 0 1 0
    outer loop
      vertex -44.8268 7 25.2388
      vertex -45.4229 7 24.9687
      vertex -46.7497 7 27.6593
    endloop
  endfacet
  facet normal 0 1 0
    outer loop
      vertex -45.9749 7 28.0104
      vertex -44.2144 7 25.4693
      vertex -44.8268 7 25.2388
    endloop
  endfacet
  facet normal 0 1 0
    outer loop
      vertex -45.9749 7 28.0104
      vertex -44.8268 7 25.2388
      vertex -46.7497 7 27.6593
    endloop
  endfacet
  facet normal -0 1 0
    outer loop
      vertex -45.9749 7 28.0104
      vertex -45.1787 7 28.3101
      vertex -44.2144 7 25.4693
    endloop
  endfacet
  facet normal 0 1 0
    outer loop
      vertex -44.2144 7 25.4693
      vertex -45.1787 7 28.3101
      vertex -44.3646 7 28.557
    endloop
  endfacet
  facet normal 0 1 0
    outer loop
      vertex -43.5882 7 25.6593
      vertex -44.2144 7 25.4693
      vertex -44.3646 7 28.557
    endloop
  endfacet
  facet normal 0 1 0
    outer loop
      vertex -43.5362 7 28.7502
      vertex -43.5882 7 25.6593
      vertex -44.3646 7 28.557
    endloop
  endfacet
  facet normal 0 1 0
    outer loop
      vertex -43.5362 7 28.7502
      vertex -42.9509 7 25.8078
      vertex -43.5882 7 25.6593
    endloop
  endfacet
  facet normal 0 1 0
    outer loop
      vertex -43.5362 7 28.7502
      vertex -42.3053 7 25.9144
      vertex -42.9509 7 25.8078
    endloop
  endfacet
  facet normal -0 1 0
    outer loop
      vertex -43.5362 7 28.7502
      vertex -42.6968 7 28.8888
      vertex -42.3053 7 25.9144
    endloop
  endfacet
  facet normal 0 1 -0
    outer loop
      vertex -42.3053 7 25.9144
      vertex -42.6968 7 28.8888
      vertex -41.8502 7 28.9722
    endloop
  endfacet
  facet normal 0 1 0
    outer loop
      vertex -41.654 7 25.9786
      vertex -42.3053 7 25.9144
      vertex -41.8502 7 28.9722
    endloop
  endfacet
  facet normal 0 1 0
    outer loop
      vertex -41 7 26
      vertex -41.654 7 25.9786
      vertex -41.8502 7 28.9722
    endloop
  endfacet
  facet normal 0 1 0
    outer loop
      vertex -41 7 26
      vertex -41 7 29
      vertex 41 7 26
    endloop
  endfacet
  facet normal 0 1 -0
    outer loop
      vertex 41 7 26
      vertex -41 7 29
      vertex 41 7 29
    endloop
  endfacet
  facet normal -0 1 0
    outer loop
      vertex 44.2144 7 25.4693
      vertex 45.9749 7 28.0104
      vertex 44.8268 7 25.2388
    endloop
  endfacet
  facet normal 0 1 0
    outer loop
      vertex 46.7497 7 27.6593
      vertex 46 7 24.6602
      vertex 45.4229 7 24.9687
    endloop
  endfacet
  facet normal 0 1 0
    outer loop
      vertex 46.7497 7 27.6593
      vertex 45.4229 7 24.9687
      vertex 44.8268 7 25.2388
    endloop
  endfacet
  facet normal 0 1 0
    outer loop
      vertex 46.7497 7 27.6593
      vertex 47.5 7 27.2583
      vertex 46 7 24.6602
    endloop
  endfacet
  facet normal -0 1 0
    outer loop
      vertex 46 7 24.6602
      vertex 48.2224 7 26.8091
      vertex 46.5557 7 24.3147
    endloop
  endfacet
  facet normal 0 1 0
    outer loop
      vertex 48.2224 7 26.8091
      vertex 48.9139 7 26.3136
      vertex 47.0876 7 23.9335
    endloop
  endfacet
  facet normal 0 1 0
    outer loop
      vertex 49.5715 7 25.7739
      vertex 48.0711 7 23.0711
      vertex 47.5934 7 23.5184
    endloop
  endfacet
  facet normal 0 1 0
    outer loop
      vertex 49.5715 7 25.7739
      vertex 47.5934 7 23.5184
      vertex 47.0876 7 23.9335
    endloop
  endfacet
  facet normal 0 1 0
    outer loop
      vertex 49.5715 7 25.7739
      vertex 50.1924 7 25.1924
      vertex 48.0711 7 23.0711
    endloop
  endfacet
  facet normal -0 1 0
    outer loop
      vertex 48.0711 7 23.0711
      vertex 50.7739 7 24.5715
      vertex 48.5184 7 22.5934
    endloop
  endfacet
  facet normal 0 1 0
    outer loop
      vertex 51.8091 7 23.2224
      vertex 48.9335 7 22.0876
      vertex 51.3136 7 23.9139
    endloop
  endfacet
  facet normal 0 1 0
    outer loop
      vertex 51.8091 7 23.2224
      vertex 49.6602 7 21
      vertex 49.3147 7 21.5557
    endloop
  endfacet
  facet normal 0 1 0
    outer loop
      vertex 51.8091 7 23.2224
      vertex 49.3147 7 21.5557
      vertex 48.9335 7 22.0876
    endloop
  endfacet
  facet normal 0 1 0
    outer loop
      vertex 51.8091 7 23.2224
      vertex 52.2583 7 22.5
      vertex 49.6602 7 21
    endloop
  endfacet
  facet normal 0 1 -0
    outer loop
      vertex 50.2388 7 19.8268
      vertex 49.9687 7 20.4229
      vertex 52.6593 7 21.7497
    endloop
  endfacet
  facet normal 0 1 -0
    outer loop
      vertex 50.4693 7 19.2144
      vertex 50.2388 7 19.8268
      vertex 53.0104 7 20.9749
    endloop
  endfacet
  facet normal 0 1 0
    outer loop
      vertex 53.3101 7 20.1787
      vertex 53.557 7 19.3646
      vertex 50.4693 7 19.2144
    endloop
  endfacet
  facet normal 0 1 0
    outer loop
      vertex 53.3101 7 20.1787
      vertex 50.4693 7 19.2144
      vertex 53.0104 7 20.9749
    endloop
  endfacet
  facet normal -0 1 0
    outer loop
      vertex 50.4693 7 19.2144
      vertex 53.557 7 19.3646
      vertex 50.6593 7 18.5882
    endloop
  endfacet
  facet normal 0 1 0
    outer loop
      vertex 50.6593 7 18.5882
      vertex 53.7502 7 18.5362
      vertex 50.8078 7 17.9509
    endloop
  endfacet
  facet normal 0 1 0
    outer loop
      vertex 53.8888 7 17.6968
      vertex 53.9722 7 16.8502
      vertex 50.9144 7 17.3053
    endloop
  endfacet
  facet normal 0 1 0
    outer loop
      vertex 53.8888 7 17.6968
      vertex 50.9144 7 17.3053
      vertex 53.7502 7 18.5362
    endloop
  endfacet
  facet normal 0 1 0
    outer loop
      vertex 50.9144 7 17.3053
      vertex 53.9722 7 16.8502
      vertex 50.9786 7 16.654
    endloop
  endfacet
  facet normal 0 1 0
    outer loop
      vertex 53.9722 7 16.8502
      vertex 54 7 16
      vertex 51 7 16
    endloop
  endfacet
  facet normal 0 1 0
    outer loop
      vertex 51 7 16
      vertex 53.9722 7 15.1498
      vertex 50.9786 7 15.346
    endloop
  endfacet
  facet normal 0 1 -0
    outer loop
      vertex 53.7502 7 13.4638
      vertex 50.9144 7 14.6947
      vertex 53.8888 7 14.3032
    endloop
  endfacet
  facet normal 0 1 0
    outer loop
      vertex 50.9144 7 14.6947
      vertex 53.7502 7 13.4638
      vertex 50.8078 7 14.0491
    endloop
  endfacet
  facet normal 0 1 0
    outer loop
      vertex 53.557 7 12.6354
      vertex 50.4693 7 12.7856
      vertex 50.6593 7 13.4118
    endloop
  endfacet
  facet normal 0 1 -0
    outer loop
      vertex 53.557 7 12.6354
      vertex 50.6593 7 13.4118
      vertex 53.7502 7 13.4638
    endloop
  endfacet
  facet normal 0 1 0
    outer loop
      vertex 53.557 7 12.6354
      vertex 53.3101 7 11.8213
      vertex 50.4693 7 12.7856
    endloop
  endfacet
  facet normal 0 1 0
    outer loop
      vertex 50.4693 7 12.7856
      vertex 53.0104 7 11.0251
      vertex 50.2388 7 12.1732
    endloop
  endfacet
  facet normal 0 1 0
    outer loop
      vertex 50.2388 7 12.1732
      vertex 52.6593 7 10.2503
      vertex 49.9687 7 11.5771
    endloop
  endfacet
  facet normal 0 1 -0
    outer loop
      vertex 52.2583 7 9.5
      vertex 49.6602 7 11
      vertex 52.6593 7 10.2503
    endloop
  endfacet
  facet normal 0 1 0
    outer loop
      vertex 52.2583 7 9.5
      vertex 51.8091 7 8.77759
      vertex 49.6602 7 11
    endloop
  endfacet
  facet normal 0 1 0
    outer loop
      vertex 51.8091 7 8.77759
      vertex 48.9335 7 9.9124
      vertex 49.3147 7 10.4443
    endloop
  endfacet
  facet normal 0 1 0
    outer loop
      vertex 51.8091 7 8.77759
      vertex 51.3136 7 8.08611
      vertex 48.9335 7 9.9124
    endloop
  endfacet
  facet normal 0 1 0
    outer loop
      vertex 48.9335 7 9.9124
      vertex 50.7739 7 7.42851
      vertex 48.5184 7 9.40656
    endloop
  endfacet
  facet normal 0 1 0
    outer loop
      vertex 50.7739 7 7.42851
      vertex 50.1924 7 6.80762
      vertex 48.0711 7 8.92894
    endloop
  endfacet
  facet normal 0 1 0
    outer loop
      vertex 48.0711 7 8.92894
      vertex 50.1924 7 6.80762
      vertex 49.5715 7 6.22609
    endloop
  endfacet
  facet normal 0 1 0
    outer loop
      vertex 47.5934 7 8.48161
      vertex 49.5715 7 6.22609
      vertex 47.0876 7 8.06647
    endloop
  endfacet
  facet normal 0 1 0
    outer loop
      vertex 47.0876 7 8.06647
      vertex 49.5715 7 6.22609
      vertex 48.9139 7 5.68642
    endloop
  endfacet
  facet normal 0 1 -0
    outer loop
      vertex 48.2224 7 5.1909
      vertex 47.0876 7 8.06647
      vertex 48.9139 7 5.68642
    endloop
  endfacet
  facet normal -0 1 0
    outer loop
      vertex 46 7 7.33975
      vertex 46.5557 7 7.68532
      vertex 48.2224 7 5.1909
    endloop
  endfacet
  facet normal 0 1 -0
    outer loop
      vertex 47.5 7 4.74168
      vertex 46 7 7.33975
      vertex 48.2224 7 5.1909
    endloop
  endfacet
  facet normal 0 1 0
    outer loop
      vertex 46.7497 7 4.34067
      vertex 45.4229 7 7.03128
      vertex 46 7 7.33975
    endloop
  endfacet
  facet normal 0 1 -0
    outer loop
      vertex 45.9749 7 3.98958
      vertex 44.8268 7 6.76122
      vertex 46.7497 7 4.34067
    endloop
  endfacet
  facet normal 0 1 0
    outer loop
      vertex 45.9749 7 3.98958
      vertex 44.2144 7 6.5307
      vertex 44.8268 7 6.76122
    endloop
  endfacet
  facet normal 0 1 0
    outer loop
      vertex 45.9749 7 3.98958
      vertex 45.1787 7 3.68991
      vertex 44.2144 7 6.5307
    endloop
  endfacet
  facet normal 0 1 0
    outer loop
      vertex 44.2144 7 6.5307
      vertex 44.3646 7 3.44298
      vertex 43.5882 7 6.34074
    endloop
  endfacet
  facet normal 0 1 0
    outer loop
      vertex 43.5882 7 6.34074
      vertex 44.3646 7 3.44298
      vertex 43.5362 7 3.2498
    endloop
  endfacet
  facet normal 0 1 0
    outer loop
      vertex 42.9509 7 6.19215
      vertex 43.5362 7 3.2498
      vertex 42.3053 7 6.08556
    endloop
  endfacet
  facet normal 0 1 0
    outer loop
      vertex 42.3053 7 6.08556
      vertex 42.6968 7 3.11122
      vertex 41.8502 7 3.02785
    endloop
  endfacet
  facet normal -0 1 0
    outer loop
      vertex 41 7 6
      vertex 41.654 7 6.02142
      vertex 41.8502 7 3.02785
    endloop
  endfacet
  facet normal -0 1 0
    outer loop
      vertex 41.654 7 6.02142
      vertex 42.3053 7 6.08556
      vertex 41.8502 7 3.02785
    endloop
  endfacet
  facet normal 0 -1 0
    outer loop
      vertex 43.5362 -7 3.2498
      vertex 43.5882 -7 6.34074
      vertex 42.9509 -7 6.19215
    endloop
  endfacet
  facet normal 0 -1 0
    outer loop
      vertex 46.7497 -7 4.34067
      vertex 47.5 -7 4.74168
      vertex 46 -7 7.33975
    endloop
  endfacet
  facet normal 0 -1 0
    outer loop
      vertex 44.2144 -7 6.5307
      vertex 44.3646 -7 3.44298
      vertex 45.1787 -7 3.68991
    endloop
  endfacet
  facet normal 0 -1 0
    outer loop
      vertex 46.5557 -7 7.68532
      vertex 48.2224 -7 5.1909
      vertex 47.0876 -7 8.06647
    endloop
  endfacet
  facet normal 0 -1 0
    outer loop
      vertex 46.7497 -7 4.34067
      vertex 45.4229 -7 7.03128
      vertex 44.8268 -7 6.76122
    endloop
  endfacet
  facet normal 0 -1 0
    outer loop
      vertex 50.7739 -7 7.42851
      vertex 51.3136 -7 8.08611
      vertex 48.9335 -7 9.9124
    endloop
  endfacet
  facet normal 0 -1 0
    outer loop
      vertex 50.7739 -7 7.42851
      vertex 48.5184 -7 9.40656
      vertex 48.0711 -7 8.92894
    endloop
  endfacet
  facet normal 0 -1 0
    outer loop
      vertex 51.8091 -7 8.77759
      vertex 49.6602 -7 11
      vertex 49.3147 -7 10.4443
    endloop
  endfacet
  facet normal 0 -1 0
    outer loop
      vertex 49.6602 -7 11
      vertex 52.6593 -7 10.2503
      vertex 49.9687 -7 11.5771
    endloop
  endfacet
  facet normal 0 -1 0
    outer loop
      vertex 52.6593 -7 10.2503
      vertex 53.0104 -7 11.0251
      vertex 50.2388 -7 12.1732
    endloop
  endfacet
  facet normal 0 -1 0
    outer loop
      vertex 53.8888 -7 14.3032
      vertex 53.9722 -7 15.1498
      vertex 50.9144 -7 14.6947
    endloop
  endfacet
  facet normal 0 -1 0
    outer loop
      vertex 50.6593 -7 13.4118
      vertex 53.7502 -7 13.4638
      vertex 50.8078 -7 14.0491
    endloop
  endfacet
  facet normal 0 -1 0
    outer loop
      vertex 53.0104 -7 11.0251
      vertex 53.3101 -7 11.8213
      vertex 50.4693 -7 12.7856
    endloop
  endfacet
  facet normal -0 -1 0
    outer loop
      vertex 51.3136 -7 23.9139
      vertex 50.7739 -7 24.5715
      vertex 48.9335 -7 22.0876
    endloop
  endfacet
  facet normal 0 -1 0
    outer loop
      vertex 53.9722 -7 15.1498
      vertex 54 -7 16
      vertex 51 -7 16
    endloop
  endfacet
  facet normal 0 -1 0
    outer loop
      vertex 51 -7 16
      vertex 53.9722 -7 16.8502
      vertex 50.9786 -7 16.654
    endloop
  endfacet
  facet normal 0 -1 0
    outer loop
      vertex 52.6593 -7 21.7497
      vertex 49.6602 -7 21
      vertex 49.9687 -7 20.4229
    endloop
  endfacet
  facet normal 0 -1 0
    outer loop
      vertex 50.9144 -7 17.3053
      vertex 53.7502 -7 18.5362
      vertex 50.8078 -7 17.9509
    endloop
  endfacet
  facet normal 0 -1 0
    outer loop
      vertex 53.7502 -7 18.5362
      vertex 53.557 -7 19.3646
      vertex 50.6593 -7 18.5882
    endloop
  endfacet
  facet normal -0 -1 0
    outer loop
      vertex 53.0104 -7 20.9749
      vertex 52.6593 -7 21.7497
      vertex 50.2388 -7 19.8268
    endloop
  endfacet
  facet normal -0 -1 0
    outer loop
      vertex 52.6593 -7 21.7497
      vertex 52.2583 -7 22.5
      vertex 49.6602 -7 21
    endloop
  endfacet
  facet normal 0 -1 0
    outer loop
      vertex 48.9335 -7 22.0876
      vertex 50.7739 -7 24.5715
      vertex 48.5184 -7 22.5934
    endloop
  endfacet
  facet normal -0 -1 0
    outer loop
      vertex 50.7739 -7 24.5715
      vertex 50.1924 -7 25.1924
      vertex 48.0711 -7 23.0711
    endloop
  endfacet
  facet normal -0 -1 0
    outer loop
      vertex 49.5715 -7 25.7739
      vertex 48.9139 -7 26.3136
      vertex 47.0876 -7 23.9335
    endloop
  endfacet
  facet normal 0 -1 0
    outer loop
      vertex 47.0876 -7 23.9335
      vertex 48.2224 -7 26.8091
      vertex 46.5557 -7 24.3147
    endloop
  endfacet
  facet normal -0 -1 0
    outer loop
      vertex 48.2224 -7 26.8091
      vertex 47.5 -7 27.2583
      vertex 46 -7 24.6602
    endloop
  endfacet
  facet normal 0 -1 0
    outer loop
      vertex 44.2144 -7 25.4693
      vertex 45.9749 -7 28.0104
      vertex 45.1787 -7 28.3101
    endloop
  endfacet
  facet normal -0 -1 0
    outer loop
      vertex 46.7497 -7 27.6593
      vertex 45.9749 -7 28.0104
      vertex 44.8268 -7 25.2388
    endloop
  endfacet
  facet normal 0 -1 0
    outer loop
      vertex 43.5882 -7 25.6593
      vertex 44.3646 -7 28.557
      vertex 43.5362 -7 28.7502
    endloop
  endfacet
  facet normal 0 -1 0
    outer loop
      vertex 44.2144 -7 25.4693
      vertex 45.1787 -7 28.3101
      vertex 44.3646 -7 28.557
    endloop
  endfacet
  facet normal 0 -1 0
    outer loop
      vertex 44.3646 -7 28.557
      vertex 43.5882 -7 25.6593
      vertex 44.2144 -7 25.4693
    endloop
  endfacet
  facet normal 0 -1 0
    outer loop
      vertex 50.9144 -7 14.6947
      vertex 53.9722 -7 15.1498
      vertex 50.9786 -7 15.346
    endloop
  endfacet
  facet normal 0 -1 0
    outer loop
      vertex 42.9509 -7 25.8078
      vertex 43.5882 -7 25.6593
      vertex 43.5362 -7 28.7502
    endloop
  endfacet
  facet normal 0 -1 0
    outer loop
      vertex 42.9509 -7 25.8078
      vertex 43.5362 -7 28.7502
      vertex 42.3053 -7 25.9144
    endloop
  endfacet
  facet normal -0 -1 0
    outer loop
      vertex 43.5362 -7 28.7502
      vertex 42.6968 -7 28.8888
      vertex 42.3053 -7 25.9144
    endloop
  endfacet
  facet normal -0 -1 0
    outer loop
      vertex 42.6968 -7 28.8888
      vertex 41.8502 -7 28.9722
      vertex 42.3053 -7 25.9144
    endloop
  endfacet
  facet normal 0 -1 -0
    outer loop
      vertex 41.8502 -7 28.9722
      vertex 41.654 -7 25.9786
      vertex 42.3053 -7 25.9144
    endloop
  endfacet
  facet normal 0 -1 0
    outer loop
      vertex 41 -7 26
      vertex 41.654 -7 25.9786
      vertex 41.8502 -7 28.9722
    endloop
  endfacet
  facet normal 0 -1 0
    outer loop
      vertex 47.5934 -7 8.48161
      vertex 49.5715 -7 6.22609
      vertex 48.0711 -7 8.92894
    endloop
  endfacet
  facet normal -0 -1 0
    outer loop
      vertex 41.8502 -7 28.9722
      vertex 41 -7 29
      vertex 41 -7 26
    endloop
  endfacet
  facet normal 0 -1 0
    outer loop
      vertex 42.6968 -7 3.11122
      vertex 43.5362 -7 3.2498
      vertex 42.3053 -7 6.08556
    endloop
  endfacet
  facet normal 0 -1 0
    outer loop
      vertex 41 -7 6
      vertex 41 -7 3
      vertex 41.8502 -7 3.02785
    endloop
  endfacet
  facet normal 0 -1 -0
    outer loop
      vertex -46.7497 -7 27.6593
      vertex -47.5 -7 27.2583
      vertex -46 -7 24.6602
    endloop
  endfacet
  facet normal -0 -1 0
    outer loop
      vertex -46 -7 24.6602
      vertex -48.2224 -7 26.8091
      vertex -46.5557 -7 24.3147
    endloop
  endfacet
  facet normal 0 -1 -0
    outer loop
      vertex -48.2224 -7 26.8091
      vertex -48.9139 -7 26.3136
      vertex -47.0876 -7 23.9335
    endloop
  endfacet
  facet normal 0 -1 0
    outer loop
      vertex -51.8091 -7 23.2224
      vertex -49.6602 -7 21
      vertex -49.3147 -7 21.5557
    endloop
  endfacet
  facet normal 0 -1 -0
    outer loop
      vertex -53.3101 -7 20.1787
      vertex -53.557 -7 19.3646
      vertex -50.4693 -7 19.2144
    endloop
  endfacet
  facet normal 0 -1 -0
    outer loop
      vertex -53.7502 -7 18.5362
      vertex -53.8888 -7 17.6968
      vertex -50.9144 -7 17.3053
    endloop
  endfacet
  facet normal 0 -1 -0
    outer loop
      vertex -53.557 -7 19.3646
      vertex -53.7502 -7 18.5362
      vertex -50.6593 -7 18.5882
    endloop
  endfacet
  facet normal 0 -1 0
    outer loop
      vertex -53.557 -7 12.6354
      vertex -53.3101 -7 11.8213
      vertex -50.4693 -7 12.7856
    endloop
  endfacet
  facet normal 0 -1 -0
    outer loop
      vertex -50.2388 -7 12.1732
      vertex -52.6593 -7 10.2503
      vertex -49.9687 -7 11.5771
    endloop
  endfacet
  facet normal 0 -1 0
    outer loop
      vertex -51.8091 -7 8.77759
      vertex -51.3136 -7 8.08611
      vertex -48.9335 -7 9.9124
    endloop
  endfacet
  facet normal 0 -1 0
    outer loop
      vertex -51.8091 -7 8.77759
      vertex -48.9335 -7 9.9124
      vertex -49.3147 -7 10.4443
    endloop
  endfacet
  facet normal 0 -1 0
    outer loop
      vertex -53.8888 -7 14.3032
      vertex -53.7502 -7 13.4638
      vertex -50.9144 -7 14.6947
    endloop
  endfacet
  facet normal 0 -1 0
    outer loop
      vertex -49.5715 -7 6.22609
      vertex -47.0876 -7 8.06647
      vertex -47.5934 -7 8.48161
    endloop
  endfacet
  facet normal 0 -1 0
    outer loop
      vertex -45.1787 -7 3.68991
      vertex -44.2144 -7 6.5307
      vertex -45.9749 -7 3.98958
    endloop
  endfacet
  facet normal 0 -1 0
    outer loop
      vertex -43.5362 -7 3.2498
      vertex -43.5882 -7 6.34074
      vertex -44.3646 -7 3.44298
    endloop
  endfacet
  facet normal 0 -1 0
    outer loop
      vertex -44.3646 -7 3.44298
      vertex -44.2144 -7 6.5307
      vertex -45.1787 -7 3.68991
    endloop
  endfacet
  facet normal 0 -1 -0
    outer loop
      vertex -44.2144 -7 6.5307
      vertex -44.3646 -7 3.44298
      vertex -43.5882 -7 6.34074
    endloop
  endfacet
  facet normal 0 -1 0
    outer loop
      vertex -43.5362 -7 3.2498
      vertex -42.9509 -7 6.19215
      vertex -43.5882 -7 6.34074
    endloop
  endfacet
  facet normal -0 -1 0
    outer loop
      vertex -42.3053 -7 6.08556
      vertex -42.9509 -7 6.19215
      vertex -43.5362 -7 3.2498
    endloop
  endfacet
  facet normal 0 -1 0
    outer loop
      vertex -42.3053 -7 6.08556
      vertex -43.5362 -7 3.2498
      vertex -42.6968 -7 3.11122
    endloop
  endfacet
  facet normal 0 -1 -0
    outer loop
      vertex -42.3053 -7 6.08556
      vertex -42.6968 -7 3.11122
      vertex -41.8502 -7 3.02785
    endloop
  endfacet
  facet normal 0 -1 0
    outer loop
      vertex -42.3053 -7 6.08556
      vertex -41.8502 -7 3.02785
      vertex -41.654 -7 6.02142
    endloop
  endfacet
  facet normal 0 -1 0
    outer loop
      vertex -41.8502 -7 3.02785
      vertex -41 -7 6
      vertex -41.654 -7 6.02142
    endloop
  endfacet
  facet normal -0 -1 0
    outer loop
      vertex -48.0711 -7 23.0711
      vertex -50.7739 -7 24.5715
      vertex -48.5184 -7 22.5934
    endloop
  endfacet
  facet normal 0 -1 -0
    outer loop
      vertex -41 -7 6
      vertex -41.8502 -7 3.02785
      vertex -41 -7 3
    endloop
  endfacet
  facet normal 0 -1 0
    outer loop
      vertex -41 -7 6
      vertex -41 -7 3
      vertex 41 -7 3
    endloop
  endfacet
  facet normal 0 -1 0
    outer loop
      vertex -41 -7 6
      vertex 41 -7 3
      vertex 41 -7 6
    endloop
  endfacet
  facet normal 0 -1 -0
    outer loop
      vertex -41 -7 29
      vertex -41.8502 -7 28.9722
      vertex -41 -7 26
    endloop
  endfacet
  facet normal 0 -1 0
    outer loop
      vertex -46.7497 -7 27.6593
      vertex -46 -7 24.6602
      vertex -45.4229 -7 24.9687
    endloop
  endfacet
  facet normal 0 -1 0
    outer loop
      vertex -44.8268 -7 6.76122
      vertex -46.7497 -7 4.34067
      vertex -45.9749 -7 3.98958
    endloop
  endfacet
  facet normal -0 -1 0
    outer loop
      vertex -44.2144 -7 6.5307
      vertex -44.8268 -7 6.76122
      vertex -45.9749 -7 3.98958
    endloop
  endfacet
  facet normal -0 -1 0
    outer loop
      vertex -45.4229 -7 7.03128
      vertex -46 -7 7.33975
      vertex -46.7497 -7 4.34067
    endloop
  endfacet
  facet normal -0 -1 0
    outer loop
      vertex -44.8268 -7 6.76122
      vertex -45.4229 -7 7.03128
      vertex -46.7497 -7 4.34067
    endloop
  endfacet
  facet normal 0 -1 0
    outer loop
      vertex -46 -7 7.33975
      vertex -48.2224 -7 5.1909
      vertex -47.5 -7 4.74168
    endloop
  endfacet
  facet normal 0 -1 0
    outer loop
      vertex -46.7497 -7 4.34067
      vertex -46 -7 7.33975
      vertex -47.5 -7 4.74168
    endloop
  endfacet
  facet normal -0 -1 0
    outer loop
      vertex -46.5557 -7 7.68532
      vertex -47.0876 -7 8.06647
      vertex -48.2224 -7 5.1909
    endloop
  endfacet
  facet normal -0 -1 0
    outer loop
      vertex -46 -7 7.33975
      vertex -46.5557 -7 7.68532
      vertex -48.2224 -7 5.1909
    endloop
  endfacet
  facet normal 0 -1 0
    outer loop
      vertex -47.0876 -7 8.06647
      vertex -49.5715 -7 6.22609
      vertex -48.9139 -7 5.68642
    endloop
  endfacet
  facet normal 0 -1 0
    outer loop
      vertex -48.2224 -7 5.1909
      vertex -47.0876 -7 8.06647
      vertex -48.9139 -7 5.68642
    endloop
  endfacet
  facet normal 0 -1 0
    outer loop
      vertex -49.5715 -7 6.22609
      vertex -47.5934 -7 8.48161
      vertex -48.0711 -7 8.92894
    endloop
  endfacet
  facet normal 0 -1 0
    outer loop
      vertex -48.0711 -7 8.92894
      vertex -50.7739 -7 7.42851
      vertex -50.1924 -7 6.80762
    endloop
  endfacet
  facet normal 0 -1 0
    outer loop
      vertex -49.5715 -7 6.22609
      vertex -48.0711 -7 8.92894
      vertex -50.1924 -7 6.80762
    endloop
  endfacet
  facet normal -0 -1 0
    outer loop
      vertex -48.5184 -7 9.40656
      vertex -48.9335 -7 9.9124
      vertex -50.7739 -7 7.42851
    endloop
  endfacet
  facet normal -0 -1 0
    outer loop
      vertex -48.0711 -7 8.92894
      vertex -48.5184 -7 9.40656
      vertex -50.7739 -7 7.42851
    endloop
  endfacet
  facet normal 0 -1 0
    outer loop
      vertex -48.9335 -7 9.9124
      vertex -51.3136 -7 8.08611
      vertex -50.7739 -7 7.42851
    endloop
  endfacet
  facet normal 0 -1 0
    outer loop
      vertex -51.8091 -7 8.77759
      vertex -49.3147 -7 10.4443
      vertex -49.6602 -7 11
    endloop
  endfacet
  facet normal 0 -1 0
    outer loop
      vertex -49.6602 -7 11
      vertex -52.6593 -7 10.2503
      vertex -52.2583 -7 9.5
    endloop
  endfacet
  facet normal 0 -1 0
    outer loop
      vertex -51.8091 -7 8.77759
      vertex -49.6602 -7 11
      vertex -52.2583 -7 9.5
    endloop
  endfacet
  facet normal 0 -1 -0
    outer loop
      vertex -49.9687 -7 11.5771
      vertex -52.6593 -7 10.2503
      vertex -49.6602 -7 11
    endloop
  endfacet
  facet normal -0 -1 0
    outer loop
      vertex -50.2388 -7 12.1732
      vertex -50.4693 -7 12.7856
      vertex -53.0104 -7 11.0251
    endloop
  endfacet
  facet normal 0 -1 0
    outer loop
      vertex -52.6593 -7 10.2503
      vertex -50.2388 -7 12.1732
      vertex -53.0104 -7 11.0251
    endloop
  endfacet
  facet normal 0 -1 0
    outer loop
      vertex -50.4693 -7 12.7856
      vertex -53.3101 -7 11.8213
      vertex -53.0104 -7 11.0251
    endloop
  endfacet
  facet normal -0 -1 0
    outer loop
      vertex -50.6593 -7 13.4118
      vertex -53.7502 -7 13.4638
      vertex -53.557 -7 12.6354
    endloop
  endfacet
  facet normal -0 -1 0
    outer loop
      vertex -50.4693 -7 12.7856
      vertex -50.6593 -7 13.4118
      vertex -53.557 -7 12.6354
    endloop
  endfacet
  facet normal -0 -1 0
    outer loop
      vertex -50.8078 -7 14.0491
      vertex -50.9144 -7 14.6947
      vertex -53.7502 -7 13.4638
    endloop
  endfacet
  facet normal 0 -1 0
    outer loop
      vertex -50.6593 -7 13.4118
      vertex -50.8078 -7 14.0491
      vertex -53.7502 -7 13.4638
    endloop
  endfacet
  facet normal 0 -1 0
    outer loop
      vertex -53.8888 -7 14.3032
      vertex -50.9144 -7 14.6947
      vertex -53.9722 -7 15.1498
    endloop
  endfacet
  facet normal -0 -1 0
    outer loop
      vertex -50.9786 -7 15.346
      vertex -51 -7 16
      vertex -53.9722 -7 15.1498
    endloop
  endfacet
  facet normal 0 -1 0
    outer loop
      vertex -50.9144 -7 14.6947
      vertex -50.9786 -7 15.346
      vertex -53.9722 -7 15.1498
    endloop
  endfacet
  facet normal 0 -1 0
    outer loop
      vertex -51 -7 16
      vertex -53.9722 -7 16.8502
      vertex -54 -7 16
    endloop
  endfacet
  facet normal 0 -1 0
    outer loop
      vertex -53.9722 -7 15.1498
      vertex -51 -7 16
      vertex -54 -7 16
    endloop
  endfacet
  facet normal 0 -1 0
    outer loop
      vertex -50.9786 -7 16.654
      vertex -50.9144 -7 17.3053
      vertex -53.9722 -7 16.8502
    endloop
  endfacet
  facet normal 0 -1 0
    outer loop
      vertex -51 -7 16
      vertex -50.9786 -7 16.654
      vertex -53.9722 -7 16.8502
    endloop
  endfacet
  facet normal -0 -1 0
    outer loop
      vertex -50.9144 -7 17.3053
      vertex -53.8888 -7 17.6968
      vertex -53.9722 -7 16.8502
    endloop
  endfacet
  facet normal 0 -1 0
    outer loop
      vertex -50.8078 -7 17.9509
      vertex -50.6593 -7 18.5882
      vertex -53.7502 -7 18.5362
    endloop
  endfacet
  facet normal 0 -1 0
    outer loop
      vertex -50.9144 -7 17.3053
      vertex -50.8078 -7 17.9509
      vertex -53.7502 -7 18.5362
    endloop
  endfacet
  facet normal 0 -1 0
    outer loop
      vertex -53.557 -7 19.3646
      vertex -50.6593 -7 18.5882
      vertex -50.4693 -7 19.2144
    endloop
  endfacet
  facet normal 0 -1 0
    outer loop
      vertex -53.3101 -7 20.1787
      vertex -50.4693 -7 19.2144
      vertex -53.0104 -7 20.9749
    endloop
  endfacet
  facet normal 0 -1 0
    outer loop
      vertex -50.2388 -7 19.8268
      vertex -52.6593 -7 21.7497
      vertex -53.0104 -7 20.9749
    endloop
  endfacet
  facet normal 0 -1 0
    outer loop
      vertex -50.4693 -7 19.2144
      vertex -50.2388 -7 19.8268
      vertex -53.0104 -7 20.9749
    endloop
  endfacet
  facet normal 0 -1 0
    outer loop
      vertex -49.9687 -7 20.4229
      vertex -49.6602 -7 21
      vertex -52.6593 -7 21.7497
    endloop
  endfacet
  facet normal 0 -1 0
    outer loop
      vertex -50.2388 -7 19.8268
      vertex -49.9687 -7 20.4229
      vertex -52.6593 -7 21.7497
    endloop
  endfacet
  facet normal 0 -1 0
    outer loop
      vertex -49.6602 -7 21
      vertex -51.8091 -7 23.2224
      vertex -52.2583 -7 22.5
    endloop
  endfacet
  facet normal 0 -1 0
    outer loop
      vertex -52.6593 -7 21.7497
      vertex -49.6602 -7 21
      vertex -52.2583 -7 22.5
    endloop
  endfacet
  facet normal 0 -1 0
    outer loop
      vertex -51.8091 -7 23.2224
      vertex -49.3147 -7 21.5557
      vertex -48.9335 -7 22.0876
    endloop
  endfacet
  facet normal 0 -1 0
    outer loop
      vertex -48.9335 -7 22.0876
      vertex -50.7739 -7 24.5715
      vertex -51.3136 -7 23.9139
    endloop
  endfacet
  facet normal 0 -1 0
    outer loop
      vertex -51.8091 -7 23.2224
      vertex -48.9335 -7 22.0876
      vertex -51.3136 -7 23.9139
    endloop
  endfacet
  facet normal -0 -1 0
    outer loop
      vertex -48.5184 -7 22.5934
      vertex -50.7739 -7 24.5715
      vertex -48.9335 -7 22.0876
    endloop
  endfacet
  facet normal 0 -1 0
    outer loop
      vertex -48.0711 -7 23.0711
      vertex -49.5715 -7 25.7739
      vertex -50.1924 -7 25.1924
    endloop
  endfacet
  facet normal 0 -1 0
    outer loop
      vertex -50.7739 -7 24.5715
      vertex -48.0711 -7 23.0711
      vertex -50.1924 -7 25.1924
    endloop
  endfacet
  facet normal 0 -1 0
    outer loop
      vertex -47.5934 -7 23.5184
      vertex -47.0876 -7 23.9335
      vertex -49.5715 -7 25.7739
    endloop
  endfacet
  facet normal 0 -1 0
    outer loop
      vertex -48.0711 -7 23.0711
      vertex -47.5934 -7 23.5184
      vertex -49.5715 -7 25.7739
    endloop
  endfacet
  facet normal 0 -1 0
    outer loop
      vertex -47.0876 -7 23.9335
      vertex -48.9139 -7 26.3136
      vertex -49.5715 -7 25.7739
    endloop
  endfacet
  facet normal -0 -1 0
    outer loop
      vertex -46.5557 -7 24.3147
      vertex -48.2224 -7 26.8091
      vertex -47.0876 -7 23.9335
    endloop
  endfacet
  facet normal 0 -1 0
    outer loop
      vertex -46 -7 24.6602
      vertex -47.5 -7 27.2583
      vertex -48.2224 -7 26.8091
    endloop
  endfacet
  facet normal 0 -1 0
    outer loop
      vertex -46.7497 -7 27.6593
      vertex -45.4229 -7 24.9687
      vertex -44.8268 -7 25.2388
    endloop
  endfacet
  facet normal 0 -1 0
    outer loop
      vertex -44.8268 -7 25.2388
      vertex -44.2144 -7 25.4693
      vertex -45.9749 -7 28.0104
    endloop
  endfacet
  facet normal 0 -1 0
    outer loop
      vertex -46.7497 -7 27.6593
      vertex -44.8268 -7 25.2388
      vertex -45.9749 -7 28.0104
    endloop
  endfacet
  facet normal 0 -1 0
    outer loop
      vertex -44.2144 -7 25.4693
      vertex -45.1787 -7 28.3101
      vertex -45.9749 -7 28.0104
    endloop
  endfacet
  facet normal 0 -1 -0
    outer loop
      vertex -44.3646 -7 28.557
      vertex -45.1787 -7 28.3101
      vertex -44.2144 -7 25.4693
    endloop
  endfacet
  facet normal 0 -1 0
    outer loop
      vertex -44.3646 -7 28.557
      vertex -44.2144 -7 25.4693
      vertex -43.5882 -7 25.6593
    endloop
  endfacet
  facet normal 0 -1 0
    outer loop
      vertex -44.3646 -7 28.557
      vertex -43.5882 -7 25.6593
      vertex -43.5362 -7 28.7502
    endloop
  endfacet
  facet normal 0 -1 0
    outer loop
      vertex -43.5882 -7 25.6593
      vertex -42.9509 -7 25.8078
      vertex -43.5362 -7 28.7502
    endloop
  endfacet
  facet normal 0 -1 0
    outer loop
      vertex -42.9509 -7 25.8078
      vertex -42.3053 -7 25.9144
      vertex -43.5362 -7 28.7502
    endloop
  endfacet
  facet normal 0 -1 0
    outer loop
      vertex -42.3053 -7 25.9144
      vertex -42.6968 -7 28.8888
      vertex -43.5362 -7 28.7502
    endloop
  endfacet
  facet normal 0 -1 0
    outer loop
      vertex -41.8502 -7 28.9722
      vertex -42.6968 -7 28.8888
      vertex -42.3053 -7 25.9144
    endloop
  endfacet
  facet normal 0 -1 -0
    outer loop
      vertex -41.8502 -7 28.9722
      vertex -42.3053 -7 25.9144
      vertex -41.654 -7 25.9786
    endloop
  endfacet
  facet normal 0 -1 0
    outer loop
      vertex -41.8502 -7 28.9722
      vertex -41.654 -7 25.9786
      vertex -41 -7 26
    endloop
  endfacet
  facet normal 0 -1 0
    outer loop
      vertex 41 -7 26
      vertex -41 -7 29
      vertex -41 -7 26
    endloop
  endfacet
  facet normal -0 -1 -0
    outer loop
      vertex 41 -7 29
      vertex -41 -7 29
      vertex 41 -7 26
    endloop
  endfacet
  facet normal 0 -1 0
    outer loop
      vertex 44.8268 -7 25.2388
      vertex 45.9749 -7 28.0104
      vertex 44.2144 -7 25.4693
    endloop
  endfacet
  facet normal 0 -1 0
    outer loop
      vertex 45.4229 -7 24.9687
      vertex 46 -7 24.6602
      vertex 46.7497 -7 27.6593
    endloop
  endfacet
  facet normal 0 -1 0
    outer loop
      vertex 44.8268 -7 25.2388
      vertex 45.4229 -7 24.9687
      vertex 46.7497 -7 27.6593
    endloop
  endfacet
  facet normal 0 -1 0
    outer loop
      vertex 46 -7 24.6602
      vertex 47.5 -7 27.2583
      vertex 46.7497 -7 27.6593
    endloop
  endfacet
  facet normal 0 -1 0
    outer loop
      vertex 46.5557 -7 24.3147
      vertex 48.2224 -7 26.8091
      vertex 46 -7 24.6602
    endloop
  endfacet
  facet normal 0 -1 0
    outer loop
      vertex 47.0876 -7 23.9335
      vertex 48.9139 -7 26.3136
      vertex 48.2224 -7 26.8091
    endloop
  endfacet
  facet normal 0 -1 0
    outer loop
      vertex 47.5934 -7 23.5184
      vertex 48.0711 -7 23.0711
      vertex 49.5715 -7 25.7739
    endloop
  endfacet
  facet normal 0 -1 0
    outer loop
      vertex 47.0876 -7 23.9335
      vertex 47.5934 -7 23.5184
      vertex 49.5715 -7 25.7739
    endloop
  endfacet
  facet normal 0 -1 0
    outer loop
      vertex 48.0711 -7 23.0711
      vertex 50.1924 -7 25.1924
      vertex 49.5715 -7 25.7739
    endloop
  endfacet
  facet normal 0 -1 0
    outer loop
      vertex 48.5184 -7 22.5934
      vertex 50.7739 -7 24.5715
      vertex 48.0711 -7 23.0711
    endloop
  endfacet
  facet normal 0 -1 -0
    outer loop
      vertex 51.3136 -7 23.9139
      vertex 48.9335 -7 22.0876
      vertex 51.8091 -7 23.2224
    endloop
  endfacet
  facet normal 0 -1 0
    outer loop
      vertex 49.3147 -7 21.5557
      vertex 49.6602 -7 21
      vertex 51.8091 -7 23.2224
    endloop
  endfacet
  facet normal 0 -1 0
    outer loop
      vertex 48.9335 -7 22.0876
      vertex 49.3147 -7 21.5557
      vertex 51.8091 -7 23.2224
    endloop
  endfacet
  facet normal 0 -1 0
    outer loop
      vertex 49.6602 -7 21
      vertex 52.2583 -7 22.5
      vertex 51.8091 -7 23.2224
    endloop
  endfacet
  facet normal 0 -1 0
    outer loop
      vertex 52.6593 -7 21.7497
      vertex 49.9687 -7 20.4229
      vertex 50.2388 -7 19.8268
    endloop
  endfacet
  facet normal 0 -1 0
    outer loop
      vertex 53.0104 -7 20.9749
      vertex 50.2388 -7 19.8268
      vertex 50.4693 -7 19.2144
    endloop
  endfacet
  facet normal 0 -1 0
    outer loop
      vertex 50.4693 -7 19.2144
      vertex 53.557 -7 19.3646
      vertex 53.3101 -7 20.1787
    endloop
  endfacet
  facet normal 0 -1 -0
    outer loop
      vertex 53.0104 -7 20.9749
      vertex 50.4693 -7 19.2144
      vertex 53.3101 -7 20.1787
    endloop
  endfacet
  facet normal 0 -1 0
    outer loop
      vertex 50.6593 -7 18.5882
      vertex 53.557 -7 19.3646
      vertex 50.4693 -7 19.2144
    endloop
  endfacet
  facet normal 0 -1 0
    outer loop
      vertex 50.8078 -7 17.9509
      vertex 53.7502 -7 18.5362
      vertex 50.6593 -7 18.5882
    endloop
  endfacet
  facet normal 0 -1 0
    outer loop
      vertex 50.9144 -7 17.3053
      vertex 53.9722 -7 16.8502
      vertex 53.8888 -7 17.6968
    endloop
  endfacet
  facet normal 0 -1 -0
    outer loop
      vertex 53.7502 -7 18.5362
      vertex 50.9144 -7 17.3053
      vertex 53.8888 -7 17.6968
    endloop
  endfacet
  facet normal 0 -1 0
    outer loop
      vertex 50.9786 -7 16.654
      vertex 53.9722 -7 16.8502
      vertex 50.9144 -7 17.3053
    endloop
  endfacet
  facet normal 0 -1 0
    outer loop
      vertex 51 -7 16
      vertex 54 -7 16
      vertex 53.9722 -7 16.8502
    endloop
  endfacet
  facet normal 0 -1 0
    outer loop
      vertex 50.9786 -7 15.346
      vertex 53.9722 -7 15.1498
      vertex 51 -7 16
    endloop
  endfacet
  facet normal -0 -1 0
    outer loop
      vertex 53.8888 -7 14.3032
      vertex 50.9144 -7 14.6947
      vertex 53.7502 -7 13.4638
    endloop
  endfacet
  facet normal 0 -1 0
    outer loop
      vertex 50.8078 -7 14.0491
      vertex 53.7502 -7 13.4638
      vertex 50.9144 -7 14.6947
    endloop
  endfacet
  facet normal 0 -1 -0
    outer loop
      vertex 50.6593 -7 13.4118
      vertex 50.4693 -7 12.7856
      vertex 53.557 -7 12.6354
    endloop
  endfacet
  facet normal 0 -1 0
    outer loop
      vertex 53.7502 -7 13.4638
      vertex 50.6593 -7 13.4118
      vertex 53.557 -7 12.6354
    endloop
  endfacet
  facet normal 0 -1 0
    outer loop
      vertex 50.4693 -7 12.7856
      vertex 53.3101 -7 11.8213
      vertex 53.557 -7 12.6354
    endloop
  endfacet
  facet normal 0 -1 0
    outer loop
      vertex 50.2388 -7 12.1732
      vertex 53.0104 -7 11.0251
      vertex 50.4693 -7 12.7856
    endloop
  endfacet
  facet normal 0 -1 0
    outer loop
      vertex 49.9687 -7 11.5771
      vertex 52.6593 -7 10.2503
      vertex 50.2388 -7 12.1732
    endloop
  endfacet
  facet normal -0 -1 0
    outer loop
      vertex 52.6593 -7 10.2503
      vertex 49.6602 -7 11
      vertex 52.2583 -7 9.5
    endloop
  endfacet
  facet normal 0 -1 0
    outer loop
      vertex 49.6602 -7 11
      vertex 51.8091 -7 8.77759
      vertex 52.2583 -7 9.5
    endloop
  endfacet
  facet normal 0 -1 -0
    outer loop
      vertex 49.3147 -7 10.4443
      vertex 48.9335 -7 9.9124
      vertex 51.8091 -7 8.77759
    endloop
  endfacet
  facet normal 0 -1 0
    outer loop
      vertex 48.9335 -7 9.9124
      vertex 51.3136 -7 8.08611
      vertex 51.8091 -7 8.77759
    endloop
  endfacet
  facet normal 0 -1 0
    outer loop
      vertex 48.5184 -7 9.40656
      vertex 50.7739 -7 7.42851
      vertex 48.9335 -7 9.9124
    endloop
  endfacet
  facet normal 0 -1 0
    outer loop
      vertex 48.0711 -7 8.92894
      vertex 50.1924 -7 6.80762
      vertex 50.7739 -7 7.42851
    endloop
  endfacet
  facet normal 0 -1 0
    outer loop
      vertex 49.5715 -7 6.22609
      vertex 50.1924 -7 6.80762
      vertex 48.0711 -7 8.92894
    endloop
  endfacet
  facet normal 0 -1 0
    outer loop
      vertex 47.0876 -7 8.06647
      vertex 49.5715 -7 6.22609
      vertex 47.5934 -7 8.48161
    endloop
  endfacet
  facet normal 0 -1 0
    outer loop
      vertex 48.9139 -7 5.68642
      vertex 49.5715 -7 6.22609
      vertex 47.0876 -7 8.06647
    endloop
  endfacet
  facet normal -0 -1 0
    outer loop
      vertex 48.9139 -7 5.68642
      vertex 47.0876 -7 8.06647
      vertex 48.2224 -7 5.1909
    endloop
  endfacet
  facet normal 0 -1 0
    outer loop
      vertex 48.2224 -7 5.1909
      vertex 46.5557 -7 7.68532
      vertex 46 -7 7.33975
    endloop
  endfacet
  facet normal -0 -1 0
    outer loop
      vertex 48.2224 -7 5.1909
      vertex 46 -7 7.33975
      vertex 47.5 -7 4.74168
    endloop
  endfacet
  facet normal 0 -1 -0
    outer loop
      vertex 46 -7 7.33975
      vertex 45.4229 -7 7.03128
      vertex 46.7497 -7 4.34067
    endloop
  endfacet
  facet normal -0 -1 0
    outer loop
      vertex 46.7497 -7 4.34067
      vertex 44.8268 -7 6.76122
      vertex 45.9749 -7 3.98958
    endloop
  endfacet
  facet normal 0 -1 -0
    outer loop
      vertex 44.8268 -7 6.76122
      vertex 44.2144 -7 6.5307
      vertex 45.9749 -7 3.98958
    endloop
  endfacet
  facet normal 0 -1 0
    outer loop
      vertex 44.2144 -7 6.5307
      vertex 45.1787 -7 3.68991
      vertex 45.9749 -7 3.98958
    endloop
  endfacet
  facet normal 0 -1 0
    outer loop
      vertex 43.5882 -7 6.34074
      vertex 44.3646 -7 3.44298
      vertex 44.2144 -7 6.5307
    endloop
  endfacet
  facet normal 0 -1 0
    outer loop
      vertex 43.5362 -7 3.2498
      vertex 44.3646 -7 3.44298
      vertex 43.5882 -7 6.34074
    endloop
  endfacet
  facet normal 0 -1 0
    outer loop
      vertex 42.3053 -7 6.08556
      vertex 43.5362 -7 3.2498
      vertex 42.9509 -7 6.19215
    endloop
  endfacet
  facet normal 0 -1 0
    outer loop
      vertex 41.8502 -7 3.02785
      vertex 42.6968 -7 3.11122
      vertex 42.3053 -7 6.08556
    endloop
  endfacet
  facet normal 0 -1 0
    outer loop
      vertex 41.8502 -7 3.02785
      vertex 41.654 -7 6.02142
      vertex 41 -7 6
    endloop
  endfacet
  facet normal 0 -1 0
    outer loop
      vertex 41.8502 -7 3.02785
      vertex 42.3053 -7 6.08556
      vertex 41.654 -7 6.02142
    endloop
  endfacet
  facet normal 0.0980022 0 -0.995186
    outer loop
      vertex 42.6968 7 3.11122
      vertex 41.8502 -7 3.02785
      vertex 41.8502 7 3.02785
    endloop
  endfacet
  facet normal 0.0980022 0 -0.995186
    outer loop
      vertex 42.6968 7 3.11122
      vertex 42.6968 -7 3.11122
      vertex 41.8502 -7 3.02785
    endloop
  endfacet
  facet normal 0.162889 0 -0.986644
    outer loop
      vertex 43.5362 7 3.2498
      vertex 42.6968 -7 3.11122
      vertex 42.6968 7 3.11122
    endloop
  endfacet
  facet normal 0.162889 0 -0.986644
    outer loop
      vertex 43.5362 7 3.2498
      vertex 43.5362 -7 3.2498
      vertex 42.6968 -7 3.11122
    endloop
  endfacet
  facet normal 0.227103 0 -0.973871
    outer loop
      vertex 44.3646 7 3.44298
      vertex 43.5362 -7 3.2498
      vertex 43.5362 7 3.2498
    endloop
  endfacet
  facet normal 0.227103 0 -0.973871
    outer loop
      vertex 44.3646 7 3.44298
      vertex 44.3646 -7 3.44298
      vertex 43.5362 -7 3.2498
    endloop
  endfacet
  facet normal 0.290258 0 -0.956948
    outer loop
      vertex 45.1787 7 3.68991
      vertex 44.3646 -7 3.44298
      vertex 44.3646 7 3.44298
    endloop
  endfacet
  facet normal 0.290258 0 -0.956948
    outer loop
      vertex 45.1787 7 3.68991
      vertex 45.1787 -7 3.68991
      vertex 44.3646 -7 3.44298
    endloop
  endfacet
  facet normal 0.352252 0 -0.935905
    outer loop
      vertex 45.9749 7 3.98958
      vertex 45.1787 -7 3.68991
      vertex 45.1787 7 3.68991
    endloop
  endfacet
  facet normal 0.352252 0 -0.935905
    outer loop
      vertex 45.9749 7 3.98958
      vertex 45.9749 -7 3.98958
      vertex 45.1787 -7 3.68991
    endloop
  endfacet
  facet normal 0.412739 0 -0.910849
    outer loop
      vertex 46.7497 7 4.34067
      vertex 45.9749 -7 3.98958
      vertex 45.9749 7 3.98958
    endloop
  endfacet
  facet normal 0.412739 0 -0.910849
    outer loop
      vertex 46.7497 7 4.34067
      vertex 46.7497 -7 4.34067
      vertex 45.9749 -7 3.98958
    endloop
  endfacet
  facet normal 0.471366 0 -0.881938
    outer loop
      vertex 47.5 7 4.74168
      vertex 46.7497 -7 4.34067
      vertex 46.7497 7 4.34067
    endloop
  endfacet
  facet normal 0.471366 0 -0.881938
    outer loop
      vertex 47.5 7 4.74168
      vertex 47.5 -7 4.74168
      vertex 46.7497 -7 4.34067
    endloop
  endfacet
  facet normal 0.52807 0 -0.849201
    outer loop
      vertex 48.2224 7 5.1909
      vertex 47.5 -7 4.74168
      vertex 47.5 7 4.74168
    endloop
  endfacet
  facet normal 0.52807 0 -0.849201
    outer loop
      vertex 48.2224 7 5.1909
      vertex 48.2224 -7 5.1909
      vertex 47.5 -7 4.74168
    endloop
  endfacet
  facet normal 0.582476 0 -0.812848
    outer loop
      vertex 48.9139 7 5.68642
      vertex 48.2224 -7 5.1909
      vertex 48.2224 7 5.1909
    endloop
  endfacet
  facet normal 0.582476 0 -0.812848
    outer loop
      vertex 48.9139 7 5.68642
      vertex 48.9139 -7 5.68642
      vertex 48.2224 -7 5.1909
    endloop
  endfacet
  facet normal 0.634387 0 -0.773015
    outer loop
      vertex 49.5715 7 6.22609
      vertex 48.9139 -7 5.68642
      vertex 48.9139 7 5.68642
    endloop
  endfacet
  facet normal 0.634387 0 -0.773015
    outer loop
      vertex 49.5715 7 6.22609
      vertex 49.5715 -7 6.22609
      vertex 48.9139 -7 5.68642
    endloop
  endfacet
  facet normal 0.683588 0 -0.729868
    outer loop
      vertex 50.1924 7 6.80762
      vertex 49.5715 -7 6.22609
      vertex 49.5715 7 6.22609
    endloop
  endfacet
  facet normal 0.683588 0 -0.729868
    outer loop
      vertex 50.1924 7 6.80762
      vertex 50.1924 -7 6.80762
      vertex 49.5715 -7 6.22609
    endloop
  endfacet
  facet normal 0.72988 0 -0.683575
    outer loop
      vertex 50.7739 7 7.42851
      vertex 50.1924 -7 6.80762
      vertex 50.1924 7 6.80762
    endloop
  endfacet
  facet normal 0.72988 0 -0.683575
    outer loop
      vertex 50.7739 7 7.42851
      vertex 50.7739 -7 7.42851
      vertex 50.1924 -7 6.80762
    endloop
  endfacet
  facet normal 0.772998 0 -0.634408
    outer loop
      vertex 51.3136 7 8.08611
      vertex 50.7739 -7 7.42851
      vertex 50.7739 7 7.42851
    endloop
  endfacet
  facet normal 0.772998 0 -0.634408
    outer loop
      vertex 51.3136 7 8.08611
      vertex 51.3136 -7 8.08611
      vertex 50.7739 -7 7.42851
    endloop
  endfacet
  facet normal 0.812851 0 -0.582472
    outer loop
      vertex 51.8091 7 8.77759
      vertex 51.3136 -7 8.08611
      vertex 51.3136 7 8.08611
    endloop
  endfacet
  facet normal 0.812851 0 -0.582472
    outer loop
      vertex 51.8091 7 8.77759
      vertex 51.8091 -7 8.77759
      vertex 51.3136 -7 8.08611
    endloop
  endfacet
  facet normal 0.849215 0 -0.528048
    outer loop
      vertex 52.2583 7 9.5
      vertex 51.8091 -7 8.77759
      vertex 51.8091 7 8.77759
    endloop
  endfacet
  facet normal 0.849215 0 -0.528048
    outer loop
      vertex 52.2583 7 9.5
      vertex 52.2583 -7 9.5
      vertex 51.8091 -7 8.77759
    endloop
  endfacet
  facet normal 0.881943 0 -0.471357
    outer loop
      vertex 52.6593 7 10.2503
      vertex 52.2583 -7 9.5
      vertex 52.2583 7 9.5
    endloop
  endfacet
  facet normal 0.881943 0 -0.471357
    outer loop
      vertex 52.6593 7 10.2503
      vertex 52.6593 -7 10.2503
      vertex 52.2583 -7 9.5
    endloop
  endfacet
  facet normal 0.910845 0 -0.412749
    outer loop
      vertex 53.0104 7 11.0251
      vertex 52.6593 -7 10.2503
      vertex 52.6593 7 10.2503
    endloop
  endfacet
  facet normal 0.910845 0 -0.412749
    outer loop
      vertex 53.0104 7 11.0251
      vertex 53.0104 -7 11.0251
      vertex 52.6593 -7 10.2503
    endloop
  endfacet
  facet normal 0.935894 0 -0.352283
    outer loop
      vertex 53.3101 7 11.8213
      vertex 53.0104 -7 11.0251
      vertex 53.0104 7 11.0251
    endloop
  endfacet
  facet normal 0.935894 0 -0.352283
    outer loop
      vertex 53.3101 7 11.8213
      vertex 53.3101 -7 11.8213
      vertex 53.0104 -7 11.0251
    endloop
  endfacet
  facet normal 0.956958 0 -0.290226
    outer loop
      vertex 53.557 7 12.6354
      vertex 53.3101 -7 11.8213
      vertex 53.3101 7 11.8213
    endloop
  endfacet
  facet normal 0.956958 0 -0.290226
    outer loop
      vertex 53.557 7 12.6354
      vertex 53.557 -7 12.6354
      vertex 53.3101 -7 11.8213
    endloop
  endfacet
  facet normal 0.973865 0 -0.227126
    outer loop
      vertex 53.7502 7 13.4638
      vertex 53.557 -7 12.6354
      vertex 53.557 7 12.6354
    endloop
  endfacet
  facet normal 0.973865 0 -0.227126
    outer loop
      vertex 53.7502 7 13.4638
      vertex 53.7502 -7 13.4638
      vertex 53.557 -7 12.6354
    endloop
  endfacet
  facet normal 0.986641 0 -0.162912
    outer loop
      vertex 53.8888 7 14.3032
      vertex 53.7502 -7 13.4638
      vertex 53.7502 7 13.4638
    endloop
  endfacet
  facet normal 0.986641 0 -0.162912
    outer loop
      vertex 53.8888 7 14.3032
      vertex 53.8888 -7 14.3032
      vertex 53.7502 -7 13.4638
    endloop
  endfacet
  facet normal 0.995183 0 -0.0980371
    outer loop
      vertex 53.9722 7 15.1498
      vertex 53.8888 -7 14.3032
      vertex 53.8888 7 14.3032
    endloop
  endfacet
  facet normal 0.995183 0 -0.0980371
    outer loop
      vertex 53.9722 7 15.1498
      vertex 53.9722 -7 15.1498
      vertex 53.8888 -7 14.3032
    endloop
  endfacet
  facet normal 0.999466 0 -0.0326807
    outer loop
      vertex 54 7 16
      vertex 53.9722 -7 15.1498
      vertex 53.9722 7 15.1498
    endloop
  endfacet
  facet normal 0.999466 0 -0.0326807
    outer loop
      vertex 54 7 16
      vertex 54 -7 16
      vertex 53.9722 -7 15.1498
    endloop
  endfacet
  facet normal 0.999466 0 0.0326807
    outer loop
      vertex 53.9722 7 16.8502
      vertex 54 -7 16
      vertex 54 7 16
    endloop
  endfacet
  facet normal 0.999466 0 0.0326807
    outer loop
      vertex 53.9722 7 16.8502
      vertex 53.9722 -7 16.8502
      vertex 54 -7 16
    endloop
  endfacet
  facet normal 0.995183 0 0.0980371
    outer loop
      vertex 53.8888 7 17.6968
      vertex 53.9722 -7 16.8502
      vertex 53.9722 7 16.8502
    endloop
  endfacet
  facet normal 0.995183 0 0.0980371
    outer loop
      vertex 53.8888 7 17.6968
      vertex 53.8888 -7 17.6968
      vertex 53.9722 -7 16.8502
    endloop
  endfacet
  facet normal 0.986641 0 0.162912
    outer loop
      vertex 53.7502 7 18.5362
      vertex 53.8888 -7 17.6968
      vertex 53.8888 7 17.6968
    endloop
  endfacet
  facet normal 0.986641 0 0.162912
    outer loop
      vertex 53.7502 7 18.5362
      vertex 53.7502 -7 18.5362
      vertex 53.8888 -7 17.6968
    endloop
  endfacet
  facet normal 0.973865 0 0.227126
    outer loop
      vertex 53.557 7 19.3646
      vertex 53.7502 -7 18.5362
      vertex 53.7502 7 18.5362
    endloop
  endfacet
  facet normal 0.973865 0 0.227126
    outer loop
      vertex 53.557 7 19.3646
      vertex 53.557 -7 19.3646
      vertex 53.7502 -7 18.5362
    endloop
  endfacet
  facet normal 0.956958 0 0.290226
    outer loop
      vertex 53.3101 7 20.1787
      vertex 53.557 -7 19.3646
      vertex 53.557 7 19.3646
    endloop
  endfacet
  facet normal 0.956958 0 0.290226
    outer loop
      vertex 53.3101 7 20.1787
      vertex 53.3101 -7 20.1787
      vertex 53.557 -7 19.3646
    endloop
  endfacet
  facet normal 0.935894 0 0.352283
    outer loop
      vertex 53.0104 7 20.9749
      vertex 53.3101 -7 20.1787
      vertex 53.3101 7 20.1787
    endloop
  endfacet
  facet normal 0.935894 0 0.352283
    outer loop
      vertex 53.0104 7 20.9749
      vertex 53.0104 -7 20.9749
      vertex 53.3101 -7 20.1787
    endloop
  endfacet
  facet normal 0.910845 0 0.412749
    outer loop
      vertex 52.6593 7 21.7497
      vertex 53.0104 -7 20.9749
      vertex 53.0104 7 20.9749
    endloop
  endfacet
  facet normal 0.910845 0 0.412749
    outer loop
      vertex 52.6593 7 21.7497
      vertex 52.6593 -7 21.7497
      vertex 53.0104 -7 20.9749
    endloop
  endfacet
  facet normal 0.881943 0 0.471357
    outer loop
      vertex 52.2583 7 22.5
      vertex 52.6593 -7 21.7497
      vertex 52.6593 7 21.7497
    endloop
  endfacet
  facet normal 0.881943 0 0.471357
    outer loop
      vertex 52.2583 7 22.5
      vertex 52.2583 -7 22.5
      vertex 52.6593 -7 21.7497
    endloop
  endfacet
  facet normal 0.849211 0 0.528053
    outer loop
      vertex 51.8091 7 23.2224
      vertex 52.2583 -7 22.5
      vertex 52.2583 7 22.5
    endloop
  endfacet
  facet normal 0.849211 0 0.528053
    outer loop
      vertex 51.8091 7 23.2224
      vertex 51.8091 -7 23.2224
      vertex 52.2583 -7 22.5
    endloop
  endfacet
  facet normal 0.812859 0 0.582461
    outer loop
      vertex 51.3136 7 23.9139
      vertex 51.8091 -7 23.2224
      vertex 51.8091 7 23.2224
    endloop
  endfacet
  facet normal 0.812859 0 0.582461
    outer loop
      vertex 51.3136 7 23.9139
      vertex 51.3136 -7 23.9139
      vertex 51.8091 -7 23.2224
    endloop
  endfacet
  facet normal 0.772998 0 0.634408
    outer loop
      vertex 50.7739 7 24.5715
      vertex 51.3136 -7 23.9139
      vertex 51.3136 7 23.9139
    endloop
  endfacet
  facet normal 0.772998 0 0.634408
    outer loop
      vertex 50.7739 7 24.5715
      vertex 50.7739 -7 24.5715
      vertex 51.3136 -7 23.9139
    endloop
  endfacet
  facet normal 0.729885 0 0.68357
    outer loop
      vertex 50.1924 7 25.1924
      vertex 50.7739 -7 24.5715
      vertex 50.7739 7 24.5715
    endloop
  endfacet
  facet normal 0.729885 0 0.68357
    outer loop
      vertex 50.1924 7 25.1924
      vertex 50.1924 -7 25.1924
      vertex 50.7739 -7 24.5715
    endloop
  endfacet
  facet normal 0.68357 0 0.729885
    outer loop
      vertex 49.5715 7 25.7739
      vertex 50.1924 -7 25.1924
      vertex 50.1924 7 25.1924
    endloop
  endfacet
  facet normal 0.68357 0 0.729885
    outer loop
      vertex 49.5715 7 25.7739
      vertex 49.5715 -7 25.7739
      vertex 50.1924 -7 25.1924
    endloop
  endfacet
  facet normal 0.634408 0 0.772998
    outer loop
      vertex 48.9139 7 26.3136
      vertex 49.5715 -7 25.7739
      vertex 49.5715 7 25.7739
    endloop
  endfacet
  facet normal 0.634408 0 0.772998
    outer loop
      vertex 48.9139 7 26.3136
      vertex 48.9139 -7 26.3136
      vertex 49.5715 -7 25.7739
    endloop
  endfacet
  facet normal 0.582461 0 0.812859
    outer loop
      vertex 48.2224 7 26.8091
      vertex 48.9139 -7 26.3136
      vertex 48.9139 7 26.3136
    endloop
  endfacet
  facet normal 0.582461 0 0.812859
    outer loop
      vertex 48.2224 7 26.8091
      vertex 48.2224 -7 26.8091
      vertex 48.9139 -7 26.3136
    endloop
  endfacet
  facet normal 0.528053 0 0.849211
    outer loop
      vertex 47.5 7 27.2583
      vertex 48.2224 -7 26.8091
      vertex 48.2224 7 26.8091
    endloop
  endfacet
  facet normal 0.528053 0 0.849211
    outer loop
      vertex 47.5 7 27.2583
      vertex 47.5 -7 27.2583
      vertex 48.2224 -7 26.8091
    endloop
  endfacet
  facet normal 0.471357 0 0.881943
    outer loop
      vertex 46.7497 7 27.6593
      vertex 47.5 -7 27.2583
      vertex 47.5 7 27.2583
    endloop
  endfacet
  facet normal 0.471357 0 0.881943
    outer loop
      vertex 46.7497 7 27.6593
      vertex 46.7497 -7 27.6593
      vertex 47.5 -7 27.2583
    endloop
  endfacet
  facet normal 0.412749 0 0.910845
    outer loop
      vertex 45.9749 7 28.0104
      vertex 46.7497 -7 27.6593
      vertex 46.7497 7 27.6593
    endloop
  endfacet
  facet normal 0.412749 0 0.910845
    outer loop
      vertex 45.9749 7 28.0104
      vertex 45.9749 -7 28.0104
      vertex 46.7497 -7 27.6593
    endloop
  endfacet
  facet normal 0.352283 0 0.935894
    outer loop
      vertex 45.1787 7 28.3101
      vertex 45.9749 -7 28.0104
      vertex 45.9749 7 28.0104
    endloop
  endfacet
  facet normal 0.352283 0 0.935894
    outer loop
      vertex 45.1787 7 28.3101
      vertex 45.1787 -7 28.3101
      vertex 45.9749 -7 28.0104
    endloop
  endfacet
  facet normal 0.290226 0 0.956958
    outer loop
      vertex 44.3646 7 28.557
      vertex 45.1787 -7 28.3101
      vertex 45.1787 7 28.3101
    endloop
  endfacet
  facet normal 0.290226 0 0.956958
    outer loop
      vertex 44.3646 7 28.557
      vertex 44.3646 -7 28.557
      vertex 45.1787 -7 28.3101
    endloop
  endfacet
  facet normal 0.227126 0 0.973865
    outer loop
      vertex 43.5362 7 28.7502
      vertex 44.3646 -7 28.557
      vertex 44.3646 7 28.557
    endloop
  endfacet
  facet normal 0.227126 0 0.973865
    outer loop
      vertex 43.5362 7 28.7502
      vertex 43.5362 -7 28.7502
      vertex 44.3646 -7 28.557
    endloop
  endfacet
  facet normal 0.162912 0 0.986641
    outer loop
      vertex 42.6968 7 28.8888
      vertex 43.5362 -7 28.7502
      vertex 43.5362 7 28.7502
    endloop
  endfacet
  facet normal 0.162912 0 0.986641
    outer loop
      vertex 42.6968 7 28.8888
      vertex 42.6968 -7 28.8888
      vertex 43.5362 -7 28.7502
    endloop
  endfacet
  facet normal 0.0980371 0 0.995183
    outer loop
      vertex 41.8502 7 28.9722
      vertex 42.6968 -7 28.8888
      vertex 42.6968 7 28.8888
    endloop
  endfacet
  facet normal 0.0980371 0 0.995183
    outer loop
      vertex 41.8502 7 28.9722
      vertex 41.8502 -7 28.9722
      vertex 42.6968 -7 28.8888
    endloop
  endfacet
  facet normal 0.0326807 0 0.999466
    outer loop
      vertex 41 7 29
      vertex 41.8502 -7 28.9722
      vertex 41.8502 7 28.9722
    endloop
  endfacet
  facet normal 0.0326807 0 0.999466
    outer loop
      vertex 41 7 29
      vertex 41 -7 29
      vertex 41.8502 -7 28.9722
    endloop
  endfacet
  facet normal -0 0 1
    outer loop
      vertex -41 7 29
      vertex 41 -7 29
      vertex 41 7 29
    endloop
  endfacet
  facet normal 0 0 1
    outer loop
      vertex -41 7 29
      vertex -41 -7 29
      vertex 41 -7 29
    endloop
  endfacet
  facet normal -0.0326807 0 0.999466
    outer loop
      vertex -41.8502 7 28.9722
      vertex -41 -7 29
      vertex -41 7 29
    endloop
  endfacet
  facet normal -0.0326807 0 0.999466
    outer loop
      vertex -41.8502 7 28.9722
      vertex -41.8502 -7 28.9722
      vertex -41 -7 29
    endloop
  endfacet
  facet normal -0.0980371 0 0.995183
    outer loop
      vertex -42.6968 7 28.8888
      vertex -41.8502 -7 28.9722
      vertex -41.8502 7 28.9722
    endloop
  endfacet
  facet normal -0.0980371 0 0.995183
    outer loop
      vertex -42.6968 7 28.8888
      vertex -42.6968 -7 28.8888
      vertex -41.8502 -7 28.9722
    endloop
  endfacet
  facet normal -0.162912 0 0.986641
    outer loop
      vertex -43.5362 7 28.7502
      vertex -42.6968 -7 28.8888
      vertex -42.6968 7 28.8888
    endloop
  endfacet
  facet normal -0.162912 0 0.986641
    outer loop
      vertex -43.5362 7 28.7502
      vertex -43.5362 -7 28.7502
      vertex -42.6968 -7 28.8888
    endloop
  endfacet
  facet normal -0.227126 0 0.973865
    outer loop
      vertex -44.3646 7 28.557
      vertex -43.5362 -7 28.7502
      vertex -43.5362 7 28.7502
    endloop
  endfacet
  facet normal -0.227126 0 0.973865
    outer loop
      vertex -44.3646 7 28.557
      vertex -44.3646 -7 28.557
      vertex -43.5362 -7 28.7502
    endloop
  endfacet
  facet normal -0.290226 0 0.956958
    outer loop
      vertex -45.1787 7 28.3101
      vertex -44.3646 -7 28.557
      vertex -44.3646 7 28.557
    endloop
  endfacet
  facet normal -0.290226 0 0.956958
    outer loop
      vertex -45.1787 7 28.3101
      vertex -45.1787 -7 28.3101
      vertex -44.3646 -7 28.557
    endloop
  endfacet
  facet normal -0.352283 0 0.935894
    outer loop
      vertex -45.9749 7 28.0104
      vertex -45.1787 -7 28.3101
      vertex -45.1787 7 28.3101
    endloop
  endfacet
  facet normal -0.352283 0 0.935894
    outer loop
      vertex -45.9749 7 28.0104
      vertex -45.9749 -7 28.0104
      vertex -45.1787 -7 28.3101
    endloop
  endfacet
  facet normal -0.412749 0 0.910845
    outer loop
      vertex -46.7497 7 27.6593
      vertex -45.9749 -7 28.0104
      vertex -45.9749 7 28.0104
    endloop
  endfacet
  facet normal -0.412749 0 0.910845
    outer loop
      vertex -46.7497 7 27.6593
      vertex -46.7497 -7 27.6593
      vertex -45.9749 -7 28.0104
    endloop
  endfacet
  facet normal -0.471357 0 0.881943
    outer loop
      vertex -47.5 7 27.2583
      vertex -46.7497 -7 27.6593
      vertex -46.7497 7 27.6593
    endloop
  endfacet
  facet normal -0.471357 0 0.881943
    outer loop
      vertex -47.5 7 27.2583
      vertex -47.5 -7 27.2583
      vertex -46.7497 -7 27.6593
    endloop
  endfacet
  facet normal -0.528053 0 0.849211
    outer loop
      vertex -48.2224 7 26.8091
      vertex -47.5 -7 27.2583
      vertex -47.5 7 27.2583
    endloop
  endfacet
  facet normal -0.528053 0 0.849211
    outer loop
      vertex -48.2224 7 26.8091
      vertex -48.2224 -7 26.8091
      vertex -47.5 -7 27.2583
    endloop
  endfacet
  facet normal -0.582461 0 0.812859
    outer loop
      vertex -48.9139 7 26.3136
      vertex -48.2224 -7 26.8091
      vertex -48.2224 7 26.8091
    endloop
  endfacet
  facet normal -0.582461 0 0.812859
    outer loop
      vertex -48.9139 7 26.3136
      vertex -48.9139 -7 26.3136
      vertex -48.2224 -7 26.8091
    endloop
  endfacet
  facet normal -0.634408 0 0.772998
    outer loop
      vertex -49.5715 7 25.7739
      vertex -48.9139 -7 26.3136
      vertex -48.9139 7 26.3136
    endloop
  endfacet
  facet normal -0.634408 0 0.772998
    outer loop
      vertex -49.5715 7 25.7739
      vertex -49.5715 -7 25.7739
      vertex -48.9139 -7 26.3136
    endloop
  endfacet
  facet normal -0.68357 0 0.729885
    outer loop
      vertex -50.1924 7 25.1924
      vertex -49.5715 -7 25.7739
      vertex -49.5715 7 25.7739
    endloop
  endfacet
  facet normal -0.68357 0 0.729885
    outer loop
      vertex -50.1924 7 25.1924
      vertex -50.1924 -7 25.1924
      vertex -49.5715 -7 25.7739
    endloop
  endfacet
  facet normal -0.729885 0 0.68357
    outer loop
      vertex -50.7739 7 24.5715
      vertex -50.1924 -7 25.1924
      vertex -50.1924 7 25.1924
    endloop
  endfacet
  facet normal -0.729885 0 0.68357
    outer loop
      vertex -50.7739 7 24.5715
      vertex -50.7739 -7 24.5715
      vertex -50.1924 -7 25.1924
    endloop
  endfacet
  facet normal -0.772998 0 0.634408
    outer loop
      vertex -51.3136 7 23.9139
      vertex -50.7739 -7 24.5715
      vertex -50.7739 7 24.5715
    endloop
  endfacet
  facet normal -0.772998 0 0.634408
    outer loop
      vertex -51.3136 7 23.9139
      vertex -51.3136 -7 23.9139
      vertex -50.7739 -7 24.5715
    endloop
  endfacet
  facet normal -0.812859 0 0.582461
    outer loop
      vertex -51.8091 7 23.2224
      vertex -51.3136 -7 23.9139
      vertex -51.3136 7 23.9139
    endloop
  endfacet
  facet normal -0.812859 0 0.582461
    outer loop
      vertex -51.8091 7 23.2224
      vertex -51.8091 -7 23.2224
      vertex -51.3136 -7 23.9139
    endloop
  endfacet
  facet normal -0.849211 0 0.528053
    outer loop
      vertex -52.2583 7 22.5
      vertex -51.8091 -7 23.2224
      vertex -51.8091 7 23.2224
    endloop
  endfacet
  facet normal -0.849211 0 0.528053
    outer loop
      vertex -52.2583 7 22.5
      vertex -52.2583 -7 22.5
      vertex -51.8091 -7 23.2224
    endloop
  endfacet
  facet normal -0.881943 0 0.471357
    outer loop
      vertex -52.6593 7 21.7497
      vertex -52.2583 -7 22.5
      vertex -52.2583 7 22.5
    endloop
  endfacet
  facet normal -0.881943 0 0.471357
    outer loop
      vertex -52.6593 7 21.7497
      vertex -52.6593 -7 21.7497
      vertex -52.2583 -7 22.5
    endloop
  endfacet
  facet normal -0.910845 0 0.412749
    outer loop
      vertex -53.0104 7 20.9749
      vertex -52.6593 -7 21.7497
      vertex -52.6593 7 21.7497
    endloop
  endfacet
  facet normal -0.910845 0 0.412749
    outer loop
      vertex -53.0104 7 20.9749
      vertex -53.0104 -7 20.9749
      vertex -52.6593 -7 21.7497
    endloop
  endfacet
  facet normal -0.935894 0 0.352283
    outer loop
      vertex -53.3101 7 20.1787
      vertex -53.0104 -7 20.9749
      vertex -53.0104 7 20.9749
    endloop
  endfacet
  facet normal -0.935894 0 0.352283
    outer loop
      vertex -53.3101 7 20.1787
      vertex -53.3101 -7 20.1787
      vertex -53.0104 -7 20.9749
    endloop
  endfacet
  facet normal -0.956958 0 0.290226
    outer loop
      vertex -53.557 7 19.3646
      vertex -53.3101 -7 20.1787
      vertex -53.3101 7 20.1787
    endloop
  endfacet
  facet normal -0.956958 0 0.290226
    outer loop
      vertex -53.557 7 19.3646
      vertex -53.557 -7 19.3646
      vertex -53.3101 -7 20.1787
    endloop
  endfacet
  facet normal -0.973865 0 0.227126
    outer loop
      vertex -53.7502 7 18.5362
      vertex -53.557 -7 19.3646
      vertex -53.557 7 19.3646
    endloop
  endfacet
  facet normal -0.973865 0 0.227126
    outer loop
      vertex -53.7502 7 18.5362
      vertex -53.7502 -7 18.5362
      vertex -53.557 -7 19.3646
    endloop
  endfacet
  facet normal -0.986641 0 0.162912
    outer loop
      vertex -53.8888 7 17.6968
      vertex -53.7502 -7 18.5362
      vertex -53.7502 7 18.5362
    endloop
  endfacet
  facet normal -0.986641 0 0.162912
    outer loop
      vertex -53.8888 7 17.6968
      vertex -53.8888 -7 17.6968
      vertex -53.7502 -7 18.5362
    endloop
  endfacet
  facet normal -0.995183 0 0.0980371
    outer loop
      vertex -53.9722 7 16.8502
      vertex -53.8888 -7 17.6968
      vertex -53.8888 7 17.6968
    endloop
  endfacet
  facet normal -0.995183 0 0.0980371
    outer loop
      vertex -53.9722 7 16.8502
      vertex -53.9722 -7 16.8502
      vertex -53.8888 -7 17.6968
    endloop
  endfacet
  facet normal -0.999466 0 0.0326807
    outer loop
      vertex -54 7 16
      vertex -53.9722 -7 16.8502
      vertex -53.9722 7 16.8502
    endloop
  endfacet
  facet normal -0.999466 0 0.0326807
    outer loop
      vertex -54 7 16
      vertex -54 -7 16
      vertex -53.9722 -7 16.8502
    endloop
  endfacet
  facet normal -0.999466 0 -0.0326807
    outer loop
      vertex -53.9722 7 15.1498
      vertex -54 -7 16
      vertex -54 7 16
    endloop
  endfacet
  facet normal -0.999466 -0 -0.0326807
    outer loop
      vertex -53.9722 7 15.1498
      vertex -53.9722 -7 15.1498
      vertex -54 -7 16
    endloop
  endfacet
  facet normal -0.995183 0 -0.0980371
    outer loop
      vertex -53.8888 7 14.3032
      vertex -53.9722 -7 15.1498
      vertex -53.9722 7 15.1498
    endloop
  endfacet
  facet normal -0.995183 -0 -0.0980371
    outer loop
      vertex -53.8888 7 14.3032
      vertex -53.8888 -7 14.3032
      vertex -53.9722 -7 15.1498
    endloop
  endfacet
  facet normal -0.986641 0 -0.162912
    outer loop
      vertex -53.7502 7 13.4638
      vertex -53.8888 -7 14.3032
      vertex -53.8888 7 14.3032
    endloop
  endfacet
  facet normal -0.986641 -0 -0.162912
    outer loop
      vertex -53.7502 7 13.4638
      vertex -53.7502 -7 13.4638
      vertex -53.8888 -7 14.3032
    endloop
  endfacet
  facet normal -0.973865 0 -0.227126
    outer loop
      vertex -53.557 7 12.6354
      vertex -53.7502 -7 13.4638
      vertex -53.7502 7 13.4638
    endloop
  endfacet
  facet normal -0.973865 -0 -0.227126
    outer loop
      vertex -53.557 7 12.6354
      vertex -53.557 -7 12.6354
      vertex -53.7502 -7 13.4638
    endloop
  endfacet
  facet normal -0.956958 0 -0.290226
    outer loop
      vertex -53.3101 7 11.8213
      vertex -53.557 -7 12.6354
      vertex -53.557 7 12.6354
    endloop
  endfacet
  facet normal -0.956958 -0 -0.290226
    outer loop
      vertex -53.3101 7 11.8213
      vertex -53.3101 -7 11.8213
      vertex -53.557 -7 12.6354
    endloop
  endfacet
  facet normal -0.935894 0 -0.352283
    outer loop
      vertex -53.0104 7 11.0251
      vertex -53.3101 -7 11.8213
      vertex -53.3101 7 11.8213
    endloop
  endfacet
  facet normal -0.935894 -0 -0.352283
    outer loop
      vertex -53.0104 7 11.0251
      vertex -53.0104 -7 11.0251
      vertex -53.3101 -7 11.8213
    endloop
  endfacet
  facet normal -0.910845 0 -0.412749
    outer loop
      vertex -52.6593 7 10.2503
      vertex -53.0104 -7 11.0251
      vertex -53.0104 7 11.0251
    endloop
  endfacet
  facet normal -0.910845 -0 -0.412749
    outer loop
      vertex -52.6593 7 10.2503
      vertex -52.6593 -7 10.2503
      vertex -53.0104 -7 11.0251
    endloop
  endfacet
  facet normal -0.881943 0 -0.471357
    outer loop
      vertex -52.2583 7 9.5
      vertex -52.6593 -7 10.2503
      vertex -52.6593 7 10.2503
    endloop
  endfacet
  facet normal -0.881943 -0 -0.471357
    outer loop
      vertex -52.2583 7 9.5
      vertex -52.2583 -7 9.5
      vertex -52.6593 -7 10.2503
    endloop
  endfacet
  facet normal -0.849215 0 -0.528048
    outer loop
      vertex -51.8091 7 8.77759
      vertex -52.2583 -7 9.5
      vertex -52.2583 7 9.5
    endloop
  endfacet
  facet normal -0.849215 -0 -0.528048
    outer loop
      vertex -51.8091 7 8.77759
      vertex -51.8091 -7 8.77759
      vertex -52.2583 -7 9.5
    endloop
  endfacet
  facet normal -0.812851 0 -0.582472
    outer loop
      vertex -51.3136 7 8.08611
      vertex -51.8091 -7 8.77759
      vertex -51.8091 7 8.77759
    endloop
  endfacet
  facet normal -0.812851 -0 -0.582472
    outer loop
      vertex -51.3136 7 8.08611
      vertex -51.3136 -7 8.08611
      vertex -51.8091 -7 8.77759
    endloop
  endfacet
  facet normal -0.772998 0 -0.634408
    outer loop
      vertex -50.7739 7 7.42851
      vertex -51.3136 -7 8.08611
      vertex -51.3136 7 8.08611
    endloop
  endfacet
  facet normal -0.772998 -0 -0.634408
    outer loop
      vertex -50.7739 7 7.42851
      vertex -50.7739 -7 7.42851
      vertex -51.3136 -7 8.08611
    endloop
  endfacet
  facet normal -0.72988 0 -0.683575
    outer loop
      vertex -50.1924 7 6.80762
      vertex -50.7739 -7 7.42851
      vertex -50.7739 7 7.42851
    endloop
  endfacet
  facet normal -0.72988 -0 -0.683575
    outer loop
      vertex -50.1924 7 6.80762
      vertex -50.1924 -7 6.80762
      vertex -50.7739 -7 7.42851
    endloop
  endfacet
  facet normal -0.683588 0 -0.729868
    outer loop
      vertex -49.5715 7 6.22609
      vertex -50.1924 -7 6.80762
      vertex -50.1924 7 6.80762
    endloop
  endfacet
  facet normal -0.683588 -0 -0.729868
    outer loop
      vertex -49.5715 7 6.22609
      vertex -49.5715 -7 6.22609
      vertex -50.1924 -7 6.80762
    endloop
  endfacet
  facet normal -0.634387 0 -0.773015
    outer loop
      vertex -48.9139 7 5.68642
      vertex -49.5715 -7 6.22609
      vertex -49.5715 7 6.22609
    endloop
  endfacet
  facet normal -0.634387 -0 -0.773015
    outer loop
      vertex -48.9139 7 5.68642
      vertex -48.9139 -7 5.68642
      vertex -49.5715 -7 6.22609
    endloop
  endfacet
  facet normal -0.582476 0 -0.812848
    outer loop
      vertex -48.2224 7 5.1909
      vertex -48.9139 -7 5.68642
      vertex -48.9139 7 5.68642
    endloop
  endfacet
  facet normal -0.582476 -0 -0.812848
    outer loop
      vertex -48.2224 7 5.1909
      vertex -48.2224 -7 5.1909
      vertex -48.9139 -7 5.68642
    endloop
  endfacet
  facet normal -0.52807 0 -0.849201
    outer loop
      vertex -47.5 7 4.74168
      vertex -48.2224 -7 5.1909
      vertex -48.2224 7 5.1909
    endloop
  endfacet
  facet normal -0.52807 -0 -0.849201
    outer loop
      vertex -47.5 7 4.74168
      vertex -47.5 -7 4.74168
      vertex -48.2224 -7 5.1909
    endloop
  endfacet
  facet normal -0.471366 0 -0.881938
    outer loop
      vertex -46.7497 7 4.34067
      vertex -47.5 -7 4.74168
      vertex -47.5 7 4.74168
    endloop
  endfacet
  facet normal -0.471366 -0 -0.881938
    outer loop
      vertex -46.7497 7 4.34067
      vertex -46.7497 -7 4.34067
      vertex -47.5 -7 4.74168
    endloop
  endfacet
  facet normal -0.412739 0 -0.910849
    outer loop
      vertex -45.9749 7 3.98958
      vertex -46.7497 -7 4.34067
      vertex -46.7497 7 4.34067
    endloop
  endfacet
  facet normal -0.412739 -0 -0.910849
    outer loop
      vertex -45.9749 7 3.98958
      vertex -45.9749 -7 3.98958
      vertex -46.7497 -7 4.34067
    endloop
  endfacet
  facet normal -0.352252 0 -0.935905
    outer loop
      vertex -45.1787 7 3.68991
      vertex -45.9749 -7 3.98958
      vertex -45.9749 7 3.98958
    endloop
  endfacet
  facet normal -0.352252 -0 -0.935905
    outer loop
      vertex -45.1787 7 3.68991
      vertex -45.1787 -7 3.68991
      vertex -45.9749 -7 3.98958
    endloop
  endfacet
  facet normal -0.290258 0 -0.956948
    outer loop
      vertex -44.3646 7 3.44298
      vertex -45.1787 -7 3.68991
      vertex -45.1787 7 3.68991
    endloop
  endfacet
  facet normal -0.290258 -0 -0.956948
    outer loop
      vertex -44.3646 7 3.44298
      vertex -44.3646 -7 3.44298
      vertex -45.1787 -7 3.68991
    endloop
  endfacet
  facet normal -0.227103 0 -0.973871
    outer loop
      vertex -43.5362 7 3.2498
      vertex -44.3646 -7 3.44298
      vertex -44.3646 7 3.44298
    endloop
  endfacet
  facet normal -0.227103 -0 -0.973871
    outer loop
      vertex -43.5362 7 3.2498
      vertex -43.5362 -7 3.2498
      vertex -44.3646 -7 3.44298
    endloop
  endfacet
  facet normal -0.162889 0 -0.986644
    outer loop
      vertex -42.6968 7 3.11122
      vertex -43.5362 -7 3.2498
      vertex -43.5362 7 3.2498
    endloop
  endfacet
  facet normal -0.162889 -0 -0.986644
    outer loop
      vertex -42.6968 7 3.11122
      vertex -42.6968 -7 3.11122
      vertex -43.5362 -7 3.2498
    endloop
  endfacet
  facet normal -0.0980022 0 -0.995186
    outer loop
      vertex -41.8502 7 3.02785
      vertex -42.6968 -7 3.11122
      vertex -42.6968 7 3.11122
    endloop
  endfacet
  facet normal -0.0980022 -0 -0.995186
    outer loop
      vertex -41.8502 7 3.02785
      vertex -41.8502 -7 3.02785
      vertex -42.6968 -7 3.11122
    endloop
  endfacet
  facet normal -0.0327394 0 -0.999464
    outer loop
      vertex -41 7 3
      vertex -41.8502 -7 3.02785
      vertex -41.8502 7 3.02785
    endloop
  endfacet
  facet normal -0.0327394 -0 -0.999464
    outer loop
      vertex -41 7 3
      vertex -41 -7 3
      vertex -41.8502 -7 3.02785
    endloop
  endfacet
  facet normal -0 0 -1
    outer loop
      vertex 41 7 3
      vertex -41 -7 3
      vertex -41 7 3
    endloop
  endfacet
  facet normal 0 -0 -1
    outer loop
      vertex 41 7 3
      vertex 41 -7 3
      vertex -41 -7 3
    endloop
  endfacet
  facet normal 0.0327394 0 -0.999464
    outer loop
      vertex 41.8502 7 3.02785
      vertex 41 -7 3
      vertex 41 7 3
    endloop
  endfacet
  facet normal 0.0327394 0 -0.999464
    outer loop
      vertex 41.8502 7 3.02785
      vertex 41.8502 -7 3.02785
      vertex 41 -7 3
    endloop
  endfacet
  facet normal 0.0327347 0 0.999464
    outer loop
      vertex -41.654 7 6.02142
      vertex -41.654 -7 6.02142
      vertex -41 7 6
    endloop
  endfacet
  facet normal 0.0327347 -0 0.999464
    outer loop
      vertex -41 -7 6
      vertex -41 7 6
      vertex -41.654 -7 6.02142
    endloop
  endfacet
  facet normal 0.0980059 0 0.995186
    outer loop
      vertex -42.3053 7 6.08556
      vertex -42.3053 -7 6.08556
      vertex -41.654 7 6.02142
    endloop
  endfacet
  facet normal 0.0980059 -0 0.995186
    outer loop
      vertex -41.654 -7 6.02142
      vertex -41.654 7 6.02142
      vertex -42.3053 -7 6.08556
    endloop
  endfacet
  facet normal 0.162897 0 0.986643
    outer loop
      vertex -42.9509 7 6.19215
      vertex -42.9509 -7 6.19215
      vertex -42.3053 7 6.08556
    endloop
  endfacet
  facet normal 0.162897 -0 0.986643
    outer loop
      vertex -42.3053 -7 6.08556
      vertex -42.3053 7 6.08556
      vertex -42.9509 -7 6.19215
    endloop
  endfacet
  facet normal 0.227065 0 0.97388
    outer loop
      vertex -43.5882 7 6.34074
      vertex -43.5882 -7 6.34074
      vertex -42.9509 7 6.19215
    endloop
  endfacet
  facet normal 0.227065 -0 0.97388
    outer loop
      vertex -42.9509 -7 6.19215
      vertex -42.9509 7 6.19215
      vertex -43.5882 -7 6.34074
    endloop
  endfacet
  facet normal 0.290291 0 0.956939
    outer loop
      vertex -44.2144 7 6.5307
      vertex -44.2144 -7 6.5307
      vertex -43.5882 7 6.34074
    endloop
  endfacet
  facet normal 0.290291 -0 0.956939
    outer loop
      vertex -43.5882 -7 6.34074
      vertex -43.5882 7 6.34074
      vertex -44.2144 -7 6.5307
    endloop
  endfacet
  facet normal 0.352289 0 0.935891
    outer loop
      vertex -44.8268 7 6.76122
      vertex -44.8268 -7 6.76122
      vertex -44.2144 7 6.5307
    endloop
  endfacet
  facet normal 0.352289 -0 0.935891
    outer loop
      vertex -44.2144 -7 6.5307
      vertex -44.2144 7 6.5307
      vertex -44.8268 -7 6.76122
    endloop
  endfacet
  facet normal 0.41267 0 0.910881
    outer loop
      vertex -45.4229 7 7.03128
      vertex -45.4229 -7 7.03128
      vertex -44.8268 7 6.76122
    endloop
  endfacet
  facet normal 0.41267 -0 0.910881
    outer loop
      vertex -44.8268 -7 6.76122
      vertex -44.8268 7 6.76122
      vertex -45.4229 -7 7.03128
    endloop
  endfacet
  facet normal 0.471401 0 0.881919
    outer loop
      vertex -46 7 7.33975
      vertex -46 -7 7.33975
      vertex -45.4229 7 7.03128
    endloop
  endfacet
  facet normal 0.471401 -0 0.881919
    outer loop
      vertex -45.4229 -7 7.03128
      vertex -45.4229 7 7.03128
      vertex -46 -7 7.33975
    endloop
  endfacet
  facet normal 0.528083 0 0.849193
    outer loop
      vertex -46.5557 7 7.68532
      vertex -46.5557 -7 7.68532
      vertex -46 7 7.33975
    endloop
  endfacet
  facet normal 0.528083 -0 0.849193
    outer loop
      vertex -46 -7 7.33975
      vertex -46 7 7.33975
      vertex -46.5557 -7 7.68532
    endloop
  endfacet
  facet normal 0.582474 0 0.81285
    outer loop
      vertex -47.0876 7 8.06647
      vertex -47.0876 -7 8.06647
      vertex -46.5557 7 7.68532
    endloop
  endfacet
  facet normal 0.582474 -0 0.81285
    outer loop
      vertex -46.5557 -7 7.68532
      vertex -46.5557 7 7.68532
      vertex -47.0876 -7 8.06647
    endloop
  endfacet
  facet normal 0.63443 0 0.77298
    outer loop
      vertex -47.5934 7 8.48161
      vertex -47.5934 -7 8.48161
      vertex -47.0876 7 8.06647
    endloop
  endfacet
  facet normal 0.63443 -0 0.77298
    outer loop
      vertex -47.0876 -7 8.06647
      vertex -47.0876 7 8.06647
      vertex -47.5934 -7 8.48161
    endloop
  endfacet
  facet normal 0.683523 0 0.729929
    outer loop
      vertex -48.0711 7 8.92894
      vertex -48.0711 -7 8.92894
      vertex -47.5934 7 8.48161
    endloop
  endfacet
  facet normal 0.683523 -0 0.729929
    outer loop
      vertex -47.5934 -7 8.48161
      vertex -47.5934 7 8.48161
      vertex -48.0711 -7 8.92894
    endloop
  endfacet
  facet normal 0.729895 0 0.68356
    outer loop
      vertex -48.5184 7 9.40656
      vertex -48.5184 -7 9.40656
      vertex -48.0711 7 8.92894
    endloop
  endfacet
  facet normal 0.729895 -0 0.68356
    outer loop
      vertex -48.0711 -7 8.92894
      vertex -48.0711 7 8.92894
      vertex -48.5184 -7 9.40656
    endloop
  endfacet
  facet normal 0.773035 0 0.634364
    outer loop
      vertex -48.9335 7 9.9124
      vertex -48.9335 -7 9.9124
      vertex -48.5184 7 9.40656
    endloop
  endfacet
  facet normal 0.773035 -0 0.634364
    outer loop
      vertex -48.5184 -7 9.40656
      vertex -48.5184 7 9.40656
      vertex -48.9335 -7 9.9124
    endloop
  endfacet
  facet normal 0.812814 0 0.582524
    outer loop
      vertex -49.3147 7 10.4443
      vertex -49.3147 -7 10.4443
      vertex -48.9335 7 9.9124
    endloop
  endfacet
  facet normal 0.812814 -0 0.582524
    outer loop
      vertex -48.9335 -7 9.9124
      vertex -48.9335 7 9.9124
      vertex -49.3147 -7 10.4443
    endloop
  endfacet
  facet normal 0.849241 0 0.528006
    outer loop
      vertex -49.6602 7 11
      vertex -49.6602 -7 11
      vertex -49.3147 7 10.4443
    endloop
  endfacet
  facet normal 0.849241 -0 0.528006
    outer loop
      vertex -49.3147 -7 10.4443
      vertex -49.3147 7 10.4443
      vertex -49.6602 -7 11
    endloop
  endfacet
  facet normal 0.8819 0 0.471437
    outer loop
      vertex -49.9687 7 11.5771
      vertex -49.9687 -7 11.5771
      vertex -49.6602 7 11
    endloop
  endfacet
  facet normal 0.8819 -0 0.471437
    outer loop
      vertex -49.6602 -7 11
      vertex -49.6602 7 11
      vertex -49.9687 -7 11.5771
    endloop
  endfacet
  facet normal 0.910858 0 0.41272
    outer loop
      vertex -50.2388 7 12.1732
      vertex -50.2388 -7 12.1732
      vertex -49.9687 7 11.5771
    endloop
  endfacet
  facet normal 0.910858 -0 0.41272
    outer loop
      vertex -49.9687 -7 11.5771
      vertex -49.9687 7 11.5771
      vertex -50.2388 -7 12.1732
    endloop
  endfacet
  facet normal 0.935901 0 0.352262
    outer loop
      vertex -50.4693 7 12.7856
      vertex -50.4693 -7 12.7856
      vertex -50.2388 7 12.1732
    endloop
  endfacet
  facet normal 0.935901 -0 0.352262
    outer loop
      vertex -50.2388 -7 12.1732
      vertex -50.2388 7 12.1732
      vertex -50.4693 -7 12.7856
    endloop
  endfacet
  facet normal 0.956922 0 0.290347
    outer loop
      vertex -50.6593 7 13.4118
      vertex -50.6593 -7 13.4118
      vertex -50.4693 7 12.7856
    endloop
  endfacet
  facet normal 0.956922 -0 0.290347
    outer loop
      vertex -50.4693 -7 12.7856
      vertex -50.4693 7 12.7856
      vertex -50.6593 -7 13.4118
    endloop
  endfacet
  facet normal 0.97391 0 0.226935
    outer loop
      vertex -50.8078 7 14.0491
      vertex -50.8078 -7 14.0491
      vertex -50.6593 7 13.4118
    endloop
  endfacet
  facet normal 0.97391 -0 0.226935
    outer loop
      vertex -50.6593 -7 13.4118
      vertex -50.6593 7 13.4118
      vertex -50.8078 -7 14.0491
    endloop
  endfacet
  facet normal 0.986641 0 0.162912
    outer loop
      vertex -50.9144 7 14.6947
      vertex -50.9144 -7 14.6947
      vertex -50.8078 7 14.0491
    endloop
  endfacet
  facet normal 0.986641 -0 0.162912
    outer loop
      vertex -50.8078 -7 14.0491
      vertex -50.8078 7 14.0491
      vertex -50.9144 -7 14.6947
    endloop
  endfacet
  facet normal 0.995177 0 0.0980967
    outer loop
      vertex -50.9786 7 15.346
      vertex -50.9786 -7 15.346
      vertex -50.9144 7 14.6947
    endloop
  endfacet
  facet normal 0.995177 -0 0.0980967
    outer loop
      vertex -50.9144 -7 14.6947
      vertex -50.9144 7 14.6947
      vertex -50.9786 -7 15.346
    endloop
  endfacet
  facet normal 0.999465 0 0.0327042
    outer loop
      vertex -51 7 16
      vertex -51 -7 16
      vertex -50.9786 7 15.346
    endloop
  endfacet
  facet normal 0.999465 -0 0.0327042
    outer loop
      vertex -50.9786 -7 15.346
      vertex -50.9786 7 15.346
      vertex -51 -7 16
    endloop
  endfacet
  facet normal 0.999465 0 -0.0327042
    outer loop
      vertex -50.9786 7 16.654
      vertex -50.9786 -7 16.654
      vertex -51 7 16
    endloop
  endfacet
  facet normal 0.999465 0 -0.0327042
    outer loop
      vertex -51 -7 16
      vertex -51 7 16
      vertex -50.9786 -7 16.654
    endloop
  endfacet
  facet normal 0.995177 0 -0.0980967
    outer loop
      vertex -50.9144 7 17.3053
      vertex -50.9144 -7 17.3053
      vertex -50.9786 7 16.654
    endloop
  endfacet
  facet normal 0.995177 0 -0.0980967
    outer loop
      vertex -50.9786 -7 16.654
      vertex -50.9786 7 16.654
      vertex -50.9144 -7 17.3053
    endloop
  endfacet
  facet normal 0.986641 0 -0.162912
    outer loop
      vertex -50.8078 7 17.9509
      vertex -50.8078 -7 17.9509
      vertex -50.9144 7 17.3053
    endloop
  endfacet
  facet normal 0.986641 0 -0.162912
    outer loop
      vertex -50.9144 -7 17.3053
      vertex -50.9144 7 17.3053
      vertex -50.8078 -7 17.9509
    endloop
  endfacet
  facet normal 0.97391 0 -0.226935
    outer loop
      vertex -50.6593 7 18.5882
      vertex -50.6593 -7 18.5882
      vertex -50.8078 7 17.9509
    endloop
  endfacet
  facet normal 0.97391 0 -0.226935
    outer loop
      vertex -50.8078 -7 17.9509
      vertex -50.8078 7 17.9509
      vertex -50.6593 -7 18.5882
    endloop
  endfacet
  facet normal 0.956922 0 -0.290347
    outer loop
      vertex -50.4693 7 19.2144
      vertex -50.4693 -7 19.2144
      vertex -50.6593 7 18.5882
    endloop
  endfacet
  facet normal 0.956922 0 -0.290347
    outer loop
      vertex -50.6593 -7 18.5882
      vertex -50.6593 7 18.5882
      vertex -50.4693 -7 19.2144
    endloop
  endfacet
  facet normal 0.935901 0 -0.352262
    outer loop
      vertex -50.2388 7 19.8268
      vertex -50.2388 -7 19.8268
      vertex -50.4693 7 19.2144
    endloop
  endfacet
  facet normal 0.935901 0 -0.352262
    outer loop
      vertex -50.4693 -7 19.2144
      vertex -50.4693 7 19.2144
      vertex -50.2388 -7 19.8268
    endloop
  endfacet
  facet normal 0.910858 0 -0.41272
    outer loop
      vertex -49.9687 7 20.4229
      vertex -49.9687 -7 20.4229
      vertex -50.2388 7 19.8268
    endloop
  endfacet
  facet normal 0.910858 0 -0.41272
    outer loop
      vertex -50.2388 -7 19.8268
      vertex -50.2388 7 19.8268
      vertex -49.9687 -7 20.4229
    endloop
  endfacet
  facet normal 0.8819 0 -0.471437
    outer loop
      vertex -49.6602 7 21
      vertex -49.6602 -7 21
      vertex -49.9687 7 20.4229
    endloop
  endfacet
  facet normal 0.8819 0 -0.471437
    outer loop
      vertex -49.9687 -7 20.4229
      vertex -49.9687 7 20.4229
      vertex -49.6602 -7 21
    endloop
  endfacet
  facet normal 0.849241 0 -0.528006
    outer loop
      vertex -49.3147 7 21.5557
      vertex -49.3147 -7 21.5557
      vertex -49.6602 7 21
    endloop
  endfacet
  facet normal 0.849241 0 -0.528006
    outer loop
      vertex -49.6602 -7 21
      vertex -49.6602 7 21
      vertex -49.3147 -7 21.5557
    endloop
  endfacet
  facet normal 0.812814 0 -0.582524
    outer loop
      vertex -48.9335 7 22.0876
      vertex -48.9335 -7 22.0876
      vertex -49.3147 7 21.5557
    endloop
  endfacet
  facet normal 0.812814 0 -0.582524
    outer loop
      vertex -49.3147 -7 21.5557
      vertex -49.3147 7 21.5557
      vertex -48.9335 -7 22.0876
    endloop
  endfacet
  facet normal 0.77301 0 -0.634394
    outer loop
      vertex -48.5184 7 22.5934
      vertex -48.5184 -7 22.5934
      vertex -48.9335 7 22.0876
    endloop
  endfacet
  facet normal 0.77301 0 -0.634394
    outer loop
      vertex -48.9335 -7 22.0876
      vertex -48.9335 7 22.0876
      vertex -48.5184 -7 22.5934
    endloop
  endfacet
  facet normal 0.729952 0 -0.683499
    outer loop
      vertex -48.0711 7 23.0711
      vertex -48.0711 -7 23.0711
      vertex -48.5184 7 22.5934
    endloop
  endfacet
  facet normal 0.729952 0 -0.683499
    outer loop
      vertex -48.5184 -7 22.5934
      vertex -48.5184 7 22.5934
      vertex -48.0711 -7 23.0711
    endloop
  endfacet
  facet normal 0.683499 0 -0.729952
    outer loop
      vertex -47.5934 7 23.5184
      vertex -47.5934 -7 23.5184
      vertex -48.0711 7 23.0711
    endloop
  endfacet
  facet normal 0.683499 0 -0.729952
    outer loop
      vertex -48.0711 -7 23.0711
      vertex -48.0711 7 23.0711
      vertex -47.5934 -7 23.5184
    endloop
  endfacet
  facet normal 0.634394 0 -0.77301
    outer loop
      vertex -47.0876 7 23.9335
      vertex -47.0876 -7 23.9335
      vertex -47.5934 7 23.5184
    endloop
  endfacet
  facet normal 0.634394 0 -0.77301
    outer loop
      vertex -47.5934 -7 23.5184
      vertex -47.5934 7 23.5184
      vertex -47.0876 -7 23.9335
    endloop
  endfacet
  facet normal 0.582524 0 -0.812814
    outer loop
      vertex -46.5557 7 24.3147
      vertex -46.5557 -7 24.3147
      vertex -47.0876 7 23.9335
    endloop
  endfacet
  facet normal 0.582524 0 -0.812814
    outer loop
      vertex -47.0876 -7 23.9335
      vertex -47.0876 7 23.9335
      vertex -46.5557 -7 24.3147
    endloop
  endfacet
  facet normal 0.528006 0 -0.849241
    outer loop
      vertex -46 7 24.6602
      vertex -46 -7 24.6602
      vertex -46.5557 7 24.3147
    endloop
  endfacet
  facet normal 0.528006 0 -0.849241
    outer loop
      vertex -46.5557 -7 24.3147
      vertex -46.5557 7 24.3147
      vertex -46 -7 24.6602
    endloop
  endfacet
  facet normal 0.471437 0 -0.8819
    outer loop
      vertex -45.4229 7 24.9687
      vertex -45.4229 -7 24.9687
      vertex -46 7 24.6602
    endloop
  endfacet
  facet normal 0.471437 0 -0.8819
    outer loop
      vertex -46 -7 24.6602
      vertex -46 7 24.6602
      vertex -45.4229 -7 24.9687
    endloop
  endfacet
  facet normal 0.41272 0 -0.910858
    outer loop
      vertex -44.8268 7 25.2388
      vertex -44.8268 -7 25.2388
      vertex -45.4229 7 24.9687
    endloop
  endfacet
  facet normal 0.41272 0 -0.910858
    outer loop
      vertex -45.4229 -7 24.9687
      vertex -45.4229 7 24.9687
      vertex -44.8268 -7 25.2388
    endloop
  endfacet
  facet normal 0.352262 0 -0.935901
    outer loop
      vertex -44.2144 7 25.4693
      vertex -44.2144 -7 25.4693
      vertex -44.8268 7 25.2388
    endloop
  endfacet
  facet normal 0.352262 0 -0.935901
    outer loop
      vertex -44.8268 -7 25.2388
      vertex -44.8268 7 25.2388
      vertex -44.2144 -7 25.4693
    endloop
  endfacet
  facet normal 0.290347 0 -0.956922
    outer loop
      vertex -43.5882 7 25.6593
      vertex -43.5882 -7 25.6593
      vertex -44.2144 7 25.4693
    endloop
  endfacet
  facet normal 0.290347 0 -0.956922
    outer loop
      vertex -44.2144 -7 25.4693
      vertex -44.2144 7 25.4693
      vertex -43.5882 -7 25.6593
    endloop
  endfacet
  facet normal 0.226935 0 -0.97391
    outer loop
      vertex -42.9509 7 25.8078
      vertex -42.9509 -7 25.8078
      vertex -43.5882 7 25.6593
    endloop
  endfacet
  facet normal 0.226935 0 -0.97391
    outer loop
      vertex -43.5882 -7 25.6593
      vertex -43.5882 7 25.6593
      vertex -42.9509 -7 25.8078
    endloop
  endfacet
  facet normal 0.162912 0 -0.986641
    outer loop
      vertex -42.3053 7 25.9144
      vertex -42.3053 -7 25.9144
      vertex -42.9509 7 25.8078
    endloop
  endfacet
  facet normal 0.162912 0 -0.986641
    outer loop
      vertex -42.9509 -7 25.8078
      vertex -42.9509 7 25.8078
      vertex -42.3053 -7 25.9144
    endloop
  endfacet
  facet normal 0.0980967 0 -0.995177
    outer loop
      vertex -41.654 7 25.9786
      vertex -41.654 -7 25.9786
      vertex -42.3053 7 25.9144
    endloop
  endfacet
  facet normal 0.0980967 0 -0.995177
    outer loop
      vertex -42.3053 -7 25.9144
      vertex -42.3053 7 25.9144
      vertex -41.654 -7 25.9786
    endloop
  endfacet
  facet normal 0.0327042 0 -0.999465
    outer loop
      vertex -41 7 26
      vertex -41 -7 26
      vertex -41.654 7 25.9786
    endloop
  endfacet
  facet normal 0.0327042 0 -0.999465
    outer loop
      vertex -41.654 -7 25.9786
      vertex -41.654 7 25.9786
      vertex -41 -7 26
    endloop
  endfacet
  facet normal -0 -0 -1
    outer loop
      vertex 41 7 26
      vertex 41 -7 26
      vertex -41 7 26
    endloop
  endfacet
  facet normal 0 0 -1
    outer loop
      vertex -41 -7 26
      vertex -41 7 26
      vertex 41 -7 26
    endloop
  endfacet
  facet normal -0.0327042 -0 -0.999465
    outer loop
      vertex 41.654 7 25.9786
      vertex 41.654 -7 25.9786
      vertex 41 7 26
    endloop
  endfacet
  facet normal -0.0327042 0 -0.999465
    outer loop
      vertex 41 -7 26
      vertex 41 7 26
      vertex 41.654 -7 25.9786
    endloop
  endfacet
  facet normal -0.0980967 -0 -0.995177
    outer loop
      vertex 42.3053 7 25.9144
      vertex 42.3053 -7 25.9144
      vertex 41.654 7 25.9786
    endloop
  endfacet
  facet normal -0.0980967 0 -0.995177
    outer loop
      vertex 41.654 -7 25.9786
      vertex 41.654 7 25.9786
      vertex 42.3053 -7 25.9144
    endloop
  endfacet
  facet normal -0.162912 -0 -0.986641
    outer loop
      vertex 42.9509 7 25.8078
      vertex 42.9509 -7 25.8078
      vertex 42.3053 7 25.9144
    endloop
  endfacet
  facet normal -0.162912 0 -0.986641
    outer loop
      vertex 42.3053 -7 25.9144
      vertex 42.3053 7 25.9144
      vertex 42.9509 -7 25.8078
    endloop
  endfacet
  facet normal -0.226935 -0 -0.97391
    outer loop
      vertex 43.5882 7 25.6593
      vertex 43.5882 -7 25.6593
      vertex 42.9509 7 25.8078
    endloop
  endfacet
  facet normal -0.226935 0 -0.97391
    outer loop
      vertex 42.9509 -7 25.8078
      vertex 42.9509 7 25.8078
      vertex 43.5882 -7 25.6593
    endloop
  endfacet
  facet normal -0.290347 -0 -0.956922
    outer loop
      vertex 44.2144 7 25.4693
      vertex 44.2144 -7 25.4693
      vertex 43.5882 7 25.6593
    endloop
  endfacet
  facet normal -0.290347 0 -0.956922
    outer loop
      vertex 43.5882 -7 25.6593
      vertex 43.5882 7 25.6593
      vertex 44.2144 -7 25.4693
    endloop
  endfacet
  facet normal -0.352262 -0 -0.935901
    outer loop
      vertex 44.8268 7 25.2388
      vertex 44.8268 -7 25.2388
      vertex 44.2144 7 25.4693
    endloop
  endfacet
  facet normal -0.352262 0 -0.935901
    outer loop
      vertex 44.2144 -7 25.4693
      vertex 44.2144 7 25.4693
      vertex 44.8268 -7 25.2388
    endloop
  endfacet
  facet normal -0.41272 -0 -0.910858
    outer loop
      vertex 45.4229 7 24.9687
      vertex 45.4229 -7 24.9687
      vertex 44.8268 7 25.2388
    endloop
  endfacet
  facet normal -0.41272 0 -0.910858
    outer loop
      vertex 44.8268 -7 25.2388
      vertex 44.8268 7 25.2388
      vertex 45.4229 -7 24.9687
    endloop
  endfacet
  facet normal -0.471437 -0 -0.8819
    outer loop
      vertex 46 7 24.6602
      vertex 46 -7 24.6602
      vertex 45.4229 7 24.9687
    endloop
  endfacet
  facet normal -0.471437 0 -0.8819
    outer loop
      vertex 45.4229 -7 24.9687
      vertex 45.4229 7 24.9687
      vertex 46 -7 24.6602
    endloop
  endfacet
  facet normal -0.528006 -0 -0.849241
    outer loop
      vertex 46.5557 7 24.3147
      vertex 46.5557 -7 24.3147
      vertex 46 7 24.6602
    endloop
  endfacet
  facet normal -0.528006 0 -0.849241
    outer loop
      vertex 46 -7 24.6602
      vertex 46 7 24.6602
      vertex 46.5557 -7 24.3147
    endloop
  endfacet
  facet normal -0.582524 -0 -0.812814
    outer loop
      vertex 47.0876 7 23.9335
      vertex 47.0876 -7 23.9335
      vertex 46.5557 7 24.3147
    endloop
  endfacet
  facet normal -0.582524 0 -0.812814
    outer loop
      vertex 46.5557 -7 24.3147
      vertex 46.5557 7 24.3147
      vertex 47.0876 -7 23.9335
    endloop
  endfacet
  facet normal -0.634394 -0 -0.77301
    outer loop
      vertex 47.5934 7 23.5184
      vertex 47.5934 -7 23.5184
      vertex 47.0876 7 23.9335
    endloop
  endfacet
  facet normal -0.634394 0 -0.77301
    outer loop
      vertex 47.0876 -7 23.9335
      vertex 47.0876 7 23.9335
      vertex 47.5934 -7 23.5184
    endloop
  endfacet
  facet normal -0.683499 -0 -0.729952
    outer loop
      vertex 48.0711 7 23.0711
      vertex 48.0711 -7 23.0711
      vertex 47.5934 7 23.5184
    endloop
  endfacet
  facet normal -0.683499 0 -0.729952
    outer loop
      vertex 47.5934 -7 23.5184
      vertex 47.5934 7 23.5184
      vertex 48.0711 -7 23.0711
    endloop
  endfacet
  facet normal -0.729952 -0 -0.683499
    outer loop
      vertex 48.5184 7 22.5934
      vertex 48.5184 -7 22.5934
      vertex 48.0711 7 23.0711
    endloop
  endfacet
  facet normal -0.729952 0 -0.683499
    outer loop
      vertex 48.0711 -7 23.0711
      vertex 48.0711 7 23.0711
      vertex 48.5184 -7 22.5934
    endloop
  endfacet
  facet normal -0.77301 -0 -0.634394
    outer loop
      vertex 48.9335 7 22.0876
      vertex 48.9335 -7 22.0876
      vertex 48.5184 7 22.5934
    endloop
  endfacet
  facet normal -0.77301 0 -0.634394
    outer loop
      vertex 48.5184 -7 22.5934
      vertex 48.5184 7 22.5934
      vertex 48.9335 -7 22.0876
    endloop
  endfacet
  facet normal -0.812814 -0 -0.582524
    outer loop
      vertex 49.3147 7 21.5557
      vertex 49.3147 -7 21.5557
      vertex 48.9335 7 22.0876
    endloop
  endfacet
  facet normal -0.812814 0 -0.582524
    outer loop
      vertex 48.9335 -7 22.0876
      vertex 48.9335 7 22.0876
      vertex 49.3147 -7 21.5557
    endloop
  endfacet
  facet normal -0.849241 -0 -0.528006
    outer loop
      vertex 49.6602 7 21
      vertex 49.6602 -7 21
      vertex 49.3147 7 21.5557
    endloop
  endfacet
  facet normal -0.849241 0 -0.528006
    outer loop
      vertex 49.3147 -7 21.5557
      vertex 49.3147 7 21.5557
      vertex 49.6602 -7 21
    endloop
  endfacet
  facet normal -0.8819 -0 -0.471437
    outer loop
      vertex 49.9687 7 20.4229
      vertex 49.9687 -7 20.4229
      vertex 49.6602 7 21
    endloop
  endfacet
  facet normal -0.8819 0 -0.471437
    outer loop
      vertex 49.6602 -7 21
      vertex 49.6602 7 21
      vertex 49.9687 -7 20.4229
    endloop
  endfacet
  facet normal -0.910858 -0 -0.41272
    outer loop
      vertex 50.2388 7 19.8268
      vertex 50.2388 -7 19.8268
      vertex 49.9687 7 20.4229
    endloop
  endfacet
  facet normal -0.910858 0 -0.41272
    outer loop
      vertex 49.9687 -7 20.4229
      vertex 49.9687 7 20.4229
      vertex 50.2388 -7 19.8268
    endloop
  endfacet
  facet normal -0.935901 -0 -0.352262
    outer loop
      vertex 50.4693 7 19.2144
      vertex 50.4693 -7 19.2144
      vertex 50.2388 7 19.8268
    endloop
  endfacet
  facet normal -0.935901 0 -0.352262
    outer loop
      vertex 50.2388 -7 19.8268
      vertex 50.2388 7 19.8268
      vertex 50.4693 -7 19.2144
    endloop
  endfacet
  facet normal -0.956922 -0 -0.290347
    outer loop
      vertex 50.6593 7 18.5882
      vertex 50.6593 -7 18.5882
      vertex 50.4693 7 19.2144
    endloop
  endfacet
  facet normal -0.956922 0 -0.290347
    outer loop
      vertex 50.4693 -7 19.2144
      vertex 50.4693 7 19.2144
      vertex 50.6593 -7 18.5882
    endloop
  endfacet
  facet normal -0.97391 -0 -0.226935
    outer loop
      vertex 50.8078 7 17.9509
      vertex 50.8078 -7 17.9509
      vertex 50.6593 7 18.5882
    endloop
  endfacet
  facet normal -0.97391 0 -0.226935
    outer loop
      vertex 50.6593 -7 18.5882
      vertex 50.6593 7 18.5882
      vertex 50.8078 -7 17.9509
    endloop
  endfacet
  facet normal -0.986641 -0 -0.162912
    outer loop
      vertex 50.9144 7 17.3053
      vertex 50.9144 -7 17.3053
      vertex 50.8078 7 17.9509
    endloop
  endfacet
  facet normal -0.986641 0 -0.162912
    outer loop
      vertex 50.8078 -7 17.9509
      vertex 50.8078 7 17.9509
      vertex 50.9144 -7 17.3053
    endloop
  endfacet
  facet normal -0.995177 -0 -0.0980967
    outer loop
      vertex 50.9786 7 16.654
      vertex 50.9786 -7 16.654
      vertex 50.9144 7 17.3053
    endloop
  endfacet
  facet normal -0.995177 0 -0.0980967
    outer loop
      vertex 50.9144 -7 17.3053
      vertex 50.9144 7 17.3053
      vertex 50.9786 -7 16.654
    endloop
  endfacet
  facet normal -0.999465 -0 -0.0327042
    outer loop
      vertex 51 7 16
      vertex 51 -7 16
      vertex 50.9786 7 16.654
    endloop
  endfacet
  facet normal -0.999465 0 -0.0327042
    outer loop
      vertex 50.9786 -7 16.654
      vertex 50.9786 7 16.654
      vertex 51 -7 16
    endloop
  endfacet
  facet normal -0.999465 0 0.0327042
    outer loop
      vertex 50.9786 7 15.346
      vertex 50.9786 -7 15.346
      vertex 51 7 16
    endloop
  endfacet
  facet normal -0.999465 0 0.0327042
    outer loop
      vertex 51 -7 16
      vertex 51 7 16
      vertex 50.9786 -7 15.346
    endloop
  endfacet
  facet normal -0.995177 0 0.0980967
    outer loop
      vertex 50.9144 7 14.6947
      vertex 50.9144 -7 14.6947
      vertex 50.9786 7 15.346
    endloop
  endfacet
  facet normal -0.995177 0 0.0980967
    outer loop
      vertex 50.9786 -7 15.346
      vertex 50.9786 7 15.346
      vertex 50.9144 -7 14.6947
    endloop
  endfacet
  facet normal -0.986641 0 0.162912
    outer loop
      vertex 50.8078 7 14.0491
      vertex 50.8078 -7 14.0491
      vertex 50.9144 7 14.6947
    endloop
  endfacet
  facet normal -0.986641 0 0.162912
    outer loop
      vertex 50.9144 -7 14.6947
      vertex 50.9144 7 14.6947
      vertex 50.8078 -7 14.0491
    endloop
  endfacet
  facet normal -0.97391 0 0.226935
    outer loop
      vertex 50.6593 7 13.4118
      vertex 50.6593 -7 13.4118
      vertex 50.8078 7 14.0491
    endloop
  endfacet
  facet normal -0.97391 0 0.226935
    outer loop
      vertex 50.8078 -7 14.0491
      vertex 50.8078 7 14.0491
      vertex 50.6593 -7 13.4118
    endloop
  endfacet
  facet normal -0.956922 0 0.290347
    outer loop
      vertex 50.4693 7 12.7856
      vertex 50.4693 -7 12.7856
      vertex 50.6593 7 13.4118
    endloop
  endfacet
  facet normal -0.956922 0 0.290347
    outer loop
      vertex 50.6593 -7 13.4118
      vertex 50.6593 7 13.4118
      vertex 50.4693 -7 12.7856
    endloop
  endfacet
  facet normal -0.935901 0 0.352262
    outer loop
      vertex 50.2388 7 12.1732
      vertex 50.2388 -7 12.1732
      vertex 50.4693 7 12.7856
    endloop
  endfacet
  facet normal -0.935901 0 0.352262
    outer loop
      vertex 50.4693 -7 12.7856
      vertex 50.4693 7 12.7856
      vertex 50.2388 -7 12.1732
    endloop
  endfacet
  facet normal -0.910858 0 0.41272
    outer loop
      vertex 49.9687 7 11.5771
      vertex 49.9687 -7 11.5771
      vertex 50.2388 7 12.1732
    endloop
  endfacet
  facet normal -0.910858 0 0.41272
    outer loop
      vertex 50.2388 -7 12.1732
      vertex 50.2388 7 12.1732
      vertex 49.9687 -7 11.5771
    endloop
  endfacet
  facet normal -0.8819 0 0.471437
    outer loop
      vertex 49.6602 7 11
      vertex 49.6602 -7 11
      vertex 49.9687 7 11.5771
    endloop
  endfacet
  facet normal -0.8819 0 0.471437
    outer loop
      vertex 49.9687 -7 11.5771
      vertex 49.9687 7 11.5771
      vertex 49.6602 -7 11
    endloop
  endfacet
  facet normal -0.849241 0 0.528006
    outer loop
      vertex 49.3147 7 10.4443
      vertex 49.3147 -7 10.4443
      vertex 49.6602 7 11
    endloop
  endfacet
  facet normal -0.849241 0 0.528006
    outer loop
      vertex 49.6602 -7 11
      vertex 49.6602 7 11
      vertex 49.3147 -7 10.4443
    endloop
  endfacet
  facet normal -0.812814 0 0.582524
    outer loop
      vertex 48.9335 7 9.9124
      vertex 48.9335 -7 9.9124
      vertex 49.3147 7 10.4443
    endloop
  endfacet
  facet normal -0.812814 0 0.582524
    outer loop
      vertex 49.3147 -7 10.4443
      vertex 49.3147 7 10.4443
      vertex 48.9335 -7 9.9124
    endloop
  endfacet
  facet normal -0.773035 0 0.634364
    outer loop
      vertex 48.5184 7 9.40656
      vertex 48.5184 -7 9.40656
      vertex 48.9335 7 9.9124
    endloop
  endfacet
  facet normal -0.773035 0 0.634364
    outer loop
      vertex 48.9335 -7 9.9124
      vertex 48.9335 7 9.9124
      vertex 48.5184 -7 9.40656
    endloop
  endfacet
  facet normal -0.729895 0 0.68356
    outer loop
      vertex 48.0711 7 8.92894
      vertex 48.0711 -7 8.92894
      vertex 48.5184 7 9.40656
    endloop
  endfacet
  facet normal -0.729895 0 0.68356
    outer loop
      vertex 48.5184 -7 9.40656
      vertex 48.5184 7 9.40656
      vertex 48.0711 -7 8.92894
    endloop
  endfacet
  facet normal -0.683523 0 0.729929
    outer loop
      vertex 47.5934 7 8.48161
      vertex 47.5934 -7 8.48161
      vertex 48.0711 7 8.92894
    endloop
  endfacet
  facet normal -0.683523 0 0.729929
    outer loop
      vertex 48.0711 -7 8.92894
      vertex 48.0711 7 8.92894
      vertex 47.5934 -7 8.48161
    endloop
  endfacet
  facet normal -0.63443 0 0.77298
    outer loop
      vertex 47.0876 7 8.06647
      vertex 47.0876 -7 8.06647
      vertex 47.5934 7 8.48161
    endloop
  endfacet
  facet normal -0.63443 0 0.77298
    outer loop
      vertex 47.5934 -7 8.48161
      vertex 47.5934 7 8.48161
      vertex 47.0876 -7 8.06647
    endloop
  endfacet
  facet normal -0.582474 0 0.81285
    outer loop
      vertex 46.5557 7 7.68532
      vertex 46.5557 -7 7.68532
      vertex 47.0876 7 8.06647
    endloop
  endfacet
  facet normal -0.582474 0 0.81285
    outer loop
      vertex 47.0876 -7 8.06647
      vertex 47.0876 7 8.06647
      vertex 46.5557 -7 7.68532
    endloop
  endfacet
  facet normal -0.528083 0 0.849193
    outer loop
      vertex 46 7 7.33975
      vertex 46 -7 7.33975
      vertex 46.5557 7 7.68532
    endloop
  endfacet
  facet normal -0.528083 0 0.849193
    outer loop
      vertex 46.5557 -7 7.68532
      vertex 46.5557 7 7.68532
      vertex 46 -7 7.33975
    endloop
  endfacet
  facet normal -0.471401 0 0.881919
    outer loop
      vertex 45.4229 7 7.03128
      vertex 45.4229 -7 7.03128
      vertex 46 7 7.33975
    endloop
  endfacet
  facet normal -0.471401 0 0.881919
    outer loop
      vertex 46 -7 7.33975
      vertex 46 7 7.33975
      vertex 45.4229 -7 7.03128
    endloop
  endfacet
  facet normal -0.41267 0 0.910881
    outer loop
      vertex 44.8268 7 6.76122
      vertex 44.8268 -7 6.76122
      vertex 45.4229 7 7.03128
    endloop
  endfacet
  facet normal -0.41267 0 0.910881
    outer loop
      vertex 45.4229 -7 7.03128
      vertex 45.4229 7 7.03128
      vertex 44.8268 -7 6.76122
    endloop
  endfacet
  facet normal -0.352289 0 0.935891
    outer loop
      vertex 44.2144 7 6.5307
      vertex 44.2144 -7 6.5307
      vertex 44.8268 7 6.76122
    endloop
  endfacet
  facet normal -0.352289 0 0.935891
    outer loop
      vertex 44.8268 -7 6.76122
      vertex 44.8268 7 6.76122
      vertex 44.2144 -7 6.5307
    endloop
  endfacet
  facet normal -0.290291 0 0.956939
    outer loop
      vertex 43.5882 7 6.34074
      vertex 43.5882 -7 6.34074
      vertex 44.2144 7 6.5307
    endloop
  endfacet
  facet normal -0.290291 0 0.956939
    outer loop
      vertex 44.2144 -7 6.5307
      vertex 44.2144 7 6.5307
      vertex 43.5882 -7 6.34074
    endloop
  endfacet
  facet normal -0.227065 0 0.97388
    outer loop
      vertex 42.9509 7 6.19215
      vertex 42.9509 -7 6.19215
      vertex 43.5882 7 6.34074
    endloop
  endfacet
  facet normal -0.227065 0 0.97388
    outer loop
      vertex 43.5882 -7 6.34074
      vertex 43.5882 7 6.34074
      vertex 42.9509 -7 6.19215
    endloop
  endfacet
  facet normal -0.162897 0 0.986643
    outer loop
      vertex 42.3053 7 6.08556
      vertex 42.3053 -7 6.08556
      vertex 42.9509 7 6.19215
    endloop
  endfacet
  facet normal -0.162897 0 0.986643
    outer loop
      vertex 42.9509 -7 6.19215
      vertex 42.9509 7 6.19215
      vertex 42.3053 -7 6.08556
    endloop
  endfacet
  facet normal -0.0980059 0 0.995186
    outer loop
      vertex 41.654 7 6.02142
      vertex 41.654 -7 6.02142
      vertex 42.3053 7 6.08556
    endloop
  endfacet
  facet normal -0.0980059 0 0.995186
    outer loop
      vertex 42.3053 -7 6.08556
      vertex 42.3053 7 6.08556
      vertex 41.654 -7 6.02142
    endloop
  endfacet
  facet normal -0.0327347 0 0.999464
    outer loop
      vertex 41 7 6
      vertex 41 -7 6
      vertex 41.654 7 6.02142
    endloop
  endfacet
  facet normal -0.0327347 0 0.999464
    outer loop
      vertex 41.654 -7 6.02142
      vertex 41.654 7 6.02142
      vertex 41 -7 6
    endloop
  endfacet
  facet normal -0 0 1
    outer loop
      vertex -41 7 6
      vertex -41 -7 6
      vertex 41 7 6
    endloop
  endfacet
  facet normal 0 -0 1
    outer loop
      vertex 41 -7 6
      vertex 41 7 6
      vertex -41 -7 6
    endloop
  endfacet
endsolid OpenSCAD_Model
