solid OpenSCAD_Model
  facet normal -1 0 0
    outer loop
      vertex -31 -30.5 45.2267
      vertex -31 -31 45.2267
      vertex -31 -30.5 46.5
    endloop
  endfacet
  facet normal -1 0 0
    outer loop
      vertex -31 30.5 40.5
      vertex -31 31 38.5
      vertex -31 30.5 38.5
    endloop
  endfacet
  facet normal -1 0 0
    outer loop
      vertex -31 31 38.5
      vertex -31 30.5 40.5
      vertex -31 31 41.7733
    endloop
  endfacet
  facet normal -1 -0 0
    outer loop
      vertex -31 31 41.7733
      vertex -31 30.5 40.5
      vertex -31 30.5 41.7733
    endloop
  endfacet
  facet normal -1 0 0
    outer loop
      vertex -31 25.5 38.5
      vertex -31 30.5 38.5
      vertex -31 30.5 26
    endloop
  endfacet
  facet normal -1 0 0
    outer loop
      vertex -31 25.5 38.5
      vertex -31 30.5 26
      vertex -31 25.5 26
    endloop
  endfacet
  facet normal -1 0 0
    outer loop
      vertex -31 30.5 38.5
      vertex -31 25.5 38.5
      vertex -31 30.5 40.5
    endloop
  endfacet
  facet normal -1 0 0
    outer loop
      vertex -31 25.5 38.5
      vertex -31 25.5 40.5
      vertex -31 30.5 40.5
    endloop
  endfacet
  facet normal -1 0 0
    outer loop
      vertex -31 24 41.7733
      vertex -31 25.5 40.5
      vertex -31 25.5 38.5
    endloop
  endfacet
  facet normal -1 0 0
    outer loop
      vertex -31 25.5 40.5
      vertex -31 24 41.7733
      vertex -31 25.5 41.7733
    endloop
  endfacet
  facet normal -1 0 0
    outer loop
      vertex -31 24 41.7733
      vertex -31 -24 41.7733
      vertex -31 24 45.2267
    endloop
  endfacet
  facet normal -1 0 0
    outer loop
      vertex -31 25.5 38.5
      vertex -31 -24 41.7733
      vertex -31 24 41.7733
    endloop
  endfacet
  facet normal -1 0 0
    outer loop
      vertex -31 -25.5 38.5
      vertex -31 -24 41.7733
      vertex -31 25.5 38.5
    endloop
  endfacet
  facet normal -1 0 0
    outer loop
      vertex -31 -25.5 40.5
      vertex -31 -24 41.7733
      vertex -31 -25.5 38.5
    endloop
  endfacet
  facet normal -1 -0 0
    outer loop
      vertex -31 -24 41.7733
      vertex -31 -25.5 40.5
      vertex -31 -25.5 41.7733
    endloop
  endfacet
  facet normal -1 0 0
    outer loop
      vertex -31 25.5 45.2267
      vertex -31 24 45.2267
      vertex -31 25.5 46.5
    endloop
  endfacet
  facet normal -1 0 0
    outer loop
      vertex -31 30.5 46.5
      vertex -31 31 45.2267
      vertex -31 30.5 45.2267
    endloop
  endfacet
  facet normal -1 0 0
    outer loop
      vertex -31 31 45.2267
      vertex -31 30.5 46.5
      vertex -31 31 47.5
    endloop
  endfacet
  facet normal -1 0 0
    outer loop
      vertex -31 25.5 46.5
      vertex -31 31 47.5
      vertex -31 30.5 46.5
    endloop
  endfacet
  facet normal -1 0 0
    outer loop
      vertex -31 -24 45.2267
      vertex -31 24 45.2267
      vertex -31 -24 41.7733
    endloop
  endfacet
  facet normal -1 0 0
    outer loop
      vertex -31 24 45.2267
      vertex -31 -24 45.2267
      vertex -31 25.5 46.5
    endloop
  endfacet
  facet normal -1 0 0
    outer loop
      vertex -31 -25.5 46.5
      vertex -31 25.5 46.5
      vertex -31 -24 45.2267
    endloop
  endfacet
  facet normal -1 0 0
    outer loop
      vertex -31 -25.5 46.5
      vertex -31 -24 45.2267
      vertex -31 -25.5 45.2267
    endloop
  endfacet
  facet normal -1 0 0
    outer loop
      vertex -31 25.5 46.5
      vertex -31 -25.5 46.5
      vertex -31 31 47.5
    endloop
  endfacet
  facet normal -1 0 0
    outer loop
      vertex -31 -31 47.5
      vertex -31 -25.5 46.5
      vertex -31 -30.5 46.5
    endloop
  endfacet
  facet normal -1 0 0
    outer loop
      vertex -31 -25.5 46.5
      vertex -31 -31 47.5
      vertex -31 31 47.5
    endloop
  endfacet
  facet normal -1 0 0
    outer loop
      vertex -31 -31 47.5
      vertex -31 -30.5 46.5
      vertex -31 -31 45.2267
    endloop
  endfacet
  facet normal -1 0 0
    outer loop
      vertex -31 -30.5 38.5
      vertex -31 -25.5 38.5
      vertex -31 -25.5 26
    endloop
  endfacet
  facet normal -1 0 0
    outer loop
      vertex -31 -30.5 38.5
      vertex -31 -25.5 26
      vertex -31 -30.5 26
    endloop
  endfacet
  facet normal -1 0 0
    outer loop
      vertex -31 -25.5 38.5
      vertex -31 -30.5 38.5
      vertex -31 -25.5 40.5
    endloop
  endfacet
  facet normal -1 0 0
    outer loop
      vertex -31 -30.5 38.5
      vertex -31 -30.5 40.5
      vertex -31 -25.5 40.5
    endloop
  endfacet
  facet normal -1 0 0
    outer loop
      vertex -31 -31 38.5
      vertex -31 -30.5 40.5
      vertex -31 -30.5 38.5
    endloop
  endfacet
  facet normal -1 0 0
    outer loop
      vertex -31 -31 41.7733
      vertex -31 -30.5 40.5
      vertex -31 -31 38.5
    endloop
  endfacet
  facet normal -1 0 0
    outer loop
      vertex -31 -30.5 40.5
      vertex -31 -31 41.7733
      vertex -31 -30.5 41.7733
    endloop
  endfacet
  facet normal 1 0 0
    outer loop
      vertex -25 31 47.5
      vertex -25 30.5 46.5
      vertex -25 31 45.2267
    endloop
  endfacet
  facet normal 1 0 0
    outer loop
      vertex -25 31 47.5
      vertex -25 25.5 46.5
      vertex -25 30.5 46.5
    endloop
  endfacet
  facet normal 1 0 0
    outer loop
      vertex -25 25.5 46.5
      vertex -25 24 45.2267
      vertex -25 25.5 45.2267
    endloop
  endfacet
  facet normal 1 0 0
    outer loop
      vertex -25 24 45.2267
      vertex -25 -24 45.2267
      vertex -25 24 41.7733
    endloop
  endfacet
  facet normal 1 0 0
    outer loop
      vertex -25 25.5 46.5
      vertex -25 -24 45.2267
      vertex -25 24 45.2267
    endloop
  endfacet
  facet normal 1 0 0
    outer loop
      vertex -25 -25.5 46.5
      vertex -25 25.5 46.5
      vertex -25 31 47.5
    endloop
  endfacet
  facet normal 1 0 0
    outer loop
      vertex -25 25.5 46.5
      vertex -25 -25.5 46.5
      vertex -25 -24 45.2267
    endloop
  endfacet
  facet normal 1 -0 0
    outer loop
      vertex -25 -31 47.5
      vertex -25 -25.5 46.5
      vertex -25 31 47.5
    endloop
  endfacet
  facet normal 1 0 0
    outer loop
      vertex -25 -25.5 46.5
      vertex -25 -31 47.5
      vertex -25 -30.5 46.5
    endloop
  endfacet
  facet normal 1 0 0
    outer loop
      vertex -25 -31 45.2267
      vertex -25 -30.5 46.5
      vertex -25 -31 47.5
    endloop
  endfacet
  facet normal 1 0 0
    outer loop
      vertex -25 -30.5 46.5
      vertex -25 -31 45.2267
      vertex -25 -30.5 45.2267
    endloop
  endfacet
  facet normal 1 0 0
    outer loop
      vertex -25 31 45.2267
      vertex -25 30.5 46.5
      vertex -25 30.5 45.2267
    endloop
  endfacet
  facet normal 1 0 0
    outer loop
      vertex -25 30.5 40.5
      vertex -25 31 41.7733
      vertex -25 30.5 41.7733
    endloop
  endfacet
  facet normal 1 0 0
    outer loop
      vertex -25 31 41.7733
      vertex -25 30.5 40.5
      vertex -25 31 38.5
    endloop
  endfacet
  facet normal 1 0 0
    outer loop
      vertex -25 30.5 40.5
      vertex -25 30.5 38.5
      vertex -25 31 38.5
    endloop
  endfacet
  facet normal 1 0 0
    outer loop
      vertex -25 25.5 38.5
      vertex -25 30.5 38.5
      vertex -25 30.5 40.5
    endloop
  endfacet
  facet normal 1 0 0
    outer loop
      vertex -25 25.5 38.5
      vertex -25 30.5 40.5
      vertex -25 25.5 40.5
    endloop
  endfacet
  facet normal 1 0 0
    outer loop
      vertex -25 30.5 38.5
      vertex -25 25.5 38.5
      vertex -25 30.5 26
    endloop
  endfacet
  facet normal 1 0 0
    outer loop
      vertex -25 30.5 26
      vertex -25 25.5 38.5
      vertex -25 25.5 26
    endloop
  endfacet
  facet normal 1 -0 0
    outer loop
      vertex -25 24 41.7733
      vertex -25 25.5 40.5
      vertex -25 25.5 41.7733
    endloop
  endfacet
  facet normal 1 0 0
    outer loop
      vertex -25 25.5 40.5
      vertex -25 24 41.7733
      vertex -25 25.5 38.5
    endloop
  endfacet
  facet normal 1 0 0
    outer loop
      vertex -25 -24 41.7733
      vertex -25 24 41.7733
      vertex -25 -24 45.2267
    endloop
  endfacet
  facet normal 1 0 0
    outer loop
      vertex -25 24 41.7733
      vertex -25 -24 41.7733
      vertex -25 25.5 38.5
    endloop
  endfacet
  facet normal 1 0 0
    outer loop
      vertex -25 -25.5 40.5
      vertex -25 -24 41.7733
      vertex -25 -25.5 41.7733
    endloop
  endfacet
  facet normal 1 0 0
    outer loop
      vertex -25 -25.5 38.5
      vertex -25 -24 41.7733
      vertex -25 -25.5 40.5
    endloop
  endfacet
  facet normal 1 0 0
    outer loop
      vertex -25 -24 41.7733
      vertex -25 -25.5 38.5
      vertex -25 25.5 38.5
    endloop
  endfacet
  facet normal 1 0 0
    outer loop
      vertex -25 -30.5 38.5
      vertex -25 -25.5 38.5
      vertex -25 -25.5 40.5
    endloop
  endfacet
  facet normal 1 0 0
    outer loop
      vertex -25 -30.5 38.5
      vertex -25 -25.5 40.5
      vertex -25 -30.5 40.5
    endloop
  endfacet
  facet normal 1 0 0
    outer loop
      vertex -25 -25.5 38.5
      vertex -25 -30.5 38.5
      vertex -25 -25.5 26
    endloop
  endfacet
  facet normal 1 0 0
    outer loop
      vertex -25 -25.5 26
      vertex -25 -30.5 38.5
      vertex -25 -30.5 26
    endloop
  endfacet
  facet normal 1 0 0
    outer loop
      vertex -25 -24 45.2267
      vertex -25 -25.5 46.5
      vertex -25 -25.5 45.2267
    endloop
  endfacet
  facet normal 1 -0 0
    outer loop
      vertex -25 -31 41.7733
      vertex -25 -30.5 40.5
      vertex -25 -30.5 41.7733
    endloop
  endfacet
  facet normal 1 0 0
    outer loop
      vertex -25 -31 38.5
      vertex -25 -30.5 40.5
      vertex -25 -31 41.7733
    endloop
  endfacet
  facet normal 1 0 0
    outer loop
      vertex -25 -30.5 40.5
      vertex -25 -31 38.5
      vertex -25 -30.5 38.5
    endloop
  endfacet
  facet normal 0 1 0
    outer loop
      vertex -26.9184 31 40.1713
      vertex -25 31 38.5
      vertex -28 31 40
    endloop
  endfacet
  facet normal 0 1 0
    outer loop
      vertex -25.9428 31 40.6684
      vertex -25 31 38.5
      vertex -26.9184 31 40.1713
    endloop
  endfacet
  facet normal 0 1 0
    outer loop
      vertex -25.1684 31 41.4427
      vertex -25 31 38.5
      vertex -25.9428 31 40.6684
    endloop
  endfacet
  facet normal 0 1 -0
    outer loop
      vertex -25 31 38.5
      vertex -25.1684 31 41.4427
      vertex -25 31 41.7733
    endloop
  endfacet
  facet normal 0 1 0
    outer loop
      vertex -31 31 38.5
      vertex -28 31 40
      vertex -25 31 38.5
    endloop
  endfacet
  facet normal 0 1 0
    outer loop
      vertex -30.8316 31 41.4427
      vertex -31 31 38.5
      vertex -31 31 41.7733
    endloop
  endfacet
  facet normal 0 1 0
    outer loop
      vertex -30.0572 31 40.6684
      vertex -31 31 38.5
      vertex -30.8316 31 41.4427
    endloop
  endfacet
  facet normal 0 1 0
    outer loop
      vertex -29.0816 31 40.1713
      vertex -31 31 38.5
      vertex -30.0572 31 40.6684
    endloop
  endfacet
  facet normal 0 1 0
    outer loop
      vertex -28 31 40
      vertex -31 31 38.5
      vertex -29.0816 31 40.1713
    endloop
  endfacet
  facet normal 0 1 0
    outer loop
      vertex -25 31 47.5
      vertex -28 31 47
      vertex -31 31 47.5
    endloop
  endfacet
  facet normal 0 1 0
    outer loop
      vertex -25 31 47.5
      vertex -26.9184 31 46.8287
      vertex -28 31 47
    endloop
  endfacet
  facet normal 0 1 0
    outer loop
      vertex -25 31 47.5
      vertex -25.9428 31 46.3316
      vertex -26.9184 31 46.8287
    endloop
  endfacet
  facet normal 0 1 0
    outer loop
      vertex -25 31 47.5
      vertex -25.1684 31 45.5572
      vertex -25.9428 31 46.3316
    endloop
  endfacet
  facet normal -0 1 0
    outer loop
      vertex -25.1684 31 45.5572
      vertex -25 31 47.5
      vertex -25 31 45.2267
    endloop
  endfacet
  facet normal 0 1 -0
    outer loop
      vertex -29.0816 31 46.8287
      vertex -31 31 47.5
      vertex -28 31 47
    endloop
  endfacet
  facet normal 0 1 -0
    outer loop
      vertex -30.0572 31 46.3316
      vertex -31 31 47.5
      vertex -29.0816 31 46.8287
    endloop
  endfacet
  facet normal 0 1 -0
    outer loop
      vertex -30.8316 31 45.5572
      vertex -31 31 47.5
      vertex -30.0572 31 46.3316
    endloop
  endfacet
  facet normal 0 1 0
    outer loop
      vertex -31 31 47.5
      vertex -30.8316 31 45.5572
      vertex -31 31 45.2267
    endloop
  endfacet
  facet normal 0 0 -1
    outer loop
      vertex -31 -31 38.5
      vertex -25 -30.5 38.5
      vertex -25 -31 38.5
    endloop
  endfacet
  facet normal -0 0 -1
    outer loop
      vertex -25 -30.5 38.5
      vertex -31 -31 38.5
      vertex -31 -30.5 38.5
    endloop
  endfacet
  facet normal 0 0 -1
    outer loop
      vertex -31 30.5 38.5
      vertex -25 31 38.5
      vertex -25 30.5 38.5
    endloop
  endfacet
  facet normal -0 0 -1
    outer loop
      vertex -25 31 38.5
      vertex -31 30.5 38.5
      vertex -31 31 38.5
    endloop
  endfacet
  facet normal 0 0 -1
    outer loop
      vertex -31 -25.5 38.5
      vertex -25 25.5 38.5
      vertex -25 -25.5 38.5
    endloop
  endfacet
  facet normal -0 0 -1
    outer loop
      vertex -25 25.5 38.5
      vertex -31 -25.5 38.5
      vertex -31 25.5 38.5
    endloop
  endfacet
  facet normal 0 -1 -0
    outer loop
      vertex -29.0816 -31 40.1713
      vertex -31 -31 38.5
      vertex -28 -31 40
    endloop
  endfacet
  facet normal 0 -1 -0
    outer loop
      vertex -30.0572 -31 40.6684
      vertex -31 -31 38.5
      vertex -29.0816 -31 40.1713
    endloop
  endfacet
  facet normal 0 -1 -0
    outer loop
      vertex -30.8316 -31 41.4427
      vertex -31 -31 38.5
      vertex -30.0572 -31 40.6684
    endloop
  endfacet
  facet normal 0 -1 0
    outer loop
      vertex -31 -31 38.5
      vertex -30.8316 -31 41.4427
      vertex -31 -31 41.7733
    endloop
  endfacet
  facet normal 0 -1 0
    outer loop
      vertex -25 -31 38.5
      vertex -28 -31 40
      vertex -31 -31 38.5
    endloop
  endfacet
  facet normal 0 -1 0
    outer loop
      vertex -25.1684 -31 41.4427
      vertex -25 -31 38.5
      vertex -25 -31 41.7733
    endloop
  endfacet
  facet normal 0 -1 0
    outer loop
      vertex -25.9428 -31 40.6684
      vertex -25 -31 38.5
      vertex -25.1684 -31 41.4427
    endloop
  endfacet
  facet normal 0 -1 0
    outer loop
      vertex -26.9184 -31 40.1713
      vertex -25 -31 38.5
      vertex -25.9428 -31 40.6684
    endloop
  endfacet
  facet normal 0 -1 0
    outer loop
      vertex -28 -31 40
      vertex -25 -31 38.5
      vertex -26.9184 -31 40.1713
    endloop
  endfacet
  facet normal 0 -1 0
    outer loop
      vertex -31 -31 47.5
      vertex -28 -31 47
      vertex -25 -31 47.5
    endloop
  endfacet
  facet normal 0 -1 0
    outer loop
      vertex -31 -31 47.5
      vertex -29.0816 -31 46.8287
      vertex -28 -31 47
    endloop
  endfacet
  facet normal 0 -1 0
    outer loop
      vertex -31 -31 47.5
      vertex -30.0572 -31 46.3316
      vertex -29.0816 -31 46.8287
    endloop
  endfacet
  facet normal 0 -1 0
    outer loop
      vertex -31 -31 47.5
      vertex -30.8316 -31 45.5572
      vertex -30.0572 -31 46.3316
    endloop
  endfacet
  facet normal -0 -1 0
    outer loop
      vertex -30.8316 -31 45.5572
      vertex -31 -31 47.5
      vertex -31 -31 45.2267
    endloop
  endfacet
  facet normal 0 -1 0
    outer loop
      vertex -26.9184 -31 46.8287
      vertex -25 -31 47.5
      vertex -28 -31 47
    endloop
  endfacet
  facet normal 0 -1 0
    outer loop
      vertex -25.9428 -31 46.3316
      vertex -25 -31 47.5
      vertex -26.9184 -31 46.8287
    endloop
  endfacet
  facet normal 0 -1 0
    outer loop
      vertex -25.1684 -31 45.5572
      vertex -25 -31 47.5
      vertex -25.9428 -31 46.3316
    endloop
  endfacet
  facet normal 0 -1 -0
    outer loop
      vertex -25 -31 47.5
      vertex -25.1684 -31 45.5572
      vertex -25 -31 45.2267
    endloop
  endfacet
  facet normal -1 0 0
    outer loop
      vertex -3 31 38.5
      vertex -3 30.5 40.5
      vertex -3 31 47.5
    endloop
  endfacet
  facet normal -1 0 0
    outer loop
      vertex -3 31 38.5
      vertex -3 25.5 40.5
      vertex -3 30.5 40.5
    endloop
  endfacet
  facet normal -1 0 0
    outer loop
      vertex -3 25.5 40.5
      vertex -3 -25.5 40.5
      vertex -3 25.5 46.5
    endloop
  endfacet
  facet normal -1 0 0
    outer loop
      vertex -3 31 38.5
      vertex -3 -25.5 40.5
      vertex -3 25.5 40.5
    endloop
  endfacet
  facet normal -1 0 0
    outer loop
      vertex -3 -31 38.5
      vertex -3 -25.5 40.5
      vertex -3 31 38.5
    endloop
  endfacet
  facet normal -1 0 0
    outer loop
      vertex -3 -31 47.5
      vertex -3 -30.5 40.5
      vertex -3 -31 38.5
    endloop
  endfacet
  facet normal -1 -0 0
    outer loop
      vertex -3 -25.5 40.5
      vertex -3 -31 38.5
      vertex -3 -30.5 40.5
    endloop
  endfacet
  facet normal -1 0 0
    outer loop
      vertex -3 30.5 46.5
      vertex -3 31 47.5
      vertex -3 30.5 40.5
    endloop
  endfacet
  facet normal -1 0 0
    outer loop
      vertex -3 25.5 46.5
      vertex -3 31 47.5
      vertex -3 30.5 46.5
    endloop
  endfacet
  facet normal -1 0 0
    outer loop
      vertex -3 -25.5 46.5
      vertex -3 25.5 46.5
      vertex -3 -25.5 40.5
    endloop
  endfacet
  facet normal -1 0 0
    outer loop
      vertex -3 25.5 46.5
      vertex -3 -25.5 46.5
      vertex -3 31 47.5
    endloop
  endfacet
  facet normal -1 0 0
    outer loop
      vertex -3 -31 47.5
      vertex -3 -25.5 46.5
      vertex -3 -30.5 46.5
    endloop
  endfacet
  facet normal -1 0 0
    outer loop
      vertex -3 -25.5 46.5
      vertex -3 -31 47.5
      vertex -3 31 47.5
    endloop
  endfacet
  facet normal -1 0 0
    outer loop
      vertex -3 -30.5 40.5
      vertex -3 -31 47.5
      vertex -3 -30.5 46.5
    endloop
  endfacet
  facet normal 1 0 0
    outer loop
      vertex 3 30.5 40.5
      vertex 3 31 47.5
      vertex 3 30.5 46.5
    endloop
  endfacet
  facet normal 1 0 0
    outer loop
      vertex 3 31 47.5
      vertex 3 25.5 46.5
      vertex 3 30.5 46.5
    endloop
  endfacet
  facet normal 1 0 0
    outer loop
      vertex 3 25.5 46.5
      vertex 3 -25.5 46.5
      vertex 3 25.5 40.5
    endloop
  endfacet
  facet normal 1 0 0
    outer loop
      vertex 3 31 47.5
      vertex 3 -25.5 46.5
      vertex 3 25.5 46.5
    endloop
  endfacet
  facet normal 1 -0 0
    outer loop
      vertex 3 -31 47.5
      vertex 3 -25.5 46.5
      vertex 3 31 47.5
    endloop
  endfacet
  facet normal 1 0 0
    outer loop
      vertex 3 -30.5 46.5
      vertex 3 -31 47.5
      vertex 3 -30.5 40.5
    endloop
  endfacet
  facet normal 1 0 0
    outer loop
      vertex 3 -25.5 46.5
      vertex 3 -31 47.5
      vertex 3 -30.5 46.5
    endloop
  endfacet
  facet normal 1 0 0
    outer loop
      vertex 3 31 47.5
      vertex 3 30.5 40.5
      vertex 3 31 38.5
    endloop
  endfacet
  facet normal 1 -0 0
    outer loop
      vertex 3 25.5 40.5
      vertex 3 31 38.5
      vertex 3 30.5 40.5
    endloop
  endfacet
  facet normal 1 0 0
    outer loop
      vertex 3 -25.5 40.5
      vertex 3 25.5 40.5
      vertex 3 -25.5 46.5
    endloop
  endfacet
  facet normal 1 0 0
    outer loop
      vertex 3 25.5 40.5
      vertex 3 -25.5 40.5
      vertex 3 31 38.5
    endloop
  endfacet
  facet normal 1 0 0
    outer loop
      vertex 3 -31 38.5
      vertex 3 -25.5 40.5
      vertex 3 -30.5 40.5
    endloop
  endfacet
  facet normal 1 0 0
    outer loop
      vertex 3 -25.5 40.5
      vertex 3 -31 38.5
      vertex 3 31 38.5
    endloop
  endfacet
  facet normal 1 0 0
    outer loop
      vertex 3 -31 38.5
      vertex 3 -30.5 40.5
      vertex 3 -31 47.5
    endloop
  endfacet
  facet normal 0 0 -1
    outer loop
      vertex -3 -31 38.5
      vertex 3 31 38.5
      vertex 3 -31 38.5
    endloop
  endfacet
  facet normal -0 0 -1
    outer loop
      vertex 3 31 38.5
      vertex -3 -31 38.5
      vertex -3 31 38.5
    endloop
  endfacet
  facet normal 0 -1 0
    outer loop
      vertex -3 -31 38.5
      vertex 3 -31 47.5
      vertex -3 -31 47.5
    endloop
  endfacet
  facet normal 0 -1 -0
    outer loop
      vertex 3 -31 47.5
      vertex -3 -31 38.5
      vertex 3 -31 38.5
    endloop
  endfacet
  facet normal 0 1 -0
    outer loop
      vertex 3 31 38.5
      vertex -3 31 47.5
      vertex 3 31 47.5
    endloop
  endfacet
  facet normal 0 1 0
    outer loop
      vertex -3 31 47.5
      vertex 3 31 38.5
      vertex -3 31 38.5
    endloop
  endfacet
  facet normal -1 0 0
    outer loop
      vertex 25 -30.5 45.2267
      vertex 25 -31 45.2267
      vertex 25 -30.5 46.5
    endloop
  endfacet
  facet normal -1 0 0
    outer loop
      vertex 25 30.5 40.5
      vertex 25 31 38.5
      vertex 25 30.5 38.5
    endloop
  endfacet
  facet normal -1 0 0
    outer loop
      vertex 25 31 38.5
      vertex 25 30.5 40.5
      vertex 25 31 41.7733
    endloop
  endfacet
  facet normal -1 -0 0
    outer loop
      vertex 25 31 41.7733
      vertex 25 30.5 40.5
      vertex 25 30.5 41.7733
    endloop
  endfacet
  facet normal -1 0 0
    outer loop
      vertex 25 25.5 38.5
      vertex 25 30.5 38.5
      vertex 25 30.5 26
    endloop
  endfacet
  facet normal -1 0 0
    outer loop
      vertex 25 25.5 38.5
      vertex 25 30.5 26
      vertex 25 25.5 26
    endloop
  endfacet
  facet normal -1 0 0
    outer loop
      vertex 25 30.5 38.5
      vertex 25 25.5 38.5
      vertex 25 30.5 40.5
    endloop
  endfacet
  facet normal -1 0 0
    outer loop
      vertex 25 25.5 38.5
      vertex 25 25.5 40.5
      vertex 25 30.5 40.5
    endloop
  endfacet
  facet normal -1 0 0
    outer loop
      vertex 25 24 41.7733
      vertex 25 25.5 40.5
      vertex 25 25.5 38.5
    endloop
  endfacet
  facet normal -1 0 0
    outer loop
      vertex 25 25.5 40.5
      vertex 25 24 41.7733
      vertex 25 25.5 41.7733
    endloop
  endfacet
  facet normal -1 0 0
    outer loop
      vertex 25 24 41.7733
      vertex 25 -24 41.7733
      vertex 25 24 45.2267
    endloop
  endfacet
  facet normal -1 0 0
    outer loop
      vertex 25 25.5 38.5
      vertex 25 -24 41.7733
      vertex 25 24 41.7733
    endloop
  endfacet
  facet normal -1 0 0
    outer loop
      vertex 25 -25.5 38.5
      vertex 25 -24 41.7733
      vertex 25 25.5 38.5
    endloop
  endfacet
  facet normal -1 0 0
    outer loop
      vertex 25 -25.5 40.5
      vertex 25 -24 41.7733
      vertex 25 -25.5 38.5
    endloop
  endfacet
  facet normal -1 -0 0
    outer loop
      vertex 25 -24 41.7733
      vertex 25 -25.5 40.5
      vertex 25 -25.5 41.7733
    endloop
  endfacet
  facet normal -1 0 0
    outer loop
      vertex 25 25.5 45.2267
      vertex 25 24 45.2267
      vertex 25 25.5 46.5
    endloop
  endfacet
  facet normal -1 0 0
    outer loop
      vertex 25 30.5 46.5
      vertex 25 31 45.2267
      vertex 25 30.5 45.2267
    endloop
  endfacet
  facet normal -1 0 0
    outer loop
      vertex 25 31 45.2267
      vertex 25 30.5 46.5
      vertex 25 31 47.5
    endloop
  endfacet
  facet normal -1 0 0
    outer loop
      vertex 25 25.5 46.5
      vertex 25 31 47.5
      vertex 25 30.5 46.5
    endloop
  endfacet
  facet normal -1 0 0
    outer loop
      vertex 25 -24 45.2267
      vertex 25 24 45.2267
      vertex 25 -24 41.7733
    endloop
  endfacet
  facet normal -1 0 0
    outer loop
      vertex 25 24 45.2267
      vertex 25 -24 45.2267
      vertex 25 25.5 46.5
    endloop
  endfacet
  facet normal -1 0 0
    outer loop
      vertex 25 -25.5 46.5
      vertex 25 25.5 46.5
      vertex 25 -24 45.2267
    endloop
  endfacet
  facet normal -1 0 0
    outer loop
      vertex 25 -25.5 46.5
      vertex 25 -24 45.2267
      vertex 25 -25.5 45.2267
    endloop
  endfacet
  facet normal -1 0 0
    outer loop
      vertex 25 25.5 46.5
      vertex 25 -25.5 46.5
      vertex 25 31 47.5
    endloop
  endfacet
  facet normal -1 0 0
    outer loop
      vertex 25 -31 47.5
      vertex 25 -25.5 46.5
      vertex 25 -30.5 46.5
    endloop
  endfacet
  facet normal -1 0 0
    outer loop
      vertex 25 -25.5 46.5
      vertex 25 -31 47.5
      vertex 25 31 47.5
    endloop
  endfacet
  facet normal -1 0 0
    outer loop
      vertex 25 -31 47.5
      vertex 25 -30.5 46.5
      vertex 25 -31 45.2267
    endloop
  endfacet
  facet normal -1 0 0
    outer loop
      vertex 25 -30.5 38.5
      vertex 25 -25.5 38.5
      vertex 25 -25.5 26
    endloop
  endfacet
  facet normal -1 0 0
    outer loop
      vertex 25 -30.5 38.5
      vertex 25 -25.5 26
      vertex 25 -30.5 26
    endloop
  endfacet
  facet normal -1 0 0
    outer loop
      vertex 25 -25.5 38.5
      vertex 25 -30.5 38.5
      vertex 25 -25.5 40.5
    endloop
  endfacet
  facet normal -1 0 0
    outer loop
      vertex 25 -30.5 38.5
      vertex 25 -30.5 40.5
      vertex 25 -25.5 40.5
    endloop
  endfacet
  facet normal -1 0 0
    outer loop
      vertex 25 -31 38.5
      vertex 25 -30.5 40.5
      vertex 25 -30.5 38.5
    endloop
  endfacet
  facet normal -1 0 0
    outer loop
      vertex 25 -31 41.7733
      vertex 25 -30.5 40.5
      vertex 25 -31 38.5
    endloop
  endfacet
  facet normal -1 0 0
    outer loop
      vertex 25 -30.5 40.5
      vertex 25 -31 41.7733
      vertex 25 -30.5 41.7733
    endloop
  endfacet
  facet normal -1 0 0
    outer loop
      vertex 31 -36 18.6048
      vertex 31 -25.5 26
      vertex 31 -18 18.6048
    endloop
  endfacet
  facet normal -1 0 0
    outer loop
      vertex 31 -30.5 26
      vertex 31 -31 38.5
      vertex 31 -30.5 38.5
    endloop
  endfacet
  facet normal -1 0 0
    outer loop
      vertex 31 -31 38.5
      vertex 31 -32 41.7733
      vertex 31 -31 41.7733
    endloop
  endfacet
  facet normal -1 0 0
    outer loop
      vertex 31 -36 18.6048
      vertex 31 -31 38.5
      vertex 31 -30.5 26
    endloop
  endfacet
  facet normal -1 0 0
    outer loop
      vertex 31 -31 38.5
      vertex 31 -36 47.5
      vertex 31 -32 41.7733
    endloop
  endfacet
  facet normal -1 0 0
    outer loop
      vertex 31 -36 47.5
      vertex 31 -31 38.5
      vertex 31 -36 18.6048
    endloop
  endfacet
  facet normal -1 -0 0
    outer loop
      vertex 31 -25.5 26
      vertex 31 -36 18.6048
      vertex 31 -30.5 26
    endloop
  endfacet
  facet normal -1 0 0
    outer loop
      vertex 31 18 16.5
      vertex 31 -18 16.5
      vertex 31 18 18.6048
    endloop
  endfacet
  facet normal -1 0 0
    outer loop
      vertex 31 31 38.5
      vertex 31 36 47.5
      vertex 31 36 18.6048
    endloop
  endfacet
  facet normal -1 0 0
    outer loop
      vertex 31 36 47.5
      vertex 31 31 38.5
      vertex 31 32 41.7733
    endloop
  endfacet
  facet normal -1 0 0
    outer loop
      vertex 31 36 18.6048
      vertex 31 30.5 26
      vertex 31 31 38.5
    endloop
  endfacet
  facet normal -1 0 0
    outer loop
      vertex 31 36 18.6048
      vertex 31 25.5 26
      vertex 31 30.5 26
    endloop
  endfacet
  facet normal -1 0 0
    outer loop
      vertex 31 18 18.6048
      vertex 31 25.5 26
      vertex 31 36 18.6048
    endloop
  endfacet
  facet normal -1 0 0
    outer loop
      vertex 31 18 18.6048
      vertex 31 25.5 38.5
      vertex 31 25.5 26
    endloop
  endfacet
  facet normal -1 0 0
    outer loop
      vertex 31 -18 18.6048
      vertex 31 18 18.6048
      vertex 31 -18 16.5
    endloop
  endfacet
  facet normal -1 0 0
    outer loop
      vertex 31 18 18.6048
      vertex 31 -18 18.6048
      vertex 31 25.5 38.5
    endloop
  endfacet
  facet normal -1 0 0
    outer loop
      vertex 31 -25.5 38.5
      vertex 31 -18 18.6048
      vertex 31 -25.5 26
    endloop
  endfacet
  facet normal -1 0 0
    outer loop
      vertex 31 -18 18.6048
      vertex 31 -25.5 38.5
      vertex 31 25.5 38.5
    endloop
  endfacet
  facet normal -1 0 0
    outer loop
      vertex 31 32 45.2267
      vertex 31 36 47.5
      vertex 31 32 41.7733
    endloop
  endfacet
  facet normal -1 0 0
    outer loop
      vertex 31 31 47.5
      vertex 31 32 45.2267
      vertex 31 31 45.2267
    endloop
  endfacet
  facet normal -1 0 0
    outer loop
      vertex 31 32 45.2267
      vertex 31 31 47.5
      vertex 31 36 47.5
    endloop
  endfacet
  facet normal -1 -0 0
    outer loop
      vertex 31 32 41.7733
      vertex 31 31 38.5
      vertex 31 31 41.7733
    endloop
  endfacet
  facet normal -1 -0 0
    outer loop
      vertex 31 31 38.5
      vertex 31 30.5 26
      vertex 31 30.5 38.5
    endloop
  endfacet
  facet normal -1 0 0
    outer loop
      vertex 31 -32 45.2267
      vertex 31 -31 47.5
      vertex 31 -31 45.2267
    endloop
  endfacet
  facet normal -1 0 0
    outer loop
      vertex 31 -32 45.2267
      vertex 31 -36 47.5
      vertex 31 -31 47.5
    endloop
  endfacet
  facet normal -1 0 0
    outer loop
      vertex 31 -32 41.7733
      vertex 31 -36 47.5
      vertex 31 -32 45.2267
    endloop
  endfacet
  facet normal -1 0 0
    outer loop
      vertex 31 36 54.5
      vertex 31 31 92.5
      vertex 31 36 92.5
    endloop
  endfacet
  facet normal -1 0 0
    outer loop
      vertex 31 36 54.5
      vertex 31 -31 92.5
      vertex 31 31 92.5
    endloop
  endfacet
  facet normal -1 0 0
    outer loop
      vertex 31 -36 54.5
      vertex 31 -31 92.5
      vertex 31 36 54.5
    endloop
  endfacet
  facet normal -1 -0 0
    outer loop
      vertex 31 -31 92.5
      vertex 31 -36 54.5
      vertex 31 -36 92.5
    endloop
  endfacet
  facet normal 0 0 -1
    outer loop
      vertex 25 -31 38.5
      vertex 31 -30.5 38.5
      vertex 31 -31 38.5
    endloop
  endfacet
  facet normal -0 0 -1
    outer loop
      vertex 31 -30.5 38.5
      vertex 25 -31 38.5
      vertex 25 -30.5 38.5
    endloop
  endfacet
  facet normal 0 0 -1
    outer loop
      vertex 25 30.5 38.5
      vertex 31 31 38.5
      vertex 31 30.5 38.5
    endloop
  endfacet
  facet normal -0 0 -1
    outer loop
      vertex 31 31 38.5
      vertex 25 30.5 38.5
      vertex 25 31 38.5
    endloop
  endfacet
  facet normal 0 0 -1
    outer loop
      vertex 25 -25.5 38.5
      vertex 31 25.5 38.5
      vertex 31 -25.5 38.5
    endloop
  endfacet
  facet normal -0 0 -1
    outer loop
      vertex 31 25.5 38.5
      vertex 25 -25.5 38.5
      vertex 25 25.5 38.5
    endloop
  endfacet
  facet normal 0 -1 -0
    outer loop
      vertex 26.9184 -31 40.1713
      vertex 25 -31 38.5
      vertex 28 -31 40
    endloop
  endfacet
  facet normal 0 -1 -0
    outer loop
      vertex 25.9428 -31 40.6684
      vertex 25 -31 38.5
      vertex 26.9184 -31 40.1713
    endloop
  endfacet
  facet normal 0 -1 -0
    outer loop
      vertex 25.1684 -31 41.4427
      vertex 25 -31 38.5
      vertex 25.9428 -31 40.6684
    endloop
  endfacet
  facet normal 0 -1 0
    outer loop
      vertex 25 -31 38.5
      vertex 25.1684 -31 41.4427
      vertex 25 -31 41.7733
    endloop
  endfacet
  facet normal 0 -1 0
    outer loop
      vertex 31 -31 38.5
      vertex 28 -31 40
      vertex 25 -31 38.5
    endloop
  endfacet
  facet normal 0 -1 0
    outer loop
      vertex 30.8316 -31 41.4427
      vertex 31 -31 38.5
      vertex 31 -31 41.7733
    endloop
  endfacet
  facet normal 0 -1 0
    outer loop
      vertex 30.0572 -31 40.6684
      vertex 31 -31 38.5
      vertex 30.8316 -31 41.4427
    endloop
  endfacet
  facet normal 0 -1 0
    outer loop
      vertex 29.0816 -31 40.1713
      vertex 31 -31 38.5
      vertex 30.0572 -31 40.6684
    endloop
  endfacet
  facet normal 0 -1 0
    outer loop
      vertex 28 -31 40
      vertex 31 -31 38.5
      vertex 29.0816 -31 40.1713
    endloop
  endfacet
  facet normal 0 -1 0
    outer loop
      vertex 25 -31 47.5
      vertex 28 -31 47
      vertex 31 -31 47.5
    endloop
  endfacet
  facet normal 0 -1 0
    outer loop
      vertex 25 -31 47.5
      vertex 26.9184 -31 46.8287
      vertex 28 -31 47
    endloop
  endfacet
  facet normal 0 -1 0
    outer loop
      vertex 25 -31 47.5
      vertex 25.9428 -31 46.3316
      vertex 26.9184 -31 46.8287
    endloop
  endfacet
  facet normal 0 -1 0
    outer loop
      vertex 25 -31 47.5
      vertex 25.1684 -31 45.5572
      vertex 25.9428 -31 46.3316
    endloop
  endfacet
  facet normal -0 -1 0
    outer loop
      vertex 25.1684 -31 45.5572
      vertex 25 -31 47.5
      vertex 25 -31 45.2267
    endloop
  endfacet
  facet normal 0 -1 0
    outer loop
      vertex 29.0816 -31 46.8287
      vertex 31 -31 47.5
      vertex 28 -31 47
    endloop
  endfacet
  facet normal 0 -1 0
    outer loop
      vertex 30.0572 -31 46.3316
      vertex 31 -31 47.5
      vertex 29.0816 -31 46.8287
    endloop
  endfacet
  facet normal 0 -1 0
    outer loop
      vertex 30.8316 -31 45.5572
      vertex 31 -31 47.5
      vertex 30.0572 -31 46.3316
    endloop
  endfacet
  facet normal 0 -1 -0
    outer loop
      vertex 31 -31 47.5
      vertex 30.8316 -31 45.5572
      vertex 31 -31 45.2267
    endloop
  endfacet
  facet normal 0 1 0
    outer loop
      vertex 29.0816 31 40.1713
      vertex 31 31 38.5
      vertex 28 31 40
    endloop
  endfacet
  facet normal 0 1 0
    outer loop
      vertex 30.0572 31 40.6684
      vertex 31 31 38.5
      vertex 29.0816 31 40.1713
    endloop
  endfacet
  facet normal 0 1 0
    outer loop
      vertex 30.8316 31 41.4427
      vertex 31 31 38.5
      vertex 30.0572 31 40.6684
    endloop
  endfacet
  facet normal 0 1 -0
    outer loop
      vertex 31 31 38.5
      vertex 30.8316 31 41.4427
      vertex 31 31 41.7733
    endloop
  endfacet
  facet normal 0 1 0
    outer loop
      vertex 25 31 38.5
      vertex 28 31 40
      vertex 31 31 38.5
    endloop
  endfacet
  facet normal 0 1 0
    outer loop
      vertex 25.1684 31 41.4427
      vertex 25 31 38.5
      vertex 25 31 41.7733
    endloop
  endfacet
  facet normal 0 1 0
    outer loop
      vertex 25.9428 31 40.6684
      vertex 25 31 38.5
      vertex 25.1684 31 41.4427
    endloop
  endfacet
  facet normal 0 1 0
    outer loop
      vertex 26.9184 31 40.1713
      vertex 25 31 38.5
      vertex 25.9428 31 40.6684
    endloop
  endfacet
  facet normal 0 1 0
    outer loop
      vertex 28 31 40
      vertex 25 31 38.5
      vertex 26.9184 31 40.1713
    endloop
  endfacet
  facet normal 0 1 0
    outer loop
      vertex 31 31 47.5
      vertex 28 31 47
      vertex 25 31 47.5
    endloop
  endfacet
  facet normal 0 1 0
    outer loop
      vertex 31 31 47.5
      vertex 29.0816 31 46.8287
      vertex 28 31 47
    endloop
  endfacet
  facet normal 0 1 0
    outer loop
      vertex 31 31 47.5
      vertex 30.0572 31 46.3316
      vertex 29.0816 31 46.8287
    endloop
  endfacet
  facet normal 0 1 0
    outer loop
      vertex 31 31 47.5
      vertex 30.8316 31 45.5572
      vertex 30.0572 31 46.3316
    endloop
  endfacet
  facet normal -0 1 0
    outer loop
      vertex 30.8316 31 45.5572
      vertex 31 31 47.5
      vertex 31 31 45.2267
    endloop
  endfacet
  facet normal 0 1 -0
    outer loop
      vertex 26.9184 31 46.8287
      vertex 25 31 47.5
      vertex 28 31 47
    endloop
  endfacet
  facet normal 0 1 -0
    outer loop
      vertex 25.9428 31 46.3316
      vertex 25 31 47.5
      vertex 26.9184 31 46.8287
    endloop
  endfacet
  facet normal 0 1 -0
    outer loop
      vertex 25.1684 31 45.5572
      vertex 25 31 47.5
      vertex 25.9428 31 46.3316
    endloop
  endfacet
  facet normal 0 1 0
    outer loop
      vertex 25 31 47.5
      vertex 25.1684 31 45.5572
      vertex 25 31 45.2267
    endloop
  endfacet
  facet normal 0.991446 -0 0.130518
    outer loop
      vertex -41.2385 -33 23.8117
      vertex -41 -23 22
      vertex -41.2385 -23 23.8117
    endloop
  endfacet
  facet normal 0.991446 0 0.130518
    outer loop
      vertex -41 -23 22
      vertex -41.2385 -33 23.8117
      vertex -41 -33 22
    endloop
  endfacet
  facet normal 0.923883 -0 0.382676
    outer loop
      vertex -41.9378 -33 25.5
      vertex -41.2385 -23 23.8117
      vertex -41.9378 -23 25.5
    endloop
  endfacet
  facet normal 0.923883 0 0.382676
    outer loop
      vertex -41.2385 -23 23.8117
      vertex -41.9378 -33 25.5
      vertex -41.2385 -33 23.8117
    endloop
  endfacet
  facet normal -0.991446 0 -0.130518
    outer loop
      vertex -54.7615 -33 20.1883
      vertex -55 -23 22
      vertex -54.7615 -23 20.1883
    endloop
  endfacet
  facet normal -0.991446 -0 -0.130518
    outer loop
      vertex -55 -23 22
      vertex -54.7615 -33 20.1883
      vertex -55 -33 22
    endloop
  endfacet
  facet normal 0.130518 0 0.991446
    outer loop
      vertex -48 -23 29
      vertex -46.1883 -33 28.7615
      vertex -46.1883 -23 28.7615
    endloop
  endfacet
  facet normal 0.130518 0 0.991446
    outer loop
      vertex -46.1883 -33 28.7615
      vertex -48 -23 29
      vertex -48 -33 29
    endloop
  endfacet
  facet normal 0.991446 0 -0.130518
    outer loop
      vertex -41 -33 22
      vertex -41.2385 -23 20.1883
      vertex -41 -23 22
    endloop
  endfacet
  facet normal 0.991446 0 -0.130518
    outer loop
      vertex -41.2385 -23 20.1883
      vertex -41 -33 22
      vertex -41.2385 -33 20.1883
    endloop
  endfacet
  facet normal 0.793325 -0 0.608798
    outer loop
      vertex -43.0503 -33 26.9497
      vertex -41.9378 -23 25.5
      vertex -43.0503 -23 26.9497
    endloop
  endfacet
  facet normal 0.793325 0 0.608798
    outer loop
      vertex -41.9378 -23 25.5
      vertex -43.0503 -33 26.9497
      vertex -41.9378 -33 25.5
    endloop
  endfacet
  facet normal 0.382676 0 0.923883
    outer loop
      vertex -46.1883 -23 28.7615
      vertex -44.5 -33 28.0622
      vertex -44.5 -23 28.0622
    endloop
  endfacet
  facet normal 0.382676 0 0.923883
    outer loop
      vertex -44.5 -33 28.0622
      vertex -46.1883 -23 28.7615
      vertex -46.1883 -33 28.7615
    endloop
  endfacet
  facet normal -0.608798 0 0.793325
    outer loop
      vertex -52.9497 -23 26.9497
      vertex -51.5 -33 28.0622
      vertex -51.5 -23 28.0622
    endloop
  endfacet
  facet normal -0.608798 0 0.793325
    outer loop
      vertex -51.5 -33 28.0622
      vertex -52.9497 -23 26.9497
      vertex -52.9497 -33 26.9497
    endloop
  endfacet
  facet normal 0.382676 0 -0.923883
    outer loop
      vertex -46.1883 -33 15.2385
      vertex -44.5 -23 15.9378
      vertex -44.5 -33 15.9378
    endloop
  endfacet
  facet normal 0.382676 0 -0.923883
    outer loop
      vertex -44.5 -23 15.9378
      vertex -46.1883 -33 15.2385
      vertex -46.1883 -23 15.2385
    endloop
  endfacet
  facet normal -0.991446 0 0.130518
    outer loop
      vertex -55 -33 22
      vertex -54.7615 -23 23.8117
      vertex -55 -23 22
    endloop
  endfacet
  facet normal -0.991446 0 0.130518
    outer loop
      vertex -54.7615 -23 23.8117
      vertex -55 -33 22
      vertex -54.7615 -33 23.8117
    endloop
  endfacet
  facet normal -0.793325 0 0.608798
    outer loop
      vertex -54.0622 -33 25.5
      vertex -52.9497 -23 26.9497
      vertex -54.0622 -23 25.5
    endloop
  endfacet
  facet normal -0.793325 0 0.608798
    outer loop
      vertex -52.9497 -23 26.9497
      vertex -54.0622 -33 25.5
      vertex -52.9497 -33 26.9497
    endloop
  endfacet
  facet normal -0.608798 0 -0.793325
    outer loop
      vertex -52.9497 -33 17.0503
      vertex -51.5 -23 15.9378
      vertex -51.5 -33 15.9378
    endloop
  endfacet
  facet normal -0.608798 0 -0.793325
    outer loop
      vertex -51.5 -23 15.9378
      vertex -52.9497 -33 17.0503
      vertex -52.9497 -23 17.0503
    endloop
  endfacet
  facet normal 0.793325 0 -0.608798
    outer loop
      vertex -41.9378 -33 18.5
      vertex -43.0503 -23 17.0503
      vertex -41.9378 -23 18.5
    endloop
  endfacet
  facet normal 0.793325 0 -0.608798
    outer loop
      vertex -43.0503 -23 17.0503
      vertex -41.9378 -33 18.5
      vertex -43.0503 -33 17.0503
    endloop
  endfacet
  facet normal 0.130518 0 -0.991446
    outer loop
      vertex -48 -33 15
      vertex -46.1883 -23 15.2385
      vertex -46.1883 -33 15.2385
    endloop
  endfacet
  facet normal 0.130518 0 -0.991446
    outer loop
      vertex -46.1883 -23 15.2385
      vertex -48 -33 15
      vertex -48 -23 15
    endloop
  endfacet
  facet normal 0.608798 0 0.793325
    outer loop
      vertex -44.5 -23 28.0622
      vertex -43.0503 -33 26.9497
      vertex -43.0503 -23 26.9497
    endloop
  endfacet
  facet normal 0.608798 0 0.793325
    outer loop
      vertex -43.0503 -33 26.9497
      vertex -44.5 -23 28.0622
      vertex -44.5 -33 28.0622
    endloop
  endfacet
  facet normal 0 -1 0
    outer loop
      vertex -49.8117 -33 28.7615
      vertex -46.1883 -33 28.7615
      vertex -48 -33 29
    endloop
  endfacet
  facet normal 0 -1 0
    outer loop
      vertex -51.5 -33 28.0622
      vertex -46.1883 -33 28.7615
      vertex -49.8117 -33 28.7615
    endloop
  endfacet
  facet normal 0 -1 0
    outer loop
      vertex -51.5 -33 28.0622
      vertex -44.5 -33 28.0622
      vertex -46.1883 -33 28.7615
    endloop
  endfacet
  facet normal 0 -1 0
    outer loop
      vertex -52.9497 -33 26.9497
      vertex -44.5 -33 28.0622
      vertex -51.5 -33 28.0622
    endloop
  endfacet
  facet normal 0 -1 0
    outer loop
      vertex -52.9497 -33 26.9497
      vertex -43.0503 -33 26.9497
      vertex -44.5 -33 28.0622
    endloop
  endfacet
  facet normal 0 -1 0
    outer loop
      vertex -54.0622 -33 25.5
      vertex -43.0503 -33 26.9497
      vertex -52.9497 -33 26.9497
    endloop
  endfacet
  facet normal 0 -1 0
    outer loop
      vertex -54.0622 -33 25.5
      vertex -41.9378 -33 25.5
      vertex -43.0503 -33 26.9497
    endloop
  endfacet
  facet normal 0 -1 0
    outer loop
      vertex -54.7615 -33 23.8117
      vertex -41.9378 -33 25.5
      vertex -54.0622 -33 25.5
    endloop
  endfacet
  facet normal 0 -1 0
    outer loop
      vertex -54.7615 -33 23.8117
      vertex -41.2385 -33 23.8117
      vertex -41.9378 -33 25.5
    endloop
  endfacet
  facet normal 0 -1 0
    outer loop
      vertex -55 -33 22
      vertex -41.2385 -33 23.8117
      vertex -54.7615 -33 23.8117
    endloop
  endfacet
  facet normal 0 -1 0
    outer loop
      vertex -55 -33 22
      vertex -41 -33 22
      vertex -41.2385 -33 23.8117
    endloop
  endfacet
  facet normal 0 -1 0
    outer loop
      vertex -54.7615 -33 20.1883
      vertex -41 -33 22
      vertex -55 -33 22
    endloop
  endfacet
  facet normal 0 -1 0
    outer loop
      vertex -54.7615 -33 20.1883
      vertex -41.2385 -33 20.1883
      vertex -41 -33 22
    endloop
  endfacet
  facet normal 0 -1 0
    outer loop
      vertex -54.0622 -33 18.5
      vertex -41.2385 -33 20.1883
      vertex -54.7615 -33 20.1883
    endloop
  endfacet
  facet normal 0 -1 0
    outer loop
      vertex -54.0622 -33 18.5
      vertex -41.9378 -33 18.5
      vertex -41.2385 -33 20.1883
    endloop
  endfacet
  facet normal 0 -1 0
    outer loop
      vertex -52.9497 -33 17.0503
      vertex -41.9378 -33 18.5
      vertex -54.0622 -33 18.5
    endloop
  endfacet
  facet normal 0 -1 0
    outer loop
      vertex -52.9497 -33 17.0503
      vertex -43.0503 -33 17.0503
      vertex -41.9378 -33 18.5
    endloop
  endfacet
  facet normal 0 -1 0
    outer loop
      vertex -51.5 -33 15.9378
      vertex -43.0503 -33 17.0503
      vertex -52.9497 -33 17.0503
    endloop
  endfacet
  facet normal 0 -1 0
    outer loop
      vertex -51.5 -33 15.9378
      vertex -44.5 -33 15.9378
      vertex -43.0503 -33 17.0503
    endloop
  endfacet
  facet normal 0 -1 0
    outer loop
      vertex -49.8117 -33 15.2385
      vertex -44.5 -33 15.9378
      vertex -51.5 -33 15.9378
    endloop
  endfacet
  facet normal 0 -1 0
    outer loop
      vertex -49.8117 -33 15.2385
      vertex -46.1883 -33 15.2385
      vertex -44.5 -33 15.9378
    endloop
  endfacet
  facet normal -0 -1 0
    outer loop
      vertex -46.1883 -33 15.2385
      vertex -49.8117 -33 15.2385
      vertex -48 -33 15
    endloop
  endfacet
  facet normal -0.923883 0 0.382676
    outer loop
      vertex -54.7615 -33 23.8117
      vertex -54.0622 -23 25.5
      vertex -54.7615 -23 23.8117
    endloop
  endfacet
  facet normal -0.923883 0 0.382676
    outer loop
      vertex -54.0622 -23 25.5
      vertex -54.7615 -33 23.8117
      vertex -54.0622 -33 25.5
    endloop
  endfacet
  facet normal -0.130518 0 0.991446
    outer loop
      vertex -49.8117 -23 28.7615
      vertex -48 -33 29
      vertex -48 -23 29
    endloop
  endfacet
  facet normal -0.130518 0 0.991446
    outer loop
      vertex -48 -33 29
      vertex -49.8117 -23 28.7615
      vertex -49.8117 -33 28.7615
    endloop
  endfacet
  facet normal -0.382676 0 0.923883
    outer loop
      vertex -51.5 -23 28.0622
      vertex -49.8117 -33 28.7615
      vertex -49.8117 -23 28.7615
    endloop
  endfacet
  facet normal -0.382676 0 0.923883
    outer loop
      vertex -49.8117 -33 28.7615
      vertex -51.5 -23 28.0622
      vertex -51.5 -33 28.0622
    endloop
  endfacet
  facet normal -0.382676 0 -0.923883
    outer loop
      vertex -51.5 -33 15.9378
      vertex -49.8117 -23 15.2385
      vertex -49.8117 -33 15.2385
    endloop
  endfacet
  facet normal -0.382676 0 -0.923883
    outer loop
      vertex -49.8117 -23 15.2385
      vertex -51.5 -33 15.9378
      vertex -51.5 -23 15.9378
    endloop
  endfacet
  facet normal -0.130518 0 -0.991446
    outer loop
      vertex -49.8117 -33 15.2385
      vertex -48 -23 15
      vertex -48 -33 15
    endloop
  endfacet
  facet normal -0.130518 0 -0.991446
    outer loop
      vertex -48 -23 15
      vertex -49.8117 -33 15.2385
      vertex -49.8117 -23 15.2385
    endloop
  endfacet
  facet normal 0.923883 0 -0.382676
    outer loop
      vertex -41.2385 -33 20.1883
      vertex -41.9378 -23 18.5
      vertex -41.2385 -23 20.1883
    endloop
  endfacet
  facet normal 0.923883 0 -0.382676
    outer loop
      vertex -41.9378 -23 18.5
      vertex -41.2385 -33 20.1883
      vertex -41.9378 -33 18.5
    endloop
  endfacet
  facet normal 0.608798 0 -0.793325
    outer loop
      vertex -44.5 -33 15.9378
      vertex -43.0503 -23 17.0503
      vertex -43.0503 -33 17.0503
    endloop
  endfacet
  facet normal 0.608798 0 -0.793325
    outer loop
      vertex -43.0503 -23 17.0503
      vertex -44.5 -33 15.9378
      vertex -44.5 -23 15.9378
    endloop
  endfacet
  facet normal -0.793325 0 -0.608798
    outer loop
      vertex -52.9497 -33 17.0503
      vertex -54.0622 -23 18.5
      vertex -52.9497 -23 17.0503
    endloop
  endfacet
  facet normal -0.793325 -0 -0.608798
    outer loop
      vertex -54.0622 -23 18.5
      vertex -52.9497 -33 17.0503
      vertex -54.0622 -33 18.5
    endloop
  endfacet
  facet normal 0 1 0
    outer loop
      vertex -48 -23 26
      vertex -48 -23 29
      vertex -46.1883 -23 28.7615
    endloop
  endfacet
  facet normal 0 1 0
    outer loop
      vertex -46.9647 -23 25.8637
      vertex -46.1883 -23 28.7615
      vertex -44.5 -23 28.0622
    endloop
  endfacet
  facet normal 0 1 0
    outer loop
      vertex -48 -23 29
      vertex -48 -23 26
      vertex -49.8117 -23 28.7615
    endloop
  endfacet
  facet normal 0 1 0
    outer loop
      vertex -46 -23 25.4641
      vertex -44.5 -23 28.0622
      vertex -43.0503 -23 26.9497
    endloop
  endfacet
  facet normal 0 1 -0
    outer loop
      vertex -49.0353 -23 25.8637
      vertex -49.8117 -23 28.7615
      vertex -48 -23 26
    endloop
  endfacet
  facet normal 0 1 0
    outer loop
      vertex -49.8117 -23 28.7615
      vertex -49.0353 -23 25.8637
      vertex -51.5 -23 28.0622
    endloop
  endfacet
  facet normal 0 1 0
    outer loop
      vertex -46.1883 -23 28.7615
      vertex -46.9647 -23 25.8637
      vertex -48 -23 26
    endloop
  endfacet
  facet normal 0 1 0
    outer loop
      vertex -45.1716 -23 24.8284
      vertex -43.0503 -23 26.9497
      vertex -41.9378 -23 25.5
    endloop
  endfacet
  facet normal 0 1 0
    outer loop
      vertex -44.5 -23 28.0622
      vertex -46 -23 25.4641
      vertex -46.9647 -23 25.8637
    endloop
  endfacet
  facet normal 0 1 0
    outer loop
      vertex -43.0503 -23 26.9497
      vertex -45.1716 -23 24.8284
      vertex -46 -23 25.4641
    endloop
  endfacet
  facet normal 0 1 0
    outer loop
      vertex -41.9378 -23 25.5
      vertex -44.5359 -23 24
      vertex -45.1716 -23 24.8284
    endloop
  endfacet
  facet normal 0 1 0
    outer loop
      vertex -41.2385 -23 23.8117
      vertex -44.5359 -23 24
      vertex -41.9378 -23 25.5
    endloop
  endfacet
  facet normal 0 1 0
    outer loop
      vertex -41.2385 -23 23.8117
      vertex -44.1363 -23 23.0353
      vertex -44.5359 -23 24
    endloop
  endfacet
  facet normal 0 1 0
    outer loop
      vertex -41 -23 22
      vertex -44.1363 -23 23.0353
      vertex -41.2385 -23 23.8117
    endloop
  endfacet
  facet normal 0 1 0
    outer loop
      vertex -41 -23 22
      vertex -44 -23 22
      vertex -44.1363 -23 23.0353
    endloop
  endfacet
  facet normal 0 1 0
    outer loop
      vertex -41 -23 22
      vertex -44.1363 -23 20.9647
      vertex -44 -23 22
    endloop
  endfacet
  facet normal 0 1 -0
    outer loop
      vertex -41.2385 -23 20.1883
      vertex -44.1363 -23 20.9647
      vertex -41 -23 22
    endloop
  endfacet
  facet normal 0 1 0
    outer loop
      vertex -41.2385 -23 20.1883
      vertex -44.5359 -23 20
      vertex -44.1363 -23 20.9647
    endloop
  endfacet
  facet normal 0 1 -0
    outer loop
      vertex -41.9378 -23 18.5
      vertex -44.5359 -23 20
      vertex -41.2385 -23 20.1883
    endloop
  endfacet
  facet normal 0 1 0
    outer loop
      vertex -44.5359 -23 20
      vertex -41.9378 -23 18.5
      vertex -45.1716 -23 19.1716
    endloop
  endfacet
  facet normal 0 1 -0
    outer loop
      vertex -43.0503 -23 17.0503
      vertex -45.1716 -23 19.1716
      vertex -41.9378 -23 18.5
    endloop
  endfacet
  facet normal 0 1 0
    outer loop
      vertex -45.1716 -23 19.1716
      vertex -43.0503 -23 17.0503
      vertex -46 -23 18.5359
    endloop
  endfacet
  facet normal 0 1 -0
    outer loop
      vertex -44.5 -23 15.9378
      vertex -46 -23 18.5359
      vertex -43.0503 -23 17.0503
    endloop
  endfacet
  facet normal 0 1 0
    outer loop
      vertex -46 -23 18.5359
      vertex -44.5 -23 15.9378
      vertex -46.9647 -23 18.1363
    endloop
  endfacet
  facet normal 0 1 -0
    outer loop
      vertex -50 -23 25.4641
      vertex -51.5 -23 28.0622
      vertex -49.0353 -23 25.8637
    endloop
  endfacet
  facet normal 0 1 0
    outer loop
      vertex -51.5 -23 28.0622
      vertex -50 -23 25.4641
      vertex -52.9497 -23 26.9497
    endloop
  endfacet
  facet normal 0 1 -0
    outer loop
      vertex -50.8284 -23 24.8284
      vertex -52.9497 -23 26.9497
      vertex -50 -23 25.4641
    endloop
  endfacet
  facet normal 0 1 0
    outer loop
      vertex -52.9497 -23 26.9497
      vertex -50.8284 -23 24.8284
      vertex -54.0622 -23 25.5
    endloop
  endfacet
  facet normal 0 1 -0
    outer loop
      vertex -51.4641 -23 24
      vertex -54.0622 -23 25.5
      vertex -50.8284 -23 24.8284
    endloop
  endfacet
  facet normal 0 1 0
    outer loop
      vertex -51.4641 -23 24
      vertex -54.7615 -23 23.8117
      vertex -54.0622 -23 25.5
    endloop
  endfacet
  facet normal 0 1 -0
    outer loop
      vertex -51.8637 -23 23.0353
      vertex -54.7615 -23 23.8117
      vertex -51.4641 -23 24
    endloop
  endfacet
  facet normal 0 1 -0
    outer loop
      vertex -52 -23 22
      vertex -54.7615 -23 23.8117
      vertex -51.8637 -23 23.0353
    endloop
  endfacet
  facet normal 0 1 0
    outer loop
      vertex -52 -23 22
      vertex -55 -23 22
      vertex -54.7615 -23 23.8117
    endloop
  endfacet
  facet normal 0 1 0
    outer loop
      vertex -51.8637 -23 20.9647
      vertex -55 -23 22
      vertex -52 -23 22
    endloop
  endfacet
  facet normal 0 1 0
    outer loop
      vertex -51.8637 -23 20.9647
      vertex -54.7615 -23 20.1883
      vertex -55 -23 22
    endloop
  endfacet
  facet normal 0 1 0
    outer loop
      vertex -51.4641 -23 20
      vertex -54.7615 -23 20.1883
      vertex -51.8637 -23 20.9647
    endloop
  endfacet
  facet normal 0 1 0
    outer loop
      vertex -54.0622 -23 18.5
      vertex -51.4641 -23 20
      vertex -50.8284 -23 19.1716
    endloop
  endfacet
  facet normal 0 1 0
    outer loop
      vertex -52.9497 -23 17.0503
      vertex -50.8284 -23 19.1716
      vertex -50 -23 18.5359
    endloop
  endfacet
  facet normal 0 1 0
    outer loop
      vertex -51.4641 -23 20
      vertex -54.0622 -23 18.5
      vertex -54.7615 -23 20.1883
    endloop
  endfacet
  facet normal 0 1 0
    outer loop
      vertex -51.5 -23 15.9378
      vertex -50 -23 18.5359
      vertex -49.0353 -23 18.1363
    endloop
  endfacet
  facet normal 0 1 0
    outer loop
      vertex -49.8117 -23 15.2385
      vertex -49.0353 -23 18.1363
      vertex -48 -23 18
    endloop
  endfacet
  facet normal 0 1 -0
    outer loop
      vertex -46.1883 -23 15.2385
      vertex -46.9647 -23 18.1363
      vertex -44.5 -23 15.9378
    endloop
  endfacet
  facet normal 0 1 0
    outer loop
      vertex -50.8284 -23 19.1716
      vertex -52.9497 -23 17.0503
      vertex -54.0622 -23 18.5
    endloop
  endfacet
  facet normal 0 1 0
    outer loop
      vertex -46.9647 -23 18.1363
      vertex -46.1883 -23 15.2385
      vertex -48 -23 18
    endloop
  endfacet
  facet normal 0 1 0
    outer loop
      vertex -50 -23 18.5359
      vertex -51.5 -23 15.9378
      vertex -52.9497 -23 17.0503
    endloop
  endfacet
  facet normal 0 1 0
    outer loop
      vertex -48 -23 15
      vertex -48 -23 18
      vertex -46.1883 -23 15.2385
    endloop
  endfacet
  facet normal 0 1 0
    outer loop
      vertex -49.0353 -23 18.1363
      vertex -49.8117 -23 15.2385
      vertex -51.5 -23 15.9378
    endloop
  endfacet
  facet normal 0 1 0
    outer loop
      vertex -48 -23 18
      vertex -48 -23 15
      vertex -49.8117 -23 15.2385
    endloop
  endfacet
  facet normal -0.923883 0 -0.382676
    outer loop
      vertex -54.0622 -33 18.5
      vertex -54.7615 -23 20.1883
      vertex -54.0622 -23 18.5
    endloop
  endfacet
  facet normal -0.923883 -0 -0.382676
    outer loop
      vertex -54.7615 -23 20.1883
      vertex -54.0622 -33 18.5
      vertex -54.7615 -33 20.1883
    endloop
  endfacet
  facet normal 0.991446 -0 0.130518
    outer loop
      vertex -41.2385 23 23.8117
      vertex -41 33 22
      vertex -41.2385 33 23.8117
    endloop
  endfacet
  facet normal 0.991446 0 0.130518
    outer loop
      vertex -41 33 22
      vertex -41.2385 23 23.8117
      vertex -41 23 22
    endloop
  endfacet
  facet normal 0.923883 -0 0.382676
    outer loop
      vertex -41.9378 23 25.5
      vertex -41.2385 33 23.8117
      vertex -41.9378 33 25.5
    endloop
  endfacet
  facet normal 0.923883 0 0.382676
    outer loop
      vertex -41.2385 33 23.8117
      vertex -41.9378 23 25.5
      vertex -41.2385 23 23.8117
    endloop
  endfacet
  facet normal -0.991446 0 0.130518
    outer loop
      vertex -55 23 22
      vertex -54.7615 33 23.8117
      vertex -55 33 22
    endloop
  endfacet
  facet normal -0.991446 0 0.130518
    outer loop
      vertex -54.7615 33 23.8117
      vertex -55 23 22
      vertex -54.7615 23 23.8117
    endloop
  endfacet
  facet normal 0.130518 0 0.991446
    outer loop
      vertex -48 33 29
      vertex -46.1883 23 28.7615
      vertex -46.1883 33 28.7615
    endloop
  endfacet
  facet normal 0.130518 0 0.991446
    outer loop
      vertex -46.1883 23 28.7615
      vertex -48 33 29
      vertex -48 23 29
    endloop
  endfacet
  facet normal 0.793325 -0 0.608798
    outer loop
      vertex -43.0503 23 26.9497
      vertex -41.9378 33 25.5
      vertex -43.0503 33 26.9497
    endloop
  endfacet
  facet normal 0.793325 0 0.608798
    outer loop
      vertex -41.9378 33 25.5
      vertex -43.0503 23 26.9497
      vertex -41.9378 23 25.5
    endloop
  endfacet
  facet normal -0.608798 0 0.793325
    outer loop
      vertex -52.9497 33 26.9497
      vertex -51.5 23 28.0622
      vertex -51.5 33 28.0622
    endloop
  endfacet
  facet normal -0.608798 0 0.793325
    outer loop
      vertex -51.5 23 28.0622
      vertex -52.9497 33 26.9497
      vertex -52.9497 23 26.9497
    endloop
  endfacet
  facet normal -0.382676 0 0.923883
    outer loop
      vertex -51.5 33 28.0622
      vertex -49.8117 23 28.7615
      vertex -49.8117 33 28.7615
    endloop
  endfacet
  facet normal -0.382676 0 0.923883
    outer loop
      vertex -49.8117 23 28.7615
      vertex -51.5 33 28.0622
      vertex -51.5 23 28.0622
    endloop
  endfacet
  facet normal 0.793325 0 -0.608798
    outer loop
      vertex -41.9378 23 18.5
      vertex -43.0503 33 17.0503
      vertex -41.9378 33 18.5
    endloop
  endfacet
  facet normal 0.793325 0 -0.608798
    outer loop
      vertex -43.0503 33 17.0503
      vertex -41.9378 23 18.5
      vertex -43.0503 23 17.0503
    endloop
  endfacet
  facet normal 0.382676 0 0.923883
    outer loop
      vertex -46.1883 33 28.7615
      vertex -44.5 23 28.0622
      vertex -44.5 33 28.0622
    endloop
  endfacet
  facet normal 0.382676 0 0.923883
    outer loop
      vertex -44.5 23 28.0622
      vertex -46.1883 33 28.7615
      vertex -46.1883 23 28.7615
    endloop
  endfacet
  facet normal 0.608798 0 0.793325
    outer loop
      vertex -44.5 33 28.0622
      vertex -43.0503 23 26.9497
      vertex -43.0503 33 26.9497
    endloop
  endfacet
  facet normal 0.608798 0 0.793325
    outer loop
      vertex -43.0503 23 26.9497
      vertex -44.5 33 28.0622
      vertex -44.5 23 28.0622
    endloop
  endfacet
  facet normal -0.793325 0 0.608798
    outer loop
      vertex -54.0622 23 25.5
      vertex -52.9497 33 26.9497
      vertex -54.0622 33 25.5
    endloop
  endfacet
  facet normal -0.793325 0 0.608798
    outer loop
      vertex -52.9497 33 26.9497
      vertex -54.0622 23 25.5
      vertex -52.9497 23 26.9497
    endloop
  endfacet
  facet normal 0 -1 0
    outer loop
      vertex -48 23 26
      vertex -48 23 29
      vertex -49.8117 23 28.7615
    endloop
  endfacet
  facet normal 0 -1 0
    outer loop
      vertex -49.0353 23 25.8637
      vertex -49.8117 23 28.7615
      vertex -51.5 23 28.0622
    endloop
  endfacet
  facet normal 0 -1 0
    outer loop
      vertex -48 23 29
      vertex -48 23 26
      vertex -46.1883 23 28.7615
    endloop
  endfacet
  facet normal 0 -1 0
    outer loop
      vertex -50 23 25.4641
      vertex -51.5 23 28.0622
      vertex -52.9497 23 26.9497
    endloop
  endfacet
  facet normal 0 -1 0
    outer loop
      vertex -46.9647 23 25.8637
      vertex -46.1883 23 28.7615
      vertex -48 23 26
    endloop
  endfacet
  facet normal 0 -1 -0
    outer loop
      vertex -46.1883 23 28.7615
      vertex -46.9647 23 25.8637
      vertex -44.5 23 28.0622
    endloop
  endfacet
  facet normal 0 -1 0
    outer loop
      vertex -49.8117 23 28.7615
      vertex -49.0353 23 25.8637
      vertex -48 23 26
    endloop
  endfacet
  facet normal 0 -1 0
    outer loop
      vertex -50.8284 23 24.8284
      vertex -52.9497 23 26.9497
      vertex -54.0622 23 25.5
    endloop
  endfacet
  facet normal 0 -1 0
    outer loop
      vertex -51.5 23 28.0622
      vertex -50 23 25.4641
      vertex -49.0353 23 25.8637
    endloop
  endfacet
  facet normal 0 -1 0
    outer loop
      vertex -52.9497 23 26.9497
      vertex -50.8284 23 24.8284
      vertex -50 23 25.4641
    endloop
  endfacet
  facet normal 0 -1 0
    outer loop
      vertex -54.0622 23 25.5
      vertex -51.4641 23 24
      vertex -50.8284 23 24.8284
    endloop
  endfacet
  facet normal 0 -1 0
    outer loop
      vertex -54.7615 23 23.8117
      vertex -51.4641 23 24
      vertex -54.0622 23 25.5
    endloop
  endfacet
  facet normal 0 -1 0
    outer loop
      vertex -54.7615 23 23.8117
      vertex -51.8637 23 23.0353
      vertex -51.4641 23 24
    endloop
  endfacet
  facet normal 0 -1 0
    outer loop
      vertex -55 23 22
      vertex -51.8637 23 23.0353
      vertex -54.7615 23 23.8117
    endloop
  endfacet
  facet normal 0 -1 0
    outer loop
      vertex -55 23 22
      vertex -52 23 22
      vertex -51.8637 23 23.0353
    endloop
  endfacet
  facet normal 0 -1 0
    outer loop
      vertex -55 23 22
      vertex -51.8637 23 20.9647
      vertex -52 23 22
    endloop
  endfacet
  facet normal 0 -1 0
    outer loop
      vertex -54.7615 23 20.1883
      vertex -51.8637 23 20.9647
      vertex -55 23 22
    endloop
  endfacet
  facet normal 0 -1 0
    outer loop
      vertex -54.7615 23 20.1883
      vertex -51.4641 23 20
      vertex -51.8637 23 20.9647
    endloop
  endfacet
  facet normal 0 -1 0
    outer loop
      vertex -54.0622 23 18.5
      vertex -51.4641 23 20
      vertex -54.7615 23 20.1883
    endloop
  endfacet
  facet normal 0 -1 -0
    outer loop
      vertex -51.4641 23 20
      vertex -54.0622 23 18.5
      vertex -50.8284 23 19.1716
    endloop
  endfacet
  facet normal 0 -1 0
    outer loop
      vertex -52.9497 23 17.0503
      vertex -50.8284 23 19.1716
      vertex -54.0622 23 18.5
    endloop
  endfacet
  facet normal 0 -1 -0
    outer loop
      vertex -50.8284 23 19.1716
      vertex -52.9497 23 17.0503
      vertex -50 23 18.5359
    endloop
  endfacet
  facet normal 0 -1 0
    outer loop
      vertex -51.5 23 15.9378
      vertex -50 23 18.5359
      vertex -52.9497 23 17.0503
    endloop
  endfacet
  facet normal 0 -1 -0
    outer loop
      vertex -50 23 18.5359
      vertex -51.5 23 15.9378
      vertex -49.0353 23 18.1363
    endloop
  endfacet
  facet normal 0 -1 0
    outer loop
      vertex -46 23 25.4641
      vertex -44.5 23 28.0622
      vertex -46.9647 23 25.8637
    endloop
  endfacet
  facet normal 0 -1 -0
    outer loop
      vertex -44.5 23 28.0622
      vertex -46 23 25.4641
      vertex -43.0503 23 26.9497
    endloop
  endfacet
  facet normal 0 -1 0
    outer loop
      vertex -45.1716 23 24.8284
      vertex -43.0503 23 26.9497
      vertex -46 23 25.4641
    endloop
  endfacet
  facet normal 0 -1 -0
    outer loop
      vertex -43.0503 23 26.9497
      vertex -45.1716 23 24.8284
      vertex -41.9378 23 25.5
    endloop
  endfacet
  facet normal 0 -1 0
    outer loop
      vertex -44.5359 23 24
      vertex -41.9378 23 25.5
      vertex -45.1716 23 24.8284
    endloop
  endfacet
  facet normal 0 -1 0
    outer loop
      vertex -44.5359 23 24
      vertex -41.2385 23 23.8117
      vertex -41.9378 23 25.5
    endloop
  endfacet
  facet normal 0 -1 0
    outer loop
      vertex -44.1363 23 23.0353
      vertex -41.2385 23 23.8117
      vertex -44.5359 23 24
    endloop
  endfacet
  facet normal 0 -1 0
    outer loop
      vertex -44 23 22
      vertex -41.2385 23 23.8117
      vertex -44.1363 23 23.0353
    endloop
  endfacet
  facet normal 0 -1 0
    outer loop
      vertex -44 23 22
      vertex -41 23 22
      vertex -41.2385 23 23.8117
    endloop
  endfacet
  facet normal 0 -1 0
    outer loop
      vertex -44.1363 23 20.9647
      vertex -41 23 22
      vertex -44 23 22
    endloop
  endfacet
  facet normal 0 -1 0
    outer loop
      vertex -44.1363 23 20.9647
      vertex -41.2385 23 20.1883
      vertex -41 23 22
    endloop
  endfacet
  facet normal 0 -1 0
    outer loop
      vertex -44.5359 23 20
      vertex -41.2385 23 20.1883
      vertex -44.1363 23 20.9647
    endloop
  endfacet
  facet normal 0 -1 0
    outer loop
      vertex -41.9378 23 18.5
      vertex -44.5359 23 20
      vertex -45.1716 23 19.1716
    endloop
  endfacet
  facet normal 0 -1 0
    outer loop
      vertex -43.0503 23 17.0503
      vertex -45.1716 23 19.1716
      vertex -46 23 18.5359
    endloop
  endfacet
  facet normal 0 -1 0
    outer loop
      vertex -44.5359 23 20
      vertex -41.9378 23 18.5
      vertex -41.2385 23 20.1883
    endloop
  endfacet
  facet normal 0 -1 0
    outer loop
      vertex -44.5 23 15.9378
      vertex -46 23 18.5359
      vertex -46.9647 23 18.1363
    endloop
  endfacet
  facet normal 0 -1 0
    outer loop
      vertex -46.1883 23 15.2385
      vertex -46.9647 23 18.1363
      vertex -48 23 18
    endloop
  endfacet
  facet normal 0 -1 0
    outer loop
      vertex -49.8117 23 15.2385
      vertex -49.0353 23 18.1363
      vertex -51.5 23 15.9378
    endloop
  endfacet
  facet normal 0 -1 0
    outer loop
      vertex -45.1716 23 19.1716
      vertex -43.0503 23 17.0503
      vertex -41.9378 23 18.5
    endloop
  endfacet
  facet normal 0 -1 -0
    outer loop
      vertex -49.0353 23 18.1363
      vertex -49.8117 23 15.2385
      vertex -48 23 18
    endloop
  endfacet
  facet normal 0 -1 0
    outer loop
      vertex -46 23 18.5359
      vertex -44.5 23 15.9378
      vertex -43.0503 23 17.0503
    endloop
  endfacet
  facet normal 0 -1 0
    outer loop
      vertex -48 23 15
      vertex -48 23 18
      vertex -49.8117 23 15.2385
    endloop
  endfacet
  facet normal 0 -1 0
    outer loop
      vertex -46.9647 23 18.1363
      vertex -46.1883 23 15.2385
      vertex -44.5 23 15.9378
    endloop
  endfacet
  facet normal 0 -1 0
    outer loop
      vertex -48 23 18
      vertex -48 23 15
      vertex -46.1883 23 15.2385
    endloop
  endfacet
  facet normal -0.130518 0 0.991446
    outer loop
      vertex -49.8117 33 28.7615
      vertex -48 23 29
      vertex -48 33 29
    endloop
  endfacet
  facet normal -0.130518 0 0.991446
    outer loop
      vertex -48 23 29
      vertex -49.8117 33 28.7615
      vertex -49.8117 23 28.7615
    endloop
  endfacet
  facet normal -0.991446 0 -0.130518
    outer loop
      vertex -54.7615 23 20.1883
      vertex -55 33 22
      vertex -54.7615 33 20.1883
    endloop
  endfacet
  facet normal -0.991446 -0 -0.130518
    outer loop
      vertex -55 33 22
      vertex -54.7615 23 20.1883
      vertex -55 23 22
    endloop
  endfacet
  facet normal 0.130518 0 -0.991446
    outer loop
      vertex -48 23 15
      vertex -46.1883 33 15.2385
      vertex -46.1883 23 15.2385
    endloop
  endfacet
  facet normal 0.130518 0 -0.991446
    outer loop
      vertex -46.1883 33 15.2385
      vertex -48 23 15
      vertex -48 33 15
    endloop
  endfacet
  facet normal 0.608798 0 -0.793325
    outer loop
      vertex -44.5 23 15.9378
      vertex -43.0503 33 17.0503
      vertex -43.0503 23 17.0503
    endloop
  endfacet
  facet normal 0.608798 0 -0.793325
    outer loop
      vertex -43.0503 33 17.0503
      vertex -44.5 23 15.9378
      vertex -44.5 33 15.9378
    endloop
  endfacet
  facet normal -0.923883 0 0.382676
    outer loop
      vertex -54.7615 23 23.8117
      vertex -54.0622 33 25.5
      vertex -54.7615 33 23.8117
    endloop
  endfacet
  facet normal -0.923883 0 0.382676
    outer loop
      vertex -54.0622 33 25.5
      vertex -54.7615 23 23.8117
      vertex -54.0622 23 25.5
    endloop
  endfacet
  facet normal -0.608798 0 -0.793325
    outer loop
      vertex -52.9497 23 17.0503
      vertex -51.5 33 15.9378
      vertex -51.5 23 15.9378
    endloop
  endfacet
  facet normal -0.608798 0 -0.793325
    outer loop
      vertex -51.5 33 15.9378
      vertex -52.9497 23 17.0503
      vertex -52.9497 33 17.0503
    endloop
  endfacet
  facet normal 0 1 0
    outer loop
      vertex -46.1883 33 28.7615
      vertex -49.8117 33 28.7615
      vertex -48 33 29
    endloop
  endfacet
  facet normal 0 1 0
    outer loop
      vertex -44.5 33 28.0622
      vertex -49.8117 33 28.7615
      vertex -46.1883 33 28.7615
    endloop
  endfacet
  facet normal 0 1 0
    outer loop
      vertex -44.5 33 28.0622
      vertex -51.5 33 28.0622
      vertex -49.8117 33 28.7615
    endloop
  endfacet
  facet normal 0 1 0
    outer loop
      vertex -43.0503 33 26.9497
      vertex -51.5 33 28.0622
      vertex -44.5 33 28.0622
    endloop
  endfacet
  facet normal 0 1 0
    outer loop
      vertex -43.0503 33 26.9497
      vertex -52.9497 33 26.9497
      vertex -51.5 33 28.0622
    endloop
  endfacet
  facet normal 0 1 0
    outer loop
      vertex -41.9378 33 25.5
      vertex -52.9497 33 26.9497
      vertex -43.0503 33 26.9497
    endloop
  endfacet
  facet normal 0 1 0
    outer loop
      vertex -41.9378 33 25.5
      vertex -54.0622 33 25.5
      vertex -52.9497 33 26.9497
    endloop
  endfacet
  facet normal 0 1 0
    outer loop
      vertex -41.2385 33 23.8117
      vertex -54.0622 33 25.5
      vertex -41.9378 33 25.5
    endloop
  endfacet
  facet normal 0 1 0
    outer loop
      vertex -41.2385 33 23.8117
      vertex -54.7615 33 23.8117
      vertex -54.0622 33 25.5
    endloop
  endfacet
  facet normal 0 1 0
    outer loop
      vertex -41 33 22
      vertex -54.7615 33 23.8117
      vertex -41.2385 33 23.8117
    endloop
  endfacet
  facet normal 0 1 0
    outer loop
      vertex -41 33 22
      vertex -55 33 22
      vertex -54.7615 33 23.8117
    endloop
  endfacet
  facet normal 0 1 -0
    outer loop
      vertex -41.2385 33 20.1883
      vertex -55 33 22
      vertex -41 33 22
    endloop
  endfacet
  facet normal 0 1 0
    outer loop
      vertex -41.2385 33 20.1883
      vertex -54.7615 33 20.1883
      vertex -55 33 22
    endloop
  endfacet
  facet normal 0 1 -0
    outer loop
      vertex -41.9378 33 18.5
      vertex -54.7615 33 20.1883
      vertex -41.2385 33 20.1883
    endloop
  endfacet
  facet normal 0 1 0
    outer loop
      vertex -41.9378 33 18.5
      vertex -54.0622 33 18.5
      vertex -54.7615 33 20.1883
    endloop
  endfacet
  facet normal 0 1 -0
    outer loop
      vertex -43.0503 33 17.0503
      vertex -54.0622 33 18.5
      vertex -41.9378 33 18.5
    endloop
  endfacet
  facet normal 0 1 0
    outer loop
      vertex -43.0503 33 17.0503
      vertex -52.9497 33 17.0503
      vertex -54.0622 33 18.5
    endloop
  endfacet
  facet normal 0 1 -0
    outer loop
      vertex -44.5 33 15.9378
      vertex -52.9497 33 17.0503
      vertex -43.0503 33 17.0503
    endloop
  endfacet
  facet normal 0 1 0
    outer loop
      vertex -44.5 33 15.9378
      vertex -51.5 33 15.9378
      vertex -52.9497 33 17.0503
    endloop
  endfacet
  facet normal 0 1 -0
    outer loop
      vertex -46.1883 33 15.2385
      vertex -51.5 33 15.9378
      vertex -44.5 33 15.9378
    endloop
  endfacet
  facet normal 0 1 0
    outer loop
      vertex -46.1883 33 15.2385
      vertex -49.8117 33 15.2385
      vertex -51.5 33 15.9378
    endloop
  endfacet
  facet normal -0 1 0
    outer loop
      vertex -49.8117 33 15.2385
      vertex -46.1883 33 15.2385
      vertex -48 33 15
    endloop
  endfacet
  facet normal 0.382676 0 -0.923883
    outer loop
      vertex -46.1883 23 15.2385
      vertex -44.5 33 15.9378
      vertex -44.5 23 15.9378
    endloop
  endfacet
  facet normal 0.382676 0 -0.923883
    outer loop
      vertex -44.5 33 15.9378
      vertex -46.1883 23 15.2385
      vertex -46.1883 33 15.2385
    endloop
  endfacet
  facet normal 0.923883 0 -0.382676
    outer loop
      vertex -41.2385 23 20.1883
      vertex -41.9378 33 18.5
      vertex -41.2385 33 20.1883
    endloop
  endfacet
  facet normal 0.923883 0 -0.382676
    outer loop
      vertex -41.9378 33 18.5
      vertex -41.2385 23 20.1883
      vertex -41.9378 23 18.5
    endloop
  endfacet
  facet normal 0.991446 0 -0.130518
    outer loop
      vertex -41 23 22
      vertex -41.2385 33 20.1883
      vertex -41 33 22
    endloop
  endfacet
  facet normal 0.991446 0 -0.130518
    outer loop
      vertex -41.2385 33 20.1883
      vertex -41 23 22
      vertex -41.2385 23 20.1883
    endloop
  endfacet
  facet normal -0.382676 0 -0.923883
    outer loop
      vertex -51.5 23 15.9378
      vertex -49.8117 33 15.2385
      vertex -49.8117 23 15.2385
    endloop
  endfacet
  facet normal -0.382676 0 -0.923883
    outer loop
      vertex -49.8117 33 15.2385
      vertex -51.5 23 15.9378
      vertex -51.5 33 15.9378
    endloop
  endfacet
  facet normal -0.130518 0 -0.991446
    outer loop
      vertex -49.8117 23 15.2385
      vertex -48 33 15
      vertex -48 23 15
    endloop
  endfacet
  facet normal -0.130518 0 -0.991446
    outer loop
      vertex -48 33 15
      vertex -49.8117 23 15.2385
      vertex -49.8117 33 15.2385
    endloop
  endfacet
  facet normal -0.923883 0 -0.382676
    outer loop
      vertex -54.0622 23 18.5
      vertex -54.7615 33 20.1883
      vertex -54.0622 33 18.5
    endloop
  endfacet
  facet normal -0.923883 -0 -0.382676
    outer loop
      vertex -54.7615 33 20.1883
      vertex -54.0622 23 18.5
      vertex -54.7615 23 20.1883
    endloop
  endfacet
  facet normal -0.793325 0 -0.608798
    outer loop
      vertex -52.9497 23 17.0503
      vertex -54.0622 33 18.5
      vertex -52.9497 33 17.0503
    endloop
  endfacet
  facet normal -0.793325 -0 -0.608798
    outer loop
      vertex -54.0622 33 18.5
      vertex -52.9497 23 17.0503
      vertex -54.0622 23 18.5
    endloop
  endfacet
  facet normal 0.991445 -0 0.130526
    outer loop
      vertex -44.1363 -23 23.0353
      vertex -44 23 22
      vertex -44.1363 23 23.0353
    endloop
  endfacet
  facet normal 0.991445 0 0.130526
    outer loop
      vertex -44 23 22
      vertex -44.1363 -23 23.0353
      vertex -44 -23 22
    endloop
  endfacet
  facet normal 0.923877 -0 0.38269
    outer loop
      vertex -44.5359 -23 24
      vertex -44.1363 23 23.0353
      vertex -44.5359 23 24
    endloop
  endfacet
  facet normal 0.923877 0 0.38269
    outer loop
      vertex -44.1363 23 23.0353
      vertex -44.5359 -23 24
      vertex -44.1363 -23 23.0353
    endloop
  endfacet
  facet normal -0.991445 0 -0.130526
    outer loop
      vertex -51.8637 -23 20.9647
      vertex -52 23 22
      vertex -51.8637 23 20.9647
    endloop
  endfacet
  facet normal -0.991445 -0 -0.130526
    outer loop
      vertex -52 23 22
      vertex -51.8637 -23 20.9647
      vertex -52 -23 22
    endloop
  endfacet
  facet normal 0.130526 0 0.991445
    outer loop
      vertex -48 23 26
      vertex -46.9647 -23 25.8637
      vertex -46.9647 23 25.8637
    endloop
  endfacet
  facet normal 0.130526 0 0.991445
    outer loop
      vertex -46.9647 -23 25.8637
      vertex -48 23 26
      vertex -48 -23 26
    endloop
  endfacet
  facet normal 0.991445 0 -0.130526
    outer loop
      vertex -44 -23 22
      vertex -44.1363 23 20.9647
      vertex -44 23 22
    endloop
  endfacet
  facet normal 0.991445 0 -0.130526
    outer loop
      vertex -44.1363 23 20.9647
      vertex -44 -23 22
      vertex -44.1363 -23 20.9647
    endloop
  endfacet
  facet normal 0.793332 -0 0.608789
    outer loop
      vertex -45.1716 -23 24.8284
      vertex -44.5359 23 24
      vertex -45.1716 23 24.8284
    endloop
  endfacet
  facet normal 0.793332 0 0.608789
    outer loop
      vertex -44.5359 23 24
      vertex -45.1716 -23 24.8284
      vertex -44.5359 -23 24
    endloop
  endfacet
  facet normal 0.38269 0 0.923877
    outer loop
      vertex -46.9647 23 25.8637
      vertex -46 -23 25.4641
      vertex -46 23 25.4641
    endloop
  endfacet
  facet normal 0.38269 0 0.923877
    outer loop
      vertex -46 -23 25.4641
      vertex -46.9647 23 25.8637
      vertex -46.9647 -23 25.8637
    endloop
  endfacet
  facet normal -0.38269 0 0.923877
    outer loop
      vertex -50 23 25.4641
      vertex -49.0353 -23 25.8637
      vertex -49.0353 23 25.8637
    endloop
  endfacet
  facet normal -0.38269 0 0.923877
    outer loop
      vertex -49.0353 -23 25.8637
      vertex -50 23 25.4641
      vertex -50 -23 25.4641
    endloop
  endfacet
  facet normal -0.608789 0 0.793332
    outer loop
      vertex -50.8284 23 24.8284
      vertex -50 -23 25.4641
      vertex -50 23 25.4641
    endloop
  endfacet
  facet normal -0.608789 0 0.793332
    outer loop
      vertex -50 -23 25.4641
      vertex -50.8284 23 24.8284
      vertex -50.8284 -23 24.8284
    endloop
  endfacet
  facet normal 0.38269 0 -0.923877
    outer loop
      vertex -46.9647 -23 18.1363
      vertex -46 23 18.5359
      vertex -46 -23 18.5359
    endloop
  endfacet
  facet normal 0.38269 0 -0.923877
    outer loop
      vertex -46 23 18.5359
      vertex -46.9647 -23 18.1363
      vertex -46.9647 23 18.1363
    endloop
  endfacet
  facet normal -0.991445 0 0.130526
    outer loop
      vertex -52 -23 22
      vertex -51.8637 23 23.0353
      vertex -52 23 22
    endloop
  endfacet
  facet normal -0.991445 0 0.130526
    outer loop
      vertex -51.8637 23 23.0353
      vertex -52 -23 22
      vertex -51.8637 -23 23.0353
    endloop
  endfacet
  facet normal -0.793332 0 0.608789
    outer loop
      vertex -51.4641 -23 24
      vertex -50.8284 23 24.8284
      vertex -51.4641 23 24
    endloop
  endfacet
  facet normal -0.793332 0 0.608789
    outer loop
      vertex -50.8284 23 24.8284
      vertex -51.4641 -23 24
      vertex -50.8284 -23 24.8284
    endloop
  endfacet
  facet normal -0.608789 0 -0.793332
    outer loop
      vertex -50.8284 -23 19.1716
      vertex -50 23 18.5359
      vertex -50 -23 18.5359
    endloop
  endfacet
  facet normal -0.608789 0 -0.793332
    outer loop
      vertex -50 23 18.5359
      vertex -50.8284 -23 19.1716
      vertex -50.8284 23 19.1716
    endloop
  endfacet
  facet normal 0.793332 0 -0.608789
    outer loop
      vertex -44.5359 -23 20
      vertex -45.1716 23 19.1716
      vertex -44.5359 23 20
    endloop
  endfacet
  facet normal 0.793332 0 -0.608789
    outer loop
      vertex -45.1716 23 19.1716
      vertex -44.5359 -23 20
      vertex -45.1716 -23 19.1716
    endloop
  endfacet
  facet normal 0.130526 0 -0.991445
    outer loop
      vertex -48 -23 18
      vertex -46.9647 23 18.1363
      vertex -46.9647 -23 18.1363
    endloop
  endfacet
  facet normal 0.130526 0 -0.991445
    outer loop
      vertex -46.9647 23 18.1363
      vertex -48 -23 18
      vertex -48 23 18
    endloop
  endfacet
  facet normal 0.608789 0 0.793332
    outer loop
      vertex -46 23 25.4641
      vertex -45.1716 -23 24.8284
      vertex -45.1716 23 24.8284
    endloop
  endfacet
  facet normal 0.608789 0 0.793332
    outer loop
      vertex -45.1716 -23 24.8284
      vertex -46 23 25.4641
      vertex -46 -23 25.4641
    endloop
  endfacet
  facet normal -0.923877 0 0.38269
    outer loop
      vertex -51.8637 -23 23.0353
      vertex -51.4641 23 24
      vertex -51.8637 23 23.0353
    endloop
  endfacet
  facet normal -0.923877 0 0.38269
    outer loop
      vertex -51.4641 23 24
      vertex -51.8637 -23 23.0353
      vertex -51.4641 -23 24
    endloop
  endfacet
  facet normal -0.130526 0 0.991445
    outer loop
      vertex -49.0353 23 25.8637
      vertex -48 -23 26
      vertex -48 23 26
    endloop
  endfacet
  facet normal -0.130526 0 0.991445
    outer loop
      vertex -48 -23 26
      vertex -49.0353 23 25.8637
      vertex -49.0353 -23 25.8637
    endloop
  endfacet
  facet normal -0.38269 0 -0.923877
    outer loop
      vertex -50 -23 18.5359
      vertex -49.0353 23 18.1363
      vertex -49.0353 -23 18.1363
    endloop
  endfacet
  facet normal -0.38269 0 -0.923877
    outer loop
      vertex -49.0353 23 18.1363
      vertex -50 -23 18.5359
      vertex -50 23 18.5359
    endloop
  endfacet
  facet normal -0.130526 0 -0.991445
    outer loop
      vertex -49.0353 -23 18.1363
      vertex -48 23 18
      vertex -48 -23 18
    endloop
  endfacet
  facet normal -0.130526 0 -0.991445
    outer loop
      vertex -48 23 18
      vertex -49.0353 -23 18.1363
      vertex -49.0353 23 18.1363
    endloop
  endfacet
  facet normal 0.923877 0 -0.38269
    outer loop
      vertex -44.1363 -23 20.9647
      vertex -44.5359 23 20
      vertex -44.1363 23 20.9647
    endloop
  endfacet
  facet normal 0.923877 0 -0.38269
    outer loop
      vertex -44.5359 23 20
      vertex -44.1363 -23 20.9647
      vertex -44.5359 -23 20
    endloop
  endfacet
  facet normal 0.608789 0 -0.793332
    outer loop
      vertex -46 -23 18.5359
      vertex -45.1716 23 19.1716
      vertex -45.1716 -23 19.1716
    endloop
  endfacet
  facet normal 0.608789 0 -0.793332
    outer loop
      vertex -45.1716 23 19.1716
      vertex -46 -23 18.5359
      vertex -46 23 18.5359
    endloop
  endfacet
  facet normal -0.923877 0 -0.38269
    outer loop
      vertex -51.4641 -23 20
      vertex -51.8637 23 20.9647
      vertex -51.4641 23 20
    endloop
  endfacet
  facet normal -0.923877 -0 -0.38269
    outer loop
      vertex -51.8637 23 20.9647
      vertex -51.4641 -23 20
      vertex -51.8637 -23 20.9647
    endloop
  endfacet
  facet normal -0.793332 0 -0.608789
    outer loop
      vertex -50.8284 -23 19.1716
      vertex -51.4641 23 20
      vertex -50.8284 23 19.1716
    endloop
  endfacet
  facet normal -0.793332 -0 -0.608789
    outer loop
      vertex -51.4641 23 20
      vertex -50.8284 -23 19.1716
      vertex -51.4641 -23 20
    endloop
  endfacet
  facet normal 0.991446 -0 0.130518
    outer loop
      vertex 54.7615 -33 23.8117
      vertex 55 -23 22
      vertex 54.7615 -23 23.8117
    endloop
  endfacet
  facet normal 0.991446 0 0.130518
    outer loop
      vertex 55 -23 22
      vertex 54.7615 -33 23.8117
      vertex 55 -33 22
    endloop
  endfacet
  facet normal 0 1 0
    outer loop
      vertex 48 -23 27
      vertex 48 -23 29
      vertex 49.8117 -23 28.7615
    endloop
  endfacet
  facet normal 0 1 0
    outer loop
      vertex 49.2941 -23 26.8296
      vertex 49.8117 -23 28.7615
      vertex 51.5 -23 28.0622
    endloop
  endfacet
  facet normal 0 1 0
    outer loop
      vertex 48 -23 29
      vertex 48 -23 27
      vertex 46.1883 -23 28.7615
    endloop
  endfacet
  facet normal 0 1 -0
    outer loop
      vertex 46.7059 -23 26.8296
      vertex 46.1883 -23 28.7615
      vertex 48 -23 27
    endloop
  endfacet
  facet normal 0 1 0
    outer loop
      vertex 50.5 -23 26.3301
      vertex 51.5 -23 28.0622
      vertex 52.9497 -23 26.9497
    endloop
  endfacet
  facet normal 0 1 0
    outer loop
      vertex 49.8117 -23 28.7615
      vertex 49.2941 -23 26.8296
      vertex 48 -23 27
    endloop
  endfacet
  facet normal 0 1 0
    outer loop
      vertex 51.5 -23 28.0622
      vertex 50.5 -23 26.3301
      vertex 49.2941 -23 26.8296
    endloop
  endfacet
  facet normal 0 1 0
    outer loop
      vertex 52.9497 -23 26.9497
      vertex 51.5355 -23 25.5355
      vertex 50.5 -23 26.3301
    endloop
  endfacet
  facet normal 0 1 0
    outer loop
      vertex 54.0622 -23 25.5
      vertex 51.5355 -23 25.5355
      vertex 52.9497 -23 26.9497
    endloop
  endfacet
  facet normal 0 1 0
    outer loop
      vertex 54.0622 -23 25.5
      vertex 52.3301 -23 24.5
      vertex 51.5355 -23 25.5355
    endloop
  endfacet
  facet normal 0 1 0
    outer loop
      vertex 54.7615 -23 23.8117
      vertex 52.3301 -23 24.5
      vertex 54.0622 -23 25.5
    endloop
  endfacet
  facet normal 0 1 0
    outer loop
      vertex 54.7615 -23 23.8117
      vertex 52.8296 -23 23.2941
      vertex 52.3301 -23 24.5
    endloop
  endfacet
  facet normal 0 1 0
    outer loop
      vertex 55 -23 22
      vertex 52.8296 -23 23.2941
      vertex 54.7615 -23 23.8117
    endloop
  endfacet
  facet normal 0 1 0
    outer loop
      vertex 55 -23 22
      vertex 53 -23 22
      vertex 52.8296 -23 23.2941
    endloop
  endfacet
  facet normal 0 1 0
    outer loop
      vertex 55 -23 22
      vertex 52.8296 -23 20.7059
      vertex 53 -23 22
    endloop
  endfacet
  facet normal 0 1 -0
    outer loop
      vertex 54.7615 -23 20.1883
      vertex 52.8296 -23 20.7059
      vertex 55 -23 22
    endloop
  endfacet
  facet normal 0 1 0
    outer loop
      vertex 54.7615 -23 20.1883
      vertex 52.3301 -23 19.5
      vertex 52.8296 -23 20.7059
    endloop
  endfacet
  facet normal 0 1 -0
    outer loop
      vertex 54.0622 -23 18.5
      vertex 52.3301 -23 19.5
      vertex 54.7615 -23 20.1883
    endloop
  endfacet
  facet normal 0 1 0
    outer loop
      vertex 54.0622 -23 18.5
      vertex 51.5355 -23 18.4645
      vertex 52.3301 -23 19.5
    endloop
  endfacet
  facet normal 0 1 -0
    outer loop
      vertex 52.9497 -23 17.0503
      vertex 51.5355 -23 18.4645
      vertex 54.0622 -23 18.5
    endloop
  endfacet
  facet normal 0 1 0
    outer loop
      vertex 51.5355 -23 18.4645
      vertex 52.9497 -23 17.0503
      vertex 50.5 -23 17.6699
    endloop
  endfacet
  facet normal 0 1 -0
    outer loop
      vertex 51.5 -23 15.9378
      vertex 50.5 -23 17.6699
      vertex 52.9497 -23 17.0503
    endloop
  endfacet
  facet normal 0 1 0
    outer loop
      vertex 50.5 -23 17.6699
      vertex 51.5 -23 15.9378
      vertex 49.2941 -23 17.1704
    endloop
  endfacet
  facet normal 0 1 -0
    outer loop
      vertex 49.8117 -23 15.2385
      vertex 49.2941 -23 17.1704
      vertex 51.5 -23 15.9378
    endloop
  endfacet
  facet normal 0 1 0
    outer loop
      vertex 46.1883 -23 28.7615
      vertex 46.7059 -23 26.8296
      vertex 44.5 -23 28.0622
    endloop
  endfacet
  facet normal 0 1 -0
    outer loop
      vertex 45.5 -23 26.3301
      vertex 44.5 -23 28.0622
      vertex 46.7059 -23 26.8296
    endloop
  endfacet
  facet normal 0 1 0
    outer loop
      vertex 44.5 -23 28.0622
      vertex 45.5 -23 26.3301
      vertex 43.0503 -23 26.9497
    endloop
  endfacet
  facet normal 0 1 -0
    outer loop
      vertex 44.4645 -23 25.5355
      vertex 43.0503 -23 26.9497
      vertex 45.5 -23 26.3301
    endloop
  endfacet
  facet normal 0 1 0
    outer loop
      vertex 44.4645 -23 25.5355
      vertex 41.9378 -23 25.5
      vertex 43.0503 -23 26.9497
    endloop
  endfacet
  facet normal 0 1 -0
    outer loop
      vertex 43.6699 -23 24.5
      vertex 41.9378 -23 25.5
      vertex 44.4645 -23 25.5355
    endloop
  endfacet
  facet normal 0 1 0
    outer loop
      vertex 43.6699 -23 24.5
      vertex 41.2385 -23 23.8117
      vertex 41.9378 -23 25.5
    endloop
  endfacet
  facet normal 0 1 -0
    outer loop
      vertex 43.1704 -23 23.2941
      vertex 41.2385 -23 23.8117
      vertex 43.6699 -23 24.5
    endloop
  endfacet
  facet normal 0 1 -0
    outer loop
      vertex 43 -23 22
      vertex 41.2385 -23 23.8117
      vertex 43.1704 -23 23.2941
    endloop
  endfacet
  facet normal 0 1 0
    outer loop
      vertex 43 -23 22
      vertex 41 -23 22
      vertex 41.2385 -23 23.8117
    endloop
  endfacet
  facet normal 0 1 0
    outer loop
      vertex 43.1704 -23 20.7059
      vertex 41 -23 22
      vertex 43 -23 22
    endloop
  endfacet
  facet normal 0 1 0
    outer loop
      vertex 43.1704 -23 20.7059
      vertex 41.2385 -23 20.1883
      vertex 41 -23 22
    endloop
  endfacet
  facet normal 0 1 0
    outer loop
      vertex 43.6699 -23 19.5
      vertex 41.2385 -23 20.1883
      vertex 43.1704 -23 20.7059
    endloop
  endfacet
  facet normal 0 1 0
    outer loop
      vertex 43.6699 -23 19.5
      vertex 41.9378 -23 18.5
      vertex 41.2385 -23 20.1883
    endloop
  endfacet
  facet normal 0 1 0
    outer loop
      vertex 44.4645 -23 18.4645
      vertex 41.9378 -23 18.5
      vertex 43.6699 -23 19.5
    endloop
  endfacet
  facet normal 0 1 0
    outer loop
      vertex 43.0503 -23 17.0503
      vertex 44.4645 -23 18.4645
      vertex 45.5 -23 17.6699
    endloop
  endfacet
  facet normal 0 1 0
    outer loop
      vertex 44.5 -23 15.9378
      vertex 45.5 -23 17.6699
      vertex 46.7059 -23 17.1704
    endloop
  endfacet
  facet normal 0 1 0
    outer loop
      vertex 44.4645 -23 18.4645
      vertex 43.0503 -23 17.0503
      vertex 41.9378 -23 18.5
    endloop
  endfacet
  facet normal 0 1 0
    outer loop
      vertex 46.1883 -23 15.2385
      vertex 46.7059 -23 17.1704
      vertex 48 -23 17
    endloop
  endfacet
  facet normal 0 1 0
    outer loop
      vertex 49.2941 -23 17.1704
      vertex 49.8117 -23 15.2385
      vertex 48 -23 17
    endloop
  endfacet
  facet normal 0 1 0
    outer loop
      vertex 45.5 -23 17.6699
      vertex 44.5 -23 15.9378
      vertex 43.0503 -23 17.0503
    endloop
  endfacet
  facet normal 0 1 0
    outer loop
      vertex 48 -23 15
      vertex 48 -23 17
      vertex 49.8117 -23 15.2385
    endloop
  endfacet
  facet normal 0 1 0
    outer loop
      vertex 46.7059 -23 17.1704
      vertex 46.1883 -23 15.2385
      vertex 44.5 -23 15.9378
    endloop
  endfacet
  facet normal 0 1 0
    outer loop
      vertex 48 -23 17
      vertex 48 -23 15
      vertex 46.1883 -23 15.2385
    endloop
  endfacet
  facet normal -0.130518 0 0.991446
    outer loop
      vertex 46.1883 -23 28.7615
      vertex 48 -33 29
      vertex 48 -23 29
    endloop
  endfacet
  facet normal -0.130518 0 0.991446
    outer loop
      vertex 48 -33 29
      vertex 46.1883 -23 28.7615
      vertex 46.1883 -33 28.7615
    endloop
  endfacet
  facet normal 0.382676 0 0.923883
    outer loop
      vertex 49.8117 -23 28.7615
      vertex 51.5 -33 28.0622
      vertex 51.5 -23 28.0622
    endloop
  endfacet
  facet normal 0.382676 0 0.923883
    outer loop
      vertex 51.5 -33 28.0622
      vertex 49.8117 -23 28.7615
      vertex 49.8117 -33 28.7615
    endloop
  endfacet
  facet normal -0.608798 0 0.793325
    outer loop
      vertex 43.0503 -23 26.9497
      vertex 44.5 -33 28.0622
      vertex 44.5 -23 28.0622
    endloop
  endfacet
  facet normal -0.608798 0 0.793325
    outer loop
      vertex 44.5 -33 28.0622
      vertex 43.0503 -23 26.9497
      vertex 43.0503 -33 26.9497
    endloop
  endfacet
  facet normal -0.793325 0 0.608798
    outer loop
      vertex 41.9378 -33 25.5
      vertex 43.0503 -23 26.9497
      vertex 41.9378 -23 25.5
    endloop
  endfacet
  facet normal -0.793325 0 0.608798
    outer loop
      vertex 43.0503 -23 26.9497
      vertex 41.9378 -33 25.5
      vertex 43.0503 -33 26.9497
    endloop
  endfacet
  facet normal 0.923883 0 -0.382676
    outer loop
      vertex 54.7615 -33 20.1883
      vertex 54.0622 -23 18.5
      vertex 54.7615 -23 20.1883
    endloop
  endfacet
  facet normal 0.923883 0 -0.382676
    outer loop
      vertex 54.0622 -23 18.5
      vertex 54.7615 -33 20.1883
      vertex 54.0622 -33 18.5
    endloop
  endfacet
  facet normal 0.382676 0 -0.923883
    outer loop
      vertex 49.8117 -33 15.2385
      vertex 51.5 -23 15.9378
      vertex 51.5 -33 15.9378
    endloop
  endfacet
  facet normal 0.382676 0 -0.923883
    outer loop
      vertex 51.5 -23 15.9378
      vertex 49.8117 -33 15.2385
      vertex 49.8117 -23 15.2385
    endloop
  endfacet
  facet normal -0.382676 0 -0.923883
    outer loop
      vertex 44.5 -33 15.9378
      vertex 46.1883 -23 15.2385
      vertex 46.1883 -33 15.2385
    endloop
  endfacet
  facet normal -0.382676 0 -0.923883
    outer loop
      vertex 46.1883 -23 15.2385
      vertex 44.5 -33 15.9378
      vertex 44.5 -23 15.9378
    endloop
  endfacet
  facet normal 0.923883 -0 0.382676
    outer loop
      vertex 54.0622 -33 25.5
      vertex 54.7615 -23 23.8117
      vertex 54.0622 -23 25.5
    endloop
  endfacet
  facet normal 0.923883 0 0.382676
    outer loop
      vertex 54.7615 -23 23.8117
      vertex 54.0622 -33 25.5
      vertex 54.7615 -33 23.8117
    endloop
  endfacet
  facet normal 0.608798 0 0.793325
    outer loop
      vertex 51.5 -23 28.0622
      vertex 52.9497 -33 26.9497
      vertex 52.9497 -23 26.9497
    endloop
  endfacet
  facet normal 0.608798 0 0.793325
    outer loop
      vertex 52.9497 -33 26.9497
      vertex 51.5 -23 28.0622
      vertex 51.5 -33 28.0622
    endloop
  endfacet
  facet normal 0.130518 0 0.991446
    outer loop
      vertex 48 -23 29
      vertex 49.8117 -33 28.7615
      vertex 49.8117 -23 28.7615
    endloop
  endfacet
  facet normal 0.130518 0 0.991446
    outer loop
      vertex 49.8117 -33 28.7615
      vertex 48 -23 29
      vertex 48 -33 29
    endloop
  endfacet
  facet normal -0.991446 0 -0.130518
    outer loop
      vertex 41.2385 -33 20.1883
      vertex 41 -23 22
      vertex 41.2385 -23 20.1883
    endloop
  endfacet
  facet normal -0.991446 -0 -0.130518
    outer loop
      vertex 41 -23 22
      vertex 41.2385 -33 20.1883
      vertex 41 -33 22
    endloop
  endfacet
  facet normal -0.923883 0 0.382676
    outer loop
      vertex 41.2385 -33 23.8117
      vertex 41.9378 -23 25.5
      vertex 41.2385 -23 23.8117
    endloop
  endfacet
  facet normal -0.923883 0 0.382676
    outer loop
      vertex 41.9378 -23 25.5
      vertex 41.2385 -33 23.8117
      vertex 41.9378 -33 25.5
    endloop
  endfacet
  facet normal 0.130518 0 -0.991446
    outer loop
      vertex 48 -33 15
      vertex 49.8117 -23 15.2385
      vertex 49.8117 -33 15.2385
    endloop
  endfacet
  facet normal 0.130518 0 -0.991446
    outer loop
      vertex 49.8117 -23 15.2385
      vertex 48 -33 15
      vertex 48 -23 15
    endloop
  endfacet
  facet normal -0.608798 0 -0.793325
    outer loop
      vertex 43.0503 -33 17.0503
      vertex 44.5 -23 15.9378
      vertex 44.5 -33 15.9378
    endloop
  endfacet
  facet normal -0.608798 0 -0.793325
    outer loop
      vertex 44.5 -23 15.9378
      vertex 43.0503 -33 17.0503
      vertex 43.0503 -23 17.0503
    endloop
  endfacet
  facet normal 0.793325 -0 0.608798
    outer loop
      vertex 52.9497 -33 26.9497
      vertex 54.0622 -23 25.5
      vertex 52.9497 -23 26.9497
    endloop
  endfacet
  facet normal 0.793325 0 0.608798
    outer loop
      vertex 54.0622 -23 25.5
      vertex 52.9497 -33 26.9497
      vertex 54.0622 -33 25.5
    endloop
  endfacet
  facet normal 0 -1 0
    outer loop
      vertex 46.1883 -33 28.7615
      vertex 49.8117 -33 28.7615
      vertex 48 -33 29
    endloop
  endfacet
  facet normal 0 -1 0
    outer loop
      vertex 44.5 -33 28.0622
      vertex 49.8117 -33 28.7615
      vertex 46.1883 -33 28.7615
    endloop
  endfacet
  facet normal 0 -1 0
    outer loop
      vertex 44.5 -33 28.0622
      vertex 51.5 -33 28.0622
      vertex 49.8117 -33 28.7615
    endloop
  endfacet
  facet normal 0 -1 0
    outer loop
      vertex 43.0503 -33 26.9497
      vertex 51.5 -33 28.0622
      vertex 44.5 -33 28.0622
    endloop
  endfacet
  facet normal 0 -1 0
    outer loop
      vertex 43.0503 -33 26.9497
      vertex 52.9497 -33 26.9497
      vertex 51.5 -33 28.0622
    endloop
  endfacet
  facet normal 0 -1 0
    outer loop
      vertex 41.9378 -33 25.5
      vertex 52.9497 -33 26.9497
      vertex 43.0503 -33 26.9497
    endloop
  endfacet
  facet normal 0 -1 0
    outer loop
      vertex 41.9378 -33 25.5
      vertex 54.0622 -33 25.5
      vertex 52.9497 -33 26.9497
    endloop
  endfacet
  facet normal 0 -1 0
    outer loop
      vertex 41.2385 -33 23.8117
      vertex 54.0622 -33 25.5
      vertex 41.9378 -33 25.5
    endloop
  endfacet
  facet normal 0 -1 0
    outer loop
      vertex 41.2385 -33 23.8117
      vertex 54.7615 -33 23.8117
      vertex 54.0622 -33 25.5
    endloop
  endfacet
  facet normal 0 -1 0
    outer loop
      vertex 41 -33 22
      vertex 54.7615 -33 23.8117
      vertex 41.2385 -33 23.8117
    endloop
  endfacet
  facet normal 0 -1 0
    outer loop
      vertex 41 -33 22
      vertex 55 -33 22
      vertex 54.7615 -33 23.8117
    endloop
  endfacet
  facet normal 0 -1 0
    outer loop
      vertex 41.2385 -33 20.1883
      vertex 55 -33 22
      vertex 41 -33 22
    endloop
  endfacet
  facet normal 0 -1 0
    outer loop
      vertex 41.2385 -33 20.1883
      vertex 54.7615 -33 20.1883
      vertex 55 -33 22
    endloop
  endfacet
  facet normal 0 -1 0
    outer loop
      vertex 41.9378 -33 18.5
      vertex 54.7615 -33 20.1883
      vertex 41.2385 -33 20.1883
    endloop
  endfacet
  facet normal 0 -1 0
    outer loop
      vertex 41.9378 -33 18.5
      vertex 54.0622 -33 18.5
      vertex 54.7615 -33 20.1883
    endloop
  endfacet
  facet normal 0 -1 0
    outer loop
      vertex 43.0503 -33 17.0503
      vertex 54.0622 -33 18.5
      vertex 41.9378 -33 18.5
    endloop
  endfacet
  facet normal 0 -1 0
    outer loop
      vertex 43.0503 -33 17.0503
      vertex 52.9497 -33 17.0503
      vertex 54.0622 -33 18.5
    endloop
  endfacet
  facet normal 0 -1 0
    outer loop
      vertex 44.5 -33 15.9378
      vertex 52.9497 -33 17.0503
      vertex 43.0503 -33 17.0503
    endloop
  endfacet
  facet normal 0 -1 0
    outer loop
      vertex 44.5 -33 15.9378
      vertex 51.5 -33 15.9378
      vertex 52.9497 -33 17.0503
    endloop
  endfacet
  facet normal 0 -1 0
    outer loop
      vertex 46.1883 -33 15.2385
      vertex 51.5 -33 15.9378
      vertex 44.5 -33 15.9378
    endloop
  endfacet
  facet normal 0 -1 0
    outer loop
      vertex 46.1883 -33 15.2385
      vertex 49.8117 -33 15.2385
      vertex 51.5 -33 15.9378
    endloop
  endfacet
  facet normal -0 -1 0
    outer loop
      vertex 49.8117 -33 15.2385
      vertex 46.1883 -33 15.2385
      vertex 48 -33 15
    endloop
  endfacet
  facet normal -0.991446 0 0.130518
    outer loop
      vertex 41 -33 22
      vertex 41.2385 -23 23.8117
      vertex 41 -23 22
    endloop
  endfacet
  facet normal -0.991446 0 0.130518
    outer loop
      vertex 41.2385 -23 23.8117
      vertex 41 -33 22
      vertex 41.2385 -33 23.8117
    endloop
  endfacet
  facet normal -0.382676 0 0.923883
    outer loop
      vertex 44.5 -23 28.0622
      vertex 46.1883 -33 28.7615
      vertex 46.1883 -23 28.7615
    endloop
  endfacet
  facet normal -0.382676 0 0.923883
    outer loop
      vertex 46.1883 -33 28.7615
      vertex 44.5 -23 28.0622
      vertex 44.5 -33 28.0622
    endloop
  endfacet
  facet normal 0.991446 0 -0.130518
    outer loop
      vertex 55 -33 22
      vertex 54.7615 -23 20.1883
      vertex 55 -23 22
    endloop
  endfacet
  facet normal 0.991446 0 -0.130518
    outer loop
      vertex 54.7615 -23 20.1883
      vertex 55 -33 22
      vertex 54.7615 -33 20.1883
    endloop
  endfacet
  facet normal 0.608798 0 -0.793325
    outer loop
      vertex 51.5 -33 15.9378
      vertex 52.9497 -23 17.0503
      vertex 52.9497 -33 17.0503
    endloop
  endfacet
  facet normal 0.608798 0 -0.793325
    outer loop
      vertex 52.9497 -23 17.0503
      vertex 51.5 -33 15.9378
      vertex 51.5 -23 15.9378
    endloop
  endfacet
  facet normal 0.793325 0 -0.608798
    outer loop
      vertex 54.0622 -33 18.5
      vertex 52.9497 -23 17.0503
      vertex 54.0622 -23 18.5
    endloop
  endfacet
  facet normal 0.793325 0 -0.608798
    outer loop
      vertex 52.9497 -23 17.0503
      vertex 54.0622 -33 18.5
      vertex 52.9497 -33 17.0503
    endloop
  endfacet
  facet normal -0.130518 0 -0.991446
    outer loop
      vertex 46.1883 -33 15.2385
      vertex 48 -23 15
      vertex 48 -33 15
    endloop
  endfacet
  facet normal -0.130518 0 -0.991446
    outer loop
      vertex 48 -23 15
      vertex 46.1883 -33 15.2385
      vertex 46.1883 -23 15.2385
    endloop
  endfacet
  facet normal -0.923883 0 -0.382676
    outer loop
      vertex 41.9378 -33 18.5
      vertex 41.2385 -23 20.1883
      vertex 41.9378 -23 18.5
    endloop
  endfacet
  facet normal -0.923883 -0 -0.382676
    outer loop
      vertex 41.2385 -23 20.1883
      vertex 41.9378 -33 18.5
      vertex 41.2385 -33 20.1883
    endloop
  endfacet
  facet normal -0.793325 0 -0.608798
    outer loop
      vertex 43.0503 -33 17.0503
      vertex 41.9378 -23 18.5
      vertex 43.0503 -23 17.0503
    endloop
  endfacet
  facet normal -0.793325 -0 -0.608798
    outer loop
      vertex 41.9378 -23 18.5
      vertex 43.0503 -33 17.0503
      vertex 41.9378 -33 18.5
    endloop
  endfacet
  facet normal 0.991446 -0 0.130518
    outer loop
      vertex 54.7615 23 23.8117
      vertex 55 33 22
      vertex 54.7615 33 23.8117
    endloop
  endfacet
  facet normal 0.991446 0 0.130518
    outer loop
      vertex 55 33 22
      vertex 54.7615 23 23.8117
      vertex 55 23 22
    endloop
  endfacet
  facet normal 0 1 0
    outer loop
      vertex 49.8117 33 28.7615
      vertex 46.1883 33 28.7615
      vertex 48 33 29
    endloop
  endfacet
  facet normal 0 1 0
    outer loop
      vertex 51.5 33 28.0622
      vertex 46.1883 33 28.7615
      vertex 49.8117 33 28.7615
    endloop
  endfacet
  facet normal 0 1 0
    outer loop
      vertex 51.5 33 28.0622
      vertex 44.5 33 28.0622
      vertex 46.1883 33 28.7615
    endloop
  endfacet
  facet normal 0 1 0
    outer loop
      vertex 52.9497 33 26.9497
      vertex 44.5 33 28.0622
      vertex 51.5 33 28.0622
    endloop
  endfacet
  facet normal 0 1 0
    outer loop
      vertex 52.9497 33 26.9497
      vertex 43.0503 33 26.9497
      vertex 44.5 33 28.0622
    endloop
  endfacet
  facet normal 0 1 0
    outer loop
      vertex 54.0622 33 25.5
      vertex 43.0503 33 26.9497
      vertex 52.9497 33 26.9497
    endloop
  endfacet
  facet normal 0 1 0
    outer loop
      vertex 54.0622 33 25.5
      vertex 41.9378 33 25.5
      vertex 43.0503 33 26.9497
    endloop
  endfacet
  facet normal 0 1 0
    outer loop
      vertex 54.7615 33 23.8117
      vertex 41.9378 33 25.5
      vertex 54.0622 33 25.5
    endloop
  endfacet
  facet normal 0 1 0
    outer loop
      vertex 54.7615 33 23.8117
      vertex 41.2385 33 23.8117
      vertex 41.9378 33 25.5
    endloop
  endfacet
  facet normal 0 1 0
    outer loop
      vertex 55 33 22
      vertex 41.2385 33 23.8117
      vertex 54.7615 33 23.8117
    endloop
  endfacet
  facet normal 0 1 0
    outer loop
      vertex 55 33 22
      vertex 41 33 22
      vertex 41.2385 33 23.8117
    endloop
  endfacet
  facet normal 0 1 -0
    outer loop
      vertex 54.7615 33 20.1883
      vertex 41 33 22
      vertex 55 33 22
    endloop
  endfacet
  facet normal 0 1 0
    outer loop
      vertex 54.7615 33 20.1883
      vertex 41.2385 33 20.1883
      vertex 41 33 22
    endloop
  endfacet
  facet normal 0 1 -0
    outer loop
      vertex 54.0622 33 18.5
      vertex 41.2385 33 20.1883
      vertex 54.7615 33 20.1883
    endloop
  endfacet
  facet normal 0 1 0
    outer loop
      vertex 54.0622 33 18.5
      vertex 41.9378 33 18.5
      vertex 41.2385 33 20.1883
    endloop
  endfacet
  facet normal 0 1 -0
    outer loop
      vertex 52.9497 33 17.0503
      vertex 41.9378 33 18.5
      vertex 54.0622 33 18.5
    endloop
  endfacet
  facet normal 0 1 0
    outer loop
      vertex 52.9497 33 17.0503
      vertex 43.0503 33 17.0503
      vertex 41.9378 33 18.5
    endloop
  endfacet
  facet normal 0 1 -0
    outer loop
      vertex 51.5 33 15.9378
      vertex 43.0503 33 17.0503
      vertex 52.9497 33 17.0503
    endloop
  endfacet
  facet normal 0 1 0
    outer loop
      vertex 51.5 33 15.9378
      vertex 44.5 33 15.9378
      vertex 43.0503 33 17.0503
    endloop
  endfacet
  facet normal 0 1 -0
    outer loop
      vertex 49.8117 33 15.2385
      vertex 44.5 33 15.9378
      vertex 51.5 33 15.9378
    endloop
  endfacet
  facet normal 0 1 0
    outer loop
      vertex 49.8117 33 15.2385
      vertex 46.1883 33 15.2385
      vertex 44.5 33 15.9378
    endloop
  endfacet
  facet normal -0 1 0
    outer loop
      vertex 46.1883 33 15.2385
      vertex 49.8117 33 15.2385
      vertex 48 33 15
    endloop
  endfacet
  facet normal -0.130518 0 -0.991446
    outer loop
      vertex 46.1883 23 15.2385
      vertex 48 33 15
      vertex 48 23 15
    endloop
  endfacet
  facet normal -0.130518 0 -0.991446
    outer loop
      vertex 48 33 15
      vertex 46.1883 23 15.2385
      vertex 46.1883 33 15.2385
    endloop
  endfacet
  facet normal -0.130518 0 0.991446
    outer loop
      vertex 46.1883 33 28.7615
      vertex 48 23 29
      vertex 48 33 29
    endloop
  endfacet
  facet normal -0.130518 0 0.991446
    outer loop
      vertex 48 23 29
      vertex 46.1883 33 28.7615
      vertex 46.1883 23 28.7615
    endloop
  endfacet
  facet normal 0.382676 0 0.923883
    outer loop
      vertex 49.8117 33 28.7615
      vertex 51.5 23 28.0622
      vertex 51.5 33 28.0622
    endloop
  endfacet
  facet normal 0.382676 0 0.923883
    outer loop
      vertex 51.5 23 28.0622
      vertex 49.8117 33 28.7615
      vertex 49.8117 23 28.7615
    endloop
  endfacet
  facet normal -0.793325 0 0.608798
    outer loop
      vertex 41.9378 23 25.5
      vertex 43.0503 33 26.9497
      vertex 41.9378 33 25.5
    endloop
  endfacet
  facet normal -0.793325 0 0.608798
    outer loop
      vertex 43.0503 33 26.9497
      vertex 41.9378 23 25.5
      vertex 43.0503 23 26.9497
    endloop
  endfacet
  facet normal 0.923883 0 -0.382676
    outer loop
      vertex 54.7615 23 20.1883
      vertex 54.0622 33 18.5
      vertex 54.7615 33 20.1883
    endloop
  endfacet
  facet normal 0.923883 0 -0.382676
    outer loop
      vertex 54.0622 33 18.5
      vertex 54.7615 23 20.1883
      vertex 54.0622 23 18.5
    endloop
  endfacet
  facet normal -0.382676 0 -0.923883
    outer loop
      vertex 44.5 23 15.9378
      vertex 46.1883 33 15.2385
      vertex 46.1883 23 15.2385
    endloop
  endfacet
  facet normal -0.382676 0 -0.923883
    outer loop
      vertex 46.1883 33 15.2385
      vertex 44.5 23 15.9378
      vertex 44.5 33 15.9378
    endloop
  endfacet
  facet normal 0.923883 -0 0.382676
    outer loop
      vertex 54.0622 23 25.5
      vertex 54.7615 33 23.8117
      vertex 54.0622 33 25.5
    endloop
  endfacet
  facet normal 0.923883 0 0.382676
    outer loop
      vertex 54.7615 33 23.8117
      vertex 54.0622 23 25.5
      vertex 54.7615 23 23.8117
    endloop
  endfacet
  facet normal 0.608798 0 0.793325
    outer loop
      vertex 51.5 33 28.0622
      vertex 52.9497 23 26.9497
      vertex 52.9497 33 26.9497
    endloop
  endfacet
  facet normal 0.608798 0 0.793325
    outer loop
      vertex 52.9497 23 26.9497
      vertex 51.5 33 28.0622
      vertex 51.5 23 28.0622
    endloop
  endfacet
  facet normal 0.130518 0 0.991446
    outer loop
      vertex 48 33 29
      vertex 49.8117 23 28.7615
      vertex 49.8117 33 28.7615
    endloop
  endfacet
  facet normal 0.130518 0 0.991446
    outer loop
      vertex 49.8117 23 28.7615
      vertex 48 33 29
      vertex 48 23 29
    endloop
  endfacet
  facet normal -0.991446 0 -0.130518
    outer loop
      vertex 41.2385 23 20.1883
      vertex 41 33 22
      vertex 41.2385 33 20.1883
    endloop
  endfacet
  facet normal -0.991446 -0 -0.130518
    outer loop
      vertex 41 33 22
      vertex 41.2385 23 20.1883
      vertex 41 23 22
    endloop
  endfacet
  facet normal -0.923883 0 0.382676
    outer loop
      vertex 41.2385 23 23.8117
      vertex 41.9378 33 25.5
      vertex 41.2385 33 23.8117
    endloop
  endfacet
  facet normal -0.923883 0 0.382676
    outer loop
      vertex 41.9378 33 25.5
      vertex 41.2385 23 23.8117
      vertex 41.9378 23 25.5
    endloop
  endfacet
  facet normal 0.382676 0 -0.923883
    outer loop
      vertex 49.8117 23 15.2385
      vertex 51.5 33 15.9378
      vertex 51.5 23 15.9378
    endloop
  endfacet
  facet normal 0.382676 0 -0.923883
    outer loop
      vertex 51.5 33 15.9378
      vertex 49.8117 23 15.2385
      vertex 49.8117 33 15.2385
    endloop
  endfacet
  facet normal 0.130518 0 -0.991446
    outer loop
      vertex 48 23 15
      vertex 49.8117 33 15.2385
      vertex 49.8117 23 15.2385
    endloop
  endfacet
  facet normal 0.130518 0 -0.991446
    outer loop
      vertex 49.8117 33 15.2385
      vertex 48 23 15
      vertex 48 33 15
    endloop
  endfacet
  facet normal -0.608798 0 -0.793325
    outer loop
      vertex 43.0503 23 17.0503
      vertex 44.5 33 15.9378
      vertex 44.5 23 15.9378
    endloop
  endfacet
  facet normal -0.608798 0 -0.793325
    outer loop
      vertex 44.5 33 15.9378
      vertex 43.0503 23 17.0503
      vertex 43.0503 33 17.0503
    endloop
  endfacet
  facet normal 0.793325 -0 0.608798
    outer loop
      vertex 52.9497 23 26.9497
      vertex 54.0622 33 25.5
      vertex 52.9497 33 26.9497
    endloop
  endfacet
  facet normal 0.793325 0 0.608798
    outer loop
      vertex 54.0622 33 25.5
      vertex 52.9497 23 26.9497
      vertex 54.0622 23 25.5
    endloop
  endfacet
  facet normal 0 -1 0
    outer loop
      vertex 48 23 27
      vertex 48 23 29
      vertex 46.1883 23 28.7615
    endloop
  endfacet
  facet normal 0 -1 0
    outer loop
      vertex 46.7059 23 26.8296
      vertex 46.1883 23 28.7615
      vertex 44.5 23 28.0622
    endloop
  endfacet
  facet normal 0 -1 0
    outer loop
      vertex 48 23 29
      vertex 48 23 27
      vertex 49.8117 23 28.7615
    endloop
  endfacet
  facet normal 0 -1 0
    outer loop
      vertex 49.2941 23 26.8296
      vertex 49.8117 23 28.7615
      vertex 48 23 27
    endloop
  endfacet
  facet normal 0 -1 0
    outer loop
      vertex 45.5 23 26.3301
      vertex 44.5 23 28.0622
      vertex 43.0503 23 26.9497
    endloop
  endfacet
  facet normal 0 -1 0
    outer loop
      vertex 46.1883 23 28.7615
      vertex 46.7059 23 26.8296
      vertex 48 23 27
    endloop
  endfacet
  facet normal 0 -1 0
    outer loop
      vertex 44.5 23 28.0622
      vertex 45.5 23 26.3301
      vertex 46.7059 23 26.8296
    endloop
  endfacet
  facet normal 0 -1 0
    outer loop
      vertex 43.0503 23 26.9497
      vertex 44.4645 23 25.5355
      vertex 45.5 23 26.3301
    endloop
  endfacet
  facet normal 0 -1 0
    outer loop
      vertex 41.9378 23 25.5
      vertex 44.4645 23 25.5355
      vertex 43.0503 23 26.9497
    endloop
  endfacet
  facet normal 0 -1 0
    outer loop
      vertex 41.9378 23 25.5
      vertex 43.6699 23 24.5
      vertex 44.4645 23 25.5355
    endloop
  endfacet
  facet normal 0 -1 0
    outer loop
      vertex 41.2385 23 23.8117
      vertex 43.6699 23 24.5
      vertex 41.9378 23 25.5
    endloop
  endfacet
  facet normal 0 -1 0
    outer loop
      vertex 41.2385 23 23.8117
      vertex 43.1704 23 23.2941
      vertex 43.6699 23 24.5
    endloop
  endfacet
  facet normal 0 -1 0
    outer loop
      vertex 41 23 22
      vertex 43.1704 23 23.2941
      vertex 41.2385 23 23.8117
    endloop
  endfacet
  facet normal 0 -1 0
    outer loop
      vertex 41 23 22
      vertex 43 23 22
      vertex 43.1704 23 23.2941
    endloop
  endfacet
  facet normal 0 -1 0
    outer loop
      vertex 41 23 22
      vertex 43.1704 23 20.7059
      vertex 43 23 22
    endloop
  endfacet
  facet normal 0 -1 0
    outer loop
      vertex 41.2385 23 20.1883
      vertex 43.1704 23 20.7059
      vertex 41 23 22
    endloop
  endfacet
  facet normal 0 -1 0
    outer loop
      vertex 41.2385 23 20.1883
      vertex 43.6699 23 19.5
      vertex 43.1704 23 20.7059
    endloop
  endfacet
  facet normal 0 -1 0
    outer loop
      vertex 41.9378 23 18.5
      vertex 43.6699 23 19.5
      vertex 41.2385 23 20.1883
    endloop
  endfacet
  facet normal 0 -1 0
    outer loop
      vertex 41.9378 23 18.5
      vertex 44.4645 23 18.4645
      vertex 43.6699 23 19.5
    endloop
  endfacet
  facet normal 0 -1 0
    outer loop
      vertex 43.0503 23 17.0503
      vertex 44.4645 23 18.4645
      vertex 41.9378 23 18.5
    endloop
  endfacet
  facet normal 0 -1 -0
    outer loop
      vertex 44.4645 23 18.4645
      vertex 43.0503 23 17.0503
      vertex 45.5 23 17.6699
    endloop
  endfacet
  facet normal 0 -1 0
    outer loop
      vertex 44.5 23 15.9378
      vertex 45.5 23 17.6699
      vertex 43.0503 23 17.0503
    endloop
  endfacet
  facet normal 0 -1 -0
    outer loop
      vertex 45.5 23 17.6699
      vertex 44.5 23 15.9378
      vertex 46.7059 23 17.1704
    endloop
  endfacet
  facet normal 0 -1 0
    outer loop
      vertex 46.1883 23 15.2385
      vertex 46.7059 23 17.1704
      vertex 44.5 23 15.9378
    endloop
  endfacet
  facet normal 0 -1 -0
    outer loop
      vertex 49.8117 23 28.7615
      vertex 49.2941 23 26.8296
      vertex 51.5 23 28.0622
    endloop
  endfacet
  facet normal 0 -1 0
    outer loop
      vertex 50.5 23 26.3301
      vertex 51.5 23 28.0622
      vertex 49.2941 23 26.8296
    endloop
  endfacet
  facet normal 0 -1 -0
    outer loop
      vertex 51.5 23 28.0622
      vertex 50.5 23 26.3301
      vertex 52.9497 23 26.9497
    endloop
  endfacet
  facet normal 0 -1 0
    outer loop
      vertex 51.5355 23 25.5355
      vertex 52.9497 23 26.9497
      vertex 50.5 23 26.3301
    endloop
  endfacet
  facet normal 0 -1 0
    outer loop
      vertex 51.5355 23 25.5355
      vertex 54.0622 23 25.5
      vertex 52.9497 23 26.9497
    endloop
  endfacet
  facet normal 0 -1 0
    outer loop
      vertex 52.3301 23 24.5
      vertex 54.0622 23 25.5
      vertex 51.5355 23 25.5355
    endloop
  endfacet
  facet normal 0 -1 0
    outer loop
      vertex 52.3301 23 24.5
      vertex 54.7615 23 23.8117
      vertex 54.0622 23 25.5
    endloop
  endfacet
  facet normal 0 -1 0
    outer loop
      vertex 52.8296 23 23.2941
      vertex 54.7615 23 23.8117
      vertex 52.3301 23 24.5
    endloop
  endfacet
  facet normal 0 -1 0
    outer loop
      vertex 53 23 22
      vertex 54.7615 23 23.8117
      vertex 52.8296 23 23.2941
    endloop
  endfacet
  facet normal 0 -1 0
    outer loop
      vertex 53 23 22
      vertex 55 23 22
      vertex 54.7615 23 23.8117
    endloop
  endfacet
  facet normal 0 -1 0
    outer loop
      vertex 52.8296 23 20.7059
      vertex 55 23 22
      vertex 53 23 22
    endloop
  endfacet
  facet normal 0 -1 0
    outer loop
      vertex 52.8296 23 20.7059
      vertex 54.7615 23 20.1883
      vertex 55 23 22
    endloop
  endfacet
  facet normal 0 -1 0
    outer loop
      vertex 52.3301 23 19.5
      vertex 54.7615 23 20.1883
      vertex 52.8296 23 20.7059
    endloop
  endfacet
  facet normal 0 -1 0
    outer loop
      vertex 52.3301 23 19.5
      vertex 54.0622 23 18.5
      vertex 54.7615 23 20.1883
    endloop
  endfacet
  facet normal 0 -1 0
    outer loop
      vertex 51.5355 23 18.4645
      vertex 54.0622 23 18.5
      vertex 52.3301 23 19.5
    endloop
  endfacet
  facet normal 0 -1 0
    outer loop
      vertex 52.9497 23 17.0503
      vertex 51.5355 23 18.4645
      vertex 50.5 23 17.6699
    endloop
  endfacet
  facet normal 0 -1 0
    outer loop
      vertex 51.5 23 15.9378
      vertex 50.5 23 17.6699
      vertex 49.2941 23 17.1704
    endloop
  endfacet
  facet normal 0 -1 0
    outer loop
      vertex 51.5355 23 18.4645
      vertex 52.9497 23 17.0503
      vertex 54.0622 23 18.5
    endloop
  endfacet
  facet normal 0 -1 0
    outer loop
      vertex 49.8117 23 15.2385
      vertex 49.2941 23 17.1704
      vertex 48 23 17
    endloop
  endfacet
  facet normal 0 -1 -0
    outer loop
      vertex 46.7059 23 17.1704
      vertex 46.1883 23 15.2385
      vertex 48 23 17
    endloop
  endfacet
  facet normal 0 -1 0
    outer loop
      vertex 50.5 23 17.6699
      vertex 51.5 23 15.9378
      vertex 52.9497 23 17.0503
    endloop
  endfacet
  facet normal 0 -1 0
    outer loop
      vertex 48 23 15
      vertex 48 23 17
      vertex 46.1883 23 15.2385
    endloop
  endfacet
  facet normal 0 -1 0
    outer loop
      vertex 49.2941 23 17.1704
      vertex 49.8117 23 15.2385
      vertex 51.5 23 15.9378
    endloop
  endfacet
  facet normal 0 -1 0
    outer loop
      vertex 48 23 17
      vertex 48 23 15
      vertex 49.8117 23 15.2385
    endloop
  endfacet
  facet normal -0.991446 0 0.130518
    outer loop
      vertex 41 23 22
      vertex 41.2385 33 23.8117
      vertex 41 33 22
    endloop
  endfacet
  facet normal -0.991446 0 0.130518
    outer loop
      vertex 41.2385 33 23.8117
      vertex 41 23 22
      vertex 41.2385 23 23.8117
    endloop
  endfacet
  facet normal -0.382676 0 0.923883
    outer loop
      vertex 44.5 33 28.0622
      vertex 46.1883 23 28.7615
      vertex 46.1883 33 28.7615
    endloop
  endfacet
  facet normal -0.382676 0 0.923883
    outer loop
      vertex 46.1883 23 28.7615
      vertex 44.5 33 28.0622
      vertex 44.5 23 28.0622
    endloop
  endfacet
  facet normal -0.608798 0 0.793325
    outer loop
      vertex 43.0503 33 26.9497
      vertex 44.5 23 28.0622
      vertex 44.5 33 28.0622
    endloop
  endfacet
  facet normal -0.608798 0 0.793325
    outer loop
      vertex 44.5 23 28.0622
      vertex 43.0503 33 26.9497
      vertex 43.0503 23 26.9497
    endloop
  endfacet
  facet normal 0.991446 0 -0.130518
    outer loop
      vertex 55 23 22
      vertex 54.7615 33 20.1883
      vertex 55 33 22
    endloop
  endfacet
  facet normal 0.991446 0 -0.130518
    outer loop
      vertex 54.7615 33 20.1883
      vertex 55 23 22
      vertex 54.7615 23 20.1883
    endloop
  endfacet
  facet normal 0.608798 0 -0.793325
    outer loop
      vertex 51.5 23 15.9378
      vertex 52.9497 33 17.0503
      vertex 52.9497 23 17.0503
    endloop
  endfacet
  facet normal 0.608798 0 -0.793325
    outer loop
      vertex 52.9497 33 17.0503
      vertex 51.5 23 15.9378
      vertex 51.5 33 15.9378
    endloop
  endfacet
  facet normal 0.793325 0 -0.608798
    outer loop
      vertex 54.0622 23 18.5
      vertex 52.9497 33 17.0503
      vertex 54.0622 33 18.5
    endloop
  endfacet
  facet normal 0.793325 0 -0.608798
    outer loop
      vertex 52.9497 33 17.0503
      vertex 54.0622 23 18.5
      vertex 52.9497 23 17.0503
    endloop
  endfacet
  facet normal -0.923883 0 -0.382676
    outer loop
      vertex 41.9378 23 18.5
      vertex 41.2385 33 20.1883
      vertex 41.9378 33 18.5
    endloop
  endfacet
  facet normal -0.923883 -0 -0.382676
    outer loop
      vertex 41.2385 33 20.1883
      vertex 41.9378 23 18.5
      vertex 41.2385 23 20.1883
    endloop
  endfacet
  facet normal -0.793325 0 -0.608798
    outer loop
      vertex 43.0503 23 17.0503
      vertex 41.9378 33 18.5
      vertex 43.0503 33 17.0503
    endloop
  endfacet
  facet normal -0.793325 -0 -0.608798
    outer loop
      vertex 41.9378 33 18.5
      vertex 43.0503 23 17.0503
      vertex 41.9378 23 18.5
    endloop
  endfacet
  facet normal 0.991442 -0 0.130548
    outer loop
      vertex 52.8296 -23 23.2941
      vertex 53 -5.5 22
      vertex 52.8296 -5.5 23.2941
    endloop
  endfacet
  facet normal 0.991442 0 0.130548
    outer loop
      vertex 53 -5.5 22
      vertex 52.8296 -23 23.2941
      vertex 53 -23 22
    endloop
  endfacet
  facet normal 0.991442 -0 0.130548
    outer loop
      vertex 52.8296 5.5 23.2941
      vertex 53 23 22
      vertex 52.8296 23 23.2941
    endloop
  endfacet
  facet normal 0.991442 0 0.130548
    outer loop
      vertex 53 23 22
      vertex 52.8296 5.5 23.2941
      vertex 53 5.5 22
    endloop
  endfacet
  facet normal 0.92388 -0 0.382683
    outer loop
      vertex 52.3301 -23 24.5
      vertex 52.8296 -5.5 23.2941
      vertex 52.3301 -5.5 24.5
    endloop
  endfacet
  facet normal 0.92388 0 0.382683
    outer loop
      vertex 52.8296 -5.5 23.2941
      vertex 52.3301 -23 24.5
      vertex 52.8296 -23 23.2941
    endloop
  endfacet
  facet normal 0.92388 -0 0.382683
    outer loop
      vertex 52.3301 5.5 24.5
      vertex 52.8296 23 23.2941
      vertex 52.3301 23 24.5
    endloop
  endfacet
  facet normal 0.92388 0 0.382683
    outer loop
      vertex 52.8296 23 23.2941
      vertex 52.3301 5.5 24.5
      vertex 52.8296 5.5 23.2941
    endloop
  endfacet
  facet normal -0.130548 0 0.991442
    outer loop
      vertex 46.7059 -23 26.8296
      vertex 48 -6 27
      vertex 46.7059 -5.82963 26.8296
    endloop
  endfacet
  facet normal -0.130548 0 0.991442
    outer loop
      vertex 48 -6 27
      vertex 46.7059 -23 26.8296
      vertex 48 -23 27
    endloop
  endfacet
  facet normal -0.130548 0 0.991442
    outer loop
      vertex 46.7059 23 26.8296
      vertex 48 6 27
      vertex 48 23 27
    endloop
  endfacet
  facet normal -0.130548 0 0.991442
    outer loop
      vertex 48 6 27
      vertex 46.7059 23 26.8296
      vertex 46.7059 5.82963 26.8296
    endloop
  endfacet
  facet normal 0.608777 0 0.793341
    outer loop
      vertex 50.5 -5.5 26.3301
      vertex 51.5355 -23 25.5355
      vertex 51.5355 -5.5 25.5355
    endloop
  endfacet
  facet normal 0.608777 0 0.793341
    outer loop
      vertex 51.5355 -23 25.5355
      vertex 50.5 -5.5 26.3301
      vertex 50.5 -23 26.3301
    endloop
  endfacet
  facet normal 0.608777 0 0.793341
    outer loop
      vertex 50.5 23 26.3301
      vertex 51.5355 5.5 25.5355
      vertex 51.5355 23 25.5355
    endloop
  endfacet
  facet normal 0.608777 0 0.793341
    outer loop
      vertex 51.5355 5.5 25.5355
      vertex 50.5 23 26.3301
      vertex 50.5 5.5 26.3301
    endloop
  endfacet
  facet normal -0.793341 0 0.608777
    outer loop
      vertex 43.6699 -23 24.5
      vertex 44.4645 -5.5 25.5355
      vertex 43.6699 -5.5 24.5
    endloop
  endfacet
  facet normal -0.793341 0 0.608777
    outer loop
      vertex 44.4645 -5.5 25.5355
      vertex 43.6699 -23 24.5
      vertex 44.4645 -23 25.5355
    endloop
  endfacet
  facet normal -0.793341 0 0.608777
    outer loop
      vertex 43.6699 5.5 24.5
      vertex 44.4645 23 25.5355
      vertex 43.6699 23 24.5
    endloop
  endfacet
  facet normal -0.793341 0 0.608777
    outer loop
      vertex 44.4645 23 25.5355
      vertex 43.6699 5.5 24.5
      vertex 44.4645 5.5 25.5355
    endloop
  endfacet
  facet normal -0.608777 0 0.793341
    outer loop
      vertex 44.4645 -5.5 25.5355
      vertex 45.5 -23 26.3301
      vertex 45.5 -5.5 26.3301
    endloop
  endfacet
  facet normal -0.608777 0 0.793341
    outer loop
      vertex 45.5 -23 26.3301
      vertex 44.4645 -5.5 25.5355
      vertex 44.4645 -23 25.5355
    endloop
  endfacet
  facet normal -0.608777 0 0.793341
    outer loop
      vertex 44.4645 23 25.5355
      vertex 45.5 5.5 26.3301
      vertex 45.5 23 26.3301
    endloop
  endfacet
  facet normal -0.608777 0 0.793341
    outer loop
      vertex 45.5 5.5 26.3301
      vertex 44.4645 23 25.5355
      vertex 44.4645 5.5 25.5355
    endloop
  endfacet
  facet normal 0.793341 -0 0.608777
    outer loop
      vertex 51.5355 -23 25.5355
      vertex 52.3301 -5.5 24.5
      vertex 51.5355 -5.5 25.5355
    endloop
  endfacet
  facet normal 0.793341 0 0.608777
    outer loop
      vertex 52.3301 -5.5 24.5
      vertex 51.5355 -23 25.5355
      vertex 52.3301 -23 24.5
    endloop
  endfacet
  facet normal 0.793341 -0 0.608777
    outer loop
      vertex 51.5355 5.5 25.5355
      vertex 52.3301 23 24.5
      vertex 51.5355 23 25.5355
    endloop
  endfacet
  facet normal 0.793341 0 0.608777
    outer loop
      vertex 52.3301 23 24.5
      vertex 51.5355 5.5 25.5355
      vertex 52.3301 5.5 24.5
    endloop
  endfacet
  facet normal 0.130548 0 0.991442
    outer loop
      vertex 48 -6 27
      vertex 49.2941 -23 26.8296
      vertex 49.2941 -5.82963 26.8296
    endloop
  endfacet
  facet normal 0.130548 0 0.991442
    outer loop
      vertex 49.2941 -23 26.8296
      vertex 48 -6 27
      vertex 48 -23 27
    endloop
  endfacet
  facet normal 0.130548 -0 0.991442
    outer loop
      vertex 48 6 27
      vertex 49.2941 23 26.8296
      vertex 48 23 27
    endloop
  endfacet
  facet normal 0.130548 0 0.991442
    outer loop
      vertex 49.2941 23 26.8296
      vertex 48 6 27
      vertex 49.2941 5.82963 26.8296
    endloop
  endfacet
  facet normal 0.382817 -0.000508474 0.923824
    outer loop
      vertex 49.5529 -5.79555 26.7224
      vertex 50.5 -5.5 26.3301
      vertex 50.2664 -5.5 26.4269
    endloop
  endfacet
  facet normal 0.382682 0 0.92388
    outer loop
      vertex 50.5 -5.5 26.3301
      vertex 49.5529 -5.79555 26.7224
      vertex 50.5 -23 26.3301
    endloop
  endfacet
  facet normal 0.382688 3.87285e-07 0.923878
    outer loop
      vertex 49.2941 -5.82963 26.8296
      vertex 50.5 -23 26.3301
      vertex 49.5529 -5.79555 26.7224
    endloop
  endfacet
  facet normal 0.382683 0 0.92388
    outer loop
      vertex 50.5 -23 26.3301
      vertex 49.2941 -5.82963 26.8296
      vertex 49.2941 -23 26.8296
    endloop
  endfacet
  facet normal 0.382682 0 0.92388
    outer loop
      vertex 49.5529 5.79555 26.7224
      vertex 50.5 5.5 26.3301
      vertex 50.5 23 26.3301
    endloop
  endfacet
  facet normal 0.382817 0.000508474 0.923824
    outer loop
      vertex 50.5 5.5 26.3301
      vertex 49.5529 5.79555 26.7224
      vertex 50.2664 5.5 26.4269
    endloop
  endfacet
  facet normal 0.382683 -0 0.92388
    outer loop
      vertex 49.2941 5.82963 26.8296
      vertex 50.5 23 26.3301
      vertex 49.2941 23 26.8296
    endloop
  endfacet
  facet normal 0.382688 -3.87285e-07 0.923878
    outer loop
      vertex 50.5 23 26.3301
      vertex 49.2941 5.82963 26.8296
      vertex 49.5529 5.79555 26.7224
    endloop
  endfacet
  facet normal -0.92388 0 0.382683
    outer loop
      vertex 43.1704 -23 23.2941
      vertex 43.6699 -5.5 24.5
      vertex 43.1704 -5.5 23.2941
    endloop
  endfacet
  facet normal -0.92388 0 0.382683
    outer loop
      vertex 43.6699 -5.5 24.5
      vertex 43.1704 -23 23.2941
      vertex 43.6699 -23 24.5
    endloop
  endfacet
  facet normal -0.92388 0 0.382683
    outer loop
      vertex 43.1704 5.5 23.2941
      vertex 43.6699 23 24.5
      vertex 43.1704 23 23.2941
    endloop
  endfacet
  facet normal -0.92388 0 0.382683
    outer loop
      vertex 43.6699 23 24.5
      vertex 43.1704 5.5 23.2941
      vertex 43.6699 5.5 24.5
    endloop
  endfacet
  facet normal -0.382688 3.87285e-07 0.923878
    outer loop
      vertex 45.5 -23 26.3301
      vertex 46.7059 -5.82963 26.8296
      vertex 46.4471 -5.79555 26.7224
    endloop
  endfacet
  facet normal -0.382817 -0.000508474 0.923824
    outer loop
      vertex 45.5 -5.5 26.3301
      vertex 46.4471 -5.79555 26.7224
      vertex 45.7336 -5.5 26.4269
    endloop
  endfacet
  facet normal -0.382682 0 0.92388
    outer loop
      vertex 46.4471 -5.79555 26.7224
      vertex 45.5 -5.5 26.3301
      vertex 45.5 -23 26.3301
    endloop
  endfacet
  facet normal -0.382683 0 0.92388
    outer loop
      vertex 46.7059 -5.82963 26.8296
      vertex 45.5 -23 26.3301
      vertex 46.7059 -23 26.8296
    endloop
  endfacet
  facet normal -0.382683 0 0.92388
    outer loop
      vertex 45.5 23 26.3301
      vertex 46.7059 5.82963 26.8296
      vertex 46.7059 23 26.8296
    endloop
  endfacet
  facet normal -0.382688 -3.87285e-07 0.923878
    outer loop
      vertex 46.7059 5.82963 26.8296
      vertex 45.5 23 26.3301
      vertex 46.4471 5.79555 26.7224
    endloop
  endfacet
  facet normal -0.382682 0 0.92388
    outer loop
      vertex 45.5 5.5 26.3301
      vertex 46.4471 5.79555 26.7224
      vertex 45.5 23 26.3301
    endloop
  endfacet
  facet normal -0.382817 0.000508474 0.923824
    outer loop
      vertex 46.4471 5.79555 26.7224
      vertex 45.5 5.5 26.3301
      vertex 45.7336 5.5 26.4269
    endloop
  endfacet
  facet normal 0.793341 0 -0.608777
    outer loop
      vertex 52.3301 -23 19.5
      vertex 51.5355 -5.5 18.4645
      vertex 52.3301 -5.5 19.5
    endloop
  endfacet
  facet normal 0.793341 0 -0.608777
    outer loop
      vertex 51.5355 -5.5 18.4645
      vertex 52.3301 -23 19.5
      vertex 51.5355 -23 18.4645
    endloop
  endfacet
  facet normal 0.793341 0 -0.608777
    outer loop
      vertex 52.3301 5.5 19.5
      vertex 51.5355 23 18.4645
      vertex 52.3301 23 19.5
    endloop
  endfacet
  facet normal 0.793341 0 -0.608777
    outer loop
      vertex 51.5355 23 18.4645
      vertex 52.3301 5.5 19.5
      vertex 51.5355 5.5 18.4645
    endloop
  endfacet
  facet normal 0.793341 0 -0.608777
    outer loop
      vertex 52.3301 -0.5 19.5
      vertex 51.5355 0.5 18.4645
      vertex 52.3301 0.5 19.5
    endloop
  endfacet
  facet normal 0.793341 0 -0.608777
    outer loop
      vertex 51.5355 0.5 18.4645
      vertex 52.3301 -0.5 19.5
      vertex 51.5355 -0.5 18.4645
    endloop
  endfacet
  facet normal 0.382683 0 -0.92388
    outer loop
      vertex 49.2941 -23 17.1704
      vertex 50.5 -5.5 17.6699
      vertex 50.5 -23 17.6699
    endloop
  endfacet
  facet normal 0.382683 0 -0.92388
    outer loop
      vertex 50.5 -5.5 17.6699
      vertex 49.2941 -23 17.1704
      vertex 49.2941 -5.5 17.1704
    endloop
  endfacet
  facet normal 0.382683 0 -0.92388
    outer loop
      vertex 49.2941 5.5 17.1704
      vertex 50.5 23 17.6699
      vertex 50.5 5.5 17.6699
    endloop
  endfacet
  facet normal 0.382683 0 -0.92388
    outer loop
      vertex 50.5 23 17.6699
      vertex 49.2941 5.5 17.1704
      vertex 49.2941 23 17.1704
    endloop
  endfacet
  facet normal 0.382683 0 -0.92388
    outer loop
      vertex 49.2941 -0.5 17.1704
      vertex 50.5 0.5 17.6699
      vertex 50.5 -0.5 17.6699
    endloop
  endfacet
  facet normal 0.382683 0 -0.92388
    outer loop
      vertex 50.5 0.5 17.6699
      vertex 49.2941 -0.5 17.1704
      vertex 49.2941 0.5 17.1704
    endloop
  endfacet
  facet normal -0.382683 0 -0.92388
    outer loop
      vertex 45.5 -23 17.6699
      vertex 46.7059 -5.5 17.1704
      vertex 46.7059 -23 17.1704
    endloop
  endfacet
  facet normal -0.382683 0 -0.92388
    outer loop
      vertex 46.7059 -5.5 17.1704
      vertex 45.5 -23 17.6699
      vertex 45.5 -5.5 17.6699
    endloop
  endfacet
  facet normal -0.382683 0 -0.92388
    outer loop
      vertex 45.5 5.5 17.6699
      vertex 46.7059 23 17.1704
      vertex 46.7059 5.5 17.1704
    endloop
  endfacet
  facet normal -0.382683 0 -0.92388
    outer loop
      vertex 46.7059 23 17.1704
      vertex 45.5 5.5 17.6699
      vertex 45.5 23 17.6699
    endloop
  endfacet
  facet normal -0.382683 0 -0.92388
    outer loop
      vertex 45.5 -0.5 17.6699
      vertex 46.7059 0.5 17.1704
      vertex 46.7059 -0.5 17.1704
    endloop
  endfacet
  facet normal -0.382683 0 -0.92388
    outer loop
      vertex 46.7059 0.5 17.1704
      vertex 45.5 -0.5 17.6699
      vertex 45.5 0.5 17.6699
    endloop
  endfacet
  facet normal -0.608777 0 -0.793341
    outer loop
      vertex 44.4645 -23 18.4645
      vertex 45.5 -5.5 17.6699
      vertex 45.5 -23 17.6699
    endloop
  endfacet
  facet normal -0.608777 0 -0.793341
    outer loop
      vertex 45.5 -5.5 17.6699
      vertex 44.4645 -23 18.4645
      vertex 44.4645 -5.5 18.4645
    endloop
  endfacet
  facet normal -0.608777 0 -0.793341
    outer loop
      vertex 44.4645 5.5 18.4645
      vertex 45.5 23 17.6699
      vertex 45.5 5.5 17.6699
    endloop
  endfacet
  facet normal -0.608777 0 -0.793341
    outer loop
      vertex 45.5 23 17.6699
      vertex 44.4645 5.5 18.4645
      vertex 44.4645 23 18.4645
    endloop
  endfacet
  facet normal -0.608777 0 -0.793341
    outer loop
      vertex 44.4645 -0.5 18.4645
      vertex 45.5 0.5 17.6699
      vertex 45.5 -0.5 17.6699
    endloop
  endfacet
  facet normal -0.608777 0 -0.793341
    outer loop
      vertex 45.5 0.5 17.6699
      vertex 44.4645 -0.5 18.4645
      vertex 44.4645 0.5 18.4645
    endloop
  endfacet
  facet normal -0.92388 0 -0.382683
    outer loop
      vertex 43.6699 -23 19.5
      vertex 43.1704 -5.5 20.7059
      vertex 43.6699 -5.5 19.5
    endloop
  endfacet
  facet normal -0.92388 -0 -0.382683
    outer loop
      vertex 43.1704 -5.5 20.7059
      vertex 43.6699 -23 19.5
      vertex 43.1704 -23 20.7059
    endloop
  endfacet
  facet normal -0.92388 0 -0.382683
    outer loop
      vertex 43.6699 5.5 19.5
      vertex 43.1704 23 20.7059
      vertex 43.6699 23 19.5
    endloop
  endfacet
  facet normal -0.92388 -0 -0.382683
    outer loop
      vertex 43.1704 23 20.7059
      vertex 43.6699 5.5 19.5
      vertex 43.1704 5.5 20.7059
    endloop
  endfacet
  facet normal -0.92388 0 -0.382683
    outer loop
      vertex 43.6699 -0.5 19.5
      vertex 43.1704 0.5 20.7059
      vertex 43.6699 0.5 19.5
    endloop
  endfacet
  facet normal -0.92388 -0 -0.382683
    outer loop
      vertex 43.1704 0.5 20.7059
      vertex 43.6699 -0.5 19.5
      vertex 43.1704 -0.5 20.7059
    endloop
  endfacet
  facet normal -0.991442 0 0.130548
    outer loop
      vertex 43 -23 22
      vertex 43.1704 -5.5 23.2941
      vertex 43 -5.5 22
    endloop
  endfacet
  facet normal -0.991442 0 0.130548
    outer loop
      vertex 43.1704 -5.5 23.2941
      vertex 43 -23 22
      vertex 43.1704 -23 23.2941
    endloop
  endfacet
  facet normal -0.991442 0 0.130548
    outer loop
      vertex 43 5.5 22
      vertex 43.1704 23 23.2941
      vertex 43 23 22
    endloop
  endfacet
  facet normal -0.991442 0 0.130548
    outer loop
      vertex 43.1704 23 23.2941
      vertex 43 5.5 22
      vertex 43.1704 5.5 23.2941
    endloop
  endfacet
  facet normal -0.991442 0 -0.130548
    outer loop
      vertex 43.1704 -23 20.7059
      vertex 43 -5.5 22
      vertex 43.1704 -5.5 20.7059
    endloop
  endfacet
  facet normal -0.991442 -0 -0.130548
    outer loop
      vertex 43 -5.5 22
      vertex 43.1704 -23 20.7059
      vertex 43 -23 22
    endloop
  endfacet
  facet normal -0.991442 0 -0.130548
    outer loop
      vertex 43.1704 5.5 20.7059
      vertex 43 23 22
      vertex 43.1704 23 20.7059
    endloop
  endfacet
  facet normal -0.991442 -0 -0.130548
    outer loop
      vertex 43 23 22
      vertex 43.1704 5.5 20.7059
      vertex 43 5.5 22
    endloop
  endfacet
  facet normal -0.991442 0 -0.130548
    outer loop
      vertex 43.1704 -0.5 20.7059
      vertex 43 0.5 22
      vertex 43.1704 0.5 20.7059
    endloop
  endfacet
  facet normal -0.991442 -0 -0.130548
    outer loop
      vertex 43 0.5 22
      vertex 43.1704 -0.5 20.7059
      vertex 43 -0.5 22
    endloop
  endfacet
  facet normal 0.608777 0 -0.793341
    outer loop
      vertex 50.5 -23 17.6699
      vertex 51.5355 -5.5 18.4645
      vertex 51.5355 -23 18.4645
    endloop
  endfacet
  facet normal 0.608777 0 -0.793341
    outer loop
      vertex 51.5355 -5.5 18.4645
      vertex 50.5 -23 17.6699
      vertex 50.5 -5.5 17.6699
    endloop
  endfacet
  facet normal 0.608777 0 -0.793341
    outer loop
      vertex 50.5 5.5 17.6699
      vertex 51.5355 23 18.4645
      vertex 51.5355 5.5 18.4645
    endloop
  endfacet
  facet normal 0.608777 0 -0.793341
    outer loop
      vertex 51.5355 23 18.4645
      vertex 50.5 5.5 17.6699
      vertex 50.5 23 17.6699
    endloop
  endfacet
  facet normal 0.608777 0 -0.793341
    outer loop
      vertex 50.5 -0.5 17.6699
      vertex 51.5355 0.5 18.4645
      vertex 51.5355 -0.5 18.4645
    endloop
  endfacet
  facet normal 0.608777 0 -0.793341
    outer loop
      vertex 51.5355 0.5 18.4645
      vertex 50.5 -0.5 17.6699
      vertex 50.5 0.5 17.6699
    endloop
  endfacet
  facet normal -0.130548 0 -0.991442
    outer loop
      vertex 46.7059 -23 17.1704
      vertex 48 -5.5 17
      vertex 48 -23 17
    endloop
  endfacet
  facet normal -0.130548 0 -0.991442
    outer loop
      vertex 48 -5.5 17
      vertex 46.7059 -23 17.1704
      vertex 46.7059 -5.5 17.1704
    endloop
  endfacet
  facet normal -0.130548 0 -0.991442
    outer loop
      vertex 46.7059 5.5 17.1704
      vertex 48 23 17
      vertex 48 5.5 17
    endloop
  endfacet
  facet normal -0.130548 0 -0.991442
    outer loop
      vertex 48 23 17
      vertex 46.7059 5.5 17.1704
      vertex 46.7059 23 17.1704
    endloop
  endfacet
  facet normal -0.130548 0 -0.991442
    outer loop
      vertex 46.7059 -0.5 17.1704
      vertex 48 0.5 17
      vertex 48 -0.5 17
    endloop
  endfacet
  facet normal -0.130548 0 -0.991442
    outer loop
      vertex 48 0.5 17
      vertex 46.7059 -0.5 17.1704
      vertex 46.7059 0.5 17.1704
    endloop
  endfacet
  facet normal 0.130548 0 -0.991442
    outer loop
      vertex 48 -23 17
      vertex 49.2941 -5.5 17.1704
      vertex 49.2941 -23 17.1704
    endloop
  endfacet
  facet normal 0.130548 0 -0.991442
    outer loop
      vertex 49.2941 -5.5 17.1704
      vertex 48 -23 17
      vertex 48 -5.5 17
    endloop
  endfacet
  facet normal 0.130548 0 -0.991442
    outer loop
      vertex 48 5.5 17
      vertex 49.2941 23 17.1704
      vertex 49.2941 5.5 17.1704
    endloop
  endfacet
  facet normal 0.130548 0 -0.991442
    outer loop
      vertex 49.2941 23 17.1704
      vertex 48 5.5 17
      vertex 48 23 17
    endloop
  endfacet
  facet normal 0.130548 0 -0.991442
    outer loop
      vertex 48 -0.5 17
      vertex 49.2941 0.5 17.1704
      vertex 49.2941 -0.5 17.1704
    endloop
  endfacet
  facet normal 0.130548 0 -0.991442
    outer loop
      vertex 49.2941 0.5 17.1704
      vertex 48 -0.5 17
      vertex 48 0.5 17
    endloop
  endfacet
  facet normal -0.793341 0 -0.608777
    outer loop
      vertex 44.4645 -23 18.4645
      vertex 43.6699 -5.5 19.5
      vertex 44.4645 -5.5 18.4645
    endloop
  endfacet
  facet normal -0.793341 -0 -0.608777
    outer loop
      vertex 43.6699 -5.5 19.5
      vertex 44.4645 -23 18.4645
      vertex 43.6699 -23 19.5
    endloop
  endfacet
  facet normal -0.793341 0 -0.608777
    outer loop
      vertex 44.4645 5.5 18.4645
      vertex 43.6699 23 19.5
      vertex 44.4645 23 18.4645
    endloop
  endfacet
  facet normal -0.793341 -0 -0.608777
    outer loop
      vertex 43.6699 23 19.5
      vertex 44.4645 5.5 18.4645
      vertex 43.6699 5.5 19.5
    endloop
  endfacet
  facet normal -0.793341 0 -0.608777
    outer loop
      vertex 44.4645 -0.5 18.4645
      vertex 43.6699 0.5 19.5
      vertex 44.4645 0.5 18.4645
    endloop
  endfacet
  facet normal -0.793341 -0 -0.608777
    outer loop
      vertex 43.6699 0.5 19.5
      vertex 44.4645 -0.5 18.4645
      vertex 43.6699 -0.5 19.5
    endloop
  endfacet
  facet normal 0.92388 0 -0.382683
    outer loop
      vertex 52.8296 -23 20.7059
      vertex 52.3301 -5.5 19.5
      vertex 52.8296 -5.5 20.7059
    endloop
  endfacet
  facet normal 0.92388 0 -0.382683
    outer loop
      vertex 52.3301 -5.5 19.5
      vertex 52.8296 -23 20.7059
      vertex 52.3301 -23 19.5
    endloop
  endfacet
  facet normal 0.92388 0 -0.382683
    outer loop
      vertex 52.8296 5.5 20.7059
      vertex 52.3301 23 19.5
      vertex 52.8296 23 20.7059
    endloop
  endfacet
  facet normal 0.92388 0 -0.382683
    outer loop
      vertex 52.3301 23 19.5
      vertex 52.8296 5.5 20.7059
      vertex 52.3301 5.5 19.5
    endloop
  endfacet
  facet normal 0.92388 0 -0.382683
    outer loop
      vertex 52.8296 -0.5 20.7059
      vertex 52.3301 0.5 19.5
      vertex 52.8296 0.5 20.7059
    endloop
  endfacet
  facet normal 0.92388 0 -0.382683
    outer loop
      vertex 52.3301 0.5 19.5
      vertex 52.8296 -0.5 20.7059
      vertex 52.3301 -0.5 19.5
    endloop
  endfacet
  facet normal 0.991442 0 -0.130548
    outer loop
      vertex 53 -23 22
      vertex 52.8296 -5.5 20.7059
      vertex 53 -5.5 22
    endloop
  endfacet
  facet normal 0.991442 0 -0.130548
    outer loop
      vertex 52.8296 -5.5 20.7059
      vertex 53 -23 22
      vertex 52.8296 -23 20.7059
    endloop
  endfacet
  facet normal 0.991442 0 -0.130548
    outer loop
      vertex 53 5.5 22
      vertex 52.8296 23 20.7059
      vertex 53 23 22
    endloop
  endfacet
  facet normal 0.991442 0 -0.130548
    outer loop
      vertex 52.8296 23 20.7059
      vertex 53 5.5 22
      vertex 52.8296 5.5 20.7059
    endloop
  endfacet
  facet normal 0.991442 0 -0.130548
    outer loop
      vertex 53 -0.5 22
      vertex 52.8296 0.5 20.7059
      vertex 53 0.5 22
    endloop
  endfacet
  facet normal 0.991442 0 -0.130548
    outer loop
      vertex 52.8296 0.5 20.7059
      vertex 53 -0.5 22
      vertex 52.8296 -0.5 20.7059
    endloop
  endfacet
  facet normal 0 0 -1
    outer loop
      vertex -25 -30.5 26
      vertex -26 -28 26
      vertex -25 -25.5 26
    endloop
  endfacet
  facet normal 0 0 -1
    outer loop
      vertex -25 -30.5 26
      vertex -26.1522 -28.7654 26
      vertex -26 -28 26
    endloop
  endfacet
  facet normal 0 0 -1
    outer loop
      vertex -25 -30.5 26
      vertex -26.5858 -29.4142 26
      vertex -26.1522 -28.7654 26
    endloop
  endfacet
  facet normal 0 0 -1
    outer loop
      vertex -25 -30.5 26
      vertex -27.2346 -29.8478 26
      vertex -26.5858 -29.4142 26
    endloop
  endfacet
  facet normal 0 0 -1
    outer loop
      vertex -25 -30.5 26
      vertex -28 -30 26
      vertex -27.2346 -29.8478 26
    endloop
  endfacet
  facet normal -0 0 -1
    outer loop
      vertex -29.8478 -28.7654 26
      vertex -31 -30.5 26
      vertex -30 -28 26
    endloop
  endfacet
  facet normal -0 0 -1
    outer loop
      vertex -29.4142 -29.4142 26
      vertex -31 -30.5 26
      vertex -29.8478 -28.7654 26
    endloop
  endfacet
  facet normal -0 0 -1
    outer loop
      vertex -28.7654 -29.8478 26
      vertex -31 -30.5 26
      vertex -29.4142 -29.4142 26
    endloop
  endfacet
  facet normal -0 0 -1
    outer loop
      vertex -28 -30 26
      vertex -31 -30.5 26
      vertex -28.7654 -29.8478 26
    endloop
  endfacet
  facet normal 0 0 -1
    outer loop
      vertex -31 -30.5 26
      vertex -28 -30 26
      vertex -25 -30.5 26
    endloop
  endfacet
  facet normal 0 0 -1
    outer loop
      vertex -26.1522 -27.2346 26
      vertex -25 -25.5 26
      vertex -26 -28 26
    endloop
  endfacet
  facet normal 0 0 -1
    outer loop
      vertex -26.5858 -26.5858 26
      vertex -25 -25.5 26
      vertex -26.1522 -27.2346 26
    endloop
  endfacet
  facet normal 0 0 -1
    outer loop
      vertex -27.2346 -26.1522 26
      vertex -25 -25.5 26
      vertex -26.5858 -26.5858 26
    endloop
  endfacet
  facet normal 0 0 -1
    outer loop
      vertex -28 -26 26
      vertex -25 -25.5 26
      vertex -27.2346 -26.1522 26
    endloop
  endfacet
  facet normal 0 0 -1
    outer loop
      vertex -31 -25.5 26
      vertex -30 -28 26
      vertex -31 -30.5 26
    endloop
  endfacet
  facet normal 0 0 -1
    outer loop
      vertex -28 -26 26
      vertex -31 -25.5 26
      vertex -25 -25.5 26
    endloop
  endfacet
  facet normal 0 0 -1
    outer loop
      vertex -28.7654 -26.1522 26
      vertex -31 -25.5 26
      vertex -28 -26 26
    endloop
  endfacet
  facet normal 0 0 -1
    outer loop
      vertex -29.4142 -26.5858 26
      vertex -31 -25.5 26
      vertex -28.7654 -26.1522 26
    endloop
  endfacet
  facet normal 0 0 -1
    outer loop
      vertex -29.8478 -27.2346 26
      vertex -31 -25.5 26
      vertex -29.4142 -26.5858 26
    endloop
  endfacet
  facet normal 0 0 -1
    outer loop
      vertex -30 -28 26
      vertex -31 -25.5 26
      vertex -29.8478 -27.2346 26
    endloop
  endfacet
  facet normal 0 -1 0
    outer loop
      vertex -31 -30.5 26
      vertex -25 -30.5 38.5
      vertex -31 -30.5 38.5
    endloop
  endfacet
  facet normal 0 -1 -0
    outer loop
      vertex -25 -30.5 38.5
      vertex -31 -30.5 26
      vertex -25 -30.5 26
    endloop
  endfacet
  facet normal 0 -1 0
    outer loop
      vertex 3 -30.5 46.5
      vertex 5.94275 -30.5 46.3316
      vertex 6.27333 -30.5 46.5
    endloop
  endfacet
  facet normal 0 -1 0
    outer loop
      vertex 3 -30.5 46.5
      vertex 5.16844 -30.5 45.5572
      vertex 5.94275 -30.5 46.3316
    endloop
  endfacet
  facet normal 0 -1 0
    outer loop
      vertex 3 -30.5 46.5
      vertex 4.6713 -30.5 44.5816
      vertex 5.16844 -30.5 45.5572
    endloop
  endfacet
  facet normal 0 -1 0
    outer loop
      vertex 3 -30.5 46.5
      vertex 4.5 -30.5 43.5
      vertex 4.6713 -30.5 44.5816
    endloop
  endfacet
  facet normal 0 -1 0
    outer loop
      vertex 3 -30.5 40.5
      vertex 4.5 -30.5 43.5
      vertex 3 -30.5 46.5
    endloop
  endfacet
  facet normal 0 -1 -0
    outer loop
      vertex 4.5 -30.5 43.5
      vertex 3 -30.5 40.5
      vertex 4.6713 -30.5 42.4184
    endloop
  endfacet
  facet normal 0 -1 0
    outer loop
      vertex 3 -30.5 40.5
      vertex 5.16844 -30.5 41.4427
      vertex 4.6713 -30.5 42.4184
    endloop
  endfacet
  facet normal 0 -1 0
    outer loop
      vertex 5 -30.5 40.5
      vertex 5.16844 -30.5 41.4427
      vertex 3 -30.5 40.5
    endloop
  endfacet
  facet normal 0 -1 -0
    outer loop
      vertex 5.16844 -30.5 41.4427
      vertex 5 -30.5 40.5
      vertex 5.94275 -30.5 40.6684
    endloop
  endfacet
  facet normal 0 -1 0
    outer loop
      vertex 5 -30.5 40.5
      vertex 6.91844 -30.5 40.1713
      vertex 5.94275 -30.5 40.6684
    endloop
  endfacet
  facet normal 0 -1 -0
    outer loop
      vertex 6.91844 -30.5 40.1713
      vertex 5 -30.5 26
      vertex 8 -30.5 40
    endloop
  endfacet
  facet normal 0 -1 0
    outer loop
      vertex 5 -30.5 26
      vertex 6.91844 -30.5 40.1713
      vertex 5 -30.5 40.5
    endloop
  endfacet
  facet normal 0 -1 0
    outer loop
      vertex 9.08156 -30.5 40.1713
      vertex 11 -30.5 40.5
      vertex 10.0572 -30.5 40.6684
    endloop
  endfacet
  facet normal 0 -1 0
    outer loop
      vertex 11 -30.5 26
      vertex 8 -30.5 40
      vertex 5 -30.5 26
    endloop
  endfacet
  facet normal 0 -1 0
    outer loop
      vertex 8 -30.5 40
      vertex 11 -30.5 26
      vertex 9.08156 -30.5 40.1713
    endloop
  endfacet
  facet normal 0 -1 0
    outer loop
      vertex 9.08156 -30.5 40.1713
      vertex 11 -30.5 26
      vertex 11 -30.5 40.5
    endloop
  endfacet
  facet normal 0 -1 0
    outer loop
      vertex 10.0572 -30.5 46.3316
      vertex 25 -30.5 46.5
      vertex 9.72666 -30.5 46.5
    endloop
  endfacet
  facet normal 0 -1 0
    outer loop
      vertex 10.8316 -30.5 45.5572
      vertex 25 -30.5 46.5
      vertex 10.0572 -30.5 46.3316
    endloop
  endfacet
  facet normal 0 -1 0
    outer loop
      vertex 11.3287 -30.5 44.5816
      vertex 25 -30.5 46.5
      vertex 10.8316 -30.5 45.5572
    endloop
  endfacet
  facet normal 0 -1 0
    outer loop
      vertex 24.6713 -30.5 44.5816
      vertex 25 -30.5 46.5
      vertex 11.3287 -30.5 44.5816
    endloop
  endfacet
  facet normal 0 -1 -0
    outer loop
      vertex 25 -30.5 46.5
      vertex 24.6713 -30.5 44.5816
      vertex 25 -30.5 45.2267
    endloop
  endfacet
  facet normal 0 -1 0
    outer loop
      vertex 11.5 -30.5 43.5
      vertex 24.6713 -30.5 44.5816
      vertex 11.3287 -30.5 44.5816
    endloop
  endfacet
  facet normal 0 -1 0
    outer loop
      vertex 11.5 -30.5 43.5
      vertex 24.5 -30.5 43.5
      vertex 24.6713 -30.5 44.5816
    endloop
  endfacet
  facet normal 0 -1 0
    outer loop
      vertex 11.3287 -30.5 42.4184
      vertex 24.5 -30.5 43.5
      vertex 11.5 -30.5 43.5
    endloop
  endfacet
  facet normal 0 -1 0
    outer loop
      vertex 11.3287 -30.5 42.4184
      vertex 24.6713 -30.5 42.4184
      vertex 24.5 -30.5 43.5
    endloop
  endfacet
  facet normal 0 -1 0
    outer loop
      vertex 25 -30.5 40.5
      vertex 24.6713 -30.5 42.4184
      vertex 11.3287 -30.5 42.4184
    endloop
  endfacet
  facet normal 0 -1 0
    outer loop
      vertex 11 -30.5 40.5
      vertex 11.3287 -30.5 42.4184
      vertex 10.8316 -30.5 41.4427
    endloop
  endfacet
  facet normal 0 -1 0
    outer loop
      vertex 11 -30.5 40.5
      vertex 10.8316 -30.5 41.4427
      vertex 10.0572 -30.5 40.6684
    endloop
  endfacet
  facet normal 0 -1 0
    outer loop
      vertex 25 -30.5 40.5
      vertex 11.3287 -30.5 42.4184
      vertex 11 -30.5 40.5
    endloop
  endfacet
  facet normal 0 -1 0
    outer loop
      vertex 24.6713 -30.5 42.4184
      vertex 25 -30.5 40.5
      vertex 25 -30.5 41.7733
    endloop
  endfacet
  facet normal 0 -1 0
    outer loop
      vertex -25 -30.5 46.5
      vertex -10.0572 -30.5 46.3316
      vertex -9.72666 -30.5 46.5
    endloop
  endfacet
  facet normal 0 -1 0
    outer loop
      vertex -25 -30.5 46.5
      vertex -10.8316 -30.5 45.5572
      vertex -10.0572 -30.5 46.3316
    endloop
  endfacet
  facet normal 0 -1 0
    outer loop
      vertex -24.6713 -30.5 44.5816
      vertex -25 -30.5 46.5
      vertex -25 -30.5 45.2267
    endloop
  endfacet
  facet normal 0 -1 0
    outer loop
      vertex -25 -30.5 46.5
      vertex -24.6713 -30.5 44.5816
      vertex -11.3287 -30.5 44.5816
    endloop
  endfacet
  facet normal 0 -1 0
    outer loop
      vertex -25 -30.5 46.5
      vertex -11.3287 -30.5 44.5816
      vertex -10.8316 -30.5 45.5572
    endloop
  endfacet
  facet normal 0 -1 0
    outer loop
      vertex -24.5 -30.5 43.5
      vertex -11.3287 -30.5 44.5816
      vertex -24.6713 -30.5 44.5816
    endloop
  endfacet
  facet normal 0 -1 0
    outer loop
      vertex -24.5 -30.5 43.5
      vertex -11.5 -30.5 43.5
      vertex -11.3287 -30.5 44.5816
    endloop
  endfacet
  facet normal 0 -1 0
    outer loop
      vertex -24.6713 -30.5 42.4184
      vertex -11.5 -30.5 43.5
      vertex -24.5 -30.5 43.5
    endloop
  endfacet
  facet normal 0 -1 0
    outer loop
      vertex -24.6713 -30.5 42.4184
      vertex -11.3287 -30.5 42.4184
      vertex -11.5 -30.5 43.5
    endloop
  endfacet
  facet normal 0 -1 0
    outer loop
      vertex -25 -30.5 40.5
      vertex -24.6713 -30.5 42.4184
      vertex -25 -30.5 41.7733
    endloop
  endfacet
  facet normal 0 -1 -0
    outer loop
      vertex -24.6713 -30.5 42.4184
      vertex -25 -30.5 40.5
      vertex -11.3287 -30.5 42.4184
    endloop
  endfacet
  facet normal 0 -1 0
    outer loop
      vertex -11.3287 -30.5 42.4184
      vertex -11 -30.5 40.5
      vertex -10.8316 -30.5 41.4427
    endloop
  endfacet
  facet normal 0 -1 -0
    outer loop
      vertex -11.3287 -30.5 42.4184
      vertex -25 -30.5 40.5
      vertex -11 -30.5 40.5
    endloop
  endfacet
  facet normal 0 -1 -0
    outer loop
      vertex -10.8316 -30.5 41.4427
      vertex -11 -30.5 40.5
      vertex -10.0572 -30.5 40.6684
    endloop
  endfacet
  facet normal 0 -1 0
    outer loop
      vertex -11 -30.5 40.5
      vertex -9.08156 -30.5 40.1713
      vertex -10.0572 -30.5 40.6684
    endloop
  endfacet
  facet normal 0 -1 -0
    outer loop
      vertex -9.08156 -30.5 40.1713
      vertex -11 -30.5 26
      vertex -8 -30.5 40
    endloop
  endfacet
  facet normal 0 -1 0
    outer loop
      vertex -11 -30.5 26
      vertex -9.08156 -30.5 40.1713
      vertex -11 -30.5 40.5
    endloop
  endfacet
  facet normal 0 -1 0
    outer loop
      vertex -6.91844 -30.5 40.1713
      vertex -5 -30.5 40.5
      vertex -5.94275 -30.5 40.6684
    endloop
  endfacet
  facet normal 0 -1 0
    outer loop
      vertex -5 -30.5 26
      vertex -8 -30.5 40
      vertex -11 -30.5 26
    endloop
  endfacet
  facet normal 0 -1 0
    outer loop
      vertex -8 -30.5 40
      vertex -5 -30.5 26
      vertex -6.91844 -30.5 40.1713
    endloop
  endfacet
  facet normal 0 -1 0
    outer loop
      vertex -6.91844 -30.5 40.1713
      vertex -5 -30.5 26
      vertex -5 -30.5 40.5
    endloop
  endfacet
  facet normal 0 -1 0
    outer loop
      vertex -5.94275 -30.5 46.3316
      vertex -3 -30.5 46.5
      vertex -6.27333 -30.5 46.5
    endloop
  endfacet
  facet normal 0 -1 0
    outer loop
      vertex -5.16844 -30.5 45.5572
      vertex -3 -30.5 46.5
      vertex -5.94275 -30.5 46.3316
    endloop
  endfacet
  facet normal 0 -1 0
    outer loop
      vertex -4.6713 -30.5 44.5816
      vertex -3 -30.5 46.5
      vertex -5.16844 -30.5 45.5572
    endloop
  endfacet
  facet normal 0 -1 0
    outer loop
      vertex -4.5 -30.5 43.5
      vertex -3 -30.5 46.5
      vertex -4.6713 -30.5 44.5816
    endloop
  endfacet
  facet normal 0 -1 0
    outer loop
      vertex -3 -30.5 40.5
      vertex -4.5 -30.5 43.5
      vertex -4.6713 -30.5 42.4184
    endloop
  endfacet
  facet normal 0 -1 0
    outer loop
      vertex -5 -30.5 40.5
      vertex -5.16844 -30.5 41.4427
      vertex -5.94275 -30.5 40.6684
    endloop
  endfacet
  facet normal 0 -1 0
    outer loop
      vertex -3 -30.5 40.5
      vertex -5.16844 -30.5 41.4427
      vertex -5 -30.5 40.5
    endloop
  endfacet
  facet normal 0 -1 0
    outer loop
      vertex -5.16844 -30.5 41.4427
      vertex -3 -30.5 40.5
      vertex -4.6713 -30.5 42.4184
    endloop
  endfacet
  facet normal 0 -1 0
    outer loop
      vertex -4.5 -30.5 43.5
      vertex -3 -30.5 40.5
      vertex -3 -30.5 46.5
    endloop
  endfacet
  facet normal 0 -1 0
    outer loop
      vertex 25 -30.5 26
      vertex 31 -30.5 38.5
      vertex 25 -30.5 38.5
    endloop
  endfacet
  facet normal 0 -1 -0
    outer loop
      vertex 31 -30.5 38.5
      vertex 25 -30.5 26
      vertex 31 -30.5 26
    endloop
  endfacet
  facet normal 0 -1 0
    outer loop
      vertex -31.3287 -30.5 44.5816
      vertex -31 -30.5 46.5
      vertex -40 -30.5 46.5
    endloop
  endfacet
  facet normal 0 -1 -0
    outer loop
      vertex -31 -30.5 46.5
      vertex -31.3287 -30.5 44.5816
      vertex -31 -30.5 45.2267
    endloop
  endfacet
  facet normal 0 -1 0
    outer loop
      vertex -40 -30.5 46.5
      vertex -31.5 -30.5 43.5
      vertex -31.3287 -30.5 44.5816
    endloop
  endfacet
  facet normal 0 -1 0
    outer loop
      vertex -40 -30.5 40.5
      vertex -31.5 -30.5 43.5
      vertex -40 -30.5 46.5
    endloop
  endfacet
  facet normal 0 -1 -0
    outer loop
      vertex -31.5 -30.5 43.5
      vertex -40 -30.5 40.5
      vertex -31.3287 -30.5 42.4184
    endloop
  endfacet
  facet normal 0 -1 0
    outer loop
      vertex -31 -30.5 40.5
      vertex -31.3287 -30.5 42.4184
      vertex -40 -30.5 40.5
    endloop
  endfacet
  facet normal 0 -1 0
    outer loop
      vertex -31.3287 -30.5 42.4184
      vertex -31 -30.5 40.5
      vertex -31 -30.5 41.7733
    endloop
  endfacet
  facet normal 0 1 -0
    outer loop
      vertex -25 -25.5 26
      vertex -31 -25.5 38.5
      vertex -25 -25.5 38.5
    endloop
  endfacet
  facet normal 0 1 0
    outer loop
      vertex -31 -25.5 38.5
      vertex -25 -25.5 26
      vertex -31 -25.5 26
    endloop
  endfacet
  facet normal 0 1 0
    outer loop
      vertex 25 -25.5 46.5
      vertex 10.0572 -25.5 46.3316
      vertex 9.72666 -25.5 46.5
    endloop
  endfacet
  facet normal 0 1 0
    outer loop
      vertex 25 -25.5 46.5
      vertex 10.8316 -25.5 45.5572
      vertex 10.0572 -25.5 46.3316
    endloop
  endfacet
  facet normal 0 1 0
    outer loop
      vertex 24.6713 -25.5 44.5816
      vertex 25 -25.5 46.5
      vertex 25 -25.5 45.2267
    endloop
  endfacet
  facet normal 0 1 0
    outer loop
      vertex 25 -25.5 46.5
      vertex 24.6713 -25.5 44.5816
      vertex 11.3287 -25.5 44.5816
    endloop
  endfacet
  facet normal 0 1 0
    outer loop
      vertex 25 -25.5 46.5
      vertex 11.3287 -25.5 44.5816
      vertex 10.8316 -25.5 45.5572
    endloop
  endfacet
  facet normal 0 1 -0
    outer loop
      vertex 24.5 -25.5 43.5
      vertex 11.3287 -25.5 44.5816
      vertex 24.6713 -25.5 44.5816
    endloop
  endfacet
  facet normal 0 1 0
    outer loop
      vertex 24.5 -25.5 43.5
      vertex 11.5 -25.5 43.5
      vertex 11.3287 -25.5 44.5816
    endloop
  endfacet
  facet normal 0 1 0
    outer loop
      vertex 24.6713 -25.5 42.4184
      vertex 11.5 -25.5 43.5
      vertex 24.5 -25.5 43.5
    endloop
  endfacet
  facet normal 0 1 0
    outer loop
      vertex 24.6713 -25.5 42.4184
      vertex 11.3287 -25.5 42.4184
      vertex 11.5 -25.5 43.5
    endloop
  endfacet
  facet normal 0 1 -0
    outer loop
      vertex 25 -25.5 40.5
      vertex 24.6713 -25.5 42.4184
      vertex 25 -25.5 41.7733
    endloop
  endfacet
  facet normal 0 1 0
    outer loop
      vertex 24.6713 -25.5 42.4184
      vertex 25 -25.5 40.5
      vertex 11.3287 -25.5 42.4184
    endloop
  endfacet
  facet normal 0 1 0
    outer loop
      vertex 11.3287 -25.5 42.4184
      vertex 11 -25.5 40.5
      vertex 10.8316 -25.5 41.4427
    endloop
  endfacet
  facet normal 0 1 0
    outer loop
      vertex 11.3287 -25.5 42.4184
      vertex 25 -25.5 40.5
      vertex 11 -25.5 40.5
    endloop
  endfacet
  facet normal 0 1 0
    outer loop
      vertex 10.8316 -25.5 41.4427
      vertex 11 -25.5 40.5
      vertex 10.0572 -25.5 40.6684
    endloop
  endfacet
  facet normal 0 1 0
    outer loop
      vertex 11 -25.5 40.5
      vertex 9.08156 -25.5 40.1713
      vertex 10.0572 -25.5 40.6684
    endloop
  endfacet
  facet normal 0 1 0
    outer loop
      vertex 9.08156 -25.5 40.1713
      vertex 11 -25.5 26
      vertex 8 -25.5 40
    endloop
  endfacet
  facet normal 0 1 -0
    outer loop
      vertex 11 -25.5 26
      vertex 9.08156 -25.5 40.1713
      vertex 11 -25.5 40.5
    endloop
  endfacet
  facet normal 0 1 0
    outer loop
      vertex 6.91844 -25.5 40.1713
      vertex 5 -25.5 40.5
      vertex 5.94275 -25.5 40.6684
    endloop
  endfacet
  facet normal 0 1 0
    outer loop
      vertex 5 -25.5 26
      vertex 8 -25.5 40
      vertex 11 -25.5 26
    endloop
  endfacet
  facet normal 0 1 0
    outer loop
      vertex 8 -25.5 40
      vertex 5 -25.5 26
      vertex 6.91844 -25.5 40.1713
    endloop
  endfacet
  facet normal 0 1 0
    outer loop
      vertex 6.91844 -25.5 40.1713
      vertex 5 -25.5 26
      vertex 5 -25.5 40.5
    endloop
  endfacet
  facet normal 0 1 -0
    outer loop
      vertex 5.94275 -25.5 46.3316
      vertex 3 -25.5 46.5
      vertex 6.27333 -25.5 46.5
    endloop
  endfacet
  facet normal 0 1 -0
    outer loop
      vertex 5.16844 -25.5 45.5572
      vertex 3 -25.5 46.5
      vertex 5.94275 -25.5 46.3316
    endloop
  endfacet
  facet normal 0 1 -0
    outer loop
      vertex 4.6713 -25.5 44.5816
      vertex 3 -25.5 46.5
      vertex 5.16844 -25.5 45.5572
    endloop
  endfacet
  facet normal 0 1 -0
    outer loop
      vertex 4.5 -25.5 43.5
      vertex 3 -25.5 46.5
      vertex 4.6713 -25.5 44.5816
    endloop
  endfacet
  facet normal 0 1 0
    outer loop
      vertex 3 -25.5 40.5
      vertex 4.5 -25.5 43.5
      vertex 4.6713 -25.5 42.4184
    endloop
  endfacet
  facet normal 0 1 0
    outer loop
      vertex 5 -25.5 40.5
      vertex 5.16844 -25.5 41.4427
      vertex 5.94275 -25.5 40.6684
    endloop
  endfacet
  facet normal 0 1 0
    outer loop
      vertex 3 -25.5 40.5
      vertex 5.16844 -25.5 41.4427
      vertex 5 -25.5 40.5
    endloop
  endfacet
  facet normal 0 1 0
    outer loop
      vertex 5.16844 -25.5 41.4427
      vertex 3 -25.5 40.5
      vertex 4.6713 -25.5 42.4184
    endloop
  endfacet
  facet normal 0 1 0
    outer loop
      vertex 4.5 -25.5 43.5
      vertex 3 -25.5 40.5
      vertex 3 -25.5 46.5
    endloop
  endfacet
  facet normal 0 1 0
    outer loop
      vertex -3 -25.5 46.5
      vertex -5.94275 -25.5 46.3316
      vertex -6.27333 -25.5 46.5
    endloop
  endfacet
  facet normal 0 1 0
    outer loop
      vertex -3 -25.5 46.5
      vertex -5.16844 -25.5 45.5572
      vertex -5.94275 -25.5 46.3316
    endloop
  endfacet
  facet normal 0 1 0
    outer loop
      vertex -3 -25.5 46.5
      vertex -4.6713 -25.5 44.5816
      vertex -5.16844 -25.5 45.5572
    endloop
  endfacet
  facet normal 0 1 0
    outer loop
      vertex -3 -25.5 46.5
      vertex -4.5 -25.5 43.5
      vertex -4.6713 -25.5 44.5816
    endloop
  endfacet
  facet normal 0 1 -0
    outer loop
      vertex -3 -25.5 40.5
      vertex -4.5 -25.5 43.5
      vertex -3 -25.5 46.5
    endloop
  endfacet
  facet normal 0 1 0
    outer loop
      vertex -4.5 -25.5 43.5
      vertex -3 -25.5 40.5
      vertex -4.6713 -25.5 42.4184
    endloop
  endfacet
  facet normal 0 1 0
    outer loop
      vertex -3 -25.5 40.5
      vertex -5.16844 -25.5 41.4427
      vertex -4.6713 -25.5 42.4184
    endloop
  endfacet
  facet normal 0 1 -0
    outer loop
      vertex -5 -25.5 40.5
      vertex -5.16844 -25.5 41.4427
      vertex -3 -25.5 40.5
    endloop
  endfacet
  facet normal 0 1 0
    outer loop
      vertex -5.16844 -25.5 41.4427
      vertex -5 -25.5 40.5
      vertex -5.94275 -25.5 40.6684
    endloop
  endfacet
  facet normal 0 1 0
    outer loop
      vertex -5 -25.5 40.5
      vertex -6.91844 -25.5 40.1713
      vertex -5.94275 -25.5 40.6684
    endloop
  endfacet
  facet normal 0 1 0
    outer loop
      vertex -6.91844 -25.5 40.1713
      vertex -5 -25.5 26
      vertex -8 -25.5 40
    endloop
  endfacet
  facet normal 0 1 -0
    outer loop
      vertex -5 -25.5 26
      vertex -6.91844 -25.5 40.1713
      vertex -5 -25.5 40.5
    endloop
  endfacet
  facet normal 0 1 0
    outer loop
      vertex -9.08156 -25.5 40.1713
      vertex -11 -25.5 40.5
      vertex -10.0572 -25.5 40.6684
    endloop
  endfacet
  facet normal 0 1 0
    outer loop
      vertex -11 -25.5 26
      vertex -8 -25.5 40
      vertex -5 -25.5 26
    endloop
  endfacet
  facet normal 0 1 0
    outer loop
      vertex -8 -25.5 40
      vertex -11 -25.5 26
      vertex -9.08156 -25.5 40.1713
    endloop
  endfacet
  facet normal 0 1 0
    outer loop
      vertex -9.08156 -25.5 40.1713
      vertex -11 -25.5 26
      vertex -11 -25.5 40.5
    endloop
  endfacet
  facet normal 0 1 -0
    outer loop
      vertex -10.0572 -25.5 46.3316
      vertex -25 -25.5 46.5
      vertex -9.72666 -25.5 46.5
    endloop
  endfacet
  facet normal 0 1 -0
    outer loop
      vertex -10.8316 -25.5 45.5572
      vertex -25 -25.5 46.5
      vertex -10.0572 -25.5 46.3316
    endloop
  endfacet
  facet normal 0 1 -0
    outer loop
      vertex -11.3287 -25.5 44.5816
      vertex -25 -25.5 46.5
      vertex -10.8316 -25.5 45.5572
    endloop
  endfacet
  facet normal 0 1 -0
    outer loop
      vertex -24.6713 -25.5 44.5816
      vertex -25 -25.5 46.5
      vertex -11.3287 -25.5 44.5816
    endloop
  endfacet
  facet normal 0 1 0
    outer loop
      vertex -25 -25.5 46.5
      vertex -24.6713 -25.5 44.5816
      vertex -25 -25.5 45.2267
    endloop
  endfacet
  facet normal 0 1 -0
    outer loop
      vertex -11.5 -25.5 43.5
      vertex -24.6713 -25.5 44.5816
      vertex -11.3287 -25.5 44.5816
    endloop
  endfacet
  facet normal 0 1 0
    outer loop
      vertex -11.5 -25.5 43.5
      vertex -24.5 -25.5 43.5
      vertex -24.6713 -25.5 44.5816
    endloop
  endfacet
  facet normal 0 1 0
    outer loop
      vertex -11.3287 -25.5 42.4184
      vertex -24.5 -25.5 43.5
      vertex -11.5 -25.5 43.5
    endloop
  endfacet
  facet normal 0 1 0
    outer loop
      vertex -11.3287 -25.5 42.4184
      vertex -24.6713 -25.5 42.4184
      vertex -24.5 -25.5 43.5
    endloop
  endfacet
  facet normal 0 1 0
    outer loop
      vertex -25 -25.5 40.5
      vertex -24.6713 -25.5 42.4184
      vertex -11.3287 -25.5 42.4184
    endloop
  endfacet
  facet normal 0 1 -0
    outer loop
      vertex -11 -25.5 40.5
      vertex -11.3287 -25.5 42.4184
      vertex -10.8316 -25.5 41.4427
    endloop
  endfacet
  facet normal 0 1 0
    outer loop
      vertex -11 -25.5 40.5
      vertex -10.8316 -25.5 41.4427
      vertex -10.0572 -25.5 40.6684
    endloop
  endfacet
  facet normal 0 1 0
    outer loop
      vertex -25 -25.5 40.5
      vertex -11.3287 -25.5 42.4184
      vertex -11 -25.5 40.5
    endloop
  endfacet
  facet normal 0 1 0
    outer loop
      vertex -24.6713 -25.5 42.4184
      vertex -25 -25.5 40.5
      vertex -25 -25.5 41.7733
    endloop
  endfacet
  facet normal 0 1 -0
    outer loop
      vertex 31 -25.5 26
      vertex 25 -25.5 38.5
      vertex 31 -25.5 38.5
    endloop
  endfacet
  facet normal 0 1 0
    outer loop
      vertex 25 -25.5 38.5
      vertex 31 -25.5 26
      vertex 25 -25.5 26
    endloop
  endfacet
  facet normal 0 1 0
    outer loop
      vertex -31.3287 -25.5 44.5816
      vertex -31 -25.5 46.5
      vertex -31 -25.5 45.2267
    endloop
  endfacet
  facet normal 0 1 0
    outer loop
      vertex -31 -25.5 46.5
      vertex -31.3287 -25.5 44.5816
      vertex -40 -25.5 46.5
    endloop
  endfacet
  facet normal 0 1 -0
    outer loop
      vertex -31.5 -25.5 43.5
      vertex -40 -25.5 46.5
      vertex -31.3287 -25.5 44.5816
    endloop
  endfacet
  facet normal 0 1 0
    outer loop
      vertex -40 -25.5 40.5
      vertex -31.5 -25.5 43.5
      vertex -31.3287 -25.5 42.4184
    endloop
  endfacet
  facet normal 0 1 -0
    outer loop
      vertex -31 -25.5 40.5
      vertex -31.3287 -25.5 42.4184
      vertex -31 -25.5 41.7733
    endloop
  endfacet
  facet normal 0 1 0
    outer loop
      vertex -31.3287 -25.5 42.4184
      vertex -31 -25.5 40.5
      vertex -40 -25.5 40.5
    endloop
  endfacet
  facet normal 0 1 0
    outer loop
      vertex -31.5 -25.5 43.5
      vertex -40 -25.5 40.5
      vertex -40 -25.5 46.5
    endloop
  endfacet
  facet normal 0.980797 0.195032 0
    outer loop
      vertex -26 -28 26
      vertex -26.1522 -27.2346 19.5272
      vertex -26.1522 -27.2346 26
    endloop
  endfacet
  facet normal 0.980797 0.195032 0
    outer loop
      vertex -26.1522 -27.2346 19.5272
      vertex -26 -28 26
      vertex -26 -28 19.4641
    endloop
  endfacet
  facet normal -0.980797 0.195032 0
    outer loop
      vertex -30 -28 26
      vertex -29.8478 -27.2346 19.5272
      vertex -30 -28 19.4641
    endloop
  endfacet
  facet normal -0.980797 0.195032 0
    outer loop
      vertex -29.8478 -27.2346 19.5272
      vertex -30 -28 26
      vertex -29.8478 -27.2346 26
    endloop
  endfacet
  facet normal 0.195032 0.980797 0
    outer loop
      vertex -27.2346 -26.1522 26
      vertex -28 -26 20
      vertex -28 -26 26
    endloop
  endfacet
  facet normal 0.195032 0.980797 0
    outer loop
      vertex -28 -26 20
      vertex -27.2346 -26.1522 26
      vertex -27.2346 -26.1522 19.8992
    endloop
  endfacet
  facet normal -0.555646 0.831419 0
    outer loop
      vertex -28.7654 -26.1522 19.8992
      vertex -29.4142 -26.5858 26
      vertex -28.7654 -26.1522 26
    endloop
  endfacet
  facet normal -0.555694 0.831387 -7.40941e-06
    outer loop
      vertex -29.0353 -26.3326 19.8637
      vertex -29.4142 -26.5858 26
      vertex -28.7654 -26.1522 19.8992
    endloop
  endfacet
  facet normal -0.555611 0.831442 0
    outer loop
      vertex -29.4142 -26.5858 26
      vertex -29.0353 -26.3326 19.8637
      vertex -29.4142 -26.5858 19.7067
    endloop
  endfacet
  facet normal 0.195032 -0.980797 0
    outer loop
      vertex -28 -30 20
      vertex -27.2346 -29.8478 26
      vertex -28 -30 26
    endloop
  endfacet
  facet normal 0.195032 -0.980797 0
    outer loop
      vertex -27.2346 -29.8478 26
      vertex -28 -30 20
      vertex -27.2346 -29.8478 19.8992
    endloop
  endfacet
  facet normal -0.195032 -0.980797 0
    outer loop
      vertex -28.7654 -29.8478 26
      vertex -28 -30 20
      vertex -28 -30 26
    endloop
  endfacet
  facet normal -0.195032 -0.980797 0
    outer loop
      vertex -28 -30 20
      vertex -28.7654 -29.8478 26
      vertex -28.7654 -29.8478 19.8992
    endloop
  endfacet
  facet normal 0.555646 0.831419 0
    outer loop
      vertex -26.5858 -26.5858 26
      vertex -27.2346 -26.1522 19.8992
      vertex -27.2346 -26.1522 26
    endloop
  endfacet
  facet normal 0.555694 0.831387 -7.40941e-06
    outer loop
      vertex -26.5858 -26.5858 26
      vertex -26.9647 -26.3326 19.8637
      vertex -27.2346 -26.1522 19.8992
    endloop
  endfacet
  facet normal 0.555611 0.831442 0
    outer loop
      vertex -26.9647 -26.3326 19.8637
      vertex -26.5858 -26.5858 26
      vertex -26.5858 -26.5858 19.7067
    endloop
  endfacet
  facet normal 0.831419 0.555646 0
    outer loop
      vertex -26.1522 -27.2346 26
      vertex -26.5858 -26.5858 19.7067
      vertex -26.5858 -26.5858 26
    endloop
  endfacet
  facet normal 0.831419 0.555646 0
    outer loop
      vertex -26.5858 -26.5858 19.7067
      vertex -26.1522 -27.2346 26
      vertex -26.1522 -27.2346 19.5272
    endloop
  endfacet
  facet normal -0.195032 0.980797 0
    outer loop
      vertex -28 -26 20
      vertex -28.7654 -26.1522 26
      vertex -28 -26 26
    endloop
  endfacet
  facet normal -0.195032 0.980797 0
    outer loop
      vertex -28.7654 -26.1522 26
      vertex -28 -26 20
      vertex -28.7654 -26.1522 19.8992
    endloop
  endfacet
  facet normal -0.831419 0.555646 0
    outer loop
      vertex -29.8478 -27.2346 26
      vertex -29.4142 -26.5858 19.7067
      vertex -29.8478 -27.2346 19.5272
    endloop
  endfacet
  facet normal -0.831419 0.555646 0
    outer loop
      vertex -29.4142 -26.5858 19.7067
      vertex -29.8478 -27.2346 26
      vertex -29.4142 -26.5858 26
    endloop
  endfacet
  facet normal -0.980797 -0.195032 0
    outer loop
      vertex -29.8478 -28.7654 19.5272
      vertex -30 -28 26
      vertex -30 -28 19.4641
    endloop
  endfacet
  facet normal -0.980797 -0.195032 0
    outer loop
      vertex -30 -28 26
      vertex -29.8478 -28.7654 19.5272
      vertex -29.8478 -28.7654 26
    endloop
  endfacet
  facet normal -0.555646 -0.831419 0
    outer loop
      vertex -29.4142 -29.4142 26
      vertex -28.7654 -29.8478 19.8992
      vertex -28.7654 -29.8478 26
    endloop
  endfacet
  facet normal -0.555694 -0.831387 -7.40941e-06
    outer loop
      vertex -29.4142 -29.4142 26
      vertex -29.0353 -29.6674 19.8637
      vertex -28.7654 -29.8478 19.8992
    endloop
  endfacet
  facet normal -0.555611 -0.831442 0
    outer loop
      vertex -29.0353 -29.6674 19.8637
      vertex -29.4142 -29.4142 26
      vertex -29.4142 -29.4142 19.7067
    endloop
  endfacet
  facet normal 0.831419 -0.555646 0
    outer loop
      vertex -26.5858 -29.4142 19.7067
      vertex -26.1522 -28.7654 26
      vertex -26.5858 -29.4142 26
    endloop
  endfacet
  facet normal 0.831419 -0.555646 0
    outer loop
      vertex -26.1522 -28.7654 26
      vertex -26.5858 -29.4142 19.7067
      vertex -26.1522 -28.7654 19.5272
    endloop
  endfacet
  facet normal 0.555646 -0.831419 0
    outer loop
      vertex -27.2346 -29.8478 19.8992
      vertex -26.5858 -29.4142 26
      vertex -27.2346 -29.8478 26
    endloop
  endfacet
  facet normal 0.555694 -0.831387 -7.40941e-06
    outer loop
      vertex -26.9647 -29.6674 19.8637
      vertex -26.5858 -29.4142 26
      vertex -27.2346 -29.8478 19.8992
    endloop
  endfacet
  facet normal 0.555611 -0.831442 0
    outer loop
      vertex -26.5858 -29.4142 26
      vertex -26.9647 -29.6674 19.8637
      vertex -26.5858 -29.4142 19.7067
    endloop
  endfacet
  facet normal 0.980797 -0.195032 0
    outer loop
      vertex -26.1522 -28.7654 19.5272
      vertex -26 -28 26
      vertex -26.1522 -28.7654 26
    endloop
  endfacet
  facet normal 0.980797 -0.195032 0
    outer loop
      vertex -26 -28 26
      vertex -26.1522 -28.7654 19.5272
      vertex -26 -28 19.4641
    endloop
  endfacet
  facet normal -0.831419 -0.555646 0
    outer loop
      vertex -29.4142 -29.4142 19.7067
      vertex -29.8478 -28.7654 26
      vertex -29.8478 -28.7654 19.5272
    endloop
  endfacet
  facet normal -0.831419 -0.555646 0
    outer loop
      vertex -29.8478 -28.7654 26
      vertex -29.4142 -29.4142 19.7067
      vertex -29.4142 -29.4142 26
    endloop
  endfacet
  facet normal 0.991445 -0 0.130526
    outer loop
      vertex -24.1363 -38 17.0353
      vertex -24 -18 16
      vertex -24.1363 -18 17.0353
    endloop
  endfacet
  facet normal 0.991445 0 0.130526
    outer loop
      vertex -24 -18 16
      vertex -24.1363 -38 17.0353
      vertex -24 -38 16
    endloop
  endfacet
  facet normal 0.923877 -0 0.38269
    outer loop
      vertex -24.5359 -38 18
      vertex -24.1363 -18 17.0353
      vertex -24.5359 -18 18
    endloop
  endfacet
  facet normal 0.923877 0 0.38269
    outer loop
      vertex -24.1363 -18 17.0353
      vertex -24.5359 -38 18
      vertex -24.1363 -38 17.0353
    endloop
  endfacet
  facet normal -0.991445 0 -0.130526
    outer loop
      vertex -31.8637 -38 14.9647
      vertex -32 -18 16
      vertex -31.8637 -18 14.9647
    endloop
  endfacet
  facet normal -0.991445 -0 -0.130526
    outer loop
      vertex -32 -18 16
      vertex -31.8637 -38 14.9647
      vertex -32 -38 16
    endloop
  endfacet
  facet normal 0.130407 0 0.991461
    outer loop
      vertex -26.9647 -18 19.8637
      vertex -27.2346 -26.1522 19.8992
      vertex -26.9647 -26.3326 19.8637
    endloop
  endfacet
  facet normal 0.130526 -0 0.991445
    outer loop
      vertex -28 -26 20
      vertex -26.9647 -18 19.8637
      vertex -28 -18 20
    endloop
  endfacet
  facet normal 0.130567 -5.40173e-06 0.991439
    outer loop
      vertex -26.9647 -18 19.8637
      vertex -28 -26 20
      vertex -27.2346 -26.1522 19.8992
    endloop
  endfacet
  facet normal 0.130407 0 0.991461
    outer loop
      vertex -27.2346 -29.8478 19.8992
      vertex -26.9647 -38 19.8637
      vertex -26.9647 -29.6674 19.8637
    endloop
  endfacet
  facet normal 0.130567 5.40173e-06 0.991439
    outer loop
      vertex -28 -30 20
      vertex -26.9647 -38 19.8637
      vertex -27.2346 -29.8478 19.8992
    endloop
  endfacet
  facet normal 0.130526 0 0.991445
    outer loop
      vertex -26.9647 -38 19.8637
      vertex -28 -30 20
      vertex -28 -38 20
    endloop
  endfacet
  facet normal 0.991445 0 -0.130526
    outer loop
      vertex -24 -38 16
      vertex -24.1363 -18 14.9647
      vertex -24 -18 16
    endloop
  endfacet
  facet normal 0.991445 0 -0.130526
    outer loop
      vertex -24.1363 -18 14.9647
      vertex -24 -38 16
      vertex -24.1363 -38 14.9647
    endloop
  endfacet
  facet normal 0.793332 -0 0.608789
    outer loop
      vertex -25.1716 -38 18.8284
      vertex -24.5359 -18 18
      vertex -25.1716 -18 18.8284
    endloop
  endfacet
  facet normal 0.793332 0 0.608789
    outer loop
      vertex -24.5359 -18 18
      vertex -25.1716 -38 18.8284
      vertex -24.5359 -38 18
    endloop
  endfacet
  facet normal 0.382977 0 0.923758
    outer loop
      vertex -26 -18 19.4641
      vertex -26.1522 -27.2346 19.5272
      vertex -26 -28 19.4641
    endloop
  endfacet
  facet normal 0.382508 9.06641e-06 0.923952
    outer loop
      vertex -26 -18 19.4641
      vertex -26.5858 -26.5858 19.7067
      vertex -26.1522 -27.2346 19.5272
    endloop
  endfacet
  facet normal 0.38269 -0 0.923877
    outer loop
      vertex -26.9647 -26.3326 19.8637
      vertex -26 -18 19.4641
      vertex -26.9647 -18 19.8637
    endloop
  endfacet
  facet normal 0.382789 -1.34332e-05 0.923836
    outer loop
      vertex -26 -18 19.4641
      vertex -26.9647 -26.3326 19.8637
      vertex -26.5858 -26.5858 19.7067
    endloop
  endfacet
  facet normal 0.382977 0 0.923758
    outer loop
      vertex -26.1522 -28.7654 19.5272
      vertex -26 -38 19.4641
      vertex -26 -28 19.4641
    endloop
  endfacet
  facet normal 0.382508 -9.06641e-06 0.923952
    outer loop
      vertex -26.5858 -29.4142 19.7067
      vertex -26 -38 19.4641
      vertex -26.1522 -28.7654 19.5272
    endloop
  endfacet
  facet normal 0.382789 1.34332e-05 0.923836
    outer loop
      vertex -26.9647 -29.6674 19.8637
      vertex -26 -38 19.4641
      vertex -26.5858 -29.4142 19.7067
    endloop
  endfacet
  facet normal 0.38269 0 0.923877
    outer loop
      vertex -26 -38 19.4641
      vertex -26.9647 -29.6674 19.8637
      vertex -26.9647 -38 19.8637
    endloop
  endfacet
  facet normal -0.382789 1.34332e-05 0.923836
    outer loop
      vertex -30 -38 19.4641
      vertex -29.0353 -29.6674 19.8637
      vertex -29.4142 -29.4142 19.7067
    endloop
  endfacet
  facet normal -0.382508 -9.06641e-06 0.923952
    outer loop
      vertex -30 -38 19.4641
      vertex -29.4142 -29.4142 19.7067
      vertex -29.8478 -28.7654 19.5272
    endloop
  endfacet
  facet normal -0.382977 0 0.923758
    outer loop
      vertex -30 -38 19.4641
      vertex -29.8478 -28.7654 19.5272
      vertex -30 -28 19.4641
    endloop
  endfacet
  facet normal -0.38269 0 0.923877
    outer loop
      vertex -29.0353 -29.6674 19.8637
      vertex -30 -38 19.4641
      vertex -29.0353 -38 19.8637
    endloop
  endfacet
  facet normal -0.38269 0 0.923877
    outer loop
      vertex -30 -18 19.4641
      vertex -29.0353 -26.3326 19.8637
      vertex -29.0353 -18 19.8637
    endloop
  endfacet
  facet normal -0.382789 -1.34332e-05 0.923836
    outer loop
      vertex -29.0353 -26.3326 19.8637
      vertex -30 -18 19.4641
      vertex -29.4142 -26.5858 19.7067
    endloop
  endfacet
  facet normal -0.382508 9.06641e-06 0.923952
    outer loop
      vertex -29.4142 -26.5858 19.7067
      vertex -30 -18 19.4641
      vertex -29.8478 -27.2346 19.5272
    endloop
  endfacet
  facet normal -0.382977 0 0.923758
    outer loop
      vertex -29.8478 -27.2346 19.5272
      vertex -30 -18 19.4641
      vertex -30 -28 19.4641
    endloop
  endfacet
  facet normal -0.608789 0 0.793332
    outer loop
      vertex -30.8284 -18 18.8284
      vertex -30 -28 19.4641
      vertex -30 -18 19.4641
    endloop
  endfacet
  facet normal -0.608789 0 0.793332
    outer loop
      vertex -30.8284 -38 18.8284
      vertex -30 -28 19.4641
      vertex -30.8284 -18 18.8284
    endloop
  endfacet
  facet normal -0.608789 0 0.793332
    outer loop
      vertex -30 -28 19.4641
      vertex -30.8284 -38 18.8284
      vertex -30 -38 19.4641
    endloop
  endfacet
  facet normal 0.38269 0 -0.923877
    outer loop
      vertex -26.9647 -38 12.1363
      vertex -26 -18 12.5359
      vertex -26 -38 12.5359
    endloop
  endfacet
  facet normal 0.38269 0 -0.923877
    outer loop
      vertex -26 -18 12.5359
      vertex -26.9647 -38 12.1363
      vertex -26.9647 -18 12.1363
    endloop
  endfacet
  facet normal -0.991445 0 0.130526
    outer loop
      vertex -32 -38 16
      vertex -31.8637 -18 17.0353
      vertex -32 -18 16
    endloop
  endfacet
  facet normal -0.991445 0 0.130526
    outer loop
      vertex -31.8637 -18 17.0353
      vertex -32 -38 16
      vertex -31.8637 -38 17.0353
    endloop
  endfacet
  facet normal -0.793332 0 0.608789
    outer loop
      vertex -31.4641 -38 18
      vertex -30.8284 -18 18.8284
      vertex -31.4641 -18 18
    endloop
  endfacet
  facet normal -0.793332 0 0.608789
    outer loop
      vertex -30.8284 -18 18.8284
      vertex -31.4641 -38 18
      vertex -30.8284 -38 18.8284
    endloop
  endfacet
  facet normal 0.793332 0 -0.608789
    outer loop
      vertex -24.5359 -38 14
      vertex -25.1716 -18 13.1716
      vertex -24.5359 -18 14
    endloop
  endfacet
  facet normal 0.793332 0 -0.608789
    outer loop
      vertex -25.1716 -18 13.1716
      vertex -24.5359 -38 14
      vertex -25.1716 -38 13.1716
    endloop
  endfacet
  facet normal 0.130526 0 -0.991445
    outer loop
      vertex -28 -38 12
      vertex -26.9647 -18 12.1363
      vertex -26.9647 -38 12.1363
    endloop
  endfacet
  facet normal 0.130526 0 -0.991445
    outer loop
      vertex -26.9647 -18 12.1363
      vertex -28 -38 12
      vertex -28 -18 12
    endloop
  endfacet
  facet normal 0.608789 -0 0.793332
    outer loop
      vertex -26 -28 19.4641
      vertex -25.1716 -18 18.8284
      vertex -26 -18 19.4641
    endloop
  endfacet
  facet normal 0.608789 0 0.793332
    outer loop
      vertex -25.1716 -18 18.8284
      vertex -26 -28 19.4641
      vertex -25.1716 -38 18.8284
    endloop
  endfacet
  facet normal 0.608789 0 0.793332
    outer loop
      vertex -25.1716 -38 18.8284
      vertex -26 -28 19.4641
      vertex -26 -38 19.4641
    endloop
  endfacet
  facet normal 0 -1 0
    outer loop
      vertex -29.0353 -38 19.8637
      vertex -26.9647 -38 19.8637
      vertex -28 -38 20
    endloop
  endfacet
  facet normal 0 -1 0
    outer loop
      vertex -30 -38 19.4641
      vertex -26.9647 -38 19.8637
      vertex -29.0353 -38 19.8637
    endloop
  endfacet
  facet normal 0 -1 0
    outer loop
      vertex -30 -38 19.4641
      vertex -26 -38 19.4641
      vertex -26.9647 -38 19.8637
    endloop
  endfacet
  facet normal 0 -1 0
    outer loop
      vertex -30.8284 -38 18.8284
      vertex -26 -38 19.4641
      vertex -30 -38 19.4641
    endloop
  endfacet
  facet normal 0 -1 0
    outer loop
      vertex -30.8284 -38 18.8284
      vertex -25.1716 -38 18.8284
      vertex -26 -38 19.4641
    endloop
  endfacet
  facet normal 0 -1 0
    outer loop
      vertex -31.4641 -38 18
      vertex -25.1716 -38 18.8284
      vertex -30.8284 -38 18.8284
    endloop
  endfacet
  facet normal 0 -1 0
    outer loop
      vertex -31.4641 -38 18
      vertex -24.5359 -38 18
      vertex -25.1716 -38 18.8284
    endloop
  endfacet
  facet normal 0 -1 0
    outer loop
      vertex -31.8637 -38 17.0353
      vertex -24.5359 -38 18
      vertex -31.4641 -38 18
    endloop
  endfacet
  facet normal 0 -1 0
    outer loop
      vertex -31.8637 -38 17.0353
      vertex -24.1363 -38 17.0353
      vertex -24.5359 -38 18
    endloop
  endfacet
  facet normal 0 -1 0
    outer loop
      vertex -32 -38 16
      vertex -24.1363 -38 17.0353
      vertex -31.8637 -38 17.0353
    endloop
  endfacet
  facet normal 0 -1 0
    outer loop
      vertex -32 -38 16
      vertex -24 -38 16
      vertex -24.1363 -38 17.0353
    endloop
  endfacet
  facet normal 0 -1 0
    outer loop
      vertex -31.8637 -38 14.9647
      vertex -24 -38 16
      vertex -32 -38 16
    endloop
  endfacet
  facet normal 0 -1 0
    outer loop
      vertex -31.8637 -38 14.9647
      vertex -24.1363 -38 14.9647
      vertex -24 -38 16
    endloop
  endfacet
  facet normal 0 -1 0
    outer loop
      vertex -31.4641 -38 14
      vertex -24.1363 -38 14.9647
      vertex -31.8637 -38 14.9647
    endloop
  endfacet
  facet normal 0 -1 0
    outer loop
      vertex -31.4641 -38 14
      vertex -24.5359 -38 14
      vertex -24.1363 -38 14.9647
    endloop
  endfacet
  facet normal 0 -1 0
    outer loop
      vertex -30.8284 -38 13.1716
      vertex -24.5359 -38 14
      vertex -31.4641 -38 14
    endloop
  endfacet
  facet normal 0 -1 0
    outer loop
      vertex -30.8284 -38 13.1716
      vertex -25.1716 -38 13.1716
      vertex -24.5359 -38 14
    endloop
  endfacet
  facet normal 0 -1 0
    outer loop
      vertex -30 -38 12.5359
      vertex -25.1716 -38 13.1716
      vertex -30.8284 -38 13.1716
    endloop
  endfacet
  facet normal 0 -1 0
    outer loop
      vertex -30 -38 12.5359
      vertex -26 -38 12.5359
      vertex -25.1716 -38 13.1716
    endloop
  endfacet
  facet normal 0 -1 0
    outer loop
      vertex -29.0353 -38 12.1363
      vertex -26 -38 12.5359
      vertex -30 -38 12.5359
    endloop
  endfacet
  facet normal 0 -1 0
    outer loop
      vertex -29.0353 -38 12.1363
      vertex -26.9647 -38 12.1363
      vertex -26 -38 12.5359
    endloop
  endfacet
  facet normal -0 -1 0
    outer loop
      vertex -26.9647 -38 12.1363
      vertex -29.0353 -38 12.1363
      vertex -28 -38 12
    endloop
  endfacet
  facet normal -0.923877 0 0.38269
    outer loop
      vertex -31.8637 -38 17.0353
      vertex -31.4641 -18 18
      vertex -31.8637 -18 17.0353
    endloop
  endfacet
  facet normal -0.923877 0 0.38269
    outer loop
      vertex -31.4641 -18 18
      vertex -31.8637 -38 17.0353
      vertex -31.4641 -38 18
    endloop
  endfacet
  facet normal -0.130567 5.40173e-06 0.991439
    outer loop
      vertex -29.0353 -38 19.8637
      vertex -28 -30 20
      vertex -28.7654 -29.8478 19.8992
    endloop
  endfacet
  facet normal -0.130407 0 0.991461
    outer loop
      vertex -29.0353 -38 19.8637
      vertex -28.7654 -29.8478 19.8992
      vertex -29.0353 -29.6674 19.8637
    endloop
  endfacet
  facet normal -0.130526 0 0.991445
    outer loop
      vertex -28 -30 20
      vertex -29.0353 -38 19.8637
      vertex -28 -38 20
    endloop
  endfacet
  facet normal -0.130526 0 0.991445
    outer loop
      vertex -29.0353 -18 19.8637
      vertex -28 -26 20
      vertex -28 -18 20
    endloop
  endfacet
  facet normal -0.130567 -5.40173e-06 0.991439
    outer loop
      vertex -28 -26 20
      vertex -29.0353 -18 19.8637
      vertex -28.7654 -26.1522 19.8992
    endloop
  endfacet
  facet normal -0.130407 0 0.991461
    outer loop
      vertex -28.7654 -26.1522 19.8992
      vertex -29.0353 -18 19.8637
      vertex -29.0353 -26.3326 19.8637
    endloop
  endfacet
  facet normal -0.38269 0 -0.923877
    outer loop
      vertex -30 -38 12.5359
      vertex -29.0353 -18 12.1363
      vertex -29.0353 -38 12.1363
    endloop
  endfacet
  facet normal -0.38269 0 -0.923877
    outer loop
      vertex -29.0353 -18 12.1363
      vertex -30 -38 12.5359
      vertex -30 -18 12.5359
    endloop
  endfacet
  facet normal -0.130526 0 -0.991445
    outer loop
      vertex -29.0353 -38 12.1363
      vertex -28 -18 12
      vertex -28 -38 12
    endloop
  endfacet
  facet normal -0.130526 0 -0.991445
    outer loop
      vertex -28 -18 12
      vertex -29.0353 -38 12.1363
      vertex -29.0353 -18 12.1363
    endloop
  endfacet
  facet normal 0.923877 0 -0.38269
    outer loop
      vertex -24.1363 -38 14.9647
      vertex -24.5359 -18 14
      vertex -24.1363 -18 14.9647
    endloop
  endfacet
  facet normal 0.923877 0 -0.38269
    outer loop
      vertex -24.5359 -18 14
      vertex -24.1363 -38 14.9647
      vertex -24.5359 -38 14
    endloop
  endfacet
  facet normal 0.608789 0 -0.793332
    outer loop
      vertex -26 -38 12.5359
      vertex -25.1716 -18 13.1716
      vertex -25.1716 -38 13.1716
    endloop
  endfacet
  facet normal 0.608789 0 -0.793332
    outer loop
      vertex -25.1716 -18 13.1716
      vertex -26 -38 12.5359
      vertex -26 -18 12.5359
    endloop
  endfacet
  facet normal -0.923877 0 -0.38269
    outer loop
      vertex -31.4641 -38 14
      vertex -31.8637 -18 14.9647
      vertex -31.4641 -18 14
    endloop
  endfacet
  facet normal -0.923877 -0 -0.38269
    outer loop
      vertex -31.8637 -18 14.9647
      vertex -31.4641 -38 14
      vertex -31.8637 -38 14.9647
    endloop
  endfacet
  facet normal -0.793332 0 -0.608789
    outer loop
      vertex -30.8284 -38 13.1716
      vertex -31.4641 -18 14
      vertex -30.8284 -18 13.1716
    endloop
  endfacet
  facet normal -0.793332 -0 -0.608789
    outer loop
      vertex -31.4641 -18 14
      vertex -30.8284 -38 13.1716
      vertex -31.4641 -38 14
    endloop
  endfacet
  facet normal 0 1 0
    outer loop
      vertex -26.9647 -18 19.8637
      vertex -29.0353 -18 19.8637
      vertex -28 -18 20
    endloop
  endfacet
  facet normal 0 1 0
    outer loop
      vertex -26 -18 19.4641
      vertex -29.0353 -18 19.8637
      vertex -26.9647 -18 19.8637
    endloop
  endfacet
  facet normal 0 1 0
    outer loop
      vertex -26 -18 19.4641
      vertex -30 -18 19.4641
      vertex -29.0353 -18 19.8637
    endloop
  endfacet
  facet normal 0 1 0
    outer loop
      vertex -25.1716 -18 18.8284
      vertex -30 -18 19.4641
      vertex -26 -18 19.4641
    endloop
  endfacet
  facet normal 0 1 0
    outer loop
      vertex -25.1716 -18 18.8284
      vertex -30.8284 -18 18.8284
      vertex -30 -18 19.4641
    endloop
  endfacet
  facet normal 0 1 0
    outer loop
      vertex -24.5359 -18 18
      vertex -30.8284 -18 18.8284
      vertex -25.1716 -18 18.8284
    endloop
  endfacet
  facet normal 0 1 0
    outer loop
      vertex -24.5359 -18 18
      vertex -31.4641 -18 18
      vertex -30.8284 -18 18.8284
    endloop
  endfacet
  facet normal 0 1 0
    outer loop
      vertex -24.1363 -18 17.0353
      vertex -31.4641 -18 18
      vertex -24.5359 -18 18
    endloop
  endfacet
  facet normal 0 1 0
    outer loop
      vertex -24.1363 -18 17.0353
      vertex -31.8637 -18 17.0353
      vertex -31.4641 -18 18
    endloop
  endfacet
  facet normal 0 1 0
    outer loop
      vertex -24 -18 16
      vertex -31.8637 -18 17.0353
      vertex -24.1363 -18 17.0353
    endloop
  endfacet
  facet normal 0 1 0
    outer loop
      vertex -24 -18 16
      vertex -32 -18 16
      vertex -31.8637 -18 17.0353
    endloop
  endfacet
  facet normal 0 1 -0
    outer loop
      vertex -24.1363 -18 14.9647
      vertex -32 -18 16
      vertex -24 -18 16
    endloop
  endfacet
  facet normal 0 1 0
    outer loop
      vertex -24.1363 -18 14.9647
      vertex -31.8637 -18 14.9647
      vertex -32 -18 16
    endloop
  endfacet
  facet normal 0 1 -0
    outer loop
      vertex -24.5359 -18 14
      vertex -31.8637 -18 14.9647
      vertex -24.1363 -18 14.9647
    endloop
  endfacet
  facet normal 0 1 0
    outer loop
      vertex -24.5359 -18 14
      vertex -31.4641 -18 14
      vertex -31.8637 -18 14.9647
    endloop
  endfacet
  facet normal 0 1 -0
    outer loop
      vertex -25.1716 -18 13.1716
      vertex -31.4641 -18 14
      vertex -24.5359 -18 14
    endloop
  endfacet
  facet normal 0 1 0
    outer loop
      vertex -25.1716 -18 13.1716
      vertex -30.8284 -18 13.1716
      vertex -31.4641 -18 14
    endloop
  endfacet
  facet normal 0 1 -0
    outer loop
      vertex -26 -18 12.5359
      vertex -30.8284 -18 13.1716
      vertex -25.1716 -18 13.1716
    endloop
  endfacet
  facet normal 0 1 0
    outer loop
      vertex -26 -18 12.5359
      vertex -30 -18 12.5359
      vertex -30.8284 -18 13.1716
    endloop
  endfacet
  facet normal 0 1 -0
    outer loop
      vertex -26.9647 -18 12.1363
      vertex -30 -18 12.5359
      vertex -26 -18 12.5359
    endloop
  endfacet
  facet normal 0 1 0
    outer loop
      vertex -26.9647 -18 12.1363
      vertex -29.0353 -18 12.1363
      vertex -30 -18 12.5359
    endloop
  endfacet
  facet normal -0 1 0
    outer loop
      vertex -29.0353 -18 12.1363
      vertex -26.9647 -18 12.1363
      vertex -28 -18 12
    endloop
  endfacet
  facet normal -0.608789 0 -0.793332
    outer loop
      vertex -30.8284 -38 13.1716
      vertex -30 -18 12.5359
      vertex -30 -38 12.5359
    endloop
  endfacet
  facet normal -0.608789 0 -0.793332
    outer loop
      vertex -30 -18 12.5359
      vertex -30.8284 -38 13.1716
      vertex -30.8284 -18 13.1716
    endloop
  endfacet
  facet normal 0.98769 -0 0.156427
    outer loop
      vertex -24.6713 -32 44.5816
      vertex -24.5 -30.5 43.5
      vertex -24.6713 -30.5 44.5816
    endloop
  endfacet
  facet normal 0.98769 0 0.156427
    outer loop
      vertex -24.5 -30.5 43.5
      vertex -24.6713 -32 44.5816
      vertex -24.5 -32 43.5
    endloop
  endfacet
  facet normal 0.98769 -0 0.156427
    outer loop
      vertex -24.6713 -25.5 44.5816
      vertex -24.5 -24 43.5
      vertex -24.6713 -24 44.5816
    endloop
  endfacet
  facet normal 0.98769 0 0.156427
    outer loop
      vertex -24.5 -24 43.5
      vertex -24.6713 -25.5 44.5816
      vertex -24.5 -25.5 43.5
    endloop
  endfacet
  facet normal 0.891005 0 0.453994
    outer loop
      vertex -25.1684 -31 45.5572
      vertex -25.1684 -32 45.5572
      vertex -25 -31 45.2267
    endloop
  endfacet
  facet normal 0.891004 -0 0.453996
    outer loop
      vertex -25 -31 45.2267
      vertex -24.6713 -30.5 44.5816
      vertex -25 -30.5 45.2267
    endloop
  endfacet
  facet normal 0.891004 4.65777e-07 0.453996
    outer loop
      vertex -24.6713 -32 44.5816
      vertex -25 -31 45.2267
      vertex -25.1684 -32 45.5572
    endloop
  endfacet
  facet normal 0.891004 0 0.453996
    outer loop
      vertex -25 -31 45.2267
      vertex -24.6713 -32 44.5816
      vertex -24.6713 -30.5 44.5816
    endloop
  endfacet
  facet normal 0.891004 -0 0.453996
    outer loop
      vertex -25 -25.5 45.2267
      vertex -24.6713 -24 44.5816
      vertex -25 -24 45.2267
    endloop
  endfacet
  facet normal 0.891004 0 0.453996
    outer loop
      vertex -24.6713 -24 44.5816
      vertex -25 -25.5 45.2267
      vertex -24.6713 -25.5 44.5816
    endloop
  endfacet
  facet normal 0.156427 0 0.98769
    outer loop
      vertex -28 -31 47
      vertex -26.9184 -32 46.8287
      vertex -26.9184 -31 46.8287
    endloop
  endfacet
  facet normal 0.156427 0 0.98769
    outer loop
      vertex -26.9184 -32 46.8287
      vertex -28 -31 47
      vertex -28 -32 47
    endloop
  endfacet
  facet normal 0.98769 0 -0.156427
    outer loop
      vertex -24.5 -25.5 43.5
      vertex -24.6713 -24 42.4184
      vertex -24.5 -24 43.5
    endloop
  endfacet
  facet normal 0.98769 0 -0.156427
    outer loop
      vertex -24.6713 -24 42.4184
      vertex -24.5 -25.5 43.5
      vertex -24.6713 -25.5 42.4184
    endloop
  endfacet
  facet normal 0.98769 0 -0.156427
    outer loop
      vertex -24.5 -32 43.5
      vertex -24.6713 -30.5 42.4184
      vertex -24.5 -30.5 43.5
    endloop
  endfacet
  facet normal 0.98769 0 -0.156427
    outer loop
      vertex -24.6713 -30.5 42.4184
      vertex -24.5 -32 43.5
      vertex -24.6713 -32 42.4184
    endloop
  endfacet
  facet normal 0.707107 -0 0.707107
    outer loop
      vertex -25.9428 -32 46.3316
      vertex -25.1684 -31 45.5572
      vertex -25.9428 -31 46.3316
    endloop
  endfacet
  facet normal 0.707107 0 0.707107
    outer loop
      vertex -25.1684 -31 45.5572
      vertex -25.9428 -32 46.3316
      vertex -25.1684 -32 45.5572
    endloop
  endfacet
  facet normal -0.453996 0 0.891004
    outer loop
      vertex -30.0572 -31 46.3316
      vertex -29.0816 -32 46.8287
      vertex -29.0816 -31 46.8287
    endloop
  endfacet
  facet normal -0.453996 0 0.891004
    outer loop
      vertex -29.0816 -32 46.8287
      vertex -30.0572 -31 46.3316
      vertex -30.0572 -32 46.3316
    endloop
  endfacet
  facet normal 0.453996 0 0.891004
    outer loop
      vertex -26.9184 -31 46.8287
      vertex -25.9428 -32 46.3316
      vertex -25.9428 -31 46.3316
    endloop
  endfacet
  facet normal 0.453996 0 0.891004
    outer loop
      vertex -25.9428 -32 46.3316
      vertex -26.9184 -31 46.8287
      vertex -26.9184 -32 46.8287
    endloop
  endfacet
  facet normal -0.98769 0 0.156427
    outer loop
      vertex -31.5 -25.5 43.5
      vertex -31.3287 -24 44.5816
      vertex -31.5 -24 43.5
    endloop
  endfacet
  facet normal -0.98769 0 0.156427
    outer loop
      vertex -31.3287 -24 44.5816
      vertex -31.5 -25.5 43.5
      vertex -31.3287 -25.5 44.5816
    endloop
  endfacet
  facet normal -0.98769 0 0.156427
    outer loop
      vertex -31.5 -32 43.5
      vertex -31.3287 -30.5 44.5816
      vertex -31.5 -30.5 43.5
    endloop
  endfacet
  facet normal -0.98769 0 0.156427
    outer loop
      vertex -31.3287 -30.5 44.5816
      vertex -31.5 -32 43.5
      vertex -31.3287 -32 44.5816
    endloop
  endfacet
  facet normal -0.707107 0 0.707107
    outer loop
      vertex -30.8316 -32 45.5572
      vertex -30.0572 -31 46.3316
      vertex -30.8316 -31 45.5572
    endloop
  endfacet
  facet normal -0.707107 0 0.707107
    outer loop
      vertex -30.0572 -31 46.3316
      vertex -30.8316 -32 45.5572
      vertex -30.0572 -32 46.3316
    endloop
  endfacet
  facet normal -0.156427 0 0.98769
    outer loop
      vertex -29.0816 -31 46.8287
      vertex -28 -32 47
      vertex -28 -31 47
    endloop
  endfacet
  facet normal -0.156427 0 0.98769
    outer loop
      vertex -28 -32 47
      vertex -29.0816 -31 46.8287
      vertex -29.0816 -32 46.8287
    endloop
  endfacet
  facet normal -0.707061 0 -0.707152
    outer loop
      vertex -30.8316 -32 41.4427
      vertex -30.0572 -31 40.6684
      vertex -30.0572 -32 40.6684
    endloop
  endfacet
  facet normal -0.707061 0 -0.707152
    outer loop
      vertex -30.0572 -31 40.6684
      vertex -30.8316 -32 41.4427
      vertex -30.8316 -31 41.4427
    endloop
  endfacet
  facet normal -0.98769 0 -0.156427
    outer loop
      vertex -31.3287 -32 42.4184
      vertex -31.5 -30.5 43.5
      vertex -31.3287 -30.5 42.4184
    endloop
  endfacet
  facet normal -0.98769 -0 -0.156427
    outer loop
      vertex -31.5 -30.5 43.5
      vertex -31.3287 -32 42.4184
      vertex -31.5 -32 43.5
    endloop
  endfacet
  facet normal -0.98769 0 -0.156427
    outer loop
      vertex -31.3287 -25.5 42.4184
      vertex -31.5 -24 43.5
      vertex -31.3287 -24 42.4184
    endloop
  endfacet
  facet normal -0.98769 -0 -0.156427
    outer loop
      vertex -31.5 -24 43.5
      vertex -31.3287 -25.5 42.4184
      vertex -31.5 -25.5 43.5
    endloop
  endfacet
  facet normal 0.707061 0 -0.707152
    outer loop
      vertex -25.9428 -32 40.6684
      vertex -25.1684 -31 41.4427
      vertex -25.1684 -32 41.4427
    endloop
  endfacet
  facet normal 0.707061 0 -0.707152
    outer loop
      vertex -25.1684 -31 41.4427
      vertex -25.9428 -32 40.6684
      vertex -25.9428 -31 40.6684
    endloop
  endfacet
  facet normal 0.156427 0 -0.98769
    outer loop
      vertex -28 -32 40
      vertex -26.9184 -31 40.1713
      vertex -26.9184 -32 40.1713
    endloop
  endfacet
  facet normal 0.156427 0 -0.98769
    outer loop
      vertex -26.9184 -31 40.1713
      vertex -28 -32 40
      vertex -28 -31 40
    endloop
  endfacet
  facet normal 0.453996 0 -0.891004
    outer loop
      vertex -26.9184 -32 40.1713
      vertex -25.9428 -31 40.6684
      vertex -25.9428 -32 40.6684
    endloop
  endfacet
  facet normal 0.453996 0 -0.891004
    outer loop
      vertex -25.9428 -31 40.6684
      vertex -26.9184 -32 40.1713
      vertex -26.9184 -31 40.1713
    endloop
  endfacet
  facet normal 0 -1 0
    outer loop
      vertex -29.0816 -32 46.8287
      vertex -26.9184 -32 46.8287
      vertex -28 -32 47
    endloop
  endfacet
  facet normal 0 -1 0
    outer loop
      vertex -30.0572 -32 46.3316
      vertex -26.9184 -32 46.8287
      vertex -29.0816 -32 46.8287
    endloop
  endfacet
  facet normal 0 -1 0
    outer loop
      vertex -30.0572 -32 46.3316
      vertex -25.9428 -32 46.3316
      vertex -26.9184 -32 46.8287
    endloop
  endfacet
  facet normal 0 -1 0
    outer loop
      vertex -30.8316 -32 45.5572
      vertex -25.9428 -32 46.3316
      vertex -30.0572 -32 46.3316
    endloop
  endfacet
  facet normal 0 -1 0
    outer loop
      vertex -30.8316 -32 45.5572
      vertex -25.1684 -32 45.5572
      vertex -25.9428 -32 46.3316
    endloop
  endfacet
  facet normal 0 -1 0
    outer loop
      vertex -31.3287 -32 44.5816
      vertex -25.1684 -32 45.5572
      vertex -30.8316 -32 45.5572
    endloop
  endfacet
  facet normal 0 -1 0
    outer loop
      vertex -31.3287 -32 44.5816
      vertex -24.6713 -32 44.5816
      vertex -25.1684 -32 45.5572
    endloop
  endfacet
  facet normal 0 -1 0
    outer loop
      vertex -31.5 -32 43.5
      vertex -24.6713 -32 44.5816
      vertex -31.3287 -32 44.5816
    endloop
  endfacet
  facet normal 0 -1 0
    outer loop
      vertex -31.5 -32 43.5
      vertex -24.5 -32 43.5
      vertex -24.6713 -32 44.5816
    endloop
  endfacet
  facet normal 0 -1 0
    outer loop
      vertex -31.3287 -32 42.4184
      vertex -24.5 -32 43.5
      vertex -31.5 -32 43.5
    endloop
  endfacet
  facet normal 0 -1 0
    outer loop
      vertex -31.3287 -32 42.4184
      vertex -24.6713 -32 42.4184
      vertex -24.5 -32 43.5
    endloop
  endfacet
  facet normal 0 -1 0
    outer loop
      vertex -30.8316 -32 41.4427
      vertex -24.6713 -32 42.4184
      vertex -31.3287 -32 42.4184
    endloop
  endfacet
  facet normal 0 -1 0
    outer loop
      vertex -30.8316 -32 41.4427
      vertex -25.1684 -32 41.4427
      vertex -24.6713 -32 42.4184
    endloop
  endfacet
  facet normal 0 -1 0
    outer loop
      vertex -30.0572 -32 40.6684
      vertex -25.1684 -32 41.4427
      vertex -30.8316 -32 41.4427
    endloop
  endfacet
  facet normal 0 -1 0
    outer loop
      vertex -30.0572 -32 40.6684
      vertex -25.9428 -32 40.6684
      vertex -25.1684 -32 41.4427
    endloop
  endfacet
  facet normal 0 -1 0
    outer loop
      vertex -29.0816 -32 40.1713
      vertex -25.9428 -32 40.6684
      vertex -30.0572 -32 40.6684
    endloop
  endfacet
  facet normal 0 -1 0
    outer loop
      vertex -29.0816 -32 40.1713
      vertex -26.9184 -32 40.1713
      vertex -25.9428 -32 40.6684
    endloop
  endfacet
  facet normal -0 -1 0
    outer loop
      vertex -26.9184 -32 40.1713
      vertex -29.0816 -32 40.1713
      vertex -28 -32 40
    endloop
  endfacet
  facet normal -0.891004 0 0.453996
    outer loop
      vertex -31.3287 -25.5 44.5816
      vertex -31 -24 45.2267
      vertex -31.3287 -24 44.5816
    endloop
  endfacet
  facet normal -0.891004 0 0.453996
    outer loop
      vertex -31 -24 45.2267
      vertex -31.3287 -25.5 44.5816
      vertex -31 -25.5 45.2267
    endloop
  endfacet
  facet normal -0.891004 0 0.453996
    outer loop
      vertex -31.3287 -30.5 44.5816
      vertex -31 -31 45.2267
      vertex -31 -30.5 45.2267
    endloop
  endfacet
  facet normal -0.891004 0 0.453996
    outer loop
      vertex -31.3287 -32 44.5816
      vertex -31 -31 45.2267
      vertex -31.3287 -30.5 44.5816
    endloop
  endfacet
  facet normal -0.891004 4.65777e-07 0.453996
    outer loop
      vertex -30.8316 -32 45.5572
      vertex -31 -31 45.2267
      vertex -31.3287 -32 44.5816
    endloop
  endfacet
  facet normal -0.891005 0 0.453994
    outer loop
      vertex -31 -31 45.2267
      vertex -30.8316 -32 45.5572
      vertex -30.8316 -31 45.5572
    endloop
  endfacet
  facet normal -0.156427 0 -0.98769
    outer loop
      vertex -29.0816 -32 40.1713
      vertex -28 -31 40
      vertex -28 -32 40
    endloop
  endfacet
  facet normal -0.156427 0 -0.98769
    outer loop
      vertex -28 -31 40
      vertex -29.0816 -32 40.1713
      vertex -29.0816 -31 40.1713
    endloop
  endfacet
  facet normal 0.891004 0 -0.453996
    outer loop
      vertex -24.6713 -25.5 42.4184
      vertex -25 -24 41.7733
      vertex -24.6713 -24 42.4184
    endloop
  endfacet
  facet normal 0.891004 0 -0.453996
    outer loop
      vertex -25 -24 41.7733
      vertex -24.6713 -25.5 42.4184
      vertex -25 -25.5 41.7733
    endloop
  endfacet
  facet normal 0.891004 0 -0.453996
    outer loop
      vertex -24.6713 -30.5 42.4184
      vertex -25 -31 41.7733
      vertex -25 -30.5 41.7733
    endloop
  endfacet
  facet normal 0.891004 0 -0.453996
    outer loop
      vertex -24.6713 -32 42.4184
      vertex -25 -31 41.7733
      vertex -24.6713 -30.5 42.4184
    endloop
  endfacet
  facet normal 0.891023 3.04831e-05 -0.453959
    outer loop
      vertex -25.1684 -32 41.4427
      vertex -25 -31 41.7733
      vertex -24.6713 -32 42.4184
    endloop
  endfacet
  facet normal 0.89106 0 -0.453885
    outer loop
      vertex -25 -31 41.7733
      vertex -25.1684 -32 41.4427
      vertex -25.1684 -31 41.4427
    endloop
  endfacet
  facet normal 0 1 0
    outer loop
      vertex -24.5 -24 43.5
      vertex -25 -24 45.2267
      vertex -24.6713 -24 44.5816
    endloop
  endfacet
  facet normal 0 1 0
    outer loop
      vertex -25 -24 41.7733
      vertex -24.5 -24 43.5
      vertex -24.6713 -24 42.4184
    endloop
  endfacet
  facet normal 0 1 0
    outer loop
      vertex -24.5 -24 43.5
      vertex -25 -24 41.7733
      vertex -25 -24 45.2267
    endloop
  endfacet
  facet normal 0 1 0
    outer loop
      vertex -31 -24 45.2267
      vertex -31.5 -24 43.5
      vertex -31.3287 -24 44.5816
    endloop
  endfacet
  facet normal 0 1 -0
    outer loop
      vertex -31 -24 41.7733
      vertex -31.5 -24 43.5
      vertex -31 -24 45.2267
    endloop
  endfacet
  facet normal 0 1 0
    outer loop
      vertex -31.5 -24 43.5
      vertex -31 -24 41.7733
      vertex -31.3287 -24 42.4184
    endloop
  endfacet
  facet normal -0.89106 -0 -0.453885
    outer loop
      vertex -30.8316 -31 41.4427
      vertex -30.8316 -32 41.4427
      vertex -31 -31 41.7733
    endloop
  endfacet
  facet normal -0.891004 0 -0.453996
    outer loop
      vertex -31 -31 41.7733
      vertex -31.3287 -30.5 42.4184
      vertex -31 -30.5 41.7733
    endloop
  endfacet
  facet normal -0.891023 3.04831e-05 -0.453959
    outer loop
      vertex -31.3287 -32 42.4184
      vertex -31 -31 41.7733
      vertex -30.8316 -32 41.4427
    endloop
  endfacet
  facet normal -0.891004 0 -0.453996
    outer loop
      vertex -31 -31 41.7733
      vertex -31.3287 -32 42.4184
      vertex -31.3287 -30.5 42.4184
    endloop
  endfacet
  facet normal -0.891004 0 -0.453996
    outer loop
      vertex -31 -25.5 41.7733
      vertex -31.3287 -24 42.4184
      vertex -31 -24 41.7733
    endloop
  endfacet
  facet normal -0.891004 -0 -0.453996
    outer loop
      vertex -31.3287 -24 42.4184
      vertex -31 -25.5 41.7733
      vertex -31.3287 -25.5 42.4184
    endloop
  endfacet
  facet normal -0.453996 0 -0.891004
    outer loop
      vertex -30.0572 -32 40.6684
      vertex -29.0816 -31 40.1713
      vertex -29.0816 -32 40.1713
    endloop
  endfacet
  facet normal -0.453996 0 -0.891004
    outer loop
      vertex -29.0816 -31 40.1713
      vertex -30.0572 -32 40.6684
      vertex -30.0572 -31 40.6684
    endloop
  endfacet
  facet normal -1 0 0
    outer loop
      vertex -11 -30.5 26
      vertex -11 -25.5 40.5
      vertex -11 -25.5 26
    endloop
  endfacet
  facet normal -1 -0 0
    outer loop
      vertex -11 -25.5 40.5
      vertex -11 -30.5 26
      vertex -11 -30.5 40.5
    endloop
  endfacet
  facet normal 1 -0 0
    outer loop
      vertex -5 -30.5 40.5
      vertex -5 -25.5 26
      vertex -5 -25.5 40.5
    endloop
  endfacet
  facet normal 1 0 0
    outer loop
      vertex -5 -25.5 26
      vertex -5 -30.5 40.5
      vertex -5 -30.5 26
    endloop
  endfacet
  facet normal 0 0 -1
    outer loop
      vertex -5 -30.5 26
      vertex -6 -28 26
      vertex -5 -25.5 26
    endloop
  endfacet
  facet normal 0 0 -1
    outer loop
      vertex -5 -30.5 26
      vertex -6.15224 -28.7654 26
      vertex -6 -28 26
    endloop
  endfacet
  facet normal 0 0 -1
    outer loop
      vertex -5 -30.5 26
      vertex -6.58579 -29.4142 26
      vertex -6.15224 -28.7654 26
    endloop
  endfacet
  facet normal 0 0 -1
    outer loop
      vertex -5 -30.5 26
      vertex -7.23463 -29.8478 26
      vertex -6.58579 -29.4142 26
    endloop
  endfacet
  facet normal 0 0 -1
    outer loop
      vertex -5 -30.5 26
      vertex -8 -30 26
      vertex -7.23463 -29.8478 26
    endloop
  endfacet
  facet normal -0 0 -1
    outer loop
      vertex -9.84776 -28.7654 26
      vertex -11 -30.5 26
      vertex -10 -28 26
    endloop
  endfacet
  facet normal -0 0 -1
    outer loop
      vertex -9.41421 -29.4142 26
      vertex -11 -30.5 26
      vertex -9.84776 -28.7654 26
    endloop
  endfacet
  facet normal -0 0 -1
    outer loop
      vertex -8.76537 -29.8478 26
      vertex -11 -30.5 26
      vertex -9.41421 -29.4142 26
    endloop
  endfacet
  facet normal -0 0 -1
    outer loop
      vertex -8 -30 26
      vertex -11 -30.5 26
      vertex -8.76537 -29.8478 26
    endloop
  endfacet
  facet normal 0 0 -1
    outer loop
      vertex -11 -30.5 26
      vertex -8 -30 26
      vertex -5 -30.5 26
    endloop
  endfacet
  facet normal 0 0 -1
    outer loop
      vertex -6.15224 -27.2346 26
      vertex -5 -25.5 26
      vertex -6 -28 26
    endloop
  endfacet
  facet normal 0 0 -1
    outer loop
      vertex -6.58579 -26.5858 26
      vertex -5 -25.5 26
      vertex -6.15224 -27.2346 26
    endloop
  endfacet
  facet normal 0 0 -1
    outer loop
      vertex -7.23463 -26.1522 26
      vertex -5 -25.5 26
      vertex -6.58579 -26.5858 26
    endloop
  endfacet
  facet normal 0 0 -1
    outer loop
      vertex -8 -26 26
      vertex -5 -25.5 26
      vertex -7.23463 -26.1522 26
    endloop
  endfacet
  facet normal 0 0 -1
    outer loop
      vertex -11 -25.5 26
      vertex -10 -28 26
      vertex -11 -30.5 26
    endloop
  endfacet
  facet normal 0 0 -1
    outer loop
      vertex -8 -26 26
      vertex -11 -25.5 26
      vertex -5 -25.5 26
    endloop
  endfacet
  facet normal 0 0 -1
    outer loop
      vertex -8.76537 -26.1522 26
      vertex -11 -25.5 26
      vertex -8 -26 26
    endloop
  endfacet
  facet normal 0 0 -1
    outer loop
      vertex -9.41421 -26.5858 26
      vertex -11 -25.5 26
      vertex -8.76537 -26.1522 26
    endloop
  endfacet
  facet normal 0 0 -1
    outer loop
      vertex -9.84776 -27.2346 26
      vertex -11 -25.5 26
      vertex -9.41421 -26.5858 26
    endloop
  endfacet
  facet normal 0 0 -1
    outer loop
      vertex -10 -28 26
      vertex -11 -25.5 26
      vertex -9.84776 -27.2346 26
    endloop
  endfacet
  facet normal 0.980787 0.195081 0
    outer loop
      vertex -6 -28 26
      vertex -6.15224 -27.2346 19.5272
      vertex -6.15224 -27.2346 26
    endloop
  endfacet
  facet normal 0.980787 0.195081 0
    outer loop
      vertex -6.15224 -27.2346 19.5272
      vertex -6 -28 26
      vertex -6 -28 19.4641
    endloop
  endfacet
  facet normal -0.980787 0.195081 0
    outer loop
      vertex -10 -28 26
      vertex -9.84776 -27.2346 19.5272
      vertex -10 -28 19.4641
    endloop
  endfacet
  facet normal -0.980787 0.195081 0
    outer loop
      vertex -9.84776 -27.2346 19.5272
      vertex -10 -28 26
      vertex -9.84776 -27.2346 26
    endloop
  endfacet
  facet normal -0.195039 0.980795 0
    outer loop
      vertex -8 -26 20
      vertex -8.76537 -26.1522 26
      vertex -8 -26 26
    endloop
  endfacet
  facet normal -0.195039 0.980795 0
    outer loop
      vertex -8.76537 -26.1522 26
      vertex -8 -26 20
      vertex -8.76537 -26.1522 19.8992
    endloop
  endfacet
  facet normal -0.555622 0.831435 0
    outer loop
      vertex -8.76537 -26.1522 19.8992
      vertex -9.41421 -26.5858 26
      vertex -8.76537 -26.1522 26
    endloop
  endfacet
  facet normal -0.55568 0.831396 -8.84326e-06
    outer loop
      vertex -9.03528 -26.3326 19.8637
      vertex -9.41421 -26.5858 26
      vertex -8.76537 -26.1522 19.8992
    endloop
  endfacet
  facet normal -0.555581 0.831462 0
    outer loop
      vertex -9.41421 -26.5858 26
      vertex -9.03528 -26.3326 19.8637
      vertex -9.41421 -26.5858 19.7067
    endloop
  endfacet
  facet normal -0.195039 -0.980795 0
    outer loop
      vertex -8.76537 -29.8478 26
      vertex -8 -30 20
      vertex -8 -30 26
    endloop
  endfacet
  facet normal -0.195039 -0.980795 0
    outer loop
      vertex -8 -30 20
      vertex -8.76537 -29.8478 26
      vertex -8.76537 -29.8478 19.8992
    endloop
  endfacet
  facet normal 0.555622 0.831435 0
    outer loop
      vertex -6.58579 -26.5858 26
      vertex -7.23463 -26.1522 19.8992
      vertex -7.23463 -26.1522 26
    endloop
  endfacet
  facet normal 0.55568 0.831396 -8.84326e-06
    outer loop
      vertex -6.58579 -26.5858 26
      vertex -6.96472 -26.3326 19.8637
      vertex -7.23463 -26.1522 19.8992
    endloop
  endfacet
  facet normal 0.555581 0.831462 0
    outer loop
      vertex -6.96472 -26.3326 19.8637
      vertex -6.58579 -26.5858 26
      vertex -6.58579 -26.5858 19.7067
    endloop
  endfacet
  facet normal 0.831448 0.555602 0
    outer loop
      vertex -6.15224 -27.2346 26
      vertex -6.58579 -26.5858 19.7067
      vertex -6.58579 -26.5858 26
    endloop
  endfacet
  facet normal 0.831448 0.555602 0
    outer loop
      vertex -6.58579 -26.5858 19.7067
      vertex -6.15224 -27.2346 26
      vertex -6.15224 -27.2346 19.5272
    endloop
  endfacet
  facet normal 0.195039 0.980795 0
    outer loop
      vertex -7.23463 -26.1522 26
      vertex -8 -26 20
      vertex -8 -26 26
    endloop
  endfacet
  facet normal 0.195039 0.980795 0
    outer loop
      vertex -8 -26 20
      vertex -7.23463 -26.1522 26
      vertex -7.23463 -26.1522 19.8992
    endloop
  endfacet
  facet normal -0.831448 0.555602 0
    outer loop
      vertex -9.84776 -27.2346 26
      vertex -9.41421 -26.5858 19.7067
      vertex -9.84776 -27.2346 19.5272
    endloop
  endfacet
  facet normal -0.831448 0.555602 0
    outer loop
      vertex -9.41421 -26.5858 19.7067
      vertex -9.84776 -27.2346 26
      vertex -9.41421 -26.5858 26
    endloop
  endfacet
  facet normal -0.555622 -0.831435 0
    outer loop
      vertex -9.41421 -29.4142 26
      vertex -8.76537 -29.8478 19.8992
      vertex -8.76537 -29.8478 26
    endloop
  endfacet
  facet normal -0.55568 -0.831396 -8.84326e-06
    outer loop
      vertex -9.41421 -29.4142 26
      vertex -9.03528 -29.6674 19.8637
      vertex -8.76537 -29.8478 19.8992
    endloop
  endfacet
  facet normal -0.555581 -0.831462 0
    outer loop
      vertex -9.03528 -29.6674 19.8637
      vertex -9.41421 -29.4142 26
      vertex -9.41421 -29.4142 19.7067
    endloop
  endfacet
  facet normal -0.980787 -0.195081 0
    outer loop
      vertex -9.84776 -28.7654 19.5272
      vertex -10 -28 26
      vertex -10 -28 19.4641
    endloop
  endfacet
  facet normal -0.980787 -0.195081 0
    outer loop
      vertex -10 -28 26
      vertex -9.84776 -28.7654 19.5272
      vertex -9.84776 -28.7654 26
    endloop
  endfacet
  facet normal 0.555622 -0.831435 0
    outer loop
      vertex -7.23463 -29.8478 19.8992
      vertex -6.58579 -29.4142 26
      vertex -7.23463 -29.8478 26
    endloop
  endfacet
  facet normal 0.55568 -0.831396 -8.84326e-06
    outer loop
      vertex -6.96472 -29.6674 19.8637
      vertex -6.58579 -29.4142 26
      vertex -7.23463 -29.8478 19.8992
    endloop
  endfacet
  facet normal 0.555581 -0.831462 0
    outer loop
      vertex -6.58579 -29.4142 26
      vertex -6.96472 -29.6674 19.8637
      vertex -6.58579 -29.4142 19.7067
    endloop
  endfacet
  facet normal 0.195039 -0.980795 0
    outer loop
      vertex -8 -30 20
      vertex -7.23463 -29.8478 26
      vertex -8 -30 26
    endloop
  endfacet
  facet normal 0.195039 -0.980795 0
    outer loop
      vertex -7.23463 -29.8478 26
      vertex -8 -30 20
      vertex -7.23463 -29.8478 19.8992
    endloop
  endfacet
  facet normal 0.831448 -0.555602 0
    outer loop
      vertex -6.58579 -29.4142 19.7067
      vertex -6.15224 -28.7654 26
      vertex -6.58579 -29.4142 26
    endloop
  endfacet
  facet normal 0.831448 -0.555602 0
    outer loop
      vertex -6.15224 -28.7654 26
      vertex -6.58579 -29.4142 19.7067
      vertex -6.15224 -28.7654 19.5272
    endloop
  endfacet
  facet normal -0.831448 -0.555602 0
    outer loop
      vertex -9.41421 -29.4142 19.7067
      vertex -9.84776 -28.7654 26
      vertex -9.84776 -28.7654 19.5272
    endloop
  endfacet
  facet normal -0.831448 -0.555602 0
    outer loop
      vertex -9.84776 -28.7654 26
      vertex -9.41421 -29.4142 19.7067
      vertex -9.41421 -29.4142 26
    endloop
  endfacet
  facet normal 0.980787 -0.195081 0
    outer loop
      vertex -6.15224 -28.7654 19.5272
      vertex -6 -28 26
      vertex -6.15224 -28.7654 26
    endloop
  endfacet
  facet normal 0.980787 -0.195081 0
    outer loop
      vertex -6 -28 26
      vertex -6.15224 -28.7654 19.5272
      vertex -6 -28 19.4641
    endloop
  endfacet
  facet normal 0.991445 -0 0.130526
    outer loop
      vertex -4.1363 -38 17.0353
      vertex -4 -18 16
      vertex -4.1363 -18 17.0353
    endloop
  endfacet
  facet normal 0.991445 0 0.130526
    outer loop
      vertex -4 -18 16
      vertex -4.1363 -38 17.0353
      vertex -4 -38 16
    endloop
  endfacet
  facet normal 0.923877 -0 0.38269
    outer loop
      vertex -4.5359 -38 18
      vertex -4.1363 -18 17.0353
      vertex -4.5359 -18 18
    endloop
  endfacet
  facet normal 0.923877 0 0.38269
    outer loop
      vertex -4.1363 -18 17.0353
      vertex -4.5359 -38 18
      vertex -4.1363 -38 17.0353
    endloop
  endfacet
  facet normal 0.130402 0 0.991461
    outer loop
      vertex -6.96472 -18 19.8637
      vertex -7.23463 -26.1522 19.8992
      vertex -6.96472 -26.3326 19.8637
    endloop
  endfacet
  facet normal 0.130529 -0 0.991445
    outer loop
      vertex -8 -26 20
      vertex -6.96472 -18 19.8637
      vertex -8 -18 20
    endloop
  endfacet
  facet normal 0.130572 -5.72918e-06 0.991439
    outer loop
      vertex -6.96472 -18 19.8637
      vertex -8 -26 20
      vertex -7.23463 -26.1522 19.8992
    endloop
  endfacet
  facet normal 0.130402 0 0.991461
    outer loop
      vertex -7.23463 -29.8478 19.8992
      vertex -6.96472 -38 19.8637
      vertex -6.96472 -29.6674 19.8637
    endloop
  endfacet
  facet normal 0.130572 5.72918e-06 0.991439
    outer loop
      vertex -8 -30 20
      vertex -6.96472 -38 19.8637
      vertex -7.23463 -29.8478 19.8992
    endloop
  endfacet
  facet normal 0.130529 0 0.991445
    outer loop
      vertex -6.96472 -38 19.8637
      vertex -8 -30 20
      vertex -8 -38 20
    endloop
  endfacet
  facet normal 0.793346 -0 0.608771
    outer loop
      vertex -5.17157 -38 18.8284
      vertex -4.5359 -18 18
      vertex -5.17157 -18 18.8284
    endloop
  endfacet
  facet normal 0.793346 0 0.608771
    outer loop
      vertex -4.5359 -18 18
      vertex -5.17157 -38 18.8284
      vertex -4.5359 -38 18
    endloop
  endfacet
  facet normal -0.608789 0 0.793332
    outer loop
      vertex -10.8284 -18 18.8284
      vertex -10 -28 19.4641
      vertex -10 -18 19.4641
    endloop
  endfacet
  facet normal -0.608789 0 0.793332
    outer loop
      vertex -10.8284 -38 18.8284
      vertex -10 -28 19.4641
      vertex -10.8284 -18 18.8284
    endloop
  endfacet
  facet normal -0.608789 0 0.793332
    outer loop
      vertex -10 -28 19.4641
      vertex -10.8284 -38 18.8284
      vertex -10 -38 19.4641
    endloop
  endfacet
  facet normal -0.382683 0 0.92388
    outer loop
      vertex -10 -18 19.4641
      vertex -9.03528 -26.3326 19.8637
      vertex -9.03528 -18 19.8637
    endloop
  endfacet
  facet normal -0.382765 -1.10294e-05 0.923846
    outer loop
      vertex -9.03528 -26.3326 19.8637
      vertex -10 -18 19.4641
      vertex -9.41421 -26.5858 19.7067
    endloop
  endfacet
  facet normal -0.382542 6.73962e-06 0.923938
    outer loop
      vertex -9.41421 -26.5858 19.7067
      vertex -10 -18 19.4641
      vertex -9.84776 -27.2346 19.5272
    endloop
  endfacet
  facet normal -0.382891 0 0.923793
    outer loop
      vertex -9.84776 -27.2346 19.5272
      vertex -10 -18 19.4641
      vertex -10 -28 19.4641
    endloop
  endfacet
  facet normal -0.382765 1.10294e-05 0.923846
    outer loop
      vertex -10 -38 19.4641
      vertex -9.03528 -29.6674 19.8637
      vertex -9.41421 -29.4142 19.7067
    endloop
  endfacet
  facet normal -0.382542 -6.73962e-06 0.923938
    outer loop
      vertex -10 -38 19.4641
      vertex -9.41421 -29.4142 19.7067
      vertex -9.84776 -28.7654 19.5272
    endloop
  endfacet
  facet normal -0.382891 0 0.923793
    outer loop
      vertex -10 -38 19.4641
      vertex -9.84776 -28.7654 19.5272
      vertex -10 -28 19.4641
    endloop
  endfacet
  facet normal -0.382683 0 0.92388
    outer loop
      vertex -9.03528 -29.6674 19.8637
      vertex -10 -38 19.4641
      vertex -9.03528 -38 19.8637
    endloop
  endfacet
  facet normal 0.793346 0 -0.608771
    outer loop
      vertex -4.5359 -38 14
      vertex -5.17157 -18 13.1716
      vertex -4.5359 -18 14
    endloop
  endfacet
  facet normal 0.793346 0 -0.608771
    outer loop
      vertex -5.17157 -18 13.1716
      vertex -4.5359 -38 14
      vertex -5.17157 -38 13.1716
    endloop
  endfacet
  facet normal 0.382891 0 0.923793
    outer loop
      vertex -6 -18 19.4641
      vertex -6.15224 -27.2346 19.5272
      vertex -6 -28 19.4641
    endloop
  endfacet
  facet normal 0.382542 6.73962e-06 0.923938
    outer loop
      vertex -6 -18 19.4641
      vertex -6.58579 -26.5858 19.7067
      vertex -6.15224 -27.2346 19.5272
    endloop
  endfacet
  facet normal 0.382683 -0 0.92388
    outer loop
      vertex -6.96472 -26.3326 19.8637
      vertex -6 -18 19.4641
      vertex -6.96472 -18 19.8637
    endloop
  endfacet
  facet normal 0.382765 -1.10294e-05 0.923846
    outer loop
      vertex -6 -18 19.4641
      vertex -6.96472 -26.3326 19.8637
      vertex -6.58579 -26.5858 19.7067
    endloop
  endfacet
  facet normal 0.382891 0 0.923793
    outer loop
      vertex -6.15224 -28.7654 19.5272
      vertex -6 -38 19.4641
      vertex -6 -28 19.4641
    endloop
  endfacet
  facet normal 0.382542 -6.73962e-06 0.923938
    outer loop
      vertex -6.58579 -29.4142 19.7067
      vertex -6 -38 19.4641
      vertex -6.15224 -28.7654 19.5272
    endloop
  endfacet
  facet normal 0.382765 1.10294e-05 0.923846
    outer loop
      vertex -6.96472 -29.6674 19.8637
      vertex -6 -38 19.4641
      vertex -6.58579 -29.4142 19.7067
    endloop
  endfacet
  facet normal 0.382683 0 0.92388
    outer loop
      vertex -6 -38 19.4641
      vertex -6.96472 -29.6674 19.8637
      vertex -6.96472 -38 19.8637
    endloop
  endfacet
  facet normal 0.608775 -0 0.793343
    outer loop
      vertex -6 -28 19.4641
      vertex -5.17157 -18 18.8284
      vertex -6 -18 19.4641
    endloop
  endfacet
  facet normal 0.608775 0 0.793343
    outer loop
      vertex -5.17157 -18 18.8284
      vertex -6 -28 19.4641
      vertex -5.17157 -38 18.8284
    endloop
  endfacet
  facet normal 0.608775 0 0.793343
    outer loop
      vertex -5.17157 -38 18.8284
      vertex -6 -28 19.4641
      vertex -6 -38 19.4641
    endloop
  endfacet
  facet normal -0.793332 0 0.608789
    outer loop
      vertex -11.4641 -38 18
      vertex -10.8284 -18 18.8284
      vertex -11.4641 -18 18
    endloop
  endfacet
  facet normal -0.793332 0 0.608789
    outer loop
      vertex -10.8284 -18 18.8284
      vertex -11.4641 -38 18
      vertex -10.8284 -38 18.8284
    endloop
  endfacet
  facet normal 0 -1 0
    outer loop
      vertex -9.03528 -38 19.8637
      vertex -6.96472 -38 19.8637
      vertex -8 -38 20
    endloop
  endfacet
  facet normal 0 -1 0
    outer loop
      vertex -10 -38 19.4641
      vertex -6.96472 -38 19.8637
      vertex -9.03528 -38 19.8637
    endloop
  endfacet
  facet normal 0 -1 0
    outer loop
      vertex -10 -38 19.4641
      vertex -6 -38 19.4641
      vertex -6.96472 -38 19.8637
    endloop
  endfacet
  facet normal 0 -1 0
    outer loop
      vertex -10.8284 -38 18.8284
      vertex -6 -38 19.4641
      vertex -10 -38 19.4641
    endloop
  endfacet
  facet normal 0 -1 0
    outer loop
      vertex -10.8284 -38 18.8284
      vertex -5.17157 -38 18.8284
      vertex -6 -38 19.4641
    endloop
  endfacet
  facet normal 0 -1 0
    outer loop
      vertex -11.4641 -38 18
      vertex -5.17157 -38 18.8284
      vertex -10.8284 -38 18.8284
    endloop
  endfacet
  facet normal 0 -1 0
    outer loop
      vertex -11.4641 -38 18
      vertex -4.5359 -38 18
      vertex -5.17157 -38 18.8284
    endloop
  endfacet
  facet normal 0 -1 0
    outer loop
      vertex -11.8637 -38 17.0353
      vertex -4.5359 -38 18
      vertex -11.4641 -38 18
    endloop
  endfacet
  facet normal 0 -1 0
    outer loop
      vertex -11.8637 -38 17.0353
      vertex -4.1363 -38 17.0353
      vertex -4.5359 -38 18
    endloop
  endfacet
  facet normal 0 -1 0
    outer loop
      vertex -12 -38 16
      vertex -4.1363 -38 17.0353
      vertex -11.8637 -38 17.0353
    endloop
  endfacet
  facet normal 0 -1 0
    outer loop
      vertex -12 -38 16
      vertex -4 -38 16
      vertex -4.1363 -38 17.0353
    endloop
  endfacet
  facet normal 0 -1 0
    outer loop
      vertex -11.8637 -38 14.9647
      vertex -4 -38 16
      vertex -12 -38 16
    endloop
  endfacet
  facet normal 0 -1 0
    outer loop
      vertex -11.8637 -38 14.9647
      vertex -4.1363 -38 14.9647
      vertex -4 -38 16
    endloop
  endfacet
  facet normal 0 -1 0
    outer loop
      vertex -11.4641 -38 14
      vertex -4.1363 -38 14.9647
      vertex -11.8637 -38 14.9647
    endloop
  endfacet
  facet normal 0 -1 0
    outer loop
      vertex -11.4641 -38 14
      vertex -4.5359 -38 14
      vertex -4.1363 -38 14.9647
    endloop
  endfacet
  facet normal 0 -1 0
    outer loop
      vertex -10.8284 -38 13.1716
      vertex -4.5359 -38 14
      vertex -11.4641 -38 14
    endloop
  endfacet
  facet normal 0 -1 0
    outer loop
      vertex -10.8284 -38 13.1716
      vertex -5.17157 -38 13.1716
      vertex -4.5359 -38 14
    endloop
  endfacet
  facet normal 0 -1 0
    outer loop
      vertex -10 -38 12.5359
      vertex -5.17157 -38 13.1716
      vertex -10.8284 -38 13.1716
    endloop
  endfacet
  facet normal 0 -1 0
    outer loop
      vertex -10 -38 12.5359
      vertex -6 -38 12.5359
      vertex -5.17157 -38 13.1716
    endloop
  endfacet
  facet normal 0 -1 0
    outer loop
      vertex -9.03528 -38 12.1363
      vertex -6 -38 12.5359
      vertex -10 -38 12.5359
    endloop
  endfacet
  facet normal 0 -1 0
    outer loop
      vertex -9.03528 -38 12.1363
      vertex -6.96472 -38 12.1363
      vertex -6 -38 12.5359
    endloop
  endfacet
  facet normal -0 -1 0
    outer loop
      vertex -6.96472 -38 12.1363
      vertex -9.03528 -38 12.1363
      vertex -8 -38 12
    endloop
  endfacet
  facet normal -0.130529 0 0.991445
    outer loop
      vertex -9.03528 -18 19.8637
      vertex -8 -26 20
      vertex -8 -18 20
    endloop
  endfacet
  facet normal -0.130572 -5.72918e-06 0.991439
    outer loop
      vertex -8 -26 20
      vertex -9.03528 -18 19.8637
      vertex -8.76537 -26.1522 19.8992
    endloop
  endfacet
  facet normal -0.130402 0 0.991461
    outer loop
      vertex -8.76537 -26.1522 19.8992
      vertex -9.03528 -18 19.8637
      vertex -9.03528 -26.3326 19.8637
    endloop
  endfacet
  facet normal -0.130572 5.72918e-06 0.991439
    outer loop
      vertex -9.03528 -38 19.8637
      vertex -8 -30 20
      vertex -8.76537 -29.8478 19.8992
    endloop
  endfacet
  facet normal -0.130402 0 0.991461
    outer loop
      vertex -9.03528 -38 19.8637
      vertex -8.76537 -29.8478 19.8992
      vertex -9.03528 -29.6674 19.8637
    endloop
  endfacet
  facet normal -0.130529 0 0.991445
    outer loop
      vertex -8 -30 20
      vertex -9.03528 -38 19.8637
      vertex -8 -38 20
    endloop
  endfacet
  facet normal -0.991445 0 -0.130526
    outer loop
      vertex -11.8637 -38 14.9647
      vertex -12 -18 16
      vertex -11.8637 -18 14.9647
    endloop
  endfacet
  facet normal -0.991445 -0 -0.130526
    outer loop
      vertex -12 -18 16
      vertex -11.8637 -38 14.9647
      vertex -12 -38 16
    endloop
  endfacet
  facet normal 0.130529 0 -0.991445
    outer loop
      vertex -8 -38 12
      vertex -6.96472 -18 12.1363
      vertex -6.96472 -38 12.1363
    endloop
  endfacet
  facet normal 0.130529 0 -0.991445
    outer loop
      vertex -6.96472 -18 12.1363
      vertex -8 -38 12
      vertex -8 -18 12
    endloop
  endfacet
  facet normal 0.608775 0 -0.793343
    outer loop
      vertex -6 -38 12.5359
      vertex -5.17157 -18 13.1716
      vertex -5.17157 -38 13.1716
    endloop
  endfacet
  facet normal 0.608775 0 -0.793343
    outer loop
      vertex -5.17157 -18 13.1716
      vertex -6 -38 12.5359
      vertex -6 -18 12.5359
    endloop
  endfacet
  facet normal -0.923877 0 0.38269
    outer loop
      vertex -11.8637 -38 17.0353
      vertex -11.4641 -18 18
      vertex -11.8637 -18 17.0353
    endloop
  endfacet
  facet normal -0.923877 0 0.38269
    outer loop
      vertex -11.4641 -18 18
      vertex -11.8637 -38 17.0353
      vertex -11.4641 -38 18
    endloop
  endfacet
  facet normal -0.991445 0 0.130526
    outer loop
      vertex -12 -38 16
      vertex -11.8637 -18 17.0353
      vertex -12 -18 16
    endloop
  endfacet
  facet normal -0.991445 0 0.130526
    outer loop
      vertex -11.8637 -18 17.0353
      vertex -12 -38 16
      vertex -11.8637 -38 17.0353
    endloop
  endfacet
  facet normal -0.608789 0 -0.793332
    outer loop
      vertex -10.8284 -38 13.1716
      vertex -10 -18 12.5359
      vertex -10 -38 12.5359
    endloop
  endfacet
  facet normal -0.608789 0 -0.793332
    outer loop
      vertex -10 -18 12.5359
      vertex -10.8284 -38 13.1716
      vertex -10.8284 -18 13.1716
    endloop
  endfacet
  facet normal 0 1 0
    outer loop
      vertex -6.96472 -18 19.8637
      vertex -9.03528 -18 19.8637
      vertex -8 -18 20
    endloop
  endfacet
  facet normal 0 1 0
    outer loop
      vertex -6 -18 19.4641
      vertex -9.03528 -18 19.8637
      vertex -6.96472 -18 19.8637
    endloop
  endfacet
  facet normal 0 1 0
    outer loop
      vertex -6 -18 19.4641
      vertex -10 -18 19.4641
      vertex -9.03528 -18 19.8637
    endloop
  endfacet
  facet normal 0 1 0
    outer loop
      vertex -5.17157 -18 18.8284
      vertex -10 -18 19.4641
      vertex -6 -18 19.4641
    endloop
  endfacet
  facet normal 0 1 0
    outer loop
      vertex -5.17157 -18 18.8284
      vertex -10.8284 -18 18.8284
      vertex -10 -18 19.4641
    endloop
  endfacet
  facet normal 0 1 0
    outer loop
      vertex -4.5359 -18 18
      vertex -10.8284 -18 18.8284
      vertex -5.17157 -18 18.8284
    endloop
  endfacet
  facet normal 0 1 0
    outer loop
      vertex -4.5359 -18 18
      vertex -11.4641 -18 18
      vertex -10.8284 -18 18.8284
    endloop
  endfacet
  facet normal 0 1 0
    outer loop
      vertex -4.1363 -18 17.0353
      vertex -11.4641 -18 18
      vertex -4.5359 -18 18
    endloop
  endfacet
  facet normal 0 1 0
    outer loop
      vertex -4.1363 -18 17.0353
      vertex -11.8637 -18 17.0353
      vertex -11.4641 -18 18
    endloop
  endfacet
  facet normal 0 1 0
    outer loop
      vertex -4 -18 16
      vertex -11.8637 -18 17.0353
      vertex -4.1363 -18 17.0353
    endloop
  endfacet
  facet normal 0 1 0
    outer loop
      vertex -4 -18 16
      vertex -12 -18 16
      vertex -11.8637 -18 17.0353
    endloop
  endfacet
  facet normal 0 1 -0
    outer loop
      vertex -4.1363 -18 14.9647
      vertex -12 -18 16
      vertex -4 -18 16
    endloop
  endfacet
  facet normal 0 1 0
    outer loop
      vertex -4.1363 -18 14.9647
      vertex -11.8637 -18 14.9647
      vertex -12 -18 16
    endloop
  endfacet
  facet normal 0 1 -0
    outer loop
      vertex -4.5359 -18 14
      vertex -11.8637 -18 14.9647
      vertex -4.1363 -18 14.9647
    endloop
  endfacet
  facet normal 0 1 0
    outer loop
      vertex -4.5359 -18 14
      vertex -11.4641 -18 14
      vertex -11.8637 -18 14.9647
    endloop
  endfacet
  facet normal 0 1 -0
    outer loop
      vertex -5.17157 -18 13.1716
      vertex -11.4641 -18 14
      vertex -4.5359 -18 14
    endloop
  endfacet
  facet normal 0 1 0
    outer loop
      vertex -5.17157 -18 13.1716
      vertex -10.8284 -18 13.1716
      vertex -11.4641 -18 14
    endloop
  endfacet
  facet normal 0 1 -0
    outer loop
      vertex -6 -18 12.5359
      vertex -10.8284 -18 13.1716
      vertex -5.17157 -18 13.1716
    endloop
  endfacet
  facet normal 0 1 0
    outer loop
      vertex -6 -18 12.5359
      vertex -10 -18 12.5359
      vertex -10.8284 -18 13.1716
    endloop
  endfacet
  facet normal 0 1 -0
    outer loop
      vertex -6.96472 -18 12.1363
      vertex -10 -18 12.5359
      vertex -6 -18 12.5359
    endloop
  endfacet
  facet normal 0 1 0
    outer loop
      vertex -6.96472 -18 12.1363
      vertex -9.03528 -18 12.1363
      vertex -10 -18 12.5359
    endloop
  endfacet
  facet normal -0 1 0
    outer loop
      vertex -9.03528 -18 12.1363
      vertex -6.96472 -18 12.1363
      vertex -8 -18 12
    endloop
  endfacet
  facet normal 0.382683 0 -0.92388
    outer loop
      vertex -6.96472 -38 12.1363
      vertex -6 -18 12.5359
      vertex -6 -38 12.5359
    endloop
  endfacet
  facet normal 0.382683 0 -0.92388
    outer loop
      vertex -6 -18 12.5359
      vertex -6.96472 -38 12.1363
      vertex -6.96472 -18 12.1363
    endloop
  endfacet
  facet normal 0.923877 0 -0.38269
    outer loop
      vertex -4.1363 -38 14.9647
      vertex -4.5359 -18 14
      vertex -4.1363 -18 14.9647
    endloop
  endfacet
  facet normal 0.923877 0 -0.38269
    outer loop
      vertex -4.5359 -18 14
      vertex -4.1363 -38 14.9647
      vertex -4.5359 -38 14
    endloop
  endfacet
  facet normal 0.991445 0 -0.130526
    outer loop
      vertex -4 -38 16
      vertex -4.1363 -18 14.9647
      vertex -4 -18 16
    endloop
  endfacet
  facet normal 0.991445 0 -0.130526
    outer loop
      vertex -4.1363 -18 14.9647
      vertex -4 -38 16
      vertex -4.1363 -38 14.9647
    endloop
  endfacet
  facet normal -0.382683 0 -0.92388
    outer loop
      vertex -10 -38 12.5359
      vertex -9.03528 -18 12.1363
      vertex -9.03528 -38 12.1363
    endloop
  endfacet
  facet normal -0.382683 0 -0.92388
    outer loop
      vertex -9.03528 -18 12.1363
      vertex -10 -38 12.5359
      vertex -10 -18 12.5359
    endloop
  endfacet
  facet normal -0.130529 0 -0.991445
    outer loop
      vertex -9.03528 -38 12.1363
      vertex -8 -18 12
      vertex -8 -38 12
    endloop
  endfacet
  facet normal -0.130529 0 -0.991445
    outer loop
      vertex -8 -18 12
      vertex -9.03528 -38 12.1363
      vertex -9.03528 -18 12.1363
    endloop
  endfacet
  facet normal -0.923877 0 -0.38269
    outer loop
      vertex -11.4641 -38 14
      vertex -11.8637 -18 14.9647
      vertex -11.4641 -18 14
    endloop
  endfacet
  facet normal -0.923877 -0 -0.38269
    outer loop
      vertex -11.8637 -18 14.9647
      vertex -11.4641 -38 14
      vertex -11.8637 -38 14.9647
    endloop
  endfacet
  facet normal -0.793332 0 -0.608789
    outer loop
      vertex -10.8284 -38 13.1716
      vertex -11.4641 -18 14
      vertex -10.8284 -18 13.1716
    endloop
  endfacet
  facet normal -0.793332 -0 -0.608789
    outer loop
      vertex -11.4641 -18 14
      vertex -10.8284 -38 13.1716
      vertex -11.4641 -38 14
    endloop
  endfacet
  facet normal 0.98769 -0 0.156427
    outer loop
      vertex -4.6713 -25.5 44.5816
      vertex -4.5 -24 43.5
      vertex -4.6713 -24 44.5816
    endloop
  endfacet
  facet normal 0.98769 0 0.156427
    outer loop
      vertex -4.5 -24 43.5
      vertex -4.6713 -25.5 44.5816
      vertex -4.5 -25.5 43.5
    endloop
  endfacet
  facet normal 0.98769 -0 0.156427
    outer loop
      vertex -4.6713 -32 44.5816
      vertex -4.5 -30.5 43.5
      vertex -4.6713 -30.5 44.5816
    endloop
  endfacet
  facet normal 0.98769 0 0.156427
    outer loop
      vertex -4.5 -30.5 43.5
      vertex -4.6713 -32 44.5816
      vertex -4.5 -32 43.5
    endloop
  endfacet
  facet normal 0.890989 -0 0.454025
    outer loop
      vertex -5.16844 -25.5 45.5572
      vertex -4.6713 -24 44.5816
      vertex -5.16844 -24 45.5572
    endloop
  endfacet
  facet normal 0.890989 0 0.454025
    outer loop
      vertex -4.6713 -24 44.5816
      vertex -5.16844 -25.5 45.5572
      vertex -4.6713 -25.5 44.5816
    endloop
  endfacet
  facet normal 0.890989 -0 0.454025
    outer loop
      vertex -5.16844 -32 45.5572
      vertex -4.6713 -30.5 44.5816
      vertex -5.16844 -30.5 45.5572
    endloop
  endfacet
  facet normal 0.890989 0 0.454025
    outer loop
      vertex -4.6713 -30.5 44.5816
      vertex -5.16844 -32 45.5572
      vertex -4.6713 -32 44.5816
    endloop
  endfacet
  facet normal 0.156432 0 0.987689
    outer loop
      vertex -8 -24 47
      vertex -6.91844 -32 46.8287
      vertex -6.91844 -24 46.8287
    endloop
  endfacet
  facet normal 0.156432 0 0.987689
    outer loop
      vertex -6.91844 -32 46.8287
      vertex -8 -24 47
      vertex -8 -32 47
    endloop
  endfacet
  facet normal 0.453962 0 -0.891021
    outer loop
      vertex -6.91844 -32 40.1713
      vertex -5.94275 -30.5 40.6684
      vertex -5.94275 -32 40.6684
    endloop
  endfacet
  facet normal 0.453962 0 -0.891021
    outer loop
      vertex -5.94275 -30.5 40.6684
      vertex -6.91844 -32 40.1713
      vertex -6.91844 -30.5 40.1713
    endloop
  endfacet
  facet normal 0.453962 0 -0.891021
    outer loop
      vertex -6.91844 -25.5 40.1713
      vertex -5.94275 -24 40.6684
      vertex -5.94275 -25.5 40.6684
    endloop
  endfacet
  facet normal 0.453962 0 -0.891021
    outer loop
      vertex -5.94275 -24 40.6684
      vertex -6.91844 -25.5 40.1713
      vertex -6.91844 -24 40.1713
    endloop
  endfacet
  facet normal 0.707148 -0 0.707066
    outer loop
      vertex -5.94275 -25.5 46.3316
      vertex -5.16844 -24 45.5572
      vertex -5.94275 -24 46.3316
    endloop
  endfacet
  facet normal 0.707148 0 0.707066
    outer loop
      vertex -5.16844 -24 45.5572
      vertex -5.94275 -25.5 46.3316
      vertex -5.16844 -25.5 45.5572
    endloop
  endfacet
  facet normal 0.707148 -0 0.707066
    outer loop
      vertex -5.94275 -32 46.3316
      vertex -5.16844 -30.5 45.5572
      vertex -5.94275 -30.5 46.3316
    endloop
  endfacet
  facet normal 0.707148 0 0.707066
    outer loop
      vertex -5.16844 -30.5 45.5572
      vertex -5.94275 -32 46.3316
      vertex -5.16844 -32 45.5572
    endloop
  endfacet
  facet normal -0.453996 0 0.891004
    outer loop
      vertex -9.08156 -24 46.8287
      vertex -9.72666 -25.5 46.5
      vertex -9.08156 -32 46.8287
    endloop
  endfacet
  facet normal -0.453981 -8.31552e-06 0.891011
    outer loop
      vertex -10.0572 -24 46.3316
      vertex -9.72666 -25.5 46.5
      vertex -9.08156 -24 46.8287
    endloop
  endfacet
  facet normal -0.453951 0 0.891027
    outer loop
      vertex -9.72666 -25.5 46.5
      vertex -10.0572 -24 46.3316
      vertex -10.0572 -25.5 46.3316
    endloop
  endfacet
  facet normal -0.453996 0 0.891004
    outer loop
      vertex -9.72666 -30.5 46.5
      vertex -9.08156 -32 46.8287
      vertex -9.72666 -25.5 46.5
    endloop
  endfacet
  facet normal -0.453951 0 0.891027
    outer loop
      vertex -10.0572 -32 46.3316
      vertex -9.72666 -30.5 46.5
      vertex -10.0572 -30.5 46.3316
    endloop
  endfacet
  facet normal -0.453981 8.31552e-06 0.891011
    outer loop
      vertex -9.72666 -30.5 46.5
      vertex -10.0572 -32 46.3316
      vertex -9.08156 -32 46.8287
    endloop
  endfacet
  facet normal -0.156432 0 0.987689
    outer loop
      vertex -9.08156 -24 46.8287
      vertex -8 -32 47
      vertex -8 -24 47
    endloop
  endfacet
  facet normal -0.156432 0 0.987689
    outer loop
      vertex -8 -32 47
      vertex -9.08156 -24 46.8287
      vertex -9.08156 -32 46.8287
    endloop
  endfacet
  facet normal 0.707102 0 -0.707111
    outer loop
      vertex -5.94275 -25.5 40.6684
      vertex -5.16844 -24 41.4427
      vertex -5.16844 -25.5 41.4427
    endloop
  endfacet
  facet normal 0.707102 0 -0.707111
    outer loop
      vertex -5.16844 -24 41.4427
      vertex -5.94275 -25.5 40.6684
      vertex -5.94275 -24 40.6684
    endloop
  endfacet
  facet normal 0.707102 0 -0.707111
    outer loop
      vertex -5.94275 -32 40.6684
      vertex -5.16844 -30.5 41.4427
      vertex -5.16844 -32 41.4427
    endloop
  endfacet
  facet normal 0.707102 0 -0.707111
    outer loop
      vertex -5.16844 -30.5 41.4427
      vertex -5.94275 -32 40.6684
      vertex -5.94275 -30.5 40.6684
    endloop
  endfacet
  facet normal 0.453907 0 0.891049
    outer loop
      vertex -5.94275 -24 46.3316
      vertex -6.27333 -25.5 46.5
      vertex -5.94275 -25.5 46.3316
    endloop
  endfacet
  facet normal 0.453991 0 0.891007
    outer loop
      vertex -6.27333 -25.5 46.5
      vertex -6.91844 -24 46.8287
      vertex -6.27333 -30.5 46.5
    endloop
  endfacet
  facet normal 0.453962 -1.52946e-05 0.891021
    outer loop
      vertex -6.91844 -24 46.8287
      vertex -6.27333 -25.5 46.5
      vertex -5.94275 -24 46.3316
    endloop
  endfacet
  facet normal 0.453907 0 0.891049
    outer loop
      vertex -6.27333 -30.5 46.5
      vertex -5.94275 -32 46.3316
      vertex -5.94275 -30.5 46.3316
    endloop
  endfacet
  facet normal 0.453962 1.52946e-05 0.891021
    outer loop
      vertex -6.27333 -30.5 46.5
      vertex -6.91844 -32 46.8287
      vertex -5.94275 -32 46.3316
    endloop
  endfacet
  facet normal 0.453991 -0 0.891007
    outer loop
      vertex -6.91844 -32 46.8287
      vertex -6.27333 -30.5 46.5
      vertex -6.91844 -24 46.8287
    endloop
  endfacet
  facet normal -0.707107 0 0.707107
    outer loop
      vertex -10.8316 -25.5 45.5572
      vertex -10.0572 -24 46.3316
      vertex -10.8316 -24 45.5572
    endloop
  endfacet
  facet normal -0.707107 0 0.707107
    outer loop
      vertex -10.0572 -24 46.3316
      vertex -10.8316 -25.5 45.5572
      vertex -10.0572 -25.5 46.3316
    endloop
  endfacet
  facet normal -0.707107 0 0.707107
    outer loop
      vertex -10.8316 -32 45.5572
      vertex -10.0572 -30.5 46.3316
      vertex -10.8316 -30.5 45.5572
    endloop
  endfacet
  facet normal -0.707107 0 0.707107
    outer loop
      vertex -10.0572 -30.5 46.3316
      vertex -10.8316 -32 45.5572
      vertex -10.0572 -32 46.3316
    endloop
  endfacet
  facet normal 0 -1 0
    outer loop
      vertex -9.08156 -32 46.8287
      vertex -6.91844 -32 46.8287
      vertex -8 -32 47
    endloop
  endfacet
  facet normal 0 -1 0
    outer loop
      vertex -10.0572 -32 46.3316
      vertex -6.91844 -32 46.8287
      vertex -9.08156 -32 46.8287
    endloop
  endfacet
  facet normal 0 -1 0
    outer loop
      vertex -10.0572 -32 46.3316
      vertex -5.94275 -32 46.3316
      vertex -6.91844 -32 46.8287
    endloop
  endfacet
  facet normal 0 -1 0
    outer loop
      vertex -10.8316 -32 45.5572
      vertex -5.94275 -32 46.3316
      vertex -10.0572 -32 46.3316
    endloop
  endfacet
  facet normal 0 -1 0
    outer loop
      vertex -10.8316 -32 45.5572
      vertex -5.16844 -32 45.5572
      vertex -5.94275 -32 46.3316
    endloop
  endfacet
  facet normal 0 -1 0
    outer loop
      vertex -11.3287 -32 44.5816
      vertex -5.16844 -32 45.5572
      vertex -10.8316 -32 45.5572
    endloop
  endfacet
  facet normal 0 -1 0
    outer loop
      vertex -11.3287 -32 44.5816
      vertex -4.6713 -32 44.5816
      vertex -5.16844 -32 45.5572
    endloop
  endfacet
  facet normal 0 -1 0
    outer loop
      vertex -11.5 -32 43.5
      vertex -4.6713 -32 44.5816
      vertex -11.3287 -32 44.5816
    endloop
  endfacet
  facet normal 0 -1 0
    outer loop
      vertex -11.5 -32 43.5
      vertex -4.5 -32 43.5
      vertex -4.6713 -32 44.5816
    endloop
  endfacet
  facet normal 0 -1 0
    outer loop
      vertex -11.3287 -32 42.4184
      vertex -4.5 -32 43.5
      vertex -11.5 -32 43.5
    endloop
  endfacet
  facet normal 0 -1 0
    outer loop
      vertex -11.3287 -32 42.4184
      vertex -4.6713 -32 42.4184
      vertex -4.5 -32 43.5
    endloop
  endfacet
  facet normal 0 -1 0
    outer loop
      vertex -10.8316 -32 41.4427
      vertex -4.6713 -32 42.4184
      vertex -11.3287 -32 42.4184
    endloop
  endfacet
  facet normal 0 -1 0
    outer loop
      vertex -10.8316 -32 41.4427
      vertex -5.16844 -32 41.4427
      vertex -4.6713 -32 42.4184
    endloop
  endfacet
  facet normal 0 -1 0
    outer loop
      vertex -10.0572 -32 40.6684
      vertex -5.16844 -32 41.4427
      vertex -10.8316 -32 41.4427
    endloop
  endfacet
  facet normal 0 -1 0
    outer loop
      vertex -10.0572 -32 40.6684
      vertex -5.94275 -32 40.6684
      vertex -5.16844 -32 41.4427
    endloop
  endfacet
  facet normal 0 -1 0
    outer loop
      vertex -9.08156 -32 40.1713
      vertex -5.94275 -32 40.6684
      vertex -10.0572 -32 40.6684
    endloop
  endfacet
  facet normal 0 -1 0
    outer loop
      vertex -9.08156 -32 40.1713
      vertex -6.91844 -32 40.1713
      vertex -5.94275 -32 40.6684
    endloop
  endfacet
  facet normal -0 -1 0
    outer loop
      vertex -6.91844 -32 40.1713
      vertex -9.08156 -32 40.1713
      vertex -8 -32 40
    endloop
  endfacet
  facet normal -0.98769 0 -0.156427
    outer loop
      vertex -11.3287 -32 42.4184
      vertex -11.5 -30.5 43.5
      vertex -11.3287 -30.5 42.4184
    endloop
  endfacet
  facet normal -0.98769 -0 -0.156427
    outer loop
      vertex -11.5 -30.5 43.5
      vertex -11.3287 -32 42.4184
      vertex -11.5 -32 43.5
    endloop
  endfacet
  facet normal -0.98769 0 -0.156427
    outer loop
      vertex -11.3287 -25.5 42.4184
      vertex -11.5 -24 43.5
      vertex -11.3287 -24 42.4184
    endloop
  endfacet
  facet normal -0.98769 -0 -0.156427
    outer loop
      vertex -11.5 -24 43.5
      vertex -11.3287 -25.5 42.4184
      vertex -11.5 -25.5 43.5
    endloop
  endfacet
  facet normal 0.156432 0 -0.987689
    outer loop
      vertex -8 -32 40
      vertex -6.91844 -30.5 40.1713
      vertex -6.91844 -32 40.1713
    endloop
  endfacet
  facet normal 0.156432 0 -0.987689
    outer loop
      vertex -6.91844 -30.5 40.1713
      vertex -8 -32 40
      vertex -8 -30.5 40
    endloop
  endfacet
  facet normal 0.156432 0 -0.987689
    outer loop
      vertex -8 -25.5 40
      vertex -6.91844 -24 40.1713
      vertex -6.91844 -25.5 40.1713
    endloop
  endfacet
  facet normal 0.156432 0 -0.987689
    outer loop
      vertex -6.91844 -24 40.1713
      vertex -8 -25.5 40
      vertex -8 -24 40
    endloop
  endfacet
  facet normal -0.891004 0 0.453996
    outer loop
      vertex -11.3287 -32 44.5816
      vertex -10.8316 -30.5 45.5572
      vertex -11.3287 -30.5 44.5816
    endloop
  endfacet
  facet normal -0.891004 0 0.453996
    outer loop
      vertex -10.8316 -30.5 45.5572
      vertex -11.3287 -32 44.5816
      vertex -10.8316 -32 45.5572
    endloop
  endfacet
  facet normal -0.891004 0 0.453996
    outer loop
      vertex -11.3287 -25.5 44.5816
      vertex -10.8316 -24 45.5572
      vertex -11.3287 -24 44.5816
    endloop
  endfacet
  facet normal -0.891004 0 0.453996
    outer loop
      vertex -10.8316 -24 45.5572
      vertex -11.3287 -25.5 44.5816
      vertex -10.8316 -25.5 45.5572
    endloop
  endfacet
  facet normal -0.98769 0 0.156427
    outer loop
      vertex -11.5 -32 43.5
      vertex -11.3287 -30.5 44.5816
      vertex -11.5 -30.5 43.5
    endloop
  endfacet
  facet normal -0.98769 0 0.156427
    outer loop
      vertex -11.3287 -30.5 44.5816
      vertex -11.5 -32 43.5
      vertex -11.3287 -32 44.5816
    endloop
  endfacet
  facet normal -0.98769 0 0.156427
    outer loop
      vertex -11.5 -25.5 43.5
      vertex -11.3287 -24 44.5816
      vertex -11.5 -24 43.5
    endloop
  endfacet
  facet normal -0.98769 0 0.156427
    outer loop
      vertex -11.3287 -24 44.5816
      vertex -11.5 -25.5 43.5
      vertex -11.3287 -25.5 44.5816
    endloop
  endfacet
  facet normal -0.707061 0 -0.707152
    outer loop
      vertex -10.8316 -32 41.4427
      vertex -10.0572 -30.5 40.6684
      vertex -10.0572 -32 40.6684
    endloop
  endfacet
  facet normal -0.707061 0 -0.707152
    outer loop
      vertex -10.0572 -30.5 40.6684
      vertex -10.8316 -32 41.4427
      vertex -10.8316 -30.5 41.4427
    endloop
  endfacet
  facet normal -0.707061 0 -0.707152
    outer loop
      vertex -10.8316 -25.5 41.4427
      vertex -10.0572 -24 40.6684
      vertex -10.0572 -25.5 40.6684
    endloop
  endfacet
  facet normal -0.707061 0 -0.707152
    outer loop
      vertex -10.0572 -24 40.6684
      vertex -10.8316 -25.5 41.4427
      vertex -10.8316 -24 41.4427
    endloop
  endfacet
  facet normal -0.891023 0 -0.453959
    outer loop
      vertex -10.8316 -32 41.4427
      vertex -11.3287 -30.5 42.4184
      vertex -10.8316 -30.5 41.4427
    endloop
  endfacet
  facet normal -0.891023 -0 -0.453959
    outer loop
      vertex -11.3287 -30.5 42.4184
      vertex -10.8316 -32 41.4427
      vertex -11.3287 -32 42.4184
    endloop
  endfacet
  facet normal -0.891023 0 -0.453959
    outer loop
      vertex -10.8316 -25.5 41.4427
      vertex -11.3287 -24 42.4184
      vertex -10.8316 -24 41.4427
    endloop
  endfacet
  facet normal -0.891023 -0 -0.453959
    outer loop
      vertex -11.3287 -24 42.4184
      vertex -10.8316 -25.5 41.4427
      vertex -11.3287 -25.5 42.4184
    endloop
  endfacet
  facet normal 0 1 0
    outer loop
      vertex -6.91844 -24 46.8287
      vertex -9.08156 -24 46.8287
      vertex -8 -24 47
    endloop
  endfacet
  facet normal 0 1 0
    outer loop
      vertex -5.94275 -24 46.3316
      vertex -9.08156 -24 46.8287
      vertex -6.91844 -24 46.8287
    endloop
  endfacet
  facet normal 0 1 0
    outer loop
      vertex -5.94275 -24 46.3316
      vertex -10.0572 -24 46.3316
      vertex -9.08156 -24 46.8287
    endloop
  endfacet
  facet normal 0 1 0
    outer loop
      vertex -5.16844 -24 45.5572
      vertex -10.0572 -24 46.3316
      vertex -5.94275 -24 46.3316
    endloop
  endfacet
  facet normal 0 1 0
    outer loop
      vertex -5.16844 -24 45.5572
      vertex -10.8316 -24 45.5572
      vertex -10.0572 -24 46.3316
    endloop
  endfacet
  facet normal 0 1 0
    outer loop
      vertex -4.6713 -24 44.5816
      vertex -10.8316 -24 45.5572
      vertex -5.16844 -24 45.5572
    endloop
  endfacet
  facet normal 0 1 0
    outer loop
      vertex -4.6713 -24 44.5816
      vertex -11.3287 -24 44.5816
      vertex -10.8316 -24 45.5572
    endloop
  endfacet
  facet normal 0 1 0
    outer loop
      vertex -4.5 -24 43.5
      vertex -11.3287 -24 44.5816
      vertex -4.6713 -24 44.5816
    endloop
  endfacet
  facet normal 0 1 0
    outer loop
      vertex -4.5 -24 43.5
      vertex -11.5 -24 43.5
      vertex -11.3287 -24 44.5816
    endloop
  endfacet
  facet normal 0 1 -0
    outer loop
      vertex -4.6713 -24 42.4184
      vertex -11.5 -24 43.5
      vertex -4.5 -24 43.5
    endloop
  endfacet
  facet normal 0 1 0
    outer loop
      vertex -4.6713 -24 42.4184
      vertex -11.3287 -24 42.4184
      vertex -11.5 -24 43.5
    endloop
  endfacet
  facet normal 0 1 -0
    outer loop
      vertex -5.16844 -24 41.4427
      vertex -11.3287 -24 42.4184
      vertex -4.6713 -24 42.4184
    endloop
  endfacet
  facet normal 0 1 0
    outer loop
      vertex -5.16844 -24 41.4427
      vertex -10.8316 -24 41.4427
      vertex -11.3287 -24 42.4184
    endloop
  endfacet
  facet normal 0 1 -0
    outer loop
      vertex -5.94275 -24 40.6684
      vertex -10.8316 -24 41.4427
      vertex -5.16844 -24 41.4427
    endloop
  endfacet
  facet normal 0 1 0
    outer loop
      vertex -5.94275 -24 40.6684
      vertex -10.0572 -24 40.6684
      vertex -10.8316 -24 41.4427
    endloop
  endfacet
  facet normal 0 1 -0
    outer loop
      vertex -6.91844 -24 40.1713
      vertex -10.0572 -24 40.6684
      vertex -5.94275 -24 40.6684
    endloop
  endfacet
  facet normal 0 1 0
    outer loop
      vertex -6.91844 -24 40.1713
      vertex -9.08156 -24 40.1713
      vertex -10.0572 -24 40.6684
    endloop
  endfacet
  facet normal -0 1 0
    outer loop
      vertex -9.08156 -24 40.1713
      vertex -6.91844 -24 40.1713
      vertex -8 -24 40
    endloop
  endfacet
  facet normal 0.891008 0 -0.453988
    outer loop
      vertex -4.6713 -25.5 42.4184
      vertex -5.16844 -24 41.4427
      vertex -4.6713 -24 42.4184
    endloop
  endfacet
  facet normal 0.891008 0 -0.453988
    outer loop
      vertex -5.16844 -24 41.4427
      vertex -4.6713 -25.5 42.4184
      vertex -5.16844 -25.5 41.4427
    endloop
  endfacet
  facet normal 0.891008 0 -0.453988
    outer loop
      vertex -4.6713 -32 42.4184
      vertex -5.16844 -30.5 41.4427
      vertex -4.6713 -30.5 42.4184
    endloop
  endfacet
  facet normal 0.891008 0 -0.453988
    outer loop
      vertex -5.16844 -30.5 41.4427
      vertex -4.6713 -32 42.4184
      vertex -5.16844 -32 41.4427
    endloop
  endfacet
  facet normal 0.98769 0 -0.156427
    outer loop
      vertex -4.5 -25.5 43.5
      vertex -4.6713 -24 42.4184
      vertex -4.5 -24 43.5
    endloop
  endfacet
  facet normal 0.98769 0 -0.156427
    outer loop
      vertex -4.6713 -24 42.4184
      vertex -4.5 -25.5 43.5
      vertex -4.6713 -25.5 42.4184
    endloop
  endfacet
  facet normal 0.98769 0 -0.156427
    outer loop
      vertex -4.5 -32 43.5
      vertex -4.6713 -30.5 42.4184
      vertex -4.5 -30.5 43.5
    endloop
  endfacet
  facet normal 0.98769 0 -0.156427
    outer loop
      vertex -4.6713 -30.5 42.4184
      vertex -4.5 -32 43.5
      vertex -4.6713 -32 42.4184
    endloop
  endfacet
  facet normal -0.453981 0 -0.891011
    outer loop
      vertex -10.0572 -25.5 40.6684
      vertex -9.08156 -24 40.1713
      vertex -9.08156 -25.5 40.1713
    endloop
  endfacet
  facet normal -0.453981 0 -0.891011
    outer loop
      vertex -9.08156 -24 40.1713
      vertex -10.0572 -25.5 40.6684
      vertex -10.0572 -24 40.6684
    endloop
  endfacet
  facet normal -0.453981 0 -0.891011
    outer loop
      vertex -10.0572 -32 40.6684
      vertex -9.08156 -30.5 40.1713
      vertex -9.08156 -32 40.1713
    endloop
  endfacet
  facet normal -0.453981 0 -0.891011
    outer loop
      vertex -9.08156 -30.5 40.1713
      vertex -10.0572 -32 40.6684
      vertex -10.0572 -30.5 40.6684
    endloop
  endfacet
  facet normal -0.156432 0 -0.987689
    outer loop
      vertex -9.08156 -32 40.1713
      vertex -8 -30.5 40
      vertex -8 -32 40
    endloop
  endfacet
  facet normal -0.156432 0 -0.987689
    outer loop
      vertex -8 -30.5 40
      vertex -9.08156 -32 40.1713
      vertex -9.08156 -30.5 40.1713
    endloop
  endfacet
  facet normal -0.156432 0 -0.987689
    outer loop
      vertex -9.08156 -25.5 40.1713
      vertex -8 -24 40
      vertex -8 -25.5 40
    endloop
  endfacet
  facet normal -0.156432 0 -0.987689
    outer loop
      vertex -8 -24 40
      vertex -9.08156 -25.5 40.1713
      vertex -9.08156 -24 40.1713
    endloop
  endfacet
  facet normal -1 0 0
    outer loop
      vertex 5 -30.5 26
      vertex 5 -25.5 40.5
      vertex 5 -25.5 26
    endloop
  endfacet
  facet normal -1 -0 0
    outer loop
      vertex 5 -25.5 40.5
      vertex 5 -30.5 26
      vertex 5 -30.5 40.5
    endloop
  endfacet
  facet normal 1 -0 0
    outer loop
      vertex 11 -30.5 40.5
      vertex 11 -25.5 26
      vertex 11 -25.5 40.5
    endloop
  endfacet
  facet normal 1 0 0
    outer loop
      vertex 11 -25.5 26
      vertex 11 -30.5 40.5
      vertex 11 -30.5 26
    endloop
  endfacet
  facet normal 0 0 -1
    outer loop
      vertex 11 -30.5 26
      vertex 10 -28 26
      vertex 11 -25.5 26
    endloop
  endfacet
  facet normal 0 0 -1
    outer loop
      vertex 11 -30.5 26
      vertex 9.84776 -28.7654 26
      vertex 10 -28 26
    endloop
  endfacet
  facet normal 0 0 -1
    outer loop
      vertex 11 -30.5 26
      vertex 9.41421 -29.4142 26
      vertex 9.84776 -28.7654 26
    endloop
  endfacet
  facet normal 0 0 -1
    outer loop
      vertex 11 -30.5 26
      vertex 8.76537 -29.8478 26
      vertex 9.41421 -29.4142 26
    endloop
  endfacet
  facet normal 0 0 -1
    outer loop
      vertex 11 -30.5 26
      vertex 8 -30 26
      vertex 8.76537 -29.8478 26
    endloop
  endfacet
  facet normal -0 0 -1
    outer loop
      vertex 6.15224 -28.7654 26
      vertex 5 -30.5 26
      vertex 6 -28 26
    endloop
  endfacet
  facet normal -0 0 -1
    outer loop
      vertex 6.58579 -29.4142 26
      vertex 5 -30.5 26
      vertex 6.15224 -28.7654 26
    endloop
  endfacet
  facet normal -0 0 -1
    outer loop
      vertex 7.23463 -29.8478 26
      vertex 5 -30.5 26
      vertex 6.58579 -29.4142 26
    endloop
  endfacet
  facet normal -0 0 -1
    outer loop
      vertex 8 -30 26
      vertex 5 -30.5 26
      vertex 7.23463 -29.8478 26
    endloop
  endfacet
  facet normal 0 0 -1
    outer loop
      vertex 5 -30.5 26
      vertex 8 -30 26
      vertex 11 -30.5 26
    endloop
  endfacet
  facet normal 0 0 -1
    outer loop
      vertex 9.84776 -27.2346 26
      vertex 11 -25.5 26
      vertex 10 -28 26
    endloop
  endfacet
  facet normal 0 0 -1
    outer loop
      vertex 9.41421 -26.5858 26
      vertex 11 -25.5 26
      vertex 9.84776 -27.2346 26
    endloop
  endfacet
  facet normal 0 0 -1
    outer loop
      vertex 8.76537 -26.1522 26
      vertex 11 -25.5 26
      vertex 9.41421 -26.5858 26
    endloop
  endfacet
  facet normal 0 0 -1
    outer loop
      vertex 8 -26 26
      vertex 11 -25.5 26
      vertex 8.76537 -26.1522 26
    endloop
  endfacet
  facet normal 0 0 -1
    outer loop
      vertex 5 -25.5 26
      vertex 6 -28 26
      vertex 5 -30.5 26
    endloop
  endfacet
  facet normal 0 0 -1
    outer loop
      vertex 8 -26 26
      vertex 5 -25.5 26
      vertex 11 -25.5 26
    endloop
  endfacet
  facet normal 0 0 -1
    outer loop
      vertex 7.23463 -26.1522 26
      vertex 5 -25.5 26
      vertex 8 -26 26
    endloop
  endfacet
  facet normal 0 0 -1
    outer loop
      vertex 6.58579 -26.5858 26
      vertex 5 -25.5 26
      vertex 7.23463 -26.1522 26
    endloop
  endfacet
  facet normal 0 0 -1
    outer loop
      vertex 6.15224 -27.2346 26
      vertex 5 -25.5 26
      vertex 6.58579 -26.5858 26
    endloop
  endfacet
  facet normal 0 0 -1
    outer loop
      vertex 6 -28 26
      vertex 5 -25.5 26
      vertex 6.15224 -27.2346 26
    endloop
  endfacet
  facet normal 0.980787 0.195081 0
    outer loop
      vertex 10 -28 26
      vertex 9.84776 -27.2346 19.5272
      vertex 9.84776 -27.2346 26
    endloop
  endfacet
  facet normal 0.980787 0.195081 0
    outer loop
      vertex 9.84776 -27.2346 19.5272
      vertex 10 -28 26
      vertex 10 -28 19.4641
    endloop
  endfacet
  facet normal -0.980787 -0.195081 0
    outer loop
      vertex 6.15224 -28.7654 19.5272
      vertex 6 -28 26
      vertex 6 -28 19.4641
    endloop
  endfacet
  facet normal -0.980787 -0.195081 0
    outer loop
      vertex 6 -28 26
      vertex 6.15224 -28.7654 19.5272
      vertex 6.15224 -28.7654 26
    endloop
  endfacet
  facet normal 0.195039 -0.980795 0
    outer loop
      vertex 8 -30 20
      vertex 8.76537 -29.8478 26
      vertex 8 -30 26
    endloop
  endfacet
  facet normal 0.195039 -0.980795 0
    outer loop
      vertex 8.76537 -29.8478 26
      vertex 8 -30 20
      vertex 8.76537 -29.8478 19.8992
    endloop
  endfacet
  facet normal -0.195039 0.980795 0
    outer loop
      vertex 8 -26 20
      vertex 7.23463 -26.1522 26
      vertex 8 -26 26
    endloop
  endfacet
  facet normal -0.195039 0.980795 0
    outer loop
      vertex 7.23463 -26.1522 26
      vertex 8 -26 20
      vertex 7.23463 -26.1522 19.8992
    endloop
  endfacet
  facet normal 0.555622 0.831435 0
    outer loop
      vertex 9.41421 -26.5858 26
      vertex 8.76537 -26.1522 19.8992
      vertex 8.76537 -26.1522 26
    endloop
  endfacet
  facet normal 0.55568 0.831396 -8.84326e-06
    outer loop
      vertex 9.41421 -26.5858 26
      vertex 9.03528 -26.3326 19.8637
      vertex 8.76537 -26.1522 19.8992
    endloop
  endfacet
  facet normal 0.555581 0.831462 0
    outer loop
      vertex 9.03528 -26.3326 19.8637
      vertex 9.41421 -26.5858 26
      vertex 9.41421 -26.5858 19.7067
    endloop
  endfacet
  facet normal 0.831448 0.555602 0
    outer loop
      vertex 9.84776 -27.2346 26
      vertex 9.41421 -26.5858 19.7067
      vertex 9.41421 -26.5858 26
    endloop
  endfacet
  facet normal 0.831448 0.555602 0
    outer loop
      vertex 9.41421 -26.5858 19.7067
      vertex 9.84776 -27.2346 26
      vertex 9.84776 -27.2346 19.5272
    endloop
  endfacet
  facet normal 0.195039 0.980795 0
    outer loop
      vertex 8.76537 -26.1522 26
      vertex 8 -26 20
      vertex 8 -26 26
    endloop
  endfacet
  facet normal 0.195039 0.980795 0
    outer loop
      vertex 8 -26 20
      vertex 8.76537 -26.1522 26
      vertex 8.76537 -26.1522 19.8992
    endloop
  endfacet
  facet normal -0.831448 0.555602 0
    outer loop
      vertex 6.15224 -27.2346 26
      vertex 6.58579 -26.5858 19.7067
      vertex 6.15224 -27.2346 19.5272
    endloop
  endfacet
  facet normal -0.831448 0.555602 0
    outer loop
      vertex 6.58579 -26.5858 19.7067
      vertex 6.15224 -27.2346 26
      vertex 6.58579 -26.5858 26
    endloop
  endfacet
  facet normal -0.980787 0.195081 0
    outer loop
      vertex 6 -28 26
      vertex 6.15224 -27.2346 19.5272
      vertex 6 -28 19.4641
    endloop
  endfacet
  facet normal -0.980787 0.195081 0
    outer loop
      vertex 6.15224 -27.2346 19.5272
      vertex 6 -28 26
      vertex 6.15224 -27.2346 26
    endloop
  endfacet
  facet normal -0.555622 0.831435 0
    outer loop
      vertex 7.23463 -26.1522 19.8992
      vertex 6.58579 -26.5858 26
      vertex 7.23463 -26.1522 26
    endloop
  endfacet
  facet normal -0.55568 0.831396 -8.84326e-06
    outer loop
      vertex 6.96472 -26.3326 19.8637
      vertex 6.58579 -26.5858 26
      vertex 7.23463 -26.1522 19.8992
    endloop
  endfacet
  facet normal -0.555581 0.831462 0
    outer loop
      vertex 6.58579 -26.5858 26
      vertex 6.96472 -26.3326 19.8637
      vertex 6.58579 -26.5858 19.7067
    endloop
  endfacet
  facet normal 0.980787 -0.195081 0
    outer loop
      vertex 9.84776 -28.7654 19.5272
      vertex 10 -28 26
      vertex 9.84776 -28.7654 26
    endloop
  endfacet
  facet normal 0.980787 -0.195081 0
    outer loop
      vertex 10 -28 26
      vertex 9.84776 -28.7654 19.5272
      vertex 10 -28 19.4641
    endloop
  endfacet
  facet normal 0.555622 -0.831435 0
    outer loop
      vertex 8.76537 -29.8478 19.8992
      vertex 9.41421 -29.4142 26
      vertex 8.76537 -29.8478 26
    endloop
  endfacet
  facet normal 0.55568 -0.831396 -8.84326e-06
    outer loop
      vertex 9.03528 -29.6674 19.8637
      vertex 9.41421 -29.4142 26
      vertex 8.76537 -29.8478 19.8992
    endloop
  endfacet
  facet normal 0.555581 -0.831462 0
    outer loop
      vertex 9.41421 -29.4142 26
      vertex 9.03528 -29.6674 19.8637
      vertex 9.41421 -29.4142 19.7067
    endloop
  endfacet
  facet normal -0.195039 -0.980795 0
    outer loop
      vertex 7.23463 -29.8478 26
      vertex 8 -30 20
      vertex 8 -30 26
    endloop
  endfacet
  facet normal -0.195039 -0.980795 0
    outer loop
      vertex 8 -30 20
      vertex 7.23463 -29.8478 26
      vertex 7.23463 -29.8478 19.8992
    endloop
  endfacet
  facet normal -0.555622 -0.831435 0
    outer loop
      vertex 6.58579 -29.4142 26
      vertex 7.23463 -29.8478 19.8992
      vertex 7.23463 -29.8478 26
    endloop
  endfacet
  facet normal -0.55568 -0.831396 -8.84326e-06
    outer loop
      vertex 6.58579 -29.4142 26
      vertex 6.96472 -29.6674 19.8637
      vertex 7.23463 -29.8478 19.8992
    endloop
  endfacet
  facet normal -0.555581 -0.831462 0
    outer loop
      vertex 6.96472 -29.6674 19.8637
      vertex 6.58579 -29.4142 26
      vertex 6.58579 -29.4142 19.7067
    endloop
  endfacet
  facet normal -0.831448 -0.555602 0
    outer loop
      vertex 6.58579 -29.4142 19.7067
      vertex 6.15224 -28.7654 26
      vertex 6.15224 -28.7654 19.5272
    endloop
  endfacet
  facet normal -0.831448 -0.555602 0
    outer loop
      vertex 6.15224 -28.7654 26
      vertex 6.58579 -29.4142 19.7067
      vertex 6.58579 -29.4142 26
    endloop
  endfacet
  facet normal 0.831448 -0.555602 0
    outer loop
      vertex 9.41421 -29.4142 19.7067
      vertex 9.84776 -28.7654 26
      vertex 9.41421 -29.4142 26
    endloop
  endfacet
  facet normal 0.831448 -0.555602 0
    outer loop
      vertex 9.84776 -28.7654 26
      vertex 9.41421 -29.4142 19.7067
      vertex 9.84776 -28.7654 19.5272
    endloop
  endfacet
  facet normal 0.991445 -0 0.130526
    outer loop
      vertex 11.8637 -38 17.0353
      vertex 12 -18 16
      vertex 11.8637 -18 17.0353
    endloop
  endfacet
  facet normal 0.991445 0 0.130526
    outer loop
      vertex 12 -18 16
      vertex 11.8637 -38 17.0353
      vertex 12 -38 16
    endloop
  endfacet
  facet normal 0.923877 -0 0.38269
    outer loop
      vertex 11.4641 -38 18
      vertex 11.8637 -18 17.0353
      vertex 11.4641 -18 18
    endloop
  endfacet
  facet normal 0.923877 0 0.38269
    outer loop
      vertex 11.8637 -18 17.0353
      vertex 11.4641 -38 18
      vertex 11.8637 -38 17.0353
    endloop
  endfacet
  facet normal -0.130529 0 0.991445
    outer loop
      vertex 6.96472 -18 19.8637
      vertex 8 -26 20
      vertex 8 -18 20
    endloop
  endfacet
  facet normal -0.130572 -5.72918e-06 0.991439
    outer loop
      vertex 8 -26 20
      vertex 6.96472 -18 19.8637
      vertex 7.23463 -26.1522 19.8992
    endloop
  endfacet
  facet normal -0.130402 0 0.991461
    outer loop
      vertex 7.23463 -26.1522 19.8992
      vertex 6.96472 -18 19.8637
      vertex 6.96472 -26.3326 19.8637
    endloop
  endfacet
  facet normal -0.130572 5.72918e-06 0.991439
    outer loop
      vertex 6.96472 -38 19.8637
      vertex 8 -30 20
      vertex 7.23463 -29.8478 19.8992
    endloop
  endfacet
  facet normal -0.130402 0 0.991461
    outer loop
      vertex 6.96472 -38 19.8637
      vertex 7.23463 -29.8478 19.8992
      vertex 6.96472 -29.6674 19.8637
    endloop
  endfacet
  facet normal -0.130529 0 0.991445
    outer loop
      vertex 8 -30 20
      vertex 6.96472 -38 19.8637
      vertex 8 -38 20
    endloop
  endfacet
  facet normal 0.608789 -0 0.793332
    outer loop
      vertex 10 -28 19.4641
      vertex 10.8284 -18 18.8284
      vertex 10 -18 19.4641
    endloop
  endfacet
  facet normal 0.608789 0 0.793332
    outer loop
      vertex 10.8284 -18 18.8284
      vertex 10 -28 19.4641
      vertex 10.8284 -38 18.8284
    endloop
  endfacet
  facet normal 0.608789 0 0.793332
    outer loop
      vertex 10.8284 -38 18.8284
      vertex 10 -28 19.4641
      vertex 10 -38 19.4641
    endloop
  endfacet
  facet normal -0.382683 0 0.92388
    outer loop
      vertex 6 -18 19.4641
      vertex 6.96472 -26.3326 19.8637
      vertex 6.96472 -18 19.8637
    endloop
  endfacet
  facet normal -0.382765 -1.10294e-05 0.923846
    outer loop
      vertex 6.96472 -26.3326 19.8637
      vertex 6 -18 19.4641
      vertex 6.58579 -26.5858 19.7067
    endloop
  endfacet
  facet normal -0.382542 6.73962e-06 0.923938
    outer loop
      vertex 6.58579 -26.5858 19.7067
      vertex 6 -18 19.4641
      vertex 6.15224 -27.2346 19.5272
    endloop
  endfacet
  facet normal -0.382891 0 0.923793
    outer loop
      vertex 6.15224 -27.2346 19.5272
      vertex 6 -18 19.4641
      vertex 6 -28 19.4641
    endloop
  endfacet
  facet normal -0.382765 1.10294e-05 0.923846
    outer loop
      vertex 6 -38 19.4641
      vertex 6.96472 -29.6674 19.8637
      vertex 6.58579 -29.4142 19.7067
    endloop
  endfacet
  facet normal -0.382542 -6.73962e-06 0.923938
    outer loop
      vertex 6 -38 19.4641
      vertex 6.58579 -29.4142 19.7067
      vertex 6.15224 -28.7654 19.5272
    endloop
  endfacet
  facet normal -0.382891 0 0.923793
    outer loop
      vertex 6 -38 19.4641
      vertex 6.15224 -28.7654 19.5272
      vertex 6 -28 19.4641
    endloop
  endfacet
  facet normal -0.382683 0 0.92388
    outer loop
      vertex 6.96472 -29.6674 19.8637
      vertex 6 -38 19.4641
      vertex 6.96472 -38 19.8637
    endloop
  endfacet
  facet normal 0.382683 0 -0.92388
    outer loop
      vertex 9.03528 -38 12.1363
      vertex 10 -18 12.5359
      vertex 10 -38 12.5359
    endloop
  endfacet
  facet normal 0.382683 0 -0.92388
    outer loop
      vertex 10 -18 12.5359
      vertex 9.03528 -38 12.1363
      vertex 9.03528 -18 12.1363
    endloop
  endfacet
  facet normal 0.130402 0 0.991461
    outer loop
      vertex 9.03528 -18 19.8637
      vertex 8.76537 -26.1522 19.8992
      vertex 9.03528 -26.3326 19.8637
    endloop
  endfacet
  facet normal 0.130529 -0 0.991445
    outer loop
      vertex 8 -26 20
      vertex 9.03528 -18 19.8637
      vertex 8 -18 20
    endloop
  endfacet
  facet normal 0.130572 -5.72918e-06 0.991439
    outer loop
      vertex 9.03528 -18 19.8637
      vertex 8 -26 20
      vertex 8.76537 -26.1522 19.8992
    endloop
  endfacet
  facet normal 0.130402 0 0.991461
    outer loop
      vertex 8.76537 -29.8478 19.8992
      vertex 9.03528 -38 19.8637
      vertex 9.03528 -29.6674 19.8637
    endloop
  endfacet
  facet normal 0.130572 5.72918e-06 0.991439
    outer loop
      vertex 8 -30 20
      vertex 9.03528 -38 19.8637
      vertex 8.76537 -29.8478 19.8992
    endloop
  endfacet
  facet normal 0.130529 0 0.991445
    outer loop
      vertex 9.03528 -38 19.8637
      vertex 8 -30 20
      vertex 8 -38 20
    endloop
  endfacet
  facet normal 0.382891 0 0.923793
    outer loop
      vertex 10 -18 19.4641
      vertex 9.84776 -27.2346 19.5272
      vertex 10 -28 19.4641
    endloop
  endfacet
  facet normal 0.382542 6.73962e-06 0.923938
    outer loop
      vertex 10 -18 19.4641
      vertex 9.41421 -26.5858 19.7067
      vertex 9.84776 -27.2346 19.5272
    endloop
  endfacet
  facet normal 0.382683 -0 0.92388
    outer loop
      vertex 9.03528 -26.3326 19.8637
      vertex 10 -18 19.4641
      vertex 9.03528 -18 19.8637
    endloop
  endfacet
  facet normal 0.382765 -1.10294e-05 0.923846
    outer loop
      vertex 10 -18 19.4641
      vertex 9.03528 -26.3326 19.8637
      vertex 9.41421 -26.5858 19.7067
    endloop
  endfacet
  facet normal 0.382891 0 0.923793
    outer loop
      vertex 9.84776 -28.7654 19.5272
      vertex 10 -38 19.4641
      vertex 10 -28 19.4641
    endloop
  endfacet
  facet normal 0.382542 -6.73962e-06 0.923938
    outer loop
      vertex 9.41421 -29.4142 19.7067
      vertex 10 -38 19.4641
      vertex 9.84776 -28.7654 19.5272
    endloop
  endfacet
  facet normal 0.382765 1.10294e-05 0.923846
    outer loop
      vertex 9.03528 -29.6674 19.8637
      vertex 10 -38 19.4641
      vertex 9.41421 -29.4142 19.7067
    endloop
  endfacet
  facet normal 0.382683 0 0.92388
    outer loop
      vertex 10 -38 19.4641
      vertex 9.03528 -29.6674 19.8637
      vertex 9.03528 -38 19.8637
    endloop
  endfacet
  facet normal -0.923877 0 0.38269
    outer loop
      vertex 4.1363 -38 17.0353
      vertex 4.5359 -18 18
      vertex 4.1363 -18 17.0353
    endloop
  endfacet
  facet normal -0.923877 0 0.38269
    outer loop
      vertex 4.5359 -18 18
      vertex 4.1363 -38 17.0353
      vertex 4.5359 -38 18
    endloop
  endfacet
  facet normal 0 1 0
    outer loop
      vertex 9.03528 -18 19.8637
      vertex 6.96472 -18 19.8637
      vertex 8 -18 20
    endloop
  endfacet
  facet normal 0 1 0
    outer loop
      vertex 10 -18 19.4641
      vertex 6.96472 -18 19.8637
      vertex 9.03528 -18 19.8637
    endloop
  endfacet
  facet normal 0 1 0
    outer loop
      vertex 10 -18 19.4641
      vertex 6 -18 19.4641
      vertex 6.96472 -18 19.8637
    endloop
  endfacet
  facet normal 0 1 0
    outer loop
      vertex 10.8284 -18 18.8284
      vertex 6 -18 19.4641
      vertex 10 -18 19.4641
    endloop
  endfacet
  facet normal 0 1 0
    outer loop
      vertex 10.8284 -18 18.8284
      vertex 5.17157 -18 18.8284
      vertex 6 -18 19.4641
    endloop
  endfacet
  facet normal 0 1 0
    outer loop
      vertex 11.4641 -18 18
      vertex 5.17157 -18 18.8284
      vertex 10.8284 -18 18.8284
    endloop
  endfacet
  facet normal 0 1 0
    outer loop
      vertex 11.4641 -18 18
      vertex 4.5359 -18 18
      vertex 5.17157 -18 18.8284
    endloop
  endfacet
  facet normal 0 1 0
    outer loop
      vertex 11.8637 -18 17.0353
      vertex 4.5359 -18 18
      vertex 11.4641 -18 18
    endloop
  endfacet
  facet normal 0 1 0
    outer loop
      vertex 11.8637 -18 17.0353
      vertex 4.1363 -18 17.0353
      vertex 4.5359 -18 18
    endloop
  endfacet
  facet normal 0 1 0
    outer loop
      vertex 12 -18 16
      vertex 4.1363 -18 17.0353
      vertex 11.8637 -18 17.0353
    endloop
  endfacet
  facet normal 0 1 0
    outer loop
      vertex 12 -18 16
      vertex 4 -18 16
      vertex 4.1363 -18 17.0353
    endloop
  endfacet
  facet normal 0 1 -0
    outer loop
      vertex 11.8637 -18 14.9647
      vertex 4 -18 16
      vertex 12 -18 16
    endloop
  endfacet
  facet normal 0 1 0
    outer loop
      vertex 11.8637 -18 14.9647
      vertex 4.1363 -18 14.9647
      vertex 4 -18 16
    endloop
  endfacet
  facet normal 0 1 -0
    outer loop
      vertex 11.4641 -18 14
      vertex 4.1363 -18 14.9647
      vertex 11.8637 -18 14.9647
    endloop
  endfacet
  facet normal 0 1 0
    outer loop
      vertex 11.4641 -18 14
      vertex 4.5359 -18 14
      vertex 4.1363 -18 14.9647
    endloop
  endfacet
  facet normal 0 1 -0
    outer loop
      vertex 10.8284 -18 13.1716
      vertex 4.5359 -18 14
      vertex 11.4641 -18 14
    endloop
  endfacet
  facet normal 0 1 0
    outer loop
      vertex 10.8284 -18 13.1716
      vertex 5.17157 -18 13.1716
      vertex 4.5359 -18 14
    endloop
  endfacet
  facet normal 0 1 -0
    outer loop
      vertex 10 -18 12.5359
      vertex 5.17157 -18 13.1716
      vertex 10.8284 -18 13.1716
    endloop
  endfacet
  facet normal 0 1 0
    outer loop
      vertex 10 -18 12.5359
      vertex 6 -18 12.5359
      vertex 5.17157 -18 13.1716
    endloop
  endfacet
  facet normal 0 1 -0
    outer loop
      vertex 9.03528 -18 12.1363
      vertex 6 -18 12.5359
      vertex 10 -18 12.5359
    endloop
  endfacet
  facet normal 0 1 0
    outer loop
      vertex 9.03528 -18 12.1363
      vertex 6.96472 -18 12.1363
      vertex 6 -18 12.5359
    endloop
  endfacet
  facet normal -0 1 0
    outer loop
      vertex 6.96472 -18 12.1363
      vertex 9.03528 -18 12.1363
      vertex 8 -18 12
    endloop
  endfacet
  facet normal 0 -1 0
    outer loop
      vertex 6.96472 -38 19.8637
      vertex 9.03528 -38 19.8637
      vertex 8 -38 20
    endloop
  endfacet
  facet normal 0 -1 0
    outer loop
      vertex 6 -38 19.4641
      vertex 9.03528 -38 19.8637
      vertex 6.96472 -38 19.8637
    endloop
  endfacet
  facet normal 0 -1 0
    outer loop
      vertex 6 -38 19.4641
      vertex 10 -38 19.4641
      vertex 9.03528 -38 19.8637
    endloop
  endfacet
  facet normal 0 -1 0
    outer loop
      vertex 5.17157 -38 18.8284
      vertex 10 -38 19.4641
      vertex 6 -38 19.4641
    endloop
  endfacet
  facet normal 0 -1 0
    outer loop
      vertex 5.17157 -38 18.8284
      vertex 10.8284 -38 18.8284
      vertex 10 -38 19.4641
    endloop
  endfacet
  facet normal 0 -1 0
    outer loop
      vertex 4.5359 -38 18
      vertex 10.8284 -38 18.8284
      vertex 5.17157 -38 18.8284
    endloop
  endfacet
  facet normal 0 -1 0
    outer loop
      vertex 4.5359 -38 18
      vertex 11.4641 -38 18
      vertex 10.8284 -38 18.8284
    endloop
  endfacet
  facet normal 0 -1 0
    outer loop
      vertex 4.1363 -38 17.0353
      vertex 11.4641 -38 18
      vertex 4.5359 -38 18
    endloop
  endfacet
  facet normal 0 -1 0
    outer loop
      vertex 4.1363 -38 17.0353
      vertex 11.8637 -38 17.0353
      vertex 11.4641 -38 18
    endloop
  endfacet
  facet normal 0 -1 0
    outer loop
      vertex 4 -38 16
      vertex 11.8637 -38 17.0353
      vertex 4.1363 -38 17.0353
    endloop
  endfacet
  facet normal 0 -1 0
    outer loop
      vertex 4 -38 16
      vertex 12 -38 16
      vertex 11.8637 -38 17.0353
    endloop
  endfacet
  facet normal 0 -1 0
    outer loop
      vertex 4.1363 -38 14.9647
      vertex 12 -38 16
      vertex 4 -38 16
    endloop
  endfacet
  facet normal 0 -1 0
    outer loop
      vertex 4.1363 -38 14.9647
      vertex 11.8637 -38 14.9647
      vertex 12 -38 16
    endloop
  endfacet
  facet normal 0 -1 0
    outer loop
      vertex 4.5359 -38 14
      vertex 11.8637 -38 14.9647
      vertex 4.1363 -38 14.9647
    endloop
  endfacet
  facet normal 0 -1 0
    outer loop
      vertex 4.5359 -38 14
      vertex 11.4641 -38 14
      vertex 11.8637 -38 14.9647
    endloop
  endfacet
  facet normal 0 -1 0
    outer loop
      vertex 5.17157 -38 13.1716
      vertex 11.4641 -38 14
      vertex 4.5359 -38 14
    endloop
  endfacet
  facet normal 0 -1 0
    outer loop
      vertex 5.17157 -38 13.1716
      vertex 10.8284 -38 13.1716
      vertex 11.4641 -38 14
    endloop
  endfacet
  facet normal 0 -1 0
    outer loop
      vertex 6 -38 12.5359
      vertex 10.8284 -38 13.1716
      vertex 5.17157 -38 13.1716
    endloop
  endfacet
  facet normal 0 -1 0
    outer loop
      vertex 6 -38 12.5359
      vertex 10 -38 12.5359
      vertex 10.8284 -38 13.1716
    endloop
  endfacet
  facet normal 0 -1 0
    outer loop
      vertex 6.96472 -38 12.1363
      vertex 10 -38 12.5359
      vertex 6 -38 12.5359
    endloop
  endfacet
  facet normal 0 -1 0
    outer loop
      vertex 6.96472 -38 12.1363
      vertex 9.03528 -38 12.1363
      vertex 10 -38 12.5359
    endloop
  endfacet
  facet normal -0 -1 0
    outer loop
      vertex 9.03528 -38 12.1363
      vertex 6.96472 -38 12.1363
      vertex 8 -38 12
    endloop
  endfacet
  facet normal -0.382683 0 -0.92388
    outer loop
      vertex 6 -38 12.5359
      vertex 6.96472 -18 12.1363
      vertex 6.96472 -38 12.1363
    endloop
  endfacet
  facet normal -0.382683 0 -0.92388
    outer loop
      vertex 6.96472 -18 12.1363
      vertex 6 -38 12.5359
      vertex 6 -18 12.5359
    endloop
  endfacet
  facet normal -0.608775 0 -0.793343
    outer loop
      vertex 5.17157 -38 13.1716
      vertex 6 -18 12.5359
      vertex 6 -38 12.5359
    endloop
  endfacet
  facet normal -0.608775 0 -0.793343
    outer loop
      vertex 6 -18 12.5359
      vertex 5.17157 -38 13.1716
      vertex 5.17157 -18 13.1716
    endloop
  endfacet
  facet normal -0.923877 0 -0.38269
    outer loop
      vertex 4.5359 -38 14
      vertex 4.1363 -18 14.9647
      vertex 4.5359 -18 14
    endloop
  endfacet
  facet normal -0.923877 -0 -0.38269
    outer loop
      vertex 4.1363 -18 14.9647
      vertex 4.5359 -38 14
      vertex 4.1363 -38 14.9647
    endloop
  endfacet
  facet normal 0.793332 -0 0.608789
    outer loop
      vertex 10.8284 -38 18.8284
      vertex 11.4641 -18 18
      vertex 10.8284 -18 18.8284
    endloop
  endfacet
  facet normal 0.793332 0 0.608789
    outer loop
      vertex 11.4641 -18 18
      vertex 10.8284 -38 18.8284
      vertex 11.4641 -38 18
    endloop
  endfacet
  facet normal -0.991445 0 0.130526
    outer loop
      vertex 4 -38 16
      vertex 4.1363 -18 17.0353
      vertex 4 -18 16
    endloop
  endfacet
  facet normal -0.991445 0 0.130526
    outer loop
      vertex 4.1363 -18 17.0353
      vertex 4 -38 16
      vertex 4.1363 -38 17.0353
    endloop
  endfacet
  facet normal -0.991445 0 -0.130526
    outer loop
      vertex 4.1363 -38 14.9647
      vertex 4 -18 16
      vertex 4.1363 -18 14.9647
    endloop
  endfacet
  facet normal -0.991445 -0 -0.130526
    outer loop
      vertex 4 -18 16
      vertex 4.1363 -38 14.9647
      vertex 4 -38 16
    endloop
  endfacet
  facet normal -0.608775 0 0.793343
    outer loop
      vertex 5.17157 -18 18.8284
      vertex 6 -28 19.4641
      vertex 6 -18 19.4641
    endloop
  endfacet
  facet normal -0.608775 0 0.793343
    outer loop
      vertex 5.17157 -38 18.8284
      vertex 6 -28 19.4641
      vertex 5.17157 -18 18.8284
    endloop
  endfacet
  facet normal -0.608775 0 0.793343
    outer loop
      vertex 6 -28 19.4641
      vertex 5.17157 -38 18.8284
      vertex 6 -38 19.4641
    endloop
  endfacet
  facet normal -0.793346 0 0.608771
    outer loop
      vertex 4.5359 -38 18
      vertex 5.17157 -18 18.8284
      vertex 4.5359 -18 18
    endloop
  endfacet
  facet normal -0.793346 0 0.608771
    outer loop
      vertex 5.17157 -18 18.8284
      vertex 4.5359 -38 18
      vertex 5.17157 -38 18.8284
    endloop
  endfacet
  facet normal 0.923877 0 -0.38269
    outer loop
      vertex 11.8637 -38 14.9647
      vertex 11.4641 -18 14
      vertex 11.8637 -18 14.9647
    endloop
  endfacet
  facet normal 0.923877 0 -0.38269
    outer loop
      vertex 11.4641 -18 14
      vertex 11.8637 -38 14.9647
      vertex 11.4641 -38 14
    endloop
  endfacet
  facet normal 0.991445 0 -0.130526
    outer loop
      vertex 12 -38 16
      vertex 11.8637 -18 14.9647
      vertex 12 -18 16
    endloop
  endfacet
  facet normal 0.991445 0 -0.130526
    outer loop
      vertex 11.8637 -18 14.9647
      vertex 12 -38 16
      vertex 11.8637 -38 14.9647
    endloop
  endfacet
  facet normal 0.608789 0 -0.793332
    outer loop
      vertex 10 -38 12.5359
      vertex 10.8284 -18 13.1716
      vertex 10.8284 -38 13.1716
    endloop
  endfacet
  facet normal 0.608789 0 -0.793332
    outer loop
      vertex 10.8284 -18 13.1716
      vertex 10 -38 12.5359
      vertex 10 -18 12.5359
    endloop
  endfacet
  facet normal 0.793332 0 -0.608789
    outer loop
      vertex 11.4641 -38 14
      vertex 10.8284 -18 13.1716
      vertex 11.4641 -18 14
    endloop
  endfacet
  facet normal 0.793332 0 -0.608789
    outer loop
      vertex 10.8284 -18 13.1716
      vertex 11.4641 -38 14
      vertex 10.8284 -38 13.1716
    endloop
  endfacet
  facet normal -0.130529 0 -0.991445
    outer loop
      vertex 6.96472 -38 12.1363
      vertex 8 -18 12
      vertex 8 -38 12
    endloop
  endfacet
  facet normal -0.130529 0 -0.991445
    outer loop
      vertex 8 -18 12
      vertex 6.96472 -38 12.1363
      vertex 6.96472 -18 12.1363
    endloop
  endfacet
  facet normal 0.130529 0 -0.991445
    outer loop
      vertex 8 -38 12
      vertex 9.03528 -18 12.1363
      vertex 9.03528 -38 12.1363
    endloop
  endfacet
  facet normal 0.130529 0 -0.991445
    outer loop
      vertex 9.03528 -18 12.1363
      vertex 8 -38 12
      vertex 8 -18 12
    endloop
  endfacet
  facet normal -0.793346 0 -0.608771
    outer loop
      vertex 5.17157 -38 13.1716
      vertex 4.5359 -18 14
      vertex 5.17157 -18 13.1716
    endloop
  endfacet
  facet normal -0.793346 -0 -0.608771
    outer loop
      vertex 4.5359 -18 14
      vertex 5.17157 -38 13.1716
      vertex 4.5359 -38 14
    endloop
  endfacet
  facet normal 0.98769 -0 0.156427
    outer loop
      vertex 11.3287 -25.5 44.5816
      vertex 11.5 -24 43.5
      vertex 11.3287 -24 44.5816
    endloop
  endfacet
  facet normal 0.98769 0 0.156427
    outer loop
      vertex 11.5 -24 43.5
      vertex 11.3287 -25.5 44.5816
      vertex 11.5 -25.5 43.5
    endloop
  endfacet
  facet normal 0.98769 -0 0.156427
    outer loop
      vertex 11.3287 -32 44.5816
      vertex 11.5 -30.5 43.5
      vertex 11.3287 -30.5 44.5816
    endloop
  endfacet
  facet normal 0.98769 0 0.156427
    outer loop
      vertex 11.5 -30.5 43.5
      vertex 11.3287 -32 44.5816
      vertex 11.5 -32 43.5
    endloop
  endfacet
  facet normal 0.891004 -0 0.453996
    outer loop
      vertex 10.8316 -25.5 45.5572
      vertex 11.3287 -24 44.5816
      vertex 10.8316 -24 45.5572
    endloop
  endfacet
  facet normal 0.891004 0 0.453996
    outer loop
      vertex 11.3287 -24 44.5816
      vertex 10.8316 -25.5 45.5572
      vertex 11.3287 -25.5 44.5816
    endloop
  endfacet
  facet normal 0.891004 -0 0.453996
    outer loop
      vertex 10.8316 -32 45.5572
      vertex 11.3287 -30.5 44.5816
      vertex 10.8316 -30.5 45.5572
    endloop
  endfacet
  facet normal 0.891004 0 0.453996
    outer loop
      vertex 11.3287 -30.5 44.5816
      vertex 10.8316 -32 45.5572
      vertex 11.3287 -32 44.5816
    endloop
  endfacet
  facet normal -0.156432 0 0.987689
    outer loop
      vertex 6.91844 -24 46.8287
      vertex 8 -32 47
      vertex 8 -24 47
    endloop
  endfacet
  facet normal -0.156432 0 0.987689
    outer loop
      vertex 8 -32 47
      vertex 6.91844 -24 46.8287
      vertex 6.91844 -32 46.8287
    endloop
  endfacet
  facet normal 0.453981 0 -0.891011
    outer loop
      vertex 9.08156 -25.5 40.1713
      vertex 10.0572 -24 40.6684
      vertex 10.0572 -25.5 40.6684
    endloop
  endfacet
  facet normal 0.453981 0 -0.891011
    outer loop
      vertex 10.0572 -24 40.6684
      vertex 9.08156 -25.5 40.1713
      vertex 9.08156 -24 40.1713
    endloop
  endfacet
  facet normal 0.453981 0 -0.891011
    outer loop
      vertex 9.08156 -32 40.1713
      vertex 10.0572 -30.5 40.6684
      vertex 10.0572 -32 40.6684
    endloop
  endfacet
  facet normal 0.453981 0 -0.891011
    outer loop
      vertex 10.0572 -30.5 40.6684
      vertex 9.08156 -32 40.1713
      vertex 9.08156 -30.5 40.1713
    endloop
  endfacet
  facet normal 0.707107 -0 0.707107
    outer loop
      vertex 10.0572 -25.5 46.3316
      vertex 10.8316 -24 45.5572
      vertex 10.0572 -24 46.3316
    endloop
  endfacet
  facet normal 0.707107 0 0.707107
    outer loop
      vertex 10.8316 -24 45.5572
      vertex 10.0572 -25.5 46.3316
      vertex 10.8316 -25.5 45.5572
    endloop
  endfacet
  facet normal 0.707107 -0 0.707107
    outer loop
      vertex 10.0572 -32 46.3316
      vertex 10.8316 -30.5 45.5572
      vertex 10.0572 -30.5 46.3316
    endloop
  endfacet
  facet normal 0.707107 0 0.707107
    outer loop
      vertex 10.8316 -30.5 45.5572
      vertex 10.0572 -32 46.3316
      vertex 10.8316 -32 45.5572
    endloop
  endfacet
  facet normal -0.707148 0 0.707066
    outer loop
      vertex 5.16844 -25.5 45.5572
      vertex 5.94275 -24 46.3316
      vertex 5.16844 -24 45.5572
    endloop
  endfacet
  facet normal -0.707148 0 0.707066
    outer loop
      vertex 5.94275 -24 46.3316
      vertex 5.16844 -25.5 45.5572
      vertex 5.94275 -25.5 46.3316
    endloop
  endfacet
  facet normal -0.707148 0 0.707066
    outer loop
      vertex 5.16844 -32 45.5572
      vertex 5.94275 -30.5 46.3316
      vertex 5.16844 -30.5 45.5572
    endloop
  endfacet
  facet normal -0.707148 0 0.707066
    outer loop
      vertex 5.94275 -30.5 46.3316
      vertex 5.16844 -32 45.5572
      vertex 5.94275 -32 46.3316
    endloop
  endfacet
  facet normal -0.453991 0 0.891007
    outer loop
      vertex 6.91844 -24 46.8287
      vertex 6.27333 -25.5 46.5
      vertex 6.91844 -32 46.8287
    endloop
  endfacet
  facet normal -0.453962 -1.52946e-05 0.891021
    outer loop
      vertex 5.94275 -24 46.3316
      vertex 6.27333 -25.5 46.5
      vertex 6.91844 -24 46.8287
    endloop
  endfacet
  facet normal -0.453907 0 0.891049
    outer loop
      vertex 6.27333 -25.5 46.5
      vertex 5.94275 -24 46.3316
      vertex 5.94275 -25.5 46.3316
    endloop
  endfacet
  facet normal -0.453991 0 0.891007
    outer loop
      vertex 6.27333 -30.5 46.5
      vertex 6.91844 -32 46.8287
      vertex 6.27333 -25.5 46.5
    endloop
  endfacet
  facet normal -0.453907 0 0.891049
    outer loop
      vertex 5.94275 -32 46.3316
      vertex 6.27333 -30.5 46.5
      vertex 5.94275 -30.5 46.3316
    endloop
  endfacet
  facet normal -0.453962 1.52946e-05 0.891021
    outer loop
      vertex 6.27333 -30.5 46.5
      vertex 5.94275 -32 46.3316
      vertex 6.91844 -32 46.8287
    endloop
  endfacet
  facet normal 0.707061 0 -0.707152
    outer loop
      vertex 10.0572 -25.5 40.6684
      vertex 10.8316 -24 41.4427
      vertex 10.8316 -25.5 41.4427
    endloop
  endfacet
  facet normal 0.707061 0 -0.707152
    outer loop
      vertex 10.8316 -24 41.4427
      vertex 10.0572 -25.5 40.6684
      vertex 10.0572 -24 40.6684
    endloop
  endfacet
  facet normal 0.707061 0 -0.707152
    outer loop
      vertex 10.0572 -32 40.6684
      vertex 10.8316 -30.5 41.4427
      vertex 10.8316 -32 41.4427
    endloop
  endfacet
  facet normal 0.707061 0 -0.707152
    outer loop
      vertex 10.8316 -30.5 41.4427
      vertex 10.0572 -32 40.6684
      vertex 10.0572 -30.5 40.6684
    endloop
  endfacet
  facet normal -0.891008 0 -0.453988
    outer loop
      vertex 5.16844 -25.5 41.4427
      vertex 4.6713 -24 42.4184
      vertex 5.16844 -24 41.4427
    endloop
  endfacet
  facet normal -0.891008 -0 -0.453988
    outer loop
      vertex 4.6713 -24 42.4184
      vertex 5.16844 -25.5 41.4427
      vertex 4.6713 -25.5 42.4184
    endloop
  endfacet
  facet normal -0.891008 0 -0.453988
    outer loop
      vertex 5.16844 -32 41.4427
      vertex 4.6713 -30.5 42.4184
      vertex 5.16844 -30.5 41.4427
    endloop
  endfacet
  facet normal -0.891008 -0 -0.453988
    outer loop
      vertex 4.6713 -30.5 42.4184
      vertex 5.16844 -32 41.4427
      vertex 4.6713 -32 42.4184
    endloop
  endfacet
  facet normal 0.156432 0 0.987689
    outer loop
      vertex 8 -24 47
      vertex 9.08156 -32 46.8287
      vertex 9.08156 -24 46.8287
    endloop
  endfacet
  facet normal 0.156432 0 0.987689
    outer loop
      vertex 9.08156 -32 46.8287
      vertex 8 -24 47
      vertex 8 -32 47
    endloop
  endfacet
  facet normal 0.453951 0 0.891027
    outer loop
      vertex 10.0572 -24 46.3316
      vertex 9.72666 -25.5 46.5
      vertex 10.0572 -25.5 46.3316
    endloop
  endfacet
  facet normal 0.453996 0 0.891004
    outer loop
      vertex 9.72666 -25.5 46.5
      vertex 9.08156 -24 46.8287
      vertex 9.72666 -30.5 46.5
    endloop
  endfacet
  facet normal 0.453981 -8.31552e-06 0.891011
    outer loop
      vertex 9.08156 -24 46.8287
      vertex 9.72666 -25.5 46.5
      vertex 10.0572 -24 46.3316
    endloop
  endfacet
  facet normal 0.453951 0 0.891027
    outer loop
      vertex 9.72666 -30.5 46.5
      vertex 10.0572 -32 46.3316
      vertex 10.0572 -30.5 46.3316
    endloop
  endfacet
  facet normal 0.453981 8.31552e-06 0.891011
    outer loop
      vertex 9.72666 -30.5 46.5
      vertex 9.08156 -32 46.8287
      vertex 10.0572 -32 46.3316
    endloop
  endfacet
  facet normal 0.453996 -0 0.891004
    outer loop
      vertex 9.08156 -32 46.8287
      vertex 9.72666 -30.5 46.5
      vertex 9.08156 -24 46.8287
    endloop
  endfacet
  facet normal -0.890989 0 0.454025
    outer loop
      vertex 4.6713 -25.5 44.5816
      vertex 5.16844 -24 45.5572
      vertex 4.6713 -24 44.5816
    endloop
  endfacet
  facet normal -0.890989 0 0.454025
    outer loop
      vertex 5.16844 -24 45.5572
      vertex 4.6713 -25.5 44.5816
      vertex 5.16844 -25.5 45.5572
    endloop
  endfacet
  facet normal -0.890989 0 0.454025
    outer loop
      vertex 4.6713 -32 44.5816
      vertex 5.16844 -30.5 45.5572
      vertex 4.6713 -30.5 44.5816
    endloop
  endfacet
  facet normal -0.890989 0 0.454025
    outer loop
      vertex 5.16844 -30.5 45.5572
      vertex 4.6713 -32 44.5816
      vertex 5.16844 -32 45.5572
    endloop
  endfacet
  facet normal 0 1 0
    outer loop
      vertex 9.08156 -24 46.8287
      vertex 6.91844 -24 46.8287
      vertex 8 -24 47
    endloop
  endfacet
  facet normal 0 1 0
    outer loop
      vertex 10.0572 -24 46.3316
      vertex 6.91844 -24 46.8287
      vertex 9.08156 -24 46.8287
    endloop
  endfacet
  facet normal 0 1 0
    outer loop
      vertex 10.0572 -24 46.3316
      vertex 5.94275 -24 46.3316
      vertex 6.91844 -24 46.8287
    endloop
  endfacet
  facet normal 0 1 0
    outer loop
      vertex 10.8316 -24 45.5572
      vertex 5.94275 -24 46.3316
      vertex 10.0572 -24 46.3316
    endloop
  endfacet
  facet normal 0 1 0
    outer loop
      vertex 10.8316 -24 45.5572
      vertex 5.16844 -24 45.5572
      vertex 5.94275 -24 46.3316
    endloop
  endfacet
  facet normal 0 1 0
    outer loop
      vertex 11.3287 -24 44.5816
      vertex 5.16844 -24 45.5572
      vertex 10.8316 -24 45.5572
    endloop
  endfacet
  facet normal 0 1 0
    outer loop
      vertex 11.3287 -24 44.5816
      vertex 4.6713 -24 44.5816
      vertex 5.16844 -24 45.5572
    endloop
  endfacet
  facet normal 0 1 0
    outer loop
      vertex 11.5 -24 43.5
      vertex 4.6713 -24 44.5816
      vertex 11.3287 -24 44.5816
    endloop
  endfacet
  facet normal 0 1 0
    outer loop
      vertex 11.5 -24 43.5
      vertex 4.5 -24 43.5
      vertex 4.6713 -24 44.5816
    endloop
  endfacet
  facet normal 0 1 -0
    outer loop
      vertex 11.3287 -24 42.4184
      vertex 4.5 -24 43.5
      vertex 11.5 -24 43.5
    endloop
  endfacet
  facet normal 0 1 0
    outer loop
      vertex 11.3287 -24 42.4184
      vertex 4.6713 -24 42.4184
      vertex 4.5 -24 43.5
    endloop
  endfacet
  facet normal 0 1 -0
    outer loop
      vertex 10.8316 -24 41.4427
      vertex 4.6713 -24 42.4184
      vertex 11.3287 -24 42.4184
    endloop
  endfacet
  facet normal 0 1 0
    outer loop
      vertex 10.8316 -24 41.4427
      vertex 5.16844 -24 41.4427
      vertex 4.6713 -24 42.4184
    endloop
  endfacet
  facet normal 0 1 -0
    outer loop
      vertex 10.0572 -24 40.6684
      vertex 5.16844 -24 41.4427
      vertex 10.8316 -24 41.4427
    endloop
  endfacet
  facet normal 0 1 0
    outer loop
      vertex 10.0572 -24 40.6684
      vertex 5.94275 -24 40.6684
      vertex 5.16844 -24 41.4427
    endloop
  endfacet
  facet normal 0 1 -0
    outer loop
      vertex 9.08156 -24 40.1713
      vertex 5.94275 -24 40.6684
      vertex 10.0572 -24 40.6684
    endloop
  endfacet
  facet normal 0 1 0
    outer loop
      vertex 9.08156 -24 40.1713
      vertex 6.91844 -24 40.1713
      vertex 5.94275 -24 40.6684
    endloop
  endfacet
  facet normal -0 1 0
    outer loop
      vertex 6.91844 -24 40.1713
      vertex 9.08156 -24 40.1713
      vertex 8 -24 40
    endloop
  endfacet
  facet normal 0 -1 0
    outer loop
      vertex 6.91844 -32 46.8287
      vertex 9.08156 -32 46.8287
      vertex 8 -32 47
    endloop
  endfacet
  facet normal 0 -1 0
    outer loop
      vertex 5.94275 -32 46.3316
      vertex 9.08156 -32 46.8287
      vertex 6.91844 -32 46.8287
    endloop
  endfacet
  facet normal 0 -1 0
    outer loop
      vertex 5.94275 -32 46.3316
      vertex 10.0572 -32 46.3316
      vertex 9.08156 -32 46.8287
    endloop
  endfacet
  facet normal 0 -1 0
    outer loop
      vertex 5.16844 -32 45.5572
      vertex 10.0572 -32 46.3316
      vertex 5.94275 -32 46.3316
    endloop
  endfacet
  facet normal 0 -1 0
    outer loop
      vertex 5.16844 -32 45.5572
      vertex 10.8316 -32 45.5572
      vertex 10.0572 -32 46.3316
    endloop
  endfacet
  facet normal 0 -1 0
    outer loop
      vertex 4.6713 -32 44.5816
      vertex 10.8316 -32 45.5572
      vertex 5.16844 -32 45.5572
    endloop
  endfacet
  facet normal 0 -1 0
    outer loop
      vertex 4.6713 -32 44.5816
      vertex 11.3287 -32 44.5816
      vertex 10.8316 -32 45.5572
    endloop
  endfacet
  facet normal 0 -1 0
    outer loop
      vertex 4.5 -32 43.5
      vertex 11.3287 -32 44.5816
      vertex 4.6713 -32 44.5816
    endloop
  endfacet
  facet normal 0 -1 0
    outer loop
      vertex 4.5 -32 43.5
      vertex 11.5 -32 43.5
      vertex 11.3287 -32 44.5816
    endloop
  endfacet
  facet normal 0 -1 0
    outer loop
      vertex 4.6713 -32 42.4184
      vertex 11.5 -32 43.5
      vertex 4.5 -32 43.5
    endloop
  endfacet
  facet normal 0 -1 0
    outer loop
      vertex 4.6713 -32 42.4184
      vertex 11.3287 -32 42.4184
      vertex 11.5 -32 43.5
    endloop
  endfacet
  facet normal 0 -1 0
    outer loop
      vertex 5.16844 -32 41.4427
      vertex 11.3287 -32 42.4184
      vertex 4.6713 -32 42.4184
    endloop
  endfacet
  facet normal 0 -1 0
    outer loop
      vertex 5.16844 -32 41.4427
      vertex 10.8316 -32 41.4427
      vertex 11.3287 -32 42.4184
    endloop
  endfacet
  facet normal 0 -1 0
    outer loop
      vertex 5.94275 -32 40.6684
      vertex 10.8316 -32 41.4427
      vertex 5.16844 -32 41.4427
    endloop
  endfacet
  facet normal 0 -1 0
    outer loop
      vertex 5.94275 -32 40.6684
      vertex 10.0572 -32 40.6684
      vertex 10.8316 -32 41.4427
    endloop
  endfacet
  facet normal 0 -1 0
    outer loop
      vertex 6.91844 -32 40.1713
      vertex 10.0572 -32 40.6684
      vertex 5.94275 -32 40.6684
    endloop
  endfacet
  facet normal 0 -1 0
    outer loop
      vertex 6.91844 -32 40.1713
      vertex 9.08156 -32 40.1713
      vertex 10.0572 -32 40.6684
    endloop
  endfacet
  facet normal -0 -1 0
    outer loop
      vertex 9.08156 -32 40.1713
      vertex 6.91844 -32 40.1713
      vertex 8 -32 40
    endloop
  endfacet
  facet normal -0.453962 0 -0.891021
    outer loop
      vertex 5.94275 -25.5 40.6684
      vertex 6.91844 -24 40.1713
      vertex 6.91844 -25.5 40.1713
    endloop
  endfacet
  facet normal -0.453962 0 -0.891021
    outer loop
      vertex 6.91844 -24 40.1713
      vertex 5.94275 -25.5 40.6684
      vertex 5.94275 -24 40.6684
    endloop
  endfacet
  facet normal -0.453962 0 -0.891021
    outer loop
      vertex 5.94275 -32 40.6684
      vertex 6.91844 -30.5 40.1713
      vertex 6.91844 -32 40.1713
    endloop
  endfacet
  facet normal -0.453962 0 -0.891021
    outer loop
      vertex 6.91844 -30.5 40.1713
      vertex 5.94275 -32 40.6684
      vertex 5.94275 -30.5 40.6684
    endloop
  endfacet
  facet normal -0.707102 0 -0.707111
    outer loop
      vertex 5.16844 -25.5 41.4427
      vertex 5.94275 -24 40.6684
      vertex 5.94275 -25.5 40.6684
    endloop
  endfacet
  facet normal -0.707102 0 -0.707111
    outer loop
      vertex 5.94275 -24 40.6684
      vertex 5.16844 -25.5 41.4427
      vertex 5.16844 -24 41.4427
    endloop
  endfacet
  facet normal -0.707102 0 -0.707111
    outer loop
      vertex 5.16844 -32 41.4427
      vertex 5.94275 -30.5 40.6684
      vertex 5.94275 -32 40.6684
    endloop
  endfacet
  facet normal -0.707102 0 -0.707111
    outer loop
      vertex 5.94275 -30.5 40.6684
      vertex 5.16844 -32 41.4427
      vertex 5.16844 -30.5 41.4427
    endloop
  endfacet
  facet normal -0.98769 0 0.156427
    outer loop
      vertex 4.5 -25.5 43.5
      vertex 4.6713 -24 44.5816
      vertex 4.5 -24 43.5
    endloop
  endfacet
  facet normal -0.98769 0 0.156427
    outer loop
      vertex 4.6713 -24 44.5816
      vertex 4.5 -25.5 43.5
      vertex 4.6713 -25.5 44.5816
    endloop
  endfacet
  facet normal -0.98769 0 0.156427
    outer loop
      vertex 4.5 -32 43.5
      vertex 4.6713 -30.5 44.5816
      vertex 4.5 -30.5 43.5
    endloop
  endfacet
  facet normal -0.98769 0 0.156427
    outer loop
      vertex 4.6713 -30.5 44.5816
      vertex 4.5 -32 43.5
      vertex 4.6713 -32 44.5816
    endloop
  endfacet
  facet normal -0.98769 0 -0.156427
    outer loop
      vertex 4.6713 -25.5 42.4184
      vertex 4.5 -24 43.5
      vertex 4.6713 -24 42.4184
    endloop
  endfacet
  facet normal -0.98769 -0 -0.156427
    outer loop
      vertex 4.5 -24 43.5
      vertex 4.6713 -25.5 42.4184
      vertex 4.5 -25.5 43.5
    endloop
  endfacet
  facet normal -0.98769 0 -0.156427
    outer loop
      vertex 4.6713 -32 42.4184
      vertex 4.5 -30.5 43.5
      vertex 4.6713 -30.5 42.4184
    endloop
  endfacet
  facet normal -0.98769 -0 -0.156427
    outer loop
      vertex 4.5 -30.5 43.5
      vertex 4.6713 -32 42.4184
      vertex 4.5 -32 43.5
    endloop
  endfacet
  facet normal 0.891023 0 -0.453959
    outer loop
      vertex 11.3287 -25.5 42.4184
      vertex 10.8316 -24 41.4427
      vertex 11.3287 -24 42.4184
    endloop
  endfacet
  facet normal 0.891023 0 -0.453959
    outer loop
      vertex 10.8316 -24 41.4427
      vertex 11.3287 -25.5 42.4184
      vertex 10.8316 -25.5 41.4427
    endloop
  endfacet
  facet normal 0.891023 0 -0.453959
    outer loop
      vertex 11.3287 -32 42.4184
      vertex 10.8316 -30.5 41.4427
      vertex 11.3287 -30.5 42.4184
    endloop
  endfacet
  facet normal 0.891023 0 -0.453959
    outer loop
      vertex 10.8316 -30.5 41.4427
      vertex 11.3287 -32 42.4184
      vertex 10.8316 -32 41.4427
    endloop
  endfacet
  facet normal 0.98769 0 -0.156427
    outer loop
      vertex 11.5 -25.5 43.5
      vertex 11.3287 -24 42.4184
      vertex 11.5 -24 43.5
    endloop
  endfacet
  facet normal 0.98769 0 -0.156427
    outer loop
      vertex 11.3287 -24 42.4184
      vertex 11.5 -25.5 43.5
      vertex 11.3287 -25.5 42.4184
    endloop
  endfacet
  facet normal 0.98769 0 -0.156427
    outer loop
      vertex 11.5 -32 43.5
      vertex 11.3287 -30.5 42.4184
      vertex 11.5 -30.5 43.5
    endloop
  endfacet
  facet normal 0.98769 0 -0.156427
    outer loop
      vertex 11.3287 -30.5 42.4184
      vertex 11.5 -32 43.5
      vertex 11.3287 -32 42.4184
    endloop
  endfacet
  facet normal -0.156432 0 -0.987689
    outer loop
      vertex 6.91844 -25.5 40.1713
      vertex 8 -24 40
      vertex 8 -25.5 40
    endloop
  endfacet
  facet normal -0.156432 0 -0.987689
    outer loop
      vertex 8 -24 40
      vertex 6.91844 -25.5 40.1713
      vertex 6.91844 -24 40.1713
    endloop
  endfacet
  facet normal -0.156432 0 -0.987689
    outer loop
      vertex 6.91844 -32 40.1713
      vertex 8 -30.5 40
      vertex 8 -32 40
    endloop
  endfacet
  facet normal -0.156432 0 -0.987689
    outer loop
      vertex 8 -30.5 40
      vertex 6.91844 -32 40.1713
      vertex 6.91844 -30.5 40.1713
    endloop
  endfacet
  facet normal 0.156432 0 -0.987689
    outer loop
      vertex 8 -25.5 40
      vertex 9.08156 -24 40.1713
      vertex 9.08156 -25.5 40.1713
    endloop
  endfacet
  facet normal 0.156432 0 -0.987689
    outer loop
      vertex 9.08156 -24 40.1713
      vertex 8 -25.5 40
      vertex 8 -24 40
    endloop
  endfacet
  facet normal 0.156432 0 -0.987689
    outer loop
      vertex 8 -32 40
      vertex 9.08156 -30.5 40.1713
      vertex 9.08156 -32 40.1713
    endloop
  endfacet
  facet normal 0.156432 0 -0.987689
    outer loop
      vertex 9.08156 -30.5 40.1713
      vertex 8 -32 40
      vertex 8 -30.5 40
    endloop
  endfacet
  facet normal 0 0 -1
    outer loop
      vertex 31 -30.5 26
      vertex 30 -28 26
      vertex 31 -25.5 26
    endloop
  endfacet
  facet normal 0 0 -1
    outer loop
      vertex 31 -30.5 26
      vertex 29.8478 -28.7654 26
      vertex 30 -28 26
    endloop
  endfacet
  facet normal 0 0 -1
    outer loop
      vertex 31 -30.5 26
      vertex 29.4142 -29.4142 26
      vertex 29.8478 -28.7654 26
    endloop
  endfacet
  facet normal 0 0 -1
    outer loop
      vertex 31 -30.5 26
      vertex 28.7654 -29.8478 26
      vertex 29.4142 -29.4142 26
    endloop
  endfacet
  facet normal 0 0 -1
    outer loop
      vertex 31 -30.5 26
      vertex 28 -30 26
      vertex 28.7654 -29.8478 26
    endloop
  endfacet
  facet normal -0 0 -1
    outer loop
      vertex 26.1522 -28.7654 26
      vertex 25 -30.5 26
      vertex 26 -28 26
    endloop
  endfacet
  facet normal -0 0 -1
    outer loop
      vertex 26.5858 -29.4142 26
      vertex 25 -30.5 26
      vertex 26.1522 -28.7654 26
    endloop
  endfacet
  facet normal -0 0 -1
    outer loop
      vertex 27.2346 -29.8478 26
      vertex 25 -30.5 26
      vertex 26.5858 -29.4142 26
    endloop
  endfacet
  facet normal -0 0 -1
    outer loop
      vertex 28 -30 26
      vertex 25 -30.5 26
      vertex 27.2346 -29.8478 26
    endloop
  endfacet
  facet normal 0 0 -1
    outer loop
      vertex 25 -30.5 26
      vertex 28 -30 26
      vertex 31 -30.5 26
    endloop
  endfacet
  facet normal 0 0 -1
    outer loop
      vertex 29.8478 -27.2346 26
      vertex 31 -25.5 26
      vertex 30 -28 26
    endloop
  endfacet
  facet normal 0 0 -1
    outer loop
      vertex 29.4142 -26.5858 26
      vertex 31 -25.5 26
      vertex 29.8478 -27.2346 26
    endloop
  endfacet
  facet normal 0 0 -1
    outer loop
      vertex 28.7654 -26.1522 26
      vertex 31 -25.5 26
      vertex 29.4142 -26.5858 26
    endloop
  endfacet
  facet normal 0 0 -1
    outer loop
      vertex 28 -26 26
      vertex 31 -25.5 26
      vertex 28.7654 -26.1522 26
    endloop
  endfacet
  facet normal 0 0 -1
    outer loop
      vertex 25 -25.5 26
      vertex 26 -28 26
      vertex 25 -30.5 26
    endloop
  endfacet
  facet normal 0 0 -1
    outer loop
      vertex 28 -26 26
      vertex 25 -25.5 26
      vertex 31 -25.5 26
    endloop
  endfacet
  facet normal 0 0 -1
    outer loop
      vertex 27.2346 -26.1522 26
      vertex 25 -25.5 26
      vertex 28 -26 26
    endloop
  endfacet
  facet normal 0 0 -1
    outer loop
      vertex 26.5858 -26.5858 26
      vertex 25 -25.5 26
      vertex 27.2346 -26.1522 26
    endloop
  endfacet
  facet normal 0 0 -1
    outer loop
      vertex 26.1522 -27.2346 26
      vertex 25 -25.5 26
      vertex 26.5858 -26.5858 26
    endloop
  endfacet
  facet normal 0 0 -1
    outer loop
      vertex 26 -28 26
      vertex 25 -25.5 26
      vertex 26.1522 -27.2346 26
    endloop
  endfacet
  facet normal 0.980797 0.195032 0
    outer loop
      vertex 30 -28 26
      vertex 29.8478 -27.2346 19.5272
      vertex 29.8478 -27.2346 26
    endloop
  endfacet
  facet normal 0.980797 0.195032 0
    outer loop
      vertex 29.8478 -27.2346 19.5272
      vertex 30 -28 26
      vertex 30 -28 19.4641
    endloop
  endfacet
  facet normal 0.195032 -0.980797 0
    outer loop
      vertex 28 -30 20
      vertex 28.7654 -29.8478 26
      vertex 28 -30 26
    endloop
  endfacet
  facet normal 0.195032 -0.980797 0
    outer loop
      vertex 28.7654 -29.8478 26
      vertex 28 -30 20
      vertex 28.7654 -29.8478 19.8992
    endloop
  endfacet
  facet normal -0.195032 0.980797 0
    outer loop
      vertex 28 -26 20
      vertex 27.2346 -26.1522 26
      vertex 28 -26 26
    endloop
  endfacet
  facet normal -0.195032 0.980797 0
    outer loop
      vertex 27.2346 -26.1522 26
      vertex 28 -26 20
      vertex 27.2346 -26.1522 19.8992
    endloop
  endfacet
  facet normal 0.555646 0.831419 0
    outer loop
      vertex 29.4142 -26.5858 26
      vertex 28.7654 -26.1522 19.8992
      vertex 28.7654 -26.1522 26
    endloop
  endfacet
  facet normal 0.555694 0.831387 -7.40941e-06
    outer loop
      vertex 29.4142 -26.5858 26
      vertex 29.0353 -26.3326 19.8637
      vertex 28.7654 -26.1522 19.8992
    endloop
  endfacet
  facet normal 0.555611 0.831442 0
    outer loop
      vertex 29.0353 -26.3326 19.8637
      vertex 29.4142 -26.5858 26
      vertex 29.4142 -26.5858 19.7067
    endloop
  endfacet
  facet normal 0.831419 0.555646 0
    outer loop
      vertex 29.8478 -27.2346 26
      vertex 29.4142 -26.5858 19.7067
      vertex 29.4142 -26.5858 26
    endloop
  endfacet
  facet normal 0.831419 0.555646 0
    outer loop
      vertex 29.4142 -26.5858 19.7067
      vertex 29.8478 -27.2346 26
      vertex 29.8478 -27.2346 19.5272
    endloop
  endfacet
  facet normal 0.195032 0.980797 0
    outer loop
      vertex 28.7654 -26.1522 26
      vertex 28 -26 20
      vertex 28 -26 26
    endloop
  endfacet
  facet normal 0.195032 0.980797 0
    outer loop
      vertex 28 -26 20
      vertex 28.7654 -26.1522 26
      vertex 28.7654 -26.1522 19.8992
    endloop
  endfacet
  facet normal -0.831419 0.555646 0
    outer loop
      vertex 26.1522 -27.2346 26
      vertex 26.5858 -26.5858 19.7067
      vertex 26.1522 -27.2346 19.5272
    endloop
  endfacet
  facet normal -0.831419 0.555646 0
    outer loop
      vertex 26.5858 -26.5858 19.7067
      vertex 26.1522 -27.2346 26
      vertex 26.5858 -26.5858 26
    endloop
  endfacet
  facet normal -0.980797 0.195032 0
    outer loop
      vertex 26 -28 26
      vertex 26.1522 -27.2346 19.5272
      vertex 26 -28 19.4641
    endloop
  endfacet
  facet normal -0.980797 0.195032 0
    outer loop
      vertex 26.1522 -27.2346 19.5272
      vertex 26 -28 26
      vertex 26.1522 -27.2346 26
    endloop
  endfacet
  facet normal -0.555646 0.831419 0
    outer loop
      vertex 27.2346 -26.1522 19.8992
      vertex 26.5858 -26.5858 26
      vertex 27.2346 -26.1522 26
    endloop
  endfacet
  facet normal -0.555694 0.831387 -7.40941e-06
    outer loop
      vertex 26.9647 -26.3326 19.8637
      vertex 26.5858 -26.5858 26
      vertex 27.2346 -26.1522 19.8992
    endloop
  endfacet
  facet normal -0.555611 0.831442 0
    outer loop
      vertex 26.5858 -26.5858 26
      vertex 26.9647 -26.3326 19.8637
      vertex 26.5858 -26.5858 19.7067
    endloop
  endfacet
  facet normal 0.980797 -0.195032 0
    outer loop
      vertex 29.8478 -28.7654 19.5272
      vertex 30 -28 26
      vertex 29.8478 -28.7654 26
    endloop
  endfacet
  facet normal 0.980797 -0.195032 0
    outer loop
      vertex 30 -28 26
      vertex 29.8478 -28.7654 19.5272
      vertex 30 -28 19.4641
    endloop
  endfacet
  facet normal -0.831419 -0.555646 0
    outer loop
      vertex 26.5858 -29.4142 19.7067
      vertex 26.1522 -28.7654 26
      vertex 26.1522 -28.7654 19.5272
    endloop
  endfacet
  facet normal -0.831419 -0.555646 0
    outer loop
      vertex 26.1522 -28.7654 26
      vertex 26.5858 -29.4142 19.7067
      vertex 26.5858 -29.4142 26
    endloop
  endfacet
  facet normal -0.980797 -0.195032 0
    outer loop
      vertex 26.1522 -28.7654 19.5272
      vertex 26 -28 26
      vertex 26 -28 19.4641
    endloop
  endfacet
  facet normal -0.980797 -0.195032 0
    outer loop
      vertex 26 -28 26
      vertex 26.1522 -28.7654 19.5272
      vertex 26.1522 -28.7654 26
    endloop
  endfacet
  facet normal 0.555646 -0.831419 0
    outer loop
      vertex 28.7654 -29.8478 19.8992
      vertex 29.4142 -29.4142 26
      vertex 28.7654 -29.8478 26
    endloop
  endfacet
  facet normal 0.555694 -0.831387 -7.40941e-06
    outer loop
      vertex 29.0353 -29.6674 19.8637
      vertex 29.4142 -29.4142 26
      vertex 28.7654 -29.8478 19.8992
    endloop
  endfacet
  facet normal 0.555611 -0.831442 0
    outer loop
      vertex 29.4142 -29.4142 26
      vertex 29.0353 -29.6674 19.8637
      vertex 29.4142 -29.4142 19.7067
    endloop
  endfacet
  facet normal -0.195032 -0.980797 0
    outer loop
      vertex 27.2346 -29.8478 26
      vertex 28 -30 20
      vertex 28 -30 26
    endloop
  endfacet
  facet normal -0.195032 -0.980797 0
    outer loop
      vertex 28 -30 20
      vertex 27.2346 -29.8478 26
      vertex 27.2346 -29.8478 19.8992
    endloop
  endfacet
  facet normal -0.555646 -0.831419 0
    outer loop
      vertex 26.5858 -29.4142 26
      vertex 27.2346 -29.8478 19.8992
      vertex 27.2346 -29.8478 26
    endloop
  endfacet
  facet normal -0.555694 -0.831387 -7.40941e-06
    outer loop
      vertex 26.5858 -29.4142 26
      vertex 26.9647 -29.6674 19.8637
      vertex 27.2346 -29.8478 19.8992
    endloop
  endfacet
  facet normal -0.555611 -0.831442 0
    outer loop
      vertex 26.9647 -29.6674 19.8637
      vertex 26.5858 -29.4142 26
      vertex 26.5858 -29.4142 19.7067
    endloop
  endfacet
  facet normal 0.831419 -0.555646 0
    outer loop
      vertex 29.4142 -29.4142 19.7067
      vertex 29.8478 -28.7654 26
      vertex 29.4142 -29.4142 26
    endloop
  endfacet
  facet normal 0.831419 -0.555646 0
    outer loop
      vertex 29.8478 -28.7654 26
      vertex 29.4142 -29.4142 19.7067
      vertex 29.8478 -28.7654 19.5272
    endloop
  endfacet
  facet normal 0.991439 0 0.130574
    outer loop
      vertex 31.8637 -36 17.0353
      vertex 31.8637 -38 17.0353
      vertex 31.9342 -36 16.5
    endloop
  endfacet
  facet normal 0.991452 -0 0.130475
    outer loop
      vertex 31.9342 -36 16.5
      vertex 32 -18 16
      vertex 31.9342 -18 16.5
    endloop
  endfacet
  facet normal 0.991452 0 0.130475
    outer loop
      vertex 31.9342 -36 16.5
      vertex 32 -38 16
      vertex 32 -18 16
    endloop
  endfacet
  facet normal 0.991445 -1.30526e-05 0.130526
    outer loop
      vertex 32 -38 16
      vertex 31.9342 -36 16.5
      vertex 31.8637 -38 17.0353
    endloop
  endfacet
  facet normal 0.923877 -0 0.38269
    outer loop
      vertex 31.4641 -38 18
      vertex 31.8637 -36 17.0353
      vertex 31.4641 -36 18
    endloop
  endfacet
  facet normal 0.923877 0 0.38269
    outer loop
      vertex 31.8637 -36 17.0353
      vertex 31.4641 -38 18
      vertex 31.8637 -38 17.0353
    endloop
  endfacet
  facet normal -0.130526 0 0.991445
    outer loop
      vertex 26.9647 -18 19.8637
      vertex 28 -26 20
      vertex 28 -18 20
    endloop
  endfacet
  facet normal -0.130567 -5.40173e-06 0.991439
    outer loop
      vertex 28 -26 20
      vertex 26.9647 -18 19.8637
      vertex 27.2346 -26.1522 19.8992
    endloop
  endfacet
  facet normal -0.130407 0 0.991461
    outer loop
      vertex 27.2346 -26.1522 19.8992
      vertex 26.9647 -18 19.8637
      vertex 26.9647 -26.3326 19.8637
    endloop
  endfacet
  facet normal -0.130567 5.40173e-06 0.991439
    outer loop
      vertex 26.9647 -38 19.8637
      vertex 28 -30 20
      vertex 27.2346 -29.8478 19.8992
    endloop
  endfacet
  facet normal -0.130407 0 0.991461
    outer loop
      vertex 26.9647 -38 19.8637
      vertex 27.2346 -29.8478 19.8992
      vertex 26.9647 -29.6674 19.8637
    endloop
  endfacet
  facet normal -0.130526 0 0.991445
    outer loop
      vertex 28 -30 20
      vertex 26.9647 -38 19.8637
      vertex 28 -38 20
    endloop
  endfacet
  facet normal 0.608789 -0 0.793332
    outer loop
      vertex 30 -28 19.4641
      vertex 30.8284 -18 18.8284
      vertex 30 -18 19.4641
    endloop
  endfacet
  facet normal 0.608789 0 0.793332
    outer loop
      vertex 30.8284 -18 18.8284
      vertex 30 -28 19.4641
      vertex 30.8284 -38 18.8284
    endloop
  endfacet
  facet normal 0.608789 0 0.793332
    outer loop
      vertex 30.8284 -38 18.8284
      vertex 30 -28 19.4641
      vertex 30 -38 19.4641
    endloop
  endfacet
  facet normal -0.38269 0 0.923877
    outer loop
      vertex 26 -18 19.4641
      vertex 26.9647 -26.3326 19.8637
      vertex 26.9647 -18 19.8637
    endloop
  endfacet
  facet normal -0.382789 -1.34332e-05 0.923836
    outer loop
      vertex 26.9647 -26.3326 19.8637
      vertex 26 -18 19.4641
      vertex 26.5858 -26.5858 19.7067
    endloop
  endfacet
  facet normal -0.382508 9.06641e-06 0.923952
    outer loop
      vertex 26.5858 -26.5858 19.7067
      vertex 26 -18 19.4641
      vertex 26.1522 -27.2346 19.5272
    endloop
  endfacet
  facet normal -0.382977 0 0.923758
    outer loop
      vertex 26.1522 -27.2346 19.5272
      vertex 26 -18 19.4641
      vertex 26 -28 19.4641
    endloop
  endfacet
  facet normal -0.382789 1.34332e-05 0.923836
    outer loop
      vertex 26 -38 19.4641
      vertex 26.9647 -29.6674 19.8637
      vertex 26.5858 -29.4142 19.7067
    endloop
  endfacet
  facet normal -0.382508 -9.06641e-06 0.923952
    outer loop
      vertex 26 -38 19.4641
      vertex 26.5858 -29.4142 19.7067
      vertex 26.1522 -28.7654 19.5272
    endloop
  endfacet
  facet normal -0.382977 0 0.923758
    outer loop
      vertex 26 -38 19.4641
      vertex 26.1522 -28.7654 19.5272
      vertex 26 -28 19.4641
    endloop
  endfacet
  facet normal -0.38269 0 0.923877
    outer loop
      vertex 26.9647 -29.6674 19.8637
      vertex 26 -38 19.4641
      vertex 26.9647 -38 19.8637
    endloop
  endfacet
  facet normal 0.38269 0 -0.923877
    outer loop
      vertex 29.0353 -38 12.1363
      vertex 30 -18 12.5359
      vertex 30 -38 12.5359
    endloop
  endfacet
  facet normal 0.38269 0 -0.923877
    outer loop
      vertex 30 -18 12.5359
      vertex 29.0353 -38 12.1363
      vertex 29.0353 -18 12.1363
    endloop
  endfacet
  facet normal 0.130407 0 0.991461
    outer loop
      vertex 29.0353 -18 19.8637
      vertex 28.7654 -26.1522 19.8992
      vertex 29.0353 -26.3326 19.8637
    endloop
  endfacet
  facet normal 0.130526 -0 0.991445
    outer loop
      vertex 28 -26 20
      vertex 29.0353 -18 19.8637
      vertex 28 -18 20
    endloop
  endfacet
  facet normal 0.130567 -5.40173e-06 0.991439
    outer loop
      vertex 29.0353 -18 19.8637
      vertex 28 -26 20
      vertex 28.7654 -26.1522 19.8992
    endloop
  endfacet
  facet normal 0.130407 0 0.991461
    outer loop
      vertex 28.7654 -29.8478 19.8992
      vertex 29.0353 -38 19.8637
      vertex 29.0353 -29.6674 19.8637
    endloop
  endfacet
  facet normal 0.130567 5.40173e-06 0.991439
    outer loop
      vertex 28 -30 20
      vertex 29.0353 -38 19.8637
      vertex 28.7654 -29.8478 19.8992
    endloop
  endfacet
  facet normal 0.130526 0 0.991445
    outer loop
      vertex 29.0353 -38 19.8637
      vertex 28 -30 20
      vertex 28 -38 20
    endloop
  endfacet
  facet normal 0.382977 0 0.923758
    outer loop
      vertex 30 -18 19.4641
      vertex 29.8478 -27.2346 19.5272
      vertex 30 -28 19.4641
    endloop
  endfacet
  facet normal 0.382508 9.06641e-06 0.923952
    outer loop
      vertex 30 -18 19.4641
      vertex 29.4142 -26.5858 19.7067
      vertex 29.8478 -27.2346 19.5272
    endloop
  endfacet
  facet normal 0.38269 -0 0.923877
    outer loop
      vertex 29.0353 -26.3326 19.8637
      vertex 30 -18 19.4641
      vertex 29.0353 -18 19.8637
    endloop
  endfacet
  facet normal 0.382789 -1.34332e-05 0.923836
    outer loop
      vertex 30 -18 19.4641
      vertex 29.0353 -26.3326 19.8637
      vertex 29.4142 -26.5858 19.7067
    endloop
  endfacet
  facet normal 0.382977 0 0.923758
    outer loop
      vertex 29.8478 -28.7654 19.5272
      vertex 30 -38 19.4641
      vertex 30 -28 19.4641
    endloop
  endfacet
  facet normal 0.382508 -9.06641e-06 0.923952
    outer loop
      vertex 29.4142 -29.4142 19.7067
      vertex 30 -38 19.4641
      vertex 29.8478 -28.7654 19.5272
    endloop
  endfacet
  facet normal 0.382789 1.34332e-05 0.923836
    outer loop
      vertex 29.0353 -29.6674 19.8637
      vertex 30 -38 19.4641
      vertex 29.4142 -29.4142 19.7067
    endloop
  endfacet
  facet normal 0.38269 0 0.923877
    outer loop
      vertex 30 -38 19.4641
      vertex 29.0353 -29.6674 19.8637
      vertex 29.0353 -38 19.8637
    endloop
  endfacet
  facet normal -0.923877 0 0.38269
    outer loop
      vertex 24.1363 -38 17.0353
      vertex 24.5359 -18 18
      vertex 24.1363 -18 17.0353
    endloop
  endfacet
  facet normal -0.923877 0 0.38269
    outer loop
      vertex 24.5359 -18 18
      vertex 24.1363 -38 17.0353
      vertex 24.5359 -38 18
    endloop
  endfacet
  facet normal 0 1 0
    outer loop
      vertex 31.9342 -18 16.5
      vertex 32 -18 16
      vertex 31 -18 16.5
    endloop
  endfacet
  facet normal 0 1 0
    outer loop
      vertex 31 -18 16.5
      vertex 28 -18 20
      vertex 29.0353 -18 19.8637
    endloop
  endfacet
  facet normal 0 1 0
    outer loop
      vertex 31 -18 16.5
      vertex 29.0353 -18 19.8637
      vertex 30 -18 19.4641
    endloop
  endfacet
  facet normal 0 1 0
    outer loop
      vertex 28 -18 20
      vertex 31 -18 16.5
      vertex 26.9647 -18 19.8637
    endloop
  endfacet
  facet normal 0 1 0
    outer loop
      vertex 31 -18 16.5
      vertex 30 -18 19.4641
      vertex 30.8284 -18 18.8284
    endloop
  endfacet
  facet normal 0 1 0
    outer loop
      vertex 26.9647 -18 19.8637
      vertex 31 -18 16.5
      vertex 26 -18 19.4641
    endloop
  endfacet
  facet normal 0 1 -0
    outer loop
      vertex 31 -18 16.5
      vertex 30.8284 -18 18.8284
      vertex 31 -18 18.6048
    endloop
  endfacet
  facet normal 0 1 0
    outer loop
      vertex 26 -18 19.4641
      vertex 31 -18 16.5
      vertex 25.1716 -18 18.8284
    endloop
  endfacet
  facet normal 0 1 0
    outer loop
      vertex 25.1716 -18 18.8284
      vertex 31 -18 16.5
      vertex 24.5359 -18 18
    endloop
  endfacet
  facet normal 0 1 0
    outer loop
      vertex 24.5359 -18 18
      vertex 31 -18 16.5
      vertex 24.1363 -18 17.0353
    endloop
  endfacet
  facet normal 0 1 -0
    outer loop
      vertex 31.8637 -18 14.9647
      vertex 31 -18 16.5
      vertex 32 -18 16
    endloop
  endfacet
  facet normal 0 1 0
    outer loop
      vertex 31 -18 16.5
      vertex 24 -18 16
      vertex 24.1363 -18 17.0353
    endloop
  endfacet
  facet normal 0 1 -0
    outer loop
      vertex 31.4641 -18 14
      vertex 31 -18 16.5
      vertex 31.8637 -18 14.9647
    endloop
  endfacet
  facet normal 0 1 0
    outer loop
      vertex 31 -18 16.5
      vertex 24.1363 -18 14.9647
      vertex 24 -18 16
    endloop
  endfacet
  facet normal 0 1 0
    outer loop
      vertex 30.8284 -18 13.1716
      vertex 31 -18 16.5
      vertex 31.4641 -18 14
    endloop
  endfacet
  facet normal 0 1 0
    outer loop
      vertex 31 -18 16.5
      vertex 24.5359 -18 14
      vertex 24.1363 -18 14.9647
    endloop
  endfacet
  facet normal 0 1 0
    outer loop
      vertex 30 -18 12.5359
      vertex 31 -18 16.5
      vertex 30.8284 -18 13.1716
    endloop
  endfacet
  facet normal 0 1 0
    outer loop
      vertex 31 -18 16.5
      vertex 25.1716 -18 13.1716
      vertex 24.5359 -18 14
    endloop
  endfacet
  facet normal 0 1 0
    outer loop
      vertex 29.0353 -18 12.1363
      vertex 31 -18 16.5
      vertex 30 -18 12.5359
    endloop
  endfacet
  facet normal 0 1 0
    outer loop
      vertex 31 -18 16.5
      vertex 26 -18 12.5359
      vertex 25.1716 -18 13.1716
    endloop
  endfacet
  facet normal 0 1 0
    outer loop
      vertex 28 -18 12
      vertex 31 -18 16.5
      vertex 29.0353 -18 12.1363
    endloop
  endfacet
  facet normal 0 1 0
    outer loop
      vertex 31 -18 16.5
      vertex 26.9647 -18 12.1363
      vertex 26 -18 12.5359
    endloop
  endfacet
  facet normal 0 1 0
    outer loop
      vertex 31 -18 16.5
      vertex 28 -18 12
      vertex 26.9647 -18 12.1363
    endloop
  endfacet
  facet normal 0 -1 0
    outer loop
      vertex 26.9647 -38 19.8637
      vertex 29.0353 -38 19.8637
      vertex 28 -38 20
    endloop
  endfacet
  facet normal 0 -1 0
    outer loop
      vertex 26 -38 19.4641
      vertex 29.0353 -38 19.8637
      vertex 26.9647 -38 19.8637
    endloop
  endfacet
  facet normal 0 -1 0
    outer loop
      vertex 26 -38 19.4641
      vertex 30 -38 19.4641
      vertex 29.0353 -38 19.8637
    endloop
  endfacet
  facet normal 0 -1 0
    outer loop
      vertex 25.1716 -38 18.8284
      vertex 30 -38 19.4641
      vertex 26 -38 19.4641
    endloop
  endfacet
  facet normal 0 -1 0
    outer loop
      vertex 25.1716 -38 18.8284
      vertex 30.8284 -38 18.8284
      vertex 30 -38 19.4641
    endloop
  endfacet
  facet normal 0 -1 0
    outer loop
      vertex 24.5359 -38 18
      vertex 30.8284 -38 18.8284
      vertex 25.1716 -38 18.8284
    endloop
  endfacet
  facet normal 0 -1 0
    outer loop
      vertex 24.5359 -38 18
      vertex 31.4641 -38 18
      vertex 30.8284 -38 18.8284
    endloop
  endfacet
  facet normal 0 -1 0
    outer loop
      vertex 24.1363 -38 17.0353
      vertex 31.4641 -38 18
      vertex 24.5359 -38 18
    endloop
  endfacet
  facet normal 0 -1 0
    outer loop
      vertex 24.1363 -38 17.0353
      vertex 31.8637 -38 17.0353
      vertex 31.4641 -38 18
    endloop
  endfacet
  facet normal 0 -1 0
    outer loop
      vertex 24 -38 16
      vertex 31.8637 -38 17.0353
      vertex 24.1363 -38 17.0353
    endloop
  endfacet
  facet normal 0 -1 0
    outer loop
      vertex 24 -38 16
      vertex 32 -38 16
      vertex 31.8637 -38 17.0353
    endloop
  endfacet
  facet normal 0 -1 0
    outer loop
      vertex 24.1363 -38 14.9647
      vertex 32 -38 16
      vertex 24 -38 16
    endloop
  endfacet
  facet normal 0 -1 0
    outer loop
      vertex 24.1363 -38 14.9647
      vertex 31.8637 -38 14.9647
      vertex 32 -38 16
    endloop
  endfacet
  facet normal 0 -1 0
    outer loop
      vertex 24.5359 -38 14
      vertex 31.8637 -38 14.9647
      vertex 24.1363 -38 14.9647
    endloop
  endfacet
  facet normal 0 -1 0
    outer loop
      vertex 24.5359 -38 14
      vertex 31.4641 -38 14
      vertex 31.8637 -38 14.9647
    endloop
  endfacet
  facet normal 0 -1 0
    outer loop
      vertex 25.1716 -38 13.1716
      vertex 31.4641 -38 14
      vertex 24.5359 -38 14
    endloop
  endfacet
  facet normal 0 -1 0
    outer loop
      vertex 25.1716 -38 13.1716
      vertex 30.8284 -38 13.1716
      vertex 31.4641 -38 14
    endloop
  endfacet
  facet normal 0 -1 0
    outer loop
      vertex 26 -38 12.5359
      vertex 30.8284 -38 13.1716
      vertex 25.1716 -38 13.1716
    endloop
  endfacet
  facet normal 0 -1 0
    outer loop
      vertex 26 -38 12.5359
      vertex 30 -38 12.5359
      vertex 30.8284 -38 13.1716
    endloop
  endfacet
  facet normal 0 -1 0
    outer loop
      vertex 26.9647 -38 12.1363
      vertex 30 -38 12.5359
      vertex 26 -38 12.5359
    endloop
  endfacet
  facet normal 0 -1 0
    outer loop
      vertex 26.9647 -38 12.1363
      vertex 29.0353 -38 12.1363
      vertex 30 -38 12.5359
    endloop
  endfacet
  facet normal -0 -1 0
    outer loop
      vertex 29.0353 -38 12.1363
      vertex 26.9647 -38 12.1363
      vertex 28 -38 12
    endloop
  endfacet
  facet normal -0.38269 0 -0.923877
    outer loop
      vertex 26 -38 12.5359
      vertex 26.9647 -18 12.1363
      vertex 26.9647 -38 12.1363
    endloop
  endfacet
  facet normal -0.38269 0 -0.923877
    outer loop
      vertex 26.9647 -18 12.1363
      vertex 26 -38 12.5359
      vertex 26 -18 12.5359
    endloop
  endfacet
  facet normal -0.608789 0 -0.793332
    outer loop
      vertex 25.1716 -38 13.1716
      vertex 26 -18 12.5359
      vertex 26 -38 12.5359
    endloop
  endfacet
  facet normal -0.608789 0 -0.793332
    outer loop
      vertex 26 -18 12.5359
      vertex 25.1716 -38 13.1716
      vertex 25.1716 -18 13.1716
    endloop
  endfacet
  facet normal -0.923877 0 -0.38269
    outer loop
      vertex 24.5359 -38 14
      vertex 24.1363 -18 14.9647
      vertex 24.5359 -18 14
    endloop
  endfacet
  facet normal -0.923877 -0 -0.38269
    outer loop
      vertex 24.1363 -18 14.9647
      vertex 24.5359 -38 14
      vertex 24.1363 -38 14.9647
    endloop
  endfacet
  facet normal 0.793309 0 0.608819
    outer loop
      vertex 30.8284 -18 18.8284
      vertex 31 -36 18.6048
      vertex 31 -18 18.6048
    endloop
  endfacet
  facet normal 0.793309 -0 0.608819
    outer loop
      vertex 30.8284 -38 18.8284
      vertex 31 -36 18.6048
      vertex 30.8284 -18 18.8284
    endloop
  endfacet
  facet normal 0.793332 -5.22887e-06 0.608789
    outer loop
      vertex 31.4641 -38 18
      vertex 31 -36 18.6048
      vertex 30.8284 -38 18.8284
    endloop
  endfacet
  facet normal 0.79334 0 0.608778
    outer loop
      vertex 31 -36 18.6048
      vertex 31.4641 -38 18
      vertex 31.4641 -36 18
    endloop
  endfacet
  facet normal -0.991445 0 0.130526
    outer loop
      vertex 24 -38 16
      vertex 24.1363 -18 17.0353
      vertex 24 -18 16
    endloop
  endfacet
  facet normal -0.991445 0 0.130526
    outer loop
      vertex 24.1363 -18 17.0353
      vertex 24 -38 16
      vertex 24.1363 -38 17.0353
    endloop
  endfacet
  facet normal -0.991445 0 -0.130526
    outer loop
      vertex 24.1363 -38 14.9647
      vertex 24 -18 16
      vertex 24.1363 -18 14.9647
    endloop
  endfacet
  facet normal -0.991445 -0 -0.130526
    outer loop
      vertex 24 -18 16
      vertex 24.1363 -38 14.9647
      vertex 24 -38 16
    endloop
  endfacet
  facet normal -0.608789 0 0.793332
    outer loop
      vertex 25.1716 -18 18.8284
      vertex 26 -28 19.4641
      vertex 26 -18 19.4641
    endloop
  endfacet
  facet normal -0.608789 0 0.793332
    outer loop
      vertex 25.1716 -38 18.8284
      vertex 26 -28 19.4641
      vertex 25.1716 -18 18.8284
    endloop
  endfacet
  facet normal -0.608789 0 0.793332
    outer loop
      vertex 26 -28 19.4641
      vertex 25.1716 -38 18.8284
      vertex 26 -38 19.4641
    endloop
  endfacet
  facet normal -0.793332 0 0.608789
    outer loop
      vertex 24.5359 -38 18
      vertex 25.1716 -18 18.8284
      vertex 24.5359 -18 18
    endloop
  endfacet
  facet normal -0.793332 0 0.608789
    outer loop
      vertex 25.1716 -18 18.8284
      vertex 24.5359 -38 18
      vertex 25.1716 -38 18.8284
    endloop
  endfacet
  facet normal 0.923877 0 -0.38269
    outer loop
      vertex 31.8637 -38 14.9647
      vertex 31.4641 -18 14
      vertex 31.8637 -18 14.9647
    endloop
  endfacet
  facet normal 0.923877 0 -0.38269
    outer loop
      vertex 31.4641 -18 14
      vertex 31.8637 -38 14.9647
      vertex 31.4641 -38 14
    endloop
  endfacet
  facet normal 0.991445 0 -0.130526
    outer loop
      vertex 32 -38 16
      vertex 31.8637 -18 14.9647
      vertex 32 -18 16
    endloop
  endfacet
  facet normal 0.991445 0 -0.130526
    outer loop
      vertex 31.8637 -18 14.9647
      vertex 32 -38 16
      vertex 31.8637 -38 14.9647
    endloop
  endfacet
  facet normal 0.608789 0 -0.793332
    outer loop
      vertex 30 -38 12.5359
      vertex 30.8284 -18 13.1716
      vertex 30.8284 -38 13.1716
    endloop
  endfacet
  facet normal 0.608789 0 -0.793332
    outer loop
      vertex 30.8284 -18 13.1716
      vertex 30 -38 12.5359
      vertex 30 -18 12.5359
    endloop
  endfacet
  facet normal 0.793332 0 -0.608789
    outer loop
      vertex 31.4641 -38 14
      vertex 30.8284 -18 13.1716
      vertex 31.4641 -18 14
    endloop
  endfacet
  facet normal 0.793332 0 -0.608789
    outer loop
      vertex 30.8284 -18 13.1716
      vertex 31.4641 -38 14
      vertex 30.8284 -38 13.1716
    endloop
  endfacet
  facet normal -0.130526 0 -0.991445
    outer loop
      vertex 26.9647 -38 12.1363
      vertex 28 -18 12
      vertex 28 -38 12
    endloop
  endfacet
  facet normal -0.130526 0 -0.991445
    outer loop
      vertex 28 -18 12
      vertex 26.9647 -38 12.1363
      vertex 26.9647 -18 12.1363
    endloop
  endfacet
  facet normal 0.130526 0 -0.991445
    outer loop
      vertex 28 -38 12
      vertex 29.0353 -18 12.1363
      vertex 29.0353 -38 12.1363
    endloop
  endfacet
  facet normal 0.130526 0 -0.991445
    outer loop
      vertex 29.0353 -18 12.1363
      vertex 28 -38 12
      vertex 28 -18 12
    endloop
  endfacet
  facet normal -0.793332 0 -0.608789
    outer loop
      vertex 25.1716 -38 13.1716
      vertex 24.5359 -18 14
      vertex 25.1716 -18 13.1716
    endloop
  endfacet
  facet normal -0.793332 -0 -0.608789
    outer loop
      vertex 24.5359 -18 14
      vertex 25.1716 -38 13.1716
      vertex 24.5359 -38 14
    endloop
  endfacet
  facet normal 0.891005 -0 0.453994
    outer loop
      vertex 30.8316 -32 45.5572
      vertex 31 -31 45.2267
      vertex 30.8316 -31 45.5572
    endloop
  endfacet
  facet normal 0.891005 0 0.453994
    outer loop
      vertex 31 -31 45.2267
      vertex 30.8316 -32 45.5572
      vertex 31 -32 45.2267
    endloop
  endfacet
  facet normal -0.156427 0 0.98769
    outer loop
      vertex 26.9184 -31 46.8287
      vertex 28 -32 47
      vertex 28 -31 47
    endloop
  endfacet
  facet normal -0.156427 0 0.98769
    outer loop
      vertex 28 -32 47
      vertex 26.9184 -31 46.8287
      vertex 26.9184 -32 46.8287
    endloop
  endfacet
  facet normal 0.453996 0 -0.891004
    outer loop
      vertex 29.0816 -32 40.1713
      vertex 30.0572 -31 40.6684
      vertex 30.0572 -32 40.6684
    endloop
  endfacet
  facet normal 0.453996 0 -0.891004
    outer loop
      vertex 30.0572 -31 40.6684
      vertex 29.0816 -32 40.1713
      vertex 29.0816 -31 40.1713
    endloop
  endfacet
  facet normal 0.707107 -0 0.707107
    outer loop
      vertex 30.0572 -32 46.3316
      vertex 30.8316 -31 45.5572
      vertex 30.0572 -31 46.3316
    endloop
  endfacet
  facet normal 0.707107 0 0.707107
    outer loop
      vertex 30.8316 -31 45.5572
      vertex 30.0572 -32 46.3316
      vertex 30.8316 -32 45.5572
    endloop
  endfacet
  facet normal -0.707107 0 0.707107
    outer loop
      vertex 25.1684 -32 45.5572
      vertex 25.9428 -31 46.3316
      vertex 25.1684 -31 45.5572
    endloop
  endfacet
  facet normal -0.707107 0 0.707107
    outer loop
      vertex 25.9428 -31 46.3316
      vertex 25.1684 -32 45.5572
      vertex 25.9428 -32 46.3316
    endloop
  endfacet
  facet normal -0.453996 0 0.891004
    outer loop
      vertex 25.9428 -31 46.3316
      vertex 26.9184 -32 46.8287
      vertex 26.9184 -31 46.8287
    endloop
  endfacet
  facet normal -0.453996 0 0.891004
    outer loop
      vertex 26.9184 -32 46.8287
      vertex 25.9428 -31 46.3316
      vertex 25.9428 -32 46.3316
    endloop
  endfacet
  facet normal 0.707061 0 -0.707152
    outer loop
      vertex 30.0572 -32 40.6684
      vertex 30.8316 -31 41.4427
      vertex 30.8316 -32 41.4427
    endloop
  endfacet
  facet normal 0.707061 0 -0.707152
    outer loop
      vertex 30.8316 -31 41.4427
      vertex 30.0572 -32 40.6684
      vertex 30.0572 -31 40.6684
    endloop
  endfacet
  facet normal -0.891004 0 -0.453996
    outer loop
      vertex 25 -25.5 41.7733
      vertex 24.6713 -24 42.4184
      vertex 25 -24 41.7733
    endloop
  endfacet
  facet normal -0.891004 -0 -0.453996
    outer loop
      vertex 24.6713 -24 42.4184
      vertex 25 -25.5 41.7733
      vertex 24.6713 -25.5 42.4184
    endloop
  endfacet
  facet normal -0.89106 -0 -0.453885
    outer loop
      vertex 25.1684 -31 41.4427
      vertex 25.1684 -32 41.4427
      vertex 25 -31 41.7733
    endloop
  endfacet
  facet normal -0.891004 0 -0.453996
    outer loop
      vertex 25 -31 41.7733
      vertex 24.6713 -30.5 42.4184
      vertex 25 -30.5 41.7733
    endloop
  endfacet
  facet normal -0.891023 3.04831e-05 -0.453959
    outer loop
      vertex 24.6713 -32 42.4184
      vertex 25 -31 41.7733
      vertex 25.1684 -32 41.4427
    endloop
  endfacet
  facet normal -0.891004 0 -0.453996
    outer loop
      vertex 25 -31 41.7733
      vertex 24.6713 -32 42.4184
      vertex 24.6713 -30.5 42.4184
    endloop
  endfacet
  facet normal 0.156427 0 0.98769
    outer loop
      vertex 28 -31 47
      vertex 29.0816 -32 46.8287
      vertex 29.0816 -31 46.8287
    endloop
  endfacet
  facet normal 0.156427 0 0.98769
    outer loop
      vertex 29.0816 -32 46.8287
      vertex 28 -31 47
      vertex 28 -32 47
    endloop
  endfacet
  facet normal 0.453996 0 0.891004
    outer loop
      vertex 29.0816 -31 46.8287
      vertex 30.0572 -32 46.3316
      vertex 30.0572 -31 46.3316
    endloop
  endfacet
  facet normal 0.453996 0 0.891004
    outer loop
      vertex 30.0572 -32 46.3316
      vertex 29.0816 -31 46.8287
      vertex 29.0816 -32 46.8287
    endloop
  endfacet
  facet normal -0.891004 0 0.453996
    outer loop
      vertex 24.6713 -25.5 44.5816
      vertex 25 -24 45.2267
      vertex 24.6713 -24 44.5816
    endloop
  endfacet
  facet normal -0.891004 0 0.453996
    outer loop
      vertex 25 -24 45.2267
      vertex 24.6713 -25.5 44.5816
      vertex 25 -25.5 45.2267
    endloop
  endfacet
  facet normal -0.891004 0 0.453996
    outer loop
      vertex 24.6713 -30.5 44.5816
      vertex 25 -31 45.2267
      vertex 25 -30.5 45.2267
    endloop
  endfacet
  facet normal -0.891004 0 0.453996
    outer loop
      vertex 24.6713 -32 44.5816
      vertex 25 -31 45.2267
      vertex 24.6713 -30.5 44.5816
    endloop
  endfacet
  facet normal -0.891004 4.65777e-07 0.453996
    outer loop
      vertex 25.1684 -32 45.5572
      vertex 25 -31 45.2267
      vertex 24.6713 -32 44.5816
    endloop
  endfacet
  facet normal -0.891005 0 0.453994
    outer loop
      vertex 25 -31 45.2267
      vertex 25.1684 -32 45.5572
      vertex 25.1684 -31 45.5572
    endloop
  endfacet
  facet normal 0 1 0
    outer loop
      vertex 25 -24 45.2267
      vertex 24.5 -24 43.5
      vertex 24.6713 -24 44.5816
    endloop
  endfacet
  facet normal 0 1 -0
    outer loop
      vertex 25 -24 41.7733
      vertex 24.5 -24 43.5
      vertex 25 -24 45.2267
    endloop
  endfacet
  facet normal 0 1 0
    outer loop
      vertex 24.5 -24 43.5
      vertex 25 -24 41.7733
      vertex 24.6713 -24 42.4184
    endloop
  endfacet
  facet normal 0 -1 0
    outer loop
      vertex 26.9184 -32 46.8287
      vertex 29.0816 -32 46.8287
      vertex 28 -32 47
    endloop
  endfacet
  facet normal 0 -1 0
    outer loop
      vertex 25.9428 -32 46.3316
      vertex 29.0816 -32 46.8287
      vertex 26.9184 -32 46.8287
    endloop
  endfacet
  facet normal 0 -1 0
    outer loop
      vertex 31 -32 45.2267
      vertex 29.0816 -32 46.8287
      vertex 25.9428 -32 46.3316
    endloop
  endfacet
  facet normal 0 -1 0
    outer loop
      vertex 31 -32 45.2267
      vertex 25.9428 -32 46.3316
      vertex 25.1684 -32 45.5572
    endloop
  endfacet
  facet normal 0 -1 0
    outer loop
      vertex 29.0816 -32 46.8287
      vertex 31 -32 45.2267
      vertex 30.0572 -32 46.3316
    endloop
  endfacet
  facet normal 0 -1 0
    outer loop
      vertex 30.0572 -32 46.3316
      vertex 31 -32 45.2267
      vertex 30.8316 -32 45.5572
    endloop
  endfacet
  facet normal 0 -1 0
    outer loop
      vertex 24.6713 -32 44.5816
      vertex 31 -32 45.2267
      vertex 25.1684 -32 45.5572
    endloop
  endfacet
  facet normal 0 -1 0
    outer loop
      vertex 24.5 -32 43.5
      vertex 31 -32 45.2267
      vertex 24.6713 -32 44.5816
    endloop
  endfacet
  facet normal 0 -1 0
    outer loop
      vertex 24.6713 -32 42.4184
      vertex 31 -32 45.2267
      vertex 24.5 -32 43.5
    endloop
  endfacet
  facet normal 0 -1 0
    outer loop
      vertex 24.6713 -32 42.4184
      vertex 31 -32 41.7733
      vertex 31 -32 45.2267
    endloop
  endfacet
  facet normal 0 -1 0
    outer loop
      vertex 25.1684 -32 41.4427
      vertex 31 -32 41.7733
      vertex 24.6713 -32 42.4184
    endloop
  endfacet
  facet normal 0 -1 0
    outer loop
      vertex 25.9428 -32 40.6684
      vertex 31 -32 41.7733
      vertex 25.1684 -32 41.4427
    endloop
  endfacet
  facet normal 0 -1 0
    outer loop
      vertex 26.9184 -32 40.1713
      vertex 31 -32 41.7733
      vertex 25.9428 -32 40.6684
    endloop
  endfacet
  facet normal 0 -1 0
    outer loop
      vertex 31 -32 41.7733
      vertex 30.0572 -32 40.6684
      vertex 30.8316 -32 41.4427
    endloop
  endfacet
  facet normal 0 -1 0
    outer loop
      vertex 29.0816 -32 40.1713
      vertex 31 -32 41.7733
      vertex 26.9184 -32 40.1713
    endloop
  endfacet
  facet normal 0 -1 0
    outer loop
      vertex 31 -32 41.7733
      vertex 29.0816 -32 40.1713
      vertex 30.0572 -32 40.6684
    endloop
  endfacet
  facet normal -0 -1 0
    outer loop
      vertex 29.0816 -32 40.1713
      vertex 26.9184 -32 40.1713
      vertex 28 -32 40
    endloop
  endfacet
  facet normal -0.453996 0 -0.891004
    outer loop
      vertex 25.9428 -32 40.6684
      vertex 26.9184 -31 40.1713
      vertex 26.9184 -32 40.1713
    endloop
  endfacet
  facet normal -0.453996 0 -0.891004
    outer loop
      vertex 26.9184 -31 40.1713
      vertex 25.9428 -32 40.6684
      vertex 25.9428 -31 40.6684
    endloop
  endfacet
  facet normal -0.707061 0 -0.707152
    outer loop
      vertex 25.1684 -32 41.4427
      vertex 25.9428 -31 40.6684
      vertex 25.9428 -32 40.6684
    endloop
  endfacet
  facet normal -0.707061 0 -0.707152
    outer loop
      vertex 25.9428 -31 40.6684
      vertex 25.1684 -32 41.4427
      vertex 25.1684 -31 41.4427
    endloop
  endfacet
  facet normal -0.98769 0 0.156427
    outer loop
      vertex 24.5 -25.5 43.5
      vertex 24.6713 -24 44.5816
      vertex 24.5 -24 43.5
    endloop
  endfacet
  facet normal -0.98769 0 0.156427
    outer loop
      vertex 24.6713 -24 44.5816
      vertex 24.5 -25.5 43.5
      vertex 24.6713 -25.5 44.5816
    endloop
  endfacet
  facet normal -0.98769 0 0.156427
    outer loop
      vertex 24.5 -32 43.5
      vertex 24.6713 -30.5 44.5816
      vertex 24.5 -30.5 43.5
    endloop
  endfacet
  facet normal -0.98769 0 0.156427
    outer loop
      vertex 24.6713 -30.5 44.5816
      vertex 24.5 -32 43.5
      vertex 24.6713 -32 44.5816
    endloop
  endfacet
  facet normal -0.98769 0 -0.156427
    outer loop
      vertex 24.6713 -25.5 42.4184
      vertex 24.5 -24 43.5
      vertex 24.6713 -24 42.4184
    endloop
  endfacet
  facet normal -0.98769 -0 -0.156427
    outer loop
      vertex 24.5 -24 43.5
      vertex 24.6713 -25.5 42.4184
      vertex 24.5 -25.5 43.5
    endloop
  endfacet
  facet normal -0.98769 0 -0.156427
    outer loop
      vertex 24.6713 -32 42.4184
      vertex 24.5 -30.5 43.5
      vertex 24.6713 -30.5 42.4184
    endloop
  endfacet
  facet normal -0.98769 -0 -0.156427
    outer loop
      vertex 24.5 -30.5 43.5
      vertex 24.6713 -32 42.4184
      vertex 24.5 -32 43.5
    endloop
  endfacet
  facet normal 0.89106 0 -0.453885
    outer loop
      vertex 31 -32 41.7733
      vertex 30.8316 -31 41.4427
      vertex 31 -31 41.7733
    endloop
  endfacet
  facet normal 0.89106 0 -0.453885
    outer loop
      vertex 30.8316 -31 41.4427
      vertex 31 -32 41.7733
      vertex 30.8316 -32 41.4427
    endloop
  endfacet
  facet normal -0.156427 0 -0.98769
    outer loop
      vertex 26.9184 -32 40.1713
      vertex 28 -31 40
      vertex 28 -32 40
    endloop
  endfacet
  facet normal -0.156427 0 -0.98769
    outer loop
      vertex 28 -31 40
      vertex 26.9184 -32 40.1713
      vertex 26.9184 -31 40.1713
    endloop
  endfacet
  facet normal 0.156427 0 -0.98769
    outer loop
      vertex 28 -32 40
      vertex 29.0816 -31 40.1713
      vertex 29.0816 -32 40.1713
    endloop
  endfacet
  facet normal 0.156427 0 -0.98769
    outer loop
      vertex 29.0816 -31 40.1713
      vertex 28 -32 40
      vertex 28 -31 40
    endloop
  endfacet
  facet normal 0 1 0
    outer loop
      vertex -31.3287 30.5 44.5816
      vertex -31 30.5 46.5
      vertex -31 30.5 45.2267
    endloop
  endfacet
  facet normal 0 1 0
    outer loop
      vertex -31 30.5 46.5
      vertex -31.3287 30.5 44.5816
      vertex -40 30.5 46.5
    endloop
  endfacet
  facet normal 0 1 -0
    outer loop
      vertex -31.5 30.5 43.5
      vertex -40 30.5 46.5
      vertex -31.3287 30.5 44.5816
    endloop
  endfacet
  facet normal 0 1 0
    outer loop
      vertex -40 30.5 40.5
      vertex -31.5 30.5 43.5
      vertex -31.3287 30.5 42.4184
    endloop
  endfacet
  facet normal 0 1 -0
    outer loop
      vertex -31 30.5 40.5
      vertex -31.3287 30.5 42.4184
      vertex -31 30.5 41.7733
    endloop
  endfacet
  facet normal 0 1 0
    outer loop
      vertex -31.3287 30.5 42.4184
      vertex -31 30.5 40.5
      vertex -40 30.5 40.5
    endloop
  endfacet
  facet normal 0 1 0
    outer loop
      vertex -31.5 30.5 43.5
      vertex -40 30.5 40.5
      vertex -40 30.5 46.5
    endloop
  endfacet
  facet normal 0 1 -0
    outer loop
      vertex -25 30.5 26
      vertex -31 30.5 38.5
      vertex -25 30.5 38.5
    endloop
  endfacet
  facet normal 0 1 0
    outer loop
      vertex -31 30.5 38.5
      vertex -25 30.5 26
      vertex -31 30.5 26
    endloop
  endfacet
  facet normal 0 1 0
    outer loop
      vertex 25 30.5 46.5
      vertex 10.0572 30.5 46.3316
      vertex 9.72666 30.5 46.5
    endloop
  endfacet
  facet normal 0 1 0
    outer loop
      vertex 25 30.5 46.5
      vertex 10.8316 30.5 45.5572
      vertex 10.0572 30.5 46.3316
    endloop
  endfacet
  facet normal 0 1 0
    outer loop
      vertex 24.6713 30.5 44.5816
      vertex 25 30.5 46.5
      vertex 25 30.5 45.2267
    endloop
  endfacet
  facet normal 0 1 0
    outer loop
      vertex 25 30.5 46.5
      vertex 24.6713 30.5 44.5816
      vertex 11.3287 30.5 44.5816
    endloop
  endfacet
  facet normal 0 1 0
    outer loop
      vertex 25 30.5 46.5
      vertex 11.3287 30.5 44.5816
      vertex 10.8316 30.5 45.5572
    endloop
  endfacet
  facet normal 0 1 -0
    outer loop
      vertex 24.5 30.5 43.5
      vertex 11.3287 30.5 44.5816
      vertex 24.6713 30.5 44.5816
    endloop
  endfacet
  facet normal 0 1 0
    outer loop
      vertex 24.5 30.5 43.5
      vertex 11.5 30.5 43.5
      vertex 11.3287 30.5 44.5816
    endloop
  endfacet
  facet normal 0 1 0
    outer loop
      vertex 24.6713 30.5 42.4184
      vertex 11.5 30.5 43.5
      vertex 24.5 30.5 43.5
    endloop
  endfacet
  facet normal 0 1 0
    outer loop
      vertex 24.6713 30.5 42.4184
      vertex 11.3287 30.5 42.4184
      vertex 11.5 30.5 43.5
    endloop
  endfacet
  facet normal 0 1 -0
    outer loop
      vertex 25 30.5 40.5
      vertex 24.6713 30.5 42.4184
      vertex 25 30.5 41.7733
    endloop
  endfacet
  facet normal 0 1 0
    outer loop
      vertex 24.6713 30.5 42.4184
      vertex 25 30.5 40.5
      vertex 11.3287 30.5 42.4184
    endloop
  endfacet
  facet normal 0 1 0
    outer loop
      vertex 11.3287 30.5 42.4184
      vertex 11 30.5 40.5
      vertex 10.8316 30.5 41.4427
    endloop
  endfacet
  facet normal 0 1 0
    outer loop
      vertex 11.3287 30.5 42.4184
      vertex 25 30.5 40.5
      vertex 11 30.5 40.5
    endloop
  endfacet
  facet normal 0 1 0
    outer loop
      vertex 10.8316 30.5 41.4427
      vertex 11 30.5 40.5
      vertex 10.0572 30.5 40.6684
    endloop
  endfacet
  facet normal 0 1 0
    outer loop
      vertex 11 30.5 40.5
      vertex 9.08156 30.5 40.1713
      vertex 10.0572 30.5 40.6684
    endloop
  endfacet
  facet normal 0 1 0
    outer loop
      vertex 9.08156 30.5 40.1713
      vertex 11 30.5 26
      vertex 8 30.5 40
    endloop
  endfacet
  facet normal 0 1 -0
    outer loop
      vertex 11 30.5 26
      vertex 9.08156 30.5 40.1713
      vertex 11 30.5 40.5
    endloop
  endfacet
  facet normal 0 1 0
    outer loop
      vertex 6.91844 30.5 40.1713
      vertex 5 30.5 40.5
      vertex 5.94275 30.5 40.6684
    endloop
  endfacet
  facet normal 0 1 0
    outer loop
      vertex 5 30.5 26
      vertex 8 30.5 40
      vertex 11 30.5 26
    endloop
  endfacet
  facet normal 0 1 0
    outer loop
      vertex 8 30.5 40
      vertex 5 30.5 26
      vertex 6.91844 30.5 40.1713
    endloop
  endfacet
  facet normal 0 1 0
    outer loop
      vertex 6.91844 30.5 40.1713
      vertex 5 30.5 26
      vertex 5 30.5 40.5
    endloop
  endfacet
  facet normal 0 1 -0
    outer loop
      vertex 5.94275 30.5 46.3316
      vertex 3 30.5 46.5
      vertex 6.27333 30.5 46.5
    endloop
  endfacet
  facet normal 0 1 -0
    outer loop
      vertex 5.16844 30.5 45.5572
      vertex 3 30.5 46.5
      vertex 5.94275 30.5 46.3316
    endloop
  endfacet
  facet normal 0 1 -0
    outer loop
      vertex 4.6713 30.5 44.5816
      vertex 3 30.5 46.5
      vertex 5.16844 30.5 45.5572
    endloop
  endfacet
  facet normal 0 1 -0
    outer loop
      vertex 4.5 30.5 43.5
      vertex 3 30.5 46.5
      vertex 4.6713 30.5 44.5816
    endloop
  endfacet
  facet normal 0 1 0
    outer loop
      vertex 3 30.5 40.5
      vertex 4.5 30.5 43.5
      vertex 4.6713 30.5 42.4184
    endloop
  endfacet
  facet normal 0 1 0
    outer loop
      vertex 5 30.5 40.5
      vertex 5.16844 30.5 41.4427
      vertex 5.94275 30.5 40.6684
    endloop
  endfacet
  facet normal 0 1 0
    outer loop
      vertex 3 30.5 40.5
      vertex 5.16844 30.5 41.4427
      vertex 5 30.5 40.5
    endloop
  endfacet
  facet normal 0 1 0
    outer loop
      vertex 5.16844 30.5 41.4427
      vertex 3 30.5 40.5
      vertex 4.6713 30.5 42.4184
    endloop
  endfacet
  facet normal 0 1 0
    outer loop
      vertex 4.5 30.5 43.5
      vertex 3 30.5 40.5
      vertex 3 30.5 46.5
    endloop
  endfacet
  facet normal 0 1 0
    outer loop
      vertex -3 30.5 46.5
      vertex -5.94275 30.5 46.3316
      vertex -6.27333 30.5 46.5
    endloop
  endfacet
  facet normal 0 1 0
    outer loop
      vertex -3 30.5 46.5
      vertex -5.16844 30.5 45.5572
      vertex -5.94275 30.5 46.3316
    endloop
  endfacet
  facet normal 0 1 0
    outer loop
      vertex -3 30.5 46.5
      vertex -4.6713 30.5 44.5816
      vertex -5.16844 30.5 45.5572
    endloop
  endfacet
  facet normal 0 1 0
    outer loop
      vertex -3 30.5 46.5
      vertex -4.5 30.5 43.5
      vertex -4.6713 30.5 44.5816
    endloop
  endfacet
  facet normal 0 1 -0
    outer loop
      vertex -3 30.5 40.5
      vertex -4.5 30.5 43.5
      vertex -3 30.5 46.5
    endloop
  endfacet
  facet normal 0 1 0
    outer loop
      vertex -4.5 30.5 43.5
      vertex -3 30.5 40.5
      vertex -4.6713 30.5 42.4184
    endloop
  endfacet
  facet normal 0 1 0
    outer loop
      vertex -3 30.5 40.5
      vertex -5.16844 30.5 41.4427
      vertex -4.6713 30.5 42.4184
    endloop
  endfacet
  facet normal 0 1 -0
    outer loop
      vertex -5 30.5 40.5
      vertex -5.16844 30.5 41.4427
      vertex -3 30.5 40.5
    endloop
  endfacet
  facet normal 0 1 0
    outer loop
      vertex -5.16844 30.5 41.4427
      vertex -5 30.5 40.5
      vertex -5.94275 30.5 40.6684
    endloop
  endfacet
  facet normal 0 1 0
    outer loop
      vertex -5 30.5 40.5
      vertex -6.91844 30.5 40.1713
      vertex -5.94275 30.5 40.6684
    endloop
  endfacet
  facet normal 0 1 0
    outer loop
      vertex -6.91844 30.5 40.1713
      vertex -5 30.5 26
      vertex -8 30.5 40
    endloop
  endfacet
  facet normal 0 1 -0
    outer loop
      vertex -5 30.5 26
      vertex -6.91844 30.5 40.1713
      vertex -5 30.5 40.5
    endloop
  endfacet
  facet normal 0 1 0
    outer loop
      vertex -9.08156 30.5 40.1713
      vertex -11 30.5 40.5
      vertex -10.0572 30.5 40.6684
    endloop
  endfacet
  facet normal 0 1 0
    outer loop
      vertex -11 30.5 26
      vertex -8 30.5 40
      vertex -5 30.5 26
    endloop
  endfacet
  facet normal 0 1 0
    outer loop
      vertex -8 30.5 40
      vertex -11 30.5 26
      vertex -9.08156 30.5 40.1713
    endloop
  endfacet
  facet normal 0 1 0
    outer loop
      vertex -9.08156 30.5 40.1713
      vertex -11 30.5 26
      vertex -11 30.5 40.5
    endloop
  endfacet
  facet normal 0 1 -0
    outer loop
      vertex -10.0572 30.5 46.3316
      vertex -25 30.5 46.5
      vertex -9.72666 30.5 46.5
    endloop
  endfacet
  facet normal 0 1 -0
    outer loop
      vertex -10.8316 30.5 45.5572
      vertex -25 30.5 46.5
      vertex -10.0572 30.5 46.3316
    endloop
  endfacet
  facet normal 0 1 -0
    outer loop
      vertex -11.3287 30.5 44.5816
      vertex -25 30.5 46.5
      vertex -10.8316 30.5 45.5572
    endloop
  endfacet
  facet normal 0 1 -0
    outer loop
      vertex -24.6713 30.5 44.5816
      vertex -25 30.5 46.5
      vertex -11.3287 30.5 44.5816
    endloop
  endfacet
  facet normal 0 1 0
    outer loop
      vertex -25 30.5 46.5
      vertex -24.6713 30.5 44.5816
      vertex -25 30.5 45.2267
    endloop
  endfacet
  facet normal 0 1 -0
    outer loop
      vertex -11.5 30.5 43.5
      vertex -24.6713 30.5 44.5816
      vertex -11.3287 30.5 44.5816
    endloop
  endfacet
  facet normal 0 1 0
    outer loop
      vertex -11.5 30.5 43.5
      vertex -24.5 30.5 43.5
      vertex -24.6713 30.5 44.5816
    endloop
  endfacet
  facet normal 0 1 0
    outer loop
      vertex -11.3287 30.5 42.4184
      vertex -24.5 30.5 43.5
      vertex -11.5 30.5 43.5
    endloop
  endfacet
  facet normal 0 1 0
    outer loop
      vertex -11.3287 30.5 42.4184
      vertex -24.6713 30.5 42.4184
      vertex -24.5 30.5 43.5
    endloop
  endfacet
  facet normal 0 1 0
    outer loop
      vertex -25 30.5 40.5
      vertex -24.6713 30.5 42.4184
      vertex -11.3287 30.5 42.4184
    endloop
  endfacet
  facet normal 0 1 -0
    outer loop
      vertex -11 30.5 40.5
      vertex -11.3287 30.5 42.4184
      vertex -10.8316 30.5 41.4427
    endloop
  endfacet
  facet normal 0 1 0
    outer loop
      vertex -11 30.5 40.5
      vertex -10.8316 30.5 41.4427
      vertex -10.0572 30.5 40.6684
    endloop
  endfacet
  facet normal 0 1 0
    outer loop
      vertex -25 30.5 40.5
      vertex -11.3287 30.5 42.4184
      vertex -11 30.5 40.5
    endloop
  endfacet
  facet normal 0 1 0
    outer loop
      vertex -24.6713 30.5 42.4184
      vertex -25 30.5 40.5
      vertex -25 30.5 41.7733
    endloop
  endfacet
  facet normal 0 1 -0
    outer loop
      vertex 31 30.5 26
      vertex 25 30.5 38.5
      vertex 31 30.5 38.5
    endloop
  endfacet
  facet normal 0 1 0
    outer loop
      vertex 25 30.5 38.5
      vertex 31 30.5 26
      vertex 25 30.5 26
    endloop
  endfacet
  facet normal 0 0 -1
    outer loop
      vertex -25 25.5 26
      vertex -26 28 26
      vertex -25 30.5 26
    endloop
  endfacet
  facet normal 0 0 -1
    outer loop
      vertex -25 25.5 26
      vertex -26.1522 27.2346 26
      vertex -26 28 26
    endloop
  endfacet
  facet normal 0 0 -1
    outer loop
      vertex -25 25.5 26
      vertex -26.5858 26.5858 26
      vertex -26.1522 27.2346 26
    endloop
  endfacet
  facet normal 0 0 -1
    outer loop
      vertex -25 25.5 26
      vertex -27.2346 26.1522 26
      vertex -26.5858 26.5858 26
    endloop
  endfacet
  facet normal 0 0 -1
    outer loop
      vertex -25 25.5 26
      vertex -28 26 26
      vertex -27.2346 26.1522 26
    endloop
  endfacet
  facet normal -0 0 -1
    outer loop
      vertex -29.8478 27.2346 26
      vertex -31 25.5 26
      vertex -30 28 26
    endloop
  endfacet
  facet normal -0 0 -1
    outer loop
      vertex -29.4142 26.5858 26
      vertex -31 25.5 26
      vertex -29.8478 27.2346 26
    endloop
  endfacet
  facet normal -0 0 -1
    outer loop
      vertex -28.7654 26.1522 26
      vertex -31 25.5 26
      vertex -29.4142 26.5858 26
    endloop
  endfacet
  facet normal -0 0 -1
    outer loop
      vertex -28 26 26
      vertex -31 25.5 26
      vertex -28.7654 26.1522 26
    endloop
  endfacet
  facet normal 0 0 -1
    outer loop
      vertex -31 25.5 26
      vertex -28 26 26
      vertex -25 25.5 26
    endloop
  endfacet
  facet normal 0 0 -1
    outer loop
      vertex -26.1522 28.7654 26
      vertex -25 30.5 26
      vertex -26 28 26
    endloop
  endfacet
  facet normal 0 0 -1
    outer loop
      vertex -26.5858 29.4142 26
      vertex -25 30.5 26
      vertex -26.1522 28.7654 26
    endloop
  endfacet
  facet normal 0 0 -1
    outer loop
      vertex -27.2346 29.8478 26
      vertex -25 30.5 26
      vertex -26.5858 29.4142 26
    endloop
  endfacet
  facet normal 0 0 -1
    outer loop
      vertex -28 30 26
      vertex -25 30.5 26
      vertex -27.2346 29.8478 26
    endloop
  endfacet
  facet normal 0 0 -1
    outer loop
      vertex -31 30.5 26
      vertex -30 28 26
      vertex -31 25.5 26
    endloop
  endfacet
  facet normal 0 0 -1
    outer loop
      vertex -28 30 26
      vertex -31 30.5 26
      vertex -25 30.5 26
    endloop
  endfacet
  facet normal 0 0 -1
    outer loop
      vertex -28.7654 29.8478 26
      vertex -31 30.5 26
      vertex -28 30 26
    endloop
  endfacet
  facet normal 0 0 -1
    outer loop
      vertex -29.4142 29.4142 26
      vertex -31 30.5 26
      vertex -28.7654 29.8478 26
    endloop
  endfacet
  facet normal 0 0 -1
    outer loop
      vertex -29.8478 28.7654 26
      vertex -31 30.5 26
      vertex -29.4142 29.4142 26
    endloop
  endfacet
  facet normal 0 0 -1
    outer loop
      vertex -30 28 26
      vertex -31 30.5 26
      vertex -29.8478 28.7654 26
    endloop
  endfacet
  facet normal 0 -1 0
    outer loop
      vertex -31.3287 25.5 44.5816
      vertex -31 25.5 46.5
      vertex -40 25.5 46.5
    endloop
  endfacet
  facet normal 0 -1 -0
    outer loop
      vertex -31 25.5 46.5
      vertex -31.3287 25.5 44.5816
      vertex -31 25.5 45.2267
    endloop
  endfacet
  facet normal 0 -1 0
    outer loop
      vertex -40 25.5 46.5
      vertex -31.5 25.5 43.5
      vertex -31.3287 25.5 44.5816
    endloop
  endfacet
  facet normal 0 -1 0
    outer loop
      vertex -40 25.5 40.5
      vertex -31.5 25.5 43.5
      vertex -40 25.5 46.5
    endloop
  endfacet
  facet normal 0 -1 -0
    outer loop
      vertex -31.5 25.5 43.5
      vertex -40 25.5 40.5
      vertex -31.3287 25.5 42.4184
    endloop
  endfacet
  facet normal 0 -1 0
    outer loop
      vertex -31 25.5 40.5
      vertex -31.3287 25.5 42.4184
      vertex -40 25.5 40.5
    endloop
  endfacet
  facet normal 0 -1 0
    outer loop
      vertex -31.3287 25.5 42.4184
      vertex -31 25.5 40.5
      vertex -31 25.5 41.7733
    endloop
  endfacet
  facet normal 0 -1 0
    outer loop
      vertex -31 25.5 26
      vertex -25 25.5 38.5
      vertex -31 25.5 38.5
    endloop
  endfacet
  facet normal 0 -1 -0
    outer loop
      vertex -25 25.5 38.5
      vertex -31 25.5 26
      vertex -25 25.5 26
    endloop
  endfacet
  facet normal 0 -1 0
    outer loop
      vertex 3 25.5 46.5
      vertex 5.94275 25.5 46.3316
      vertex 6.27333 25.5 46.5
    endloop
  endfacet
  facet normal 0 -1 0
    outer loop
      vertex 3 25.5 46.5
      vertex 5.16844 25.5 45.5572
      vertex 5.94275 25.5 46.3316
    endloop
  endfacet
  facet normal 0 -1 0
    outer loop
      vertex 3 25.5 46.5
      vertex 4.6713 25.5 44.5816
      vertex 5.16844 25.5 45.5572
    endloop
  endfacet
  facet normal 0 -1 0
    outer loop
      vertex 3 25.5 46.5
      vertex 4.5 25.5 43.5
      vertex 4.6713 25.5 44.5816
    endloop
  endfacet
  facet normal 0 -1 0
    outer loop
      vertex 3 25.5 40.5
      vertex 4.5 25.5 43.5
      vertex 3 25.5 46.5
    endloop
  endfacet
  facet normal 0 -1 -0
    outer loop
      vertex 4.5 25.5 43.5
      vertex 3 25.5 40.5
      vertex 4.6713 25.5 42.4184
    endloop
  endfacet
  facet normal 0 -1 0
    outer loop
      vertex 3 25.5 40.5
      vertex 5.16844 25.5 41.4427
      vertex 4.6713 25.5 42.4184
    endloop
  endfacet
  facet normal 0 -1 0
    outer loop
      vertex 5 25.5 40.5
      vertex 5.16844 25.5 41.4427
      vertex 3 25.5 40.5
    endloop
  endfacet
  facet normal 0 -1 -0
    outer loop
      vertex 5.16844 25.5 41.4427
      vertex 5 25.5 40.5
      vertex 5.94275 25.5 40.6684
    endloop
  endfacet
  facet normal 0 -1 0
    outer loop
      vertex 5 25.5 40.5
      vertex 6.91844 25.5 40.1713
      vertex 5.94275 25.5 40.6684
    endloop
  endfacet
  facet normal 0 -1 -0
    outer loop
      vertex 6.91844 25.5 40.1713
      vertex 5 25.5 26
      vertex 8 25.5 40
    endloop
  endfacet
  facet normal 0 -1 0
    outer loop
      vertex 5 25.5 26
      vertex 6.91844 25.5 40.1713
      vertex 5 25.5 40.5
    endloop
  endfacet
  facet normal 0 -1 0
    outer loop
      vertex 9.08156 25.5 40.1713
      vertex 11 25.5 40.5
      vertex 10.0572 25.5 40.6684
    endloop
  endfacet
  facet normal 0 -1 0
    outer loop
      vertex 11 25.5 26
      vertex 8 25.5 40
      vertex 5 25.5 26
    endloop
  endfacet
  facet normal 0 -1 0
    outer loop
      vertex 8 25.5 40
      vertex 11 25.5 26
      vertex 9.08156 25.5 40.1713
    endloop
  endfacet
  facet normal 0 -1 0
    outer loop
      vertex 9.08156 25.5 40.1713
      vertex 11 25.5 26
      vertex 11 25.5 40.5
    endloop
  endfacet
  facet normal 0 -1 0
    outer loop
      vertex 10.0572 25.5 46.3316
      vertex 25 25.5 46.5
      vertex 9.72666 25.5 46.5
    endloop
  endfacet
  facet normal 0 -1 0
    outer loop
      vertex 10.8316 25.5 45.5572
      vertex 25 25.5 46.5
      vertex 10.0572 25.5 46.3316
    endloop
  endfacet
  facet normal 0 -1 0
    outer loop
      vertex 11.3287 25.5 44.5816
      vertex 25 25.5 46.5
      vertex 10.8316 25.5 45.5572
    endloop
  endfacet
  facet normal 0 -1 0
    outer loop
      vertex 24.6713 25.5 44.5816
      vertex 25 25.5 46.5
      vertex 11.3287 25.5 44.5816
    endloop
  endfacet
  facet normal 0 -1 -0
    outer loop
      vertex 25 25.5 46.5
      vertex 24.6713 25.5 44.5816
      vertex 25 25.5 45.2267
    endloop
  endfacet
  facet normal 0 -1 0
    outer loop
      vertex 11.5 25.5 43.5
      vertex 24.6713 25.5 44.5816
      vertex 11.3287 25.5 44.5816
    endloop
  endfacet
  facet normal 0 -1 0
    outer loop
      vertex 11.5 25.5 43.5
      vertex 24.5 25.5 43.5
      vertex 24.6713 25.5 44.5816
    endloop
  endfacet
  facet normal 0 -1 0
    outer loop
      vertex 11.3287 25.5 42.4184
      vertex 24.5 25.5 43.5
      vertex 11.5 25.5 43.5
    endloop
  endfacet
  facet normal 0 -1 0
    outer loop
      vertex 11.3287 25.5 42.4184
      vertex 24.6713 25.5 42.4184
      vertex 24.5 25.5 43.5
    endloop
  endfacet
  facet normal 0 -1 0
    outer loop
      vertex 25 25.5 40.5
      vertex 24.6713 25.5 42.4184
      vertex 11.3287 25.5 42.4184
    endloop
  endfacet
  facet normal 0 -1 0
    outer loop
      vertex 11 25.5 40.5
      vertex 11.3287 25.5 42.4184
      vertex 10.8316 25.5 41.4427
    endloop
  endfacet
  facet normal 0 -1 0
    outer loop
      vertex 11 25.5 40.5
      vertex 10.8316 25.5 41.4427
      vertex 10.0572 25.5 40.6684
    endloop
  endfacet
  facet normal 0 -1 0
    outer loop
      vertex 25 25.5 40.5
      vertex 11.3287 25.5 42.4184
      vertex 11 25.5 40.5
    endloop
  endfacet
  facet normal 0 -1 0
    outer loop
      vertex 24.6713 25.5 42.4184
      vertex 25 25.5 40.5
      vertex 25 25.5 41.7733
    endloop
  endfacet
  facet normal 0 -1 0
    outer loop
      vertex -25 25.5 46.5
      vertex -10.0572 25.5 46.3316
      vertex -9.72666 25.5 46.5
    endloop
  endfacet
  facet normal 0 -1 0
    outer loop
      vertex -25 25.5 46.5
      vertex -10.8316 25.5 45.5572
      vertex -10.0572 25.5 46.3316
    endloop
  endfacet
  facet normal 0 -1 0
    outer loop
      vertex -24.6713 25.5 44.5816
      vertex -25 25.5 46.5
      vertex -25 25.5 45.2267
    endloop
  endfacet
  facet normal 0 -1 0
    outer loop
      vertex -25 25.5 46.5
      vertex -24.6713 25.5 44.5816
      vertex -11.3287 25.5 44.5816
    endloop
  endfacet
  facet normal 0 -1 0
    outer loop
      vertex -25 25.5 46.5
      vertex -11.3287 25.5 44.5816
      vertex -10.8316 25.5 45.5572
    endloop
  endfacet
  facet normal 0 -1 0
    outer loop
      vertex -24.5 25.5 43.5
      vertex -11.3287 25.5 44.5816
      vertex -24.6713 25.5 44.5816
    endloop
  endfacet
  facet normal 0 -1 0
    outer loop
      vertex -24.5 25.5 43.5
      vertex -11.5 25.5 43.5
      vertex -11.3287 25.5 44.5816
    endloop
  endfacet
  facet normal 0 -1 0
    outer loop
      vertex -24.6713 25.5 42.4184
      vertex -11.5 25.5 43.5
      vertex -24.5 25.5 43.5
    endloop
  endfacet
  facet normal 0 -1 0
    outer loop
      vertex -24.6713 25.5 42.4184
      vertex -11.3287 25.5 42.4184
      vertex -11.5 25.5 43.5
    endloop
  endfacet
  facet normal 0 -1 0
    outer loop
      vertex -25 25.5 40.5
      vertex -24.6713 25.5 42.4184
      vertex -25 25.5 41.7733
    endloop
  endfacet
  facet normal 0 -1 -0
    outer loop
      vertex -24.6713 25.5 42.4184
      vertex -25 25.5 40.5
      vertex -11.3287 25.5 42.4184
    endloop
  endfacet
  facet normal 0 -1 0
    outer loop
      vertex -11.3287 25.5 42.4184
      vertex -11 25.5 40.5
      vertex -10.8316 25.5 41.4427
    endloop
  endfacet
  facet normal 0 -1 -0
    outer loop
      vertex -11.3287 25.5 42.4184
      vertex -25 25.5 40.5
      vertex -11 25.5 40.5
    endloop
  endfacet
  facet normal 0 -1 -0
    outer loop
      vertex -10.8316 25.5 41.4427
      vertex -11 25.5 40.5
      vertex -10.0572 25.5 40.6684
    endloop
  endfacet
  facet normal 0 -1 0
    outer loop
      vertex -11 25.5 40.5
      vertex -9.08156 25.5 40.1713
      vertex -10.0572 25.5 40.6684
    endloop
  endfacet
  facet normal 0 -1 -0
    outer loop
      vertex -9.08156 25.5 40.1713
      vertex -11 25.5 26
      vertex -8 25.5 40
    endloop
  endfacet
  facet normal 0 -1 0
    outer loop
      vertex -11 25.5 26
      vertex -9.08156 25.5 40.1713
      vertex -11 25.5 40.5
    endloop
  endfacet
  facet normal 0 -1 0
    outer loop
      vertex -6.91844 25.5 40.1713
      vertex -5 25.5 40.5
      vertex -5.94275 25.5 40.6684
    endloop
  endfacet
  facet normal 0 -1 0
    outer loop
      vertex -5 25.5 26
      vertex -8 25.5 40
      vertex -11 25.5 26
    endloop
  endfacet
  facet normal 0 -1 0
    outer loop
      vertex -8 25.5 40
      vertex -5 25.5 26
      vertex -6.91844 25.5 40.1713
    endloop
  endfacet
  facet normal 0 -1 0
    outer loop
      vertex -6.91844 25.5 40.1713
      vertex -5 25.5 26
      vertex -5 25.5 40.5
    endloop
  endfacet
  facet normal 0 -1 0
    outer loop
      vertex -5.94275 25.5 46.3316
      vertex -3 25.5 46.5
      vertex -6.27333 25.5 46.5
    endloop
  endfacet
  facet normal 0 -1 0
    outer loop
      vertex -5.16844 25.5 45.5572
      vertex -3 25.5 46.5
      vertex -5.94275 25.5 46.3316
    endloop
  endfacet
  facet normal 0 -1 0
    outer loop
      vertex -4.6713 25.5 44.5816
      vertex -3 25.5 46.5
      vertex -5.16844 25.5 45.5572
    endloop
  endfacet
  facet normal 0 -1 0
    outer loop
      vertex -4.5 25.5 43.5
      vertex -3 25.5 46.5
      vertex -4.6713 25.5 44.5816
    endloop
  endfacet
  facet normal 0 -1 0
    outer loop
      vertex -3 25.5 40.5
      vertex -4.5 25.5 43.5
      vertex -4.6713 25.5 42.4184
    endloop
  endfacet
  facet normal 0 -1 0
    outer loop
      vertex -5 25.5 40.5
      vertex -5.16844 25.5 41.4427
      vertex -5.94275 25.5 40.6684
    endloop
  endfacet
  facet normal 0 -1 0
    outer loop
      vertex -3 25.5 40.5
      vertex -5.16844 25.5 41.4427
      vertex -5 25.5 40.5
    endloop
  endfacet
  facet normal 0 -1 0
    outer loop
      vertex -5.16844 25.5 41.4427
      vertex -3 25.5 40.5
      vertex -4.6713 25.5 42.4184
    endloop
  endfacet
  facet normal 0 -1 0
    outer loop
      vertex -4.5 25.5 43.5
      vertex -3 25.5 40.5
      vertex -3 25.5 46.5
    endloop
  endfacet
  facet normal 0 -1 0
    outer loop
      vertex 25 25.5 26
      vertex 31 25.5 38.5
      vertex 25 25.5 38.5
    endloop
  endfacet
  facet normal 0 -1 -0
    outer loop
      vertex 31 25.5 38.5
      vertex 25 25.5 26
      vertex 31 25.5 26
    endloop
  endfacet
  facet normal 0.980797 0.195032 0
    outer loop
      vertex -26 28 26
      vertex -26.1522 28.7654 19.5272
      vertex -26.1522 28.7654 26
    endloop
  endfacet
  facet normal 0.980797 0.195032 0
    outer loop
      vertex -26.1522 28.7654 19.5272
      vertex -26 28 26
      vertex -26 28 19.4641
    endloop
  endfacet
  facet normal -0.980797 0.195032 0
    outer loop
      vertex -30 28 26
      vertex -29.8478 28.7654 19.5272
      vertex -30 28 19.4641
    endloop
  endfacet
  facet normal -0.980797 0.195032 0
    outer loop
      vertex -29.8478 28.7654 19.5272
      vertex -30 28 26
      vertex -29.8478 28.7654 26
    endloop
  endfacet
  facet normal 0.195032 0.980797 0
    outer loop
      vertex -27.2346 29.8478 26
      vertex -28 30 20
      vertex -28 30 26
    endloop
  endfacet
  facet normal 0.195032 0.980797 0
    outer loop
      vertex -28 30 20
      vertex -27.2346 29.8478 26
      vertex -27.2346 29.8478 19.8992
    endloop
  endfacet
  facet normal 0.831419 0.555646 0
    outer loop
      vertex -26.1522 28.7654 26
      vertex -26.5858 29.4142 19.7067
      vertex -26.5858 29.4142 26
    endloop
  endfacet
  facet normal 0.831419 0.555646 0
    outer loop
      vertex -26.5858 29.4142 19.7067
      vertex -26.1522 28.7654 26
      vertex -26.1522 28.7654 19.5272
    endloop
  endfacet
  facet normal 0.195032 -0.980797 0
    outer loop
      vertex -28 26 20
      vertex -27.2346 26.1522 26
      vertex -28 26 26
    endloop
  endfacet
  facet normal 0.195032 -0.980797 0
    outer loop
      vertex -27.2346 26.1522 26
      vertex -28 26 20
      vertex -27.2346 26.1522 19.8992
    endloop
  endfacet
  facet normal 0.555646 -0.831419 0
    outer loop
      vertex -27.2346 26.1522 19.8992
      vertex -26.5858 26.5858 26
      vertex -27.2346 26.1522 26
    endloop
  endfacet
  facet normal 0.555694 -0.831387 -7.40941e-06
    outer loop
      vertex -26.9647 26.3326 19.8637
      vertex -26.5858 26.5858 26
      vertex -27.2346 26.1522 19.8992
    endloop
  endfacet
  facet normal 0.555611 -0.831442 0
    outer loop
      vertex -26.5858 26.5858 26
      vertex -26.9647 26.3326 19.8637
      vertex -26.5858 26.5858 19.7067
    endloop
  endfacet
  facet normal 0.555646 0.831419 0
    outer loop
      vertex -26.5858 29.4142 26
      vertex -27.2346 29.8478 19.8992
      vertex -27.2346 29.8478 26
    endloop
  endfacet
  facet normal 0.555694 0.831387 -7.40941e-06
    outer loop
      vertex -26.5858 29.4142 26
      vertex -26.9647 29.6674 19.8637
      vertex -27.2346 29.8478 19.8992
    endloop
  endfacet
  facet normal 0.555611 0.831442 0
    outer loop
      vertex -26.9647 29.6674 19.8637
      vertex -26.5858 29.4142 26
      vertex -26.5858 29.4142 19.7067
    endloop
  endfacet
  facet normal -0.555646 0.831419 0
    outer loop
      vertex -28.7654 29.8478 19.8992
      vertex -29.4142 29.4142 26
      vertex -28.7654 29.8478 26
    endloop
  endfacet
  facet normal -0.555694 0.831387 -7.40941e-06
    outer loop
      vertex -29.0353 29.6674 19.8637
      vertex -29.4142 29.4142 26
      vertex -28.7654 29.8478 19.8992
    endloop
  endfacet
  facet normal -0.555611 0.831442 0
    outer loop
      vertex -29.4142 29.4142 26
      vertex -29.0353 29.6674 19.8637
      vertex -29.4142 29.4142 19.7067
    endloop
  endfacet
  facet normal -0.831419 0.555646 0
    outer loop
      vertex -29.8478 28.7654 26
      vertex -29.4142 29.4142 19.7067
      vertex -29.8478 28.7654 19.5272
    endloop
  endfacet
  facet normal -0.831419 0.555646 0
    outer loop
      vertex -29.4142 29.4142 19.7067
      vertex -29.8478 28.7654 26
      vertex -29.4142 29.4142 26
    endloop
  endfacet
  facet normal -0.195032 0.980797 0
    outer loop
      vertex -28 30 20
      vertex -28.7654 29.8478 26
      vertex -28 30 26
    endloop
  endfacet
  facet normal -0.195032 0.980797 0
    outer loop
      vertex -28.7654 29.8478 26
      vertex -28 30 20
      vertex -28.7654 29.8478 19.8992
    endloop
  endfacet
  facet normal 0.831419 -0.555646 0
    outer loop
      vertex -26.5858 26.5858 19.7067
      vertex -26.1522 27.2346 26
      vertex -26.5858 26.5858 26
    endloop
  endfacet
  facet normal 0.831419 -0.555646 0
    outer loop
      vertex -26.1522 27.2346 26
      vertex -26.5858 26.5858 19.7067
      vertex -26.1522 27.2346 19.5272
    endloop
  endfacet
  facet normal 0.980797 -0.195032 0
    outer loop
      vertex -26.1522 27.2346 19.5272
      vertex -26 28 26
      vertex -26.1522 27.2346 26
    endloop
  endfacet
  facet normal 0.980797 -0.195032 0
    outer loop
      vertex -26 28 26
      vertex -26.1522 27.2346 19.5272
      vertex -26 28 19.4641
    endloop
  endfacet
  facet normal -0.555646 -0.831419 0
    outer loop
      vertex -29.4142 26.5858 26
      vertex -28.7654 26.1522 19.8992
      vertex -28.7654 26.1522 26
    endloop
  endfacet
  facet normal -0.555694 -0.831387 -7.40941e-06
    outer loop
      vertex -29.4142 26.5858 26
      vertex -29.0353 26.3326 19.8637
      vertex -28.7654 26.1522 19.8992
    endloop
  endfacet
  facet normal -0.555611 -0.831442 0
    outer loop
      vertex -29.0353 26.3326 19.8637
      vertex -29.4142 26.5858 26
      vertex -29.4142 26.5858 19.7067
    endloop
  endfacet
  facet normal -0.831419 -0.555646 0
    outer loop
      vertex -29.4142 26.5858 19.7067
      vertex -29.8478 27.2346 26
      vertex -29.8478 27.2346 19.5272
    endloop
  endfacet
  facet normal -0.831419 -0.555646 0
    outer loop
      vertex -29.8478 27.2346 26
      vertex -29.4142 26.5858 19.7067
      vertex -29.4142 26.5858 26
    endloop
  endfacet
  facet normal -0.980797 -0.195032 0
    outer loop
      vertex -29.8478 27.2346 19.5272
      vertex -30 28 26
      vertex -30 28 19.4641
    endloop
  endfacet
  facet normal -0.980797 -0.195032 0
    outer loop
      vertex -30 28 26
      vertex -29.8478 27.2346 19.5272
      vertex -29.8478 27.2346 26
    endloop
  endfacet
  facet normal -0.195032 -0.980797 0
    outer loop
      vertex -28.7654 26.1522 26
      vertex -28 26 20
      vertex -28 26 26
    endloop
  endfacet
  facet normal -0.195032 -0.980797 0
    outer loop
      vertex -28 26 20
      vertex -28.7654 26.1522 26
      vertex -28.7654 26.1522 19.8992
    endloop
  endfacet
  facet normal 0.991445 -0 0.130526
    outer loop
      vertex -24.1363 18 17.0353
      vertex -24 38 16
      vertex -24.1363 38 17.0353
    endloop
  endfacet
  facet normal 0.991445 0 0.130526
    outer loop
      vertex -24 38 16
      vertex -24.1363 18 17.0353
      vertex -24 18 16
    endloop
  endfacet
  facet normal 0.923877 -0 0.38269
    outer loop
      vertex -24.5359 18 18
      vertex -24.1363 38 17.0353
      vertex -24.5359 38 18
    endloop
  endfacet
  facet normal 0.923877 0 0.38269
    outer loop
      vertex -24.1363 38 17.0353
      vertex -24.5359 18 18
      vertex -24.1363 18 17.0353
    endloop
  endfacet
  facet normal -0.991445 0 -0.130526
    outer loop
      vertex -31.8637 18 14.9647
      vertex -32 38 16
      vertex -31.8637 38 14.9647
    endloop
  endfacet
  facet normal -0.991445 -0 -0.130526
    outer loop
      vertex -32 38 16
      vertex -31.8637 18 14.9647
      vertex -32 18 16
    endloop
  endfacet
  facet normal 0.130407 0 0.991461
    outer loop
      vertex -26.9647 38 19.8637
      vertex -27.2346 29.8478 19.8992
      vertex -26.9647 29.6674 19.8637
    endloop
  endfacet
  facet normal 0.130526 -0 0.991445
    outer loop
      vertex -28 30 20
      vertex -26.9647 38 19.8637
      vertex -28 38 20
    endloop
  endfacet
  facet normal 0.130567 -5.40173e-06 0.991439
    outer loop
      vertex -26.9647 38 19.8637
      vertex -28 30 20
      vertex -27.2346 29.8478 19.8992
    endloop
  endfacet
  facet normal 0.130407 0 0.991461
    outer loop
      vertex -27.2346 26.1522 19.8992
      vertex -26.9647 18 19.8637
      vertex -26.9647 26.3326 19.8637
    endloop
  endfacet
  facet normal 0.130567 5.40173e-06 0.991439
    outer loop
      vertex -28 26 20
      vertex -26.9647 18 19.8637
      vertex -27.2346 26.1522 19.8992
    endloop
  endfacet
  facet normal 0.130526 0 0.991445
    outer loop
      vertex -26.9647 18 19.8637
      vertex -28 26 20
      vertex -28 18 20
    endloop
  endfacet
  facet normal 0.991445 0 -0.130526
    outer loop
      vertex -24 18 16
      vertex -24.1363 38 14.9647
      vertex -24 38 16
    endloop
  endfacet
  facet normal 0.991445 0 -0.130526
    outer loop
      vertex -24.1363 38 14.9647
      vertex -24 18 16
      vertex -24.1363 18 14.9647
    endloop
  endfacet
  facet normal 0.793332 -0 0.608789
    outer loop
      vertex -25.1716 18 18.8284
      vertex -24.5359 38 18
      vertex -25.1716 38 18.8284
    endloop
  endfacet
  facet normal 0.793332 0 0.608789
    outer loop
      vertex -24.5359 38 18
      vertex -25.1716 18 18.8284
      vertex -24.5359 18 18
    endloop
  endfacet
  facet normal 0.382977 0 0.923758
    outer loop
      vertex -26 38 19.4641
      vertex -26.1522 28.7654 19.5272
      vertex -26 28 19.4641
    endloop
  endfacet
  facet normal 0.382508 9.06641e-06 0.923952
    outer loop
      vertex -26 38 19.4641
      vertex -26.5858 29.4142 19.7067
      vertex -26.1522 28.7654 19.5272
    endloop
  endfacet
  facet normal 0.38269 -0 0.923877
    outer loop
      vertex -26.9647 29.6674 19.8637
      vertex -26 38 19.4641
      vertex -26.9647 38 19.8637
    endloop
  endfacet
  facet normal 0.382789 -1.34332e-05 0.923836
    outer loop
      vertex -26 38 19.4641
      vertex -26.9647 29.6674 19.8637
      vertex -26.5858 29.4142 19.7067
    endloop
  endfacet
  facet normal 0.382977 0 0.923758
    outer loop
      vertex -26.1522 27.2346 19.5272
      vertex -26 18 19.4641
      vertex -26 28 19.4641
    endloop
  endfacet
  facet normal 0.382508 -9.06641e-06 0.923952
    outer loop
      vertex -26.5858 26.5858 19.7067
      vertex -26 18 19.4641
      vertex -26.1522 27.2346 19.5272
    endloop
  endfacet
  facet normal 0.382789 1.34332e-05 0.923836
    outer loop
      vertex -26.9647 26.3326 19.8637
      vertex -26 18 19.4641
      vertex -26.5858 26.5858 19.7067
    endloop
  endfacet
  facet normal 0.38269 0 0.923877
    outer loop
      vertex -26 18 19.4641
      vertex -26.9647 26.3326 19.8637
      vertex -26.9647 18 19.8637
    endloop
  endfacet
  facet normal 0.38269 0 -0.923877
    outer loop
      vertex -26.9647 18 12.1363
      vertex -26 38 12.5359
      vertex -26 18 12.5359
    endloop
  endfacet
  facet normal 0.38269 0 -0.923877
    outer loop
      vertex -26 38 12.5359
      vertex -26.9647 18 12.1363
      vertex -26.9647 38 12.1363
    endloop
  endfacet
  facet normal -0.991445 0 0.130526
    outer loop
      vertex -32 18 16
      vertex -31.8637 38 17.0353
      vertex -32 38 16
    endloop
  endfacet
  facet normal -0.991445 0 0.130526
    outer loop
      vertex -31.8637 38 17.0353
      vertex -32 18 16
      vertex -31.8637 18 17.0353
    endloop
  endfacet
  facet normal -0.793332 0 0.608789
    outer loop
      vertex -31.4641 18 18
      vertex -30.8284 38 18.8284
      vertex -31.4641 38 18
    endloop
  endfacet
  facet normal -0.793332 0 0.608789
    outer loop
      vertex -30.8284 38 18.8284
      vertex -31.4641 18 18
      vertex -30.8284 18 18.8284
    endloop
  endfacet
  facet normal -0.608789 0 0.793332
    outer loop
      vertex -30.8284 38 18.8284
      vertex -30 28 19.4641
      vertex -30 38 19.4641
    endloop
  endfacet
  facet normal -0.608789 0 0.793332
    outer loop
      vertex -30.8284 18 18.8284
      vertex -30 28 19.4641
      vertex -30.8284 38 18.8284
    endloop
  endfacet
  facet normal -0.608789 0 0.793332
    outer loop
      vertex -30 28 19.4641
      vertex -30.8284 18 18.8284
      vertex -30 18 19.4641
    endloop
  endfacet
  facet normal -0.608789 0 -0.793332
    outer loop
      vertex -30.8284 18 13.1716
      vertex -30 38 12.5359
      vertex -30 18 12.5359
    endloop
  endfacet
  facet normal -0.608789 0 -0.793332
    outer loop
      vertex -30 38 12.5359
      vertex -30.8284 18 13.1716
      vertex -30.8284 38 13.1716
    endloop
  endfacet
  facet normal 0.793332 0 -0.608789
    outer loop
      vertex -24.5359 18 14
      vertex -25.1716 38 13.1716
      vertex -24.5359 38 14
    endloop
  endfacet
  facet normal 0.793332 0 -0.608789
    outer loop
      vertex -25.1716 38 13.1716
      vertex -24.5359 18 14
      vertex -25.1716 18 13.1716
    endloop
  endfacet
  facet normal 0.130526 0 -0.991445
    outer loop
      vertex -28 18 12
      vertex -26.9647 38 12.1363
      vertex -26.9647 18 12.1363
    endloop
  endfacet
  facet normal 0.130526 0 -0.991445
    outer loop
      vertex -26.9647 38 12.1363
      vertex -28 18 12
      vertex -28 38 12
    endloop
  endfacet
  facet normal 0.608789 -0 0.793332
    outer loop
      vertex -26 28 19.4641
      vertex -25.1716 38 18.8284
      vertex -26 38 19.4641
    endloop
  endfacet
  facet normal 0.608789 0 0.793332
    outer loop
      vertex -25.1716 38 18.8284
      vertex -26 28 19.4641
      vertex -25.1716 18 18.8284
    endloop
  endfacet
  facet normal 0.608789 0 0.793332
    outer loop
      vertex -25.1716 18 18.8284
      vertex -26 28 19.4641
      vertex -26 18 19.4641
    endloop
  endfacet
  facet normal 0 -1 0
    outer loop
      vertex -29.0353 18 19.8637
      vertex -26.9647 18 19.8637
      vertex -28 18 20
    endloop
  endfacet
  facet normal 0 -1 0
    outer loop
      vertex -30 18 19.4641
      vertex -26.9647 18 19.8637
      vertex -29.0353 18 19.8637
    endloop
  endfacet
  facet normal 0 -1 0
    outer loop
      vertex -30 18 19.4641
      vertex -26 18 19.4641
      vertex -26.9647 18 19.8637
    endloop
  endfacet
  facet normal 0 -1 0
    outer loop
      vertex -30.8284 18 18.8284
      vertex -26 18 19.4641
      vertex -30 18 19.4641
    endloop
  endfacet
  facet normal 0 -1 0
    outer loop
      vertex -30.8284 18 18.8284
      vertex -25.1716 18 18.8284
      vertex -26 18 19.4641
    endloop
  endfacet
  facet normal 0 -1 0
    outer loop
      vertex -31.4641 18 18
      vertex -25.1716 18 18.8284
      vertex -30.8284 18 18.8284
    endloop
  endfacet
  facet normal 0 -1 0
    outer loop
      vertex -31.4641 18 18
      vertex -24.5359 18 18
      vertex -25.1716 18 18.8284
    endloop
  endfacet
  facet normal 0 -1 0
    outer loop
      vertex -31.8637 18 17.0353
      vertex -24.5359 18 18
      vertex -31.4641 18 18
    endloop
  endfacet
  facet normal 0 -1 0
    outer loop
      vertex -31.8637 18 17.0353
      vertex -24.1363 18 17.0353
      vertex -24.5359 18 18
    endloop
  endfacet
  facet normal 0 -1 0
    outer loop
      vertex -32 18 16
      vertex -24.1363 18 17.0353
      vertex -31.8637 18 17.0353
    endloop
  endfacet
  facet normal 0 -1 0
    outer loop
      vertex -32 18 16
      vertex -24 18 16
      vertex -24.1363 18 17.0353
    endloop
  endfacet
  facet normal 0 -1 0
    outer loop
      vertex -31.8637 18 14.9647
      vertex -24 18 16
      vertex -32 18 16
    endloop
  endfacet
  facet normal 0 -1 0
    outer loop
      vertex -31.8637 18 14.9647
      vertex -24.1363 18 14.9647
      vertex -24 18 16
    endloop
  endfacet
  facet normal 0 -1 0
    outer loop
      vertex -31.4641 18 14
      vertex -24.1363 18 14.9647
      vertex -31.8637 18 14.9647
    endloop
  endfacet
  facet normal 0 -1 0
    outer loop
      vertex -31.4641 18 14
      vertex -24.5359 18 14
      vertex -24.1363 18 14.9647
    endloop
  endfacet
  facet normal 0 -1 0
    outer loop
      vertex -30.8284 18 13.1716
      vertex -24.5359 18 14
      vertex -31.4641 18 14
    endloop
  endfacet
  facet normal 0 -1 0
    outer loop
      vertex -30.8284 18 13.1716
      vertex -25.1716 18 13.1716
      vertex -24.5359 18 14
    endloop
  endfacet
  facet normal 0 -1 0
    outer loop
      vertex -30 18 12.5359
      vertex -25.1716 18 13.1716
      vertex -30.8284 18 13.1716
    endloop
  endfacet
  facet normal 0 -1 0
    outer loop
      vertex -30 18 12.5359
      vertex -26 18 12.5359
      vertex -25.1716 18 13.1716
    endloop
  endfacet
  facet normal 0 -1 0
    outer loop
      vertex -29.0353 18 12.1363
      vertex -26 18 12.5359
      vertex -30 18 12.5359
    endloop
  endfacet
  facet normal 0 -1 0
    outer loop
      vertex -29.0353 18 12.1363
      vertex -26.9647 18 12.1363
      vertex -26 18 12.5359
    endloop
  endfacet
  facet normal -0 -1 0
    outer loop
      vertex -26.9647 18 12.1363
      vertex -29.0353 18 12.1363
      vertex -28 18 12
    endloop
  endfacet
  facet normal -0.923877 0 0.38269
    outer loop
      vertex -31.8637 18 17.0353
      vertex -31.4641 38 18
      vertex -31.8637 38 17.0353
    endloop
  endfacet
  facet normal -0.923877 0 0.38269
    outer loop
      vertex -31.4641 38 18
      vertex -31.8637 18 17.0353
      vertex -31.4641 18 18
    endloop
  endfacet
  facet normal -0.130526 0 0.991445
    outer loop
      vertex -29.0353 38 19.8637
      vertex -28 30 20
      vertex -28 38 20
    endloop
  endfacet
  facet normal -0.130567 -5.40173e-06 0.991439
    outer loop
      vertex -28 30 20
      vertex -29.0353 38 19.8637
      vertex -28.7654 29.8478 19.8992
    endloop
  endfacet
  facet normal -0.130407 0 0.991461
    outer loop
      vertex -28.7654 29.8478 19.8992
      vertex -29.0353 38 19.8637
      vertex -29.0353 29.6674 19.8637
    endloop
  endfacet
  facet normal -0.130567 5.40173e-06 0.991439
    outer loop
      vertex -29.0353 18 19.8637
      vertex -28 26 20
      vertex -28.7654 26.1522 19.8992
    endloop
  endfacet
  facet normal -0.130407 0 0.991461
    outer loop
      vertex -29.0353 18 19.8637
      vertex -28.7654 26.1522 19.8992
      vertex -29.0353 26.3326 19.8637
    endloop
  endfacet
  facet normal -0.130526 0 0.991445
    outer loop
      vertex -28 26 20
      vertex -29.0353 18 19.8637
      vertex -28 18 20
    endloop
  endfacet
  facet normal -0.382789 1.34332e-05 0.923836
    outer loop
      vertex -30 18 19.4641
      vertex -29.0353 26.3326 19.8637
      vertex -29.4142 26.5858 19.7067
    endloop
  endfacet
  facet normal -0.382508 -9.06641e-06 0.923952
    outer loop
      vertex -30 18 19.4641
      vertex -29.4142 26.5858 19.7067
      vertex -29.8478 27.2346 19.5272
    endloop
  endfacet
  facet normal -0.382977 0 0.923758
    outer loop
      vertex -30 18 19.4641
      vertex -29.8478 27.2346 19.5272
      vertex -30 28 19.4641
    endloop
  endfacet
  facet normal -0.38269 0 0.923877
    outer loop
      vertex -29.0353 26.3326 19.8637
      vertex -30 18 19.4641
      vertex -29.0353 18 19.8637
    endloop
  endfacet
  facet normal -0.38269 0 0.923877
    outer loop
      vertex -30 38 19.4641
      vertex -29.0353 29.6674 19.8637
      vertex -29.0353 38 19.8637
    endloop
  endfacet
  facet normal -0.382789 -1.34332e-05 0.923836
    outer loop
      vertex -29.0353 29.6674 19.8637
      vertex -30 38 19.4641
      vertex -29.4142 29.4142 19.7067
    endloop
  endfacet
  facet normal -0.382508 9.06641e-06 0.923952
    outer loop
      vertex -29.4142 29.4142 19.7067
      vertex -30 38 19.4641
      vertex -29.8478 28.7654 19.5272
    endloop
  endfacet
  facet normal -0.382977 0 0.923758
    outer loop
      vertex -29.8478 28.7654 19.5272
      vertex -30 38 19.4641
      vertex -30 28 19.4641
    endloop
  endfacet
  facet normal -0.130526 0 -0.991445
    outer loop
      vertex -29.0353 18 12.1363
      vertex -28 38 12
      vertex -28 18 12
    endloop
  endfacet
  facet normal -0.130526 0 -0.991445
    outer loop
      vertex -28 38 12
      vertex -29.0353 18 12.1363
      vertex -29.0353 38 12.1363
    endloop
  endfacet
  facet normal 0.923877 0 -0.38269
    outer loop
      vertex -24.1363 18 14.9647
      vertex -24.5359 38 14
      vertex -24.1363 38 14.9647
    endloop
  endfacet
  facet normal 0.923877 0 -0.38269
    outer loop
      vertex -24.5359 38 14
      vertex -24.1363 18 14.9647
      vertex -24.5359 18 14
    endloop
  endfacet
  facet normal 0.608789 0 -0.793332
    outer loop
      vertex -26 18 12.5359
      vertex -25.1716 38 13.1716
      vertex -25.1716 18 13.1716
    endloop
  endfacet
  facet normal 0.608789 0 -0.793332
    outer loop
      vertex -25.1716 38 13.1716
      vertex -26 18 12.5359
      vertex -26 38 12.5359
    endloop
  endfacet
  facet normal -0.38269 0 -0.923877
    outer loop
      vertex -30 18 12.5359
      vertex -29.0353 38 12.1363
      vertex -29.0353 18 12.1363
    endloop
  endfacet
  facet normal -0.38269 0 -0.923877
    outer loop
      vertex -29.0353 38 12.1363
      vertex -30 18 12.5359
      vertex -30 38 12.5359
    endloop
  endfacet
  facet normal -0.793332 0 -0.608789
    outer loop
      vertex -30.8284 18 13.1716
      vertex -31.4641 38 14
      vertex -30.8284 38 13.1716
    endloop
  endfacet
  facet normal -0.793332 -0 -0.608789
    outer loop
      vertex -31.4641 38 14
      vertex -30.8284 18 13.1716
      vertex -31.4641 18 14
    endloop
  endfacet
  facet normal 0 1 0
    outer loop
      vertex -26.9647 38 19.8637
      vertex -29.0353 38 19.8637
      vertex -28 38 20
    endloop
  endfacet
  facet normal 0 1 0
    outer loop
      vertex -26 38 19.4641
      vertex -29.0353 38 19.8637
      vertex -26.9647 38 19.8637
    endloop
  endfacet
  facet normal 0 1 0
    outer loop
      vertex -26 38 19.4641
      vertex -30 38 19.4641
      vertex -29.0353 38 19.8637
    endloop
  endfacet
  facet normal 0 1 0
    outer loop
      vertex -25.1716 38 18.8284
      vertex -30 38 19.4641
      vertex -26 38 19.4641
    endloop
  endfacet
  facet normal 0 1 0
    outer loop
      vertex -25.1716 38 18.8284
      vertex -30.8284 38 18.8284
      vertex -30 38 19.4641
    endloop
  endfacet
  facet normal 0 1 0
    outer loop
      vertex -24.5359 38 18
      vertex -30.8284 38 18.8284
      vertex -25.1716 38 18.8284
    endloop
  endfacet
  facet normal 0 1 0
    outer loop
      vertex -24.5359 38 18
      vertex -31.4641 38 18
      vertex -30.8284 38 18.8284
    endloop
  endfacet
  facet normal 0 1 0
    outer loop
      vertex -24.1363 38 17.0353
      vertex -31.4641 38 18
      vertex -24.5359 38 18
    endloop
  endfacet
  facet normal 0 1 0
    outer loop
      vertex -24.1363 38 17.0353
      vertex -31.8637 38 17.0353
      vertex -31.4641 38 18
    endloop
  endfacet
  facet normal 0 1 0
    outer loop
      vertex -24 38 16
      vertex -31.8637 38 17.0353
      vertex -24.1363 38 17.0353
    endloop
  endfacet
  facet normal 0 1 0
    outer loop
      vertex -24 38 16
      vertex -32 38 16
      vertex -31.8637 38 17.0353
    endloop
  endfacet
  facet normal 0 1 -0
    outer loop
      vertex -24.1363 38 14.9647
      vertex -32 38 16
      vertex -24 38 16
    endloop
  endfacet
  facet normal 0 1 0
    outer loop
      vertex -24.1363 38 14.9647
      vertex -31.8637 38 14.9647
      vertex -32 38 16
    endloop
  endfacet
  facet normal 0 1 -0
    outer loop
      vertex -24.5359 38 14
      vertex -31.8637 38 14.9647
      vertex -24.1363 38 14.9647
    endloop
  endfacet
  facet normal 0 1 0
    outer loop
      vertex -24.5359 38 14
      vertex -31.4641 38 14
      vertex -31.8637 38 14.9647
    endloop
  endfacet
  facet normal 0 1 -0
    outer loop
      vertex -25.1716 38 13.1716
      vertex -31.4641 38 14
      vertex -24.5359 38 14
    endloop
  endfacet
  facet normal 0 1 0
    outer loop
      vertex -25.1716 38 13.1716
      vertex -30.8284 38 13.1716
      vertex -31.4641 38 14
    endloop
  endfacet
  facet normal 0 1 -0
    outer loop
      vertex -26 38 12.5359
      vertex -30.8284 38 13.1716
      vertex -25.1716 38 13.1716
    endloop
  endfacet
  facet normal 0 1 0
    outer loop
      vertex -26 38 12.5359
      vertex -30 38 12.5359
      vertex -30.8284 38 13.1716
    endloop
  endfacet
  facet normal 0 1 -0
    outer loop
      vertex -26.9647 38 12.1363
      vertex -30 38 12.5359
      vertex -26 38 12.5359
    endloop
  endfacet
  facet normal 0 1 0
    outer loop
      vertex -26.9647 38 12.1363
      vertex -29.0353 38 12.1363
      vertex -30 38 12.5359
    endloop
  endfacet
  facet normal -0 1 0
    outer loop
      vertex -29.0353 38 12.1363
      vertex -26.9647 38 12.1363
      vertex -28 38 12
    endloop
  endfacet
  facet normal -0.923877 0 -0.38269
    outer loop
      vertex -31.4641 18 14
      vertex -31.8637 38 14.9647
      vertex -31.4641 38 14
    endloop
  endfacet
  facet normal -0.923877 -0 -0.38269
    outer loop
      vertex -31.8637 38 14.9647
      vertex -31.4641 18 14
      vertex -31.8637 18 14.9647
    endloop
  endfacet
  facet normal 0.98769 -0 0.156427
    outer loop
      vertex -24.6713 30.5 44.5816
      vertex -24.5 32 43.5
      vertex -24.6713 32 44.5816
    endloop
  endfacet
  facet normal 0.98769 0 0.156427
    outer loop
      vertex -24.5 32 43.5
      vertex -24.6713 30.5 44.5816
      vertex -24.5 30.5 43.5
    endloop
  endfacet
  facet normal 0.98769 -0 0.156427
    outer loop
      vertex -24.6713 24 44.5816
      vertex -24.5 25.5 43.5
      vertex -24.6713 25.5 44.5816
    endloop
  endfacet
  facet normal 0.98769 0 0.156427
    outer loop
      vertex -24.5 25.5 43.5
      vertex -24.6713 24 44.5816
      vertex -24.5 24 43.5
    endloop
  endfacet
  facet normal 0.891005 0 0.453994
    outer loop
      vertex -25 31 45.2267
      vertex -25.1684 32 45.5572
      vertex -25.1684 31 45.5572
    endloop
  endfacet
  facet normal 0.891004 -4.65777e-07 0.453996
    outer loop
      vertex -25.1684 32 45.5572
      vertex -25 31 45.2267
      vertex -24.6713 32 44.5816
    endloop
  endfacet
  facet normal 0.891004 0 0.453996
    outer loop
      vertex -24.6713 30.5 44.5816
      vertex -25 31 45.2267
      vertex -25 30.5 45.2267
    endloop
  endfacet
  facet normal 0.891004 0 0.453996
    outer loop
      vertex -25 31 45.2267
      vertex -24.6713 30.5 44.5816
      vertex -24.6713 32 44.5816
    endloop
  endfacet
  facet normal 0.891004 -0 0.453996
    outer loop
      vertex -25 24 45.2267
      vertex -24.6713 25.5 44.5816
      vertex -25 25.5 45.2267
    endloop
  endfacet
  facet normal 0.891004 0 0.453996
    outer loop
      vertex -24.6713 25.5 44.5816
      vertex -25 24 45.2267
      vertex -24.6713 24 44.5816
    endloop
  endfacet
  facet normal -0.89106 0 -0.453885
    outer loop
      vertex -31 31 41.7733
      vertex -30.8316 32 41.4427
      vertex -30.8316 31 41.4427
    endloop
  endfacet
  facet normal -0.891023 -3.04831e-05 -0.453959
    outer loop
      vertex -30.8316 32 41.4427
      vertex -31 31 41.7733
      vertex -31.3287 32 42.4184
    endloop
  endfacet
  facet normal -0.891004 0 -0.453996
    outer loop
      vertex -31.3287 30.5 42.4184
      vertex -31 31 41.7733
      vertex -31 30.5 41.7733
    endloop
  endfacet
  facet normal -0.891004 0 -0.453996
    outer loop
      vertex -31 31 41.7733
      vertex -31.3287 30.5 42.4184
      vertex -31.3287 32 42.4184
    endloop
  endfacet
  facet normal -0.891004 0 -0.453996
    outer loop
      vertex -31 24 41.7733
      vertex -31.3287 25.5 42.4184
      vertex -31 25.5 41.7733
    endloop
  endfacet
  facet normal -0.891004 -0 -0.453996
    outer loop
      vertex -31.3287 25.5 42.4184
      vertex -31 24 41.7733
      vertex -31.3287 24 42.4184
    endloop
  endfacet
  facet normal 0.156427 0 0.98769
    outer loop
      vertex -28 32 47
      vertex -26.9184 31 46.8287
      vertex -26.9184 32 46.8287
    endloop
  endfacet
  facet normal 0.156427 0 0.98769
    outer loop
      vertex -26.9184 31 46.8287
      vertex -28 32 47
      vertex -28 31 47
    endloop
  endfacet
  facet normal 0.98769 0 -0.156427
    outer loop
      vertex -24.5 30.5 43.5
      vertex -24.6713 32 42.4184
      vertex -24.5 32 43.5
    endloop
  endfacet
  facet normal 0.98769 0 -0.156427
    outer loop
      vertex -24.6713 32 42.4184
      vertex -24.5 30.5 43.5
      vertex -24.6713 30.5 42.4184
    endloop
  endfacet
  facet normal 0.98769 0 -0.156427
    outer loop
      vertex -24.5 24 43.5
      vertex -24.6713 25.5 42.4184
      vertex -24.5 25.5 43.5
    endloop
  endfacet
  facet normal 0.98769 0 -0.156427
    outer loop
      vertex -24.6713 25.5 42.4184
      vertex -24.5 24 43.5
      vertex -24.6713 24 42.4184
    endloop
  endfacet
  facet normal 0.707107 -0 0.707107
    outer loop
      vertex -25.9428 31 46.3316
      vertex -25.1684 32 45.5572
      vertex -25.9428 32 46.3316
    endloop
  endfacet
  facet normal 0.707107 0 0.707107
    outer loop
      vertex -25.1684 32 45.5572
      vertex -25.9428 31 46.3316
      vertex -25.1684 31 45.5572
    endloop
  endfacet
  facet normal 0.453996 0 0.891004
    outer loop
      vertex -26.9184 32 46.8287
      vertex -25.9428 31 46.3316
      vertex -25.9428 32 46.3316
    endloop
  endfacet
  facet normal 0.453996 0 0.891004
    outer loop
      vertex -25.9428 31 46.3316
      vertex -26.9184 32 46.8287
      vertex -26.9184 31 46.8287
    endloop
  endfacet
  facet normal -0.98769 0 0.156427
    outer loop
      vertex -31.5 30.5 43.5
      vertex -31.3287 32 44.5816
      vertex -31.5 32 43.5
    endloop
  endfacet
  facet normal -0.98769 0 0.156427
    outer loop
      vertex -31.3287 32 44.5816
      vertex -31.5 30.5 43.5
      vertex -31.3287 30.5 44.5816
    endloop
  endfacet
  facet normal -0.98769 0 0.156427
    outer loop
      vertex -31.5 24 43.5
      vertex -31.3287 25.5 44.5816
      vertex -31.5 25.5 43.5
    endloop
  endfacet
  facet normal -0.98769 0 0.156427
    outer loop
      vertex -31.3287 25.5 44.5816
      vertex -31.5 24 43.5
      vertex -31.3287 24 44.5816
    endloop
  endfacet
  facet normal -0.707107 0 0.707107
    outer loop
      vertex -30.8316 31 45.5572
      vertex -30.0572 32 46.3316
      vertex -30.8316 32 45.5572
    endloop
  endfacet
  facet normal -0.707107 0 0.707107
    outer loop
      vertex -30.0572 32 46.3316
      vertex -30.8316 31 45.5572
      vertex -30.0572 31 46.3316
    endloop
  endfacet
  facet normal -0.156427 0 0.98769
    outer loop
      vertex -29.0816 32 46.8287
      vertex -28 31 47
      vertex -28 32 47
    endloop
  endfacet
  facet normal -0.156427 0 0.98769
    outer loop
      vertex -28 31 47
      vertex -29.0816 32 46.8287
      vertex -29.0816 31 46.8287
    endloop
  endfacet
  facet normal -0.453996 0 0.891004
    outer loop
      vertex -30.0572 32 46.3316
      vertex -29.0816 31 46.8287
      vertex -29.0816 32 46.8287
    endloop
  endfacet
  facet normal -0.453996 0 0.891004
    outer loop
      vertex -29.0816 31 46.8287
      vertex -30.0572 32 46.3316
      vertex -30.0572 31 46.3316
    endloop
  endfacet
  facet normal -0.707061 0 -0.707152
    outer loop
      vertex -30.8316 31 41.4427
      vertex -30.0572 32 40.6684
      vertex -30.0572 31 40.6684
    endloop
  endfacet
  facet normal -0.707061 0 -0.707152
    outer loop
      vertex -30.0572 32 40.6684
      vertex -30.8316 31 41.4427
      vertex -30.8316 32 41.4427
    endloop
  endfacet
  facet normal -0.98769 0 -0.156427
    outer loop
      vertex -31.3287 24 42.4184
      vertex -31.5 25.5 43.5
      vertex -31.3287 25.5 42.4184
    endloop
  endfacet
  facet normal -0.98769 -0 -0.156427
    outer loop
      vertex -31.5 25.5 43.5
      vertex -31.3287 24 42.4184
      vertex -31.5 24 43.5
    endloop
  endfacet
  facet normal -0.98769 0 -0.156427
    outer loop
      vertex -31.3287 30.5 42.4184
      vertex -31.5 32 43.5
      vertex -31.3287 32 42.4184
    endloop
  endfacet
  facet normal -0.98769 -0 -0.156427
    outer loop
      vertex -31.5 32 43.5
      vertex -31.3287 30.5 42.4184
      vertex -31.5 30.5 43.5
    endloop
  endfacet
  facet normal 0.707061 0 -0.707152
    outer loop
      vertex -25.9428 31 40.6684
      vertex -25.1684 32 41.4427
      vertex -25.1684 31 41.4427
    endloop
  endfacet
  facet normal 0.707061 0 -0.707152
    outer loop
      vertex -25.1684 32 41.4427
      vertex -25.9428 31 40.6684
      vertex -25.9428 32 40.6684
    endloop
  endfacet
  facet normal 0.156427 0 -0.98769
    outer loop
      vertex -28 31 40
      vertex -26.9184 32 40.1713
      vertex -26.9184 31 40.1713
    endloop
  endfacet
  facet normal 0.156427 0 -0.98769
    outer loop
      vertex -26.9184 32 40.1713
      vertex -28 31 40
      vertex -28 32 40
    endloop
  endfacet
  facet normal 0.453996 0 -0.891004
    outer loop
      vertex -26.9184 31 40.1713
      vertex -25.9428 32 40.6684
      vertex -25.9428 31 40.6684
    endloop
  endfacet
  facet normal 0.453996 0 -0.891004
    outer loop
      vertex -25.9428 32 40.6684
      vertex -26.9184 31 40.1713
      vertex -26.9184 32 40.1713
    endloop
  endfacet
  facet normal 0 -1 0
    outer loop
      vertex -25 24 45.2267
      vertex -24.5 24 43.5
      vertex -24.6713 24 44.5816
    endloop
  endfacet
  facet normal 0 -1 0
    outer loop
      vertex -25 24 41.7733
      vertex -24.5 24 43.5
      vertex -25 24 45.2267
    endloop
  endfacet
  facet normal 0 -1 0
    outer loop
      vertex -24.5 24 43.5
      vertex -25 24 41.7733
      vertex -24.6713 24 42.4184
    endloop
  endfacet
  facet normal 0 -1 0
    outer loop
      vertex -31.5 24 43.5
      vertex -31 24 45.2267
      vertex -31.3287 24 44.5816
    endloop
  endfacet
  facet normal 0 -1 0
    outer loop
      vertex -31 24 41.7733
      vertex -31.5 24 43.5
      vertex -31.3287 24 42.4184
    endloop
  endfacet
  facet normal 0 -1 0
    outer loop
      vertex -31.5 24 43.5
      vertex -31 24 41.7733
      vertex -31 24 45.2267
    endloop
  endfacet
  facet normal -0.891004 -4.65777e-07 0.453996
    outer loop
      vertex -31.3287 32 44.5816
      vertex -31 31 45.2267
      vertex -30.8316 32 45.5572
    endloop
  endfacet
  facet normal -0.891004 0 0.453996
    outer loop
      vertex -31.3287 30.5 44.5816
      vertex -31 31 45.2267
      vertex -31.3287 32 44.5816
    endloop
  endfacet
  facet normal -0.891004 0 0.453996
    outer loop
      vertex -31 31 45.2267
      vertex -31.3287 30.5 44.5816
      vertex -31 30.5 45.2267
    endloop
  endfacet
  facet normal -0.891005 0 0.453994
    outer loop
      vertex -30.8316 32 45.5572
      vertex -31 31 45.2267
      vertex -30.8316 31 45.5572
    endloop
  endfacet
  facet normal -0.891004 0 0.453996
    outer loop
      vertex -31.3287 24 44.5816
      vertex -31 25.5 45.2267
      vertex -31.3287 25.5 44.5816
    endloop
  endfacet
  facet normal -0.891004 0 0.453996
    outer loop
      vertex -31 25.5 45.2267
      vertex -31.3287 24 44.5816
      vertex -31 24 45.2267
    endloop
  endfacet
  facet normal -0.156427 0 -0.98769
    outer loop
      vertex -29.0816 31 40.1713
      vertex -28 32 40
      vertex -28 31 40
    endloop
  endfacet
  facet normal -0.156427 0 -0.98769
    outer loop
      vertex -28 32 40
      vertex -29.0816 31 40.1713
      vertex -29.0816 32 40.1713
    endloop
  endfacet
  facet normal 0.891023 -3.04831e-05 -0.453959
    outer loop
      vertex -24.6713 32 42.4184
      vertex -25 31 41.7733
      vertex -25.1684 32 41.4427
    endloop
  endfacet
  facet normal 0.891004 0 -0.453996
    outer loop
      vertex -24.6713 30.5 42.4184
      vertex -25 31 41.7733
      vertex -24.6713 32 42.4184
    endloop
  endfacet
  facet normal 0.891004 0 -0.453996
    outer loop
      vertex -25 31 41.7733
      vertex -24.6713 30.5 42.4184
      vertex -25 30.5 41.7733
    endloop
  endfacet
  facet normal 0.89106 0 -0.453885
    outer loop
      vertex -25.1684 32 41.4427
      vertex -25 31 41.7733
      vertex -25.1684 31 41.4427
    endloop
  endfacet
  facet normal 0.891004 0 -0.453996
    outer loop
      vertex -24.6713 24 42.4184
      vertex -25 25.5 41.7733
      vertex -24.6713 25.5 42.4184
    endloop
  endfacet
  facet normal 0.891004 0 -0.453996
    outer loop
      vertex -25 25.5 41.7733
      vertex -24.6713 24 42.4184
      vertex -25 24 41.7733
    endloop
  endfacet
  facet normal 0 1 0
    outer loop
      vertex -26.9184 32 46.8287
      vertex -29.0816 32 46.8287
      vertex -28 32 47
    endloop
  endfacet
  facet normal 0 1 0
    outer loop
      vertex -25.9428 32 46.3316
      vertex -29.0816 32 46.8287
      vertex -26.9184 32 46.8287
    endloop
  endfacet
  facet normal 0 1 0
    outer loop
      vertex -25.9428 32 46.3316
      vertex -30.0572 32 46.3316
      vertex -29.0816 32 46.8287
    endloop
  endfacet
  facet normal 0 1 0
    outer loop
      vertex -25.1684 32 45.5572
      vertex -30.0572 32 46.3316
      vertex -25.9428 32 46.3316
    endloop
  endfacet
  facet normal 0 1 0
    outer loop
      vertex -25.1684 32 45.5572
      vertex -30.8316 32 45.5572
      vertex -30.0572 32 46.3316
    endloop
  endfacet
  facet normal 0 1 0
    outer loop
      vertex -24.6713 32 44.5816
      vertex -30.8316 32 45.5572
      vertex -25.1684 32 45.5572
    endloop
  endfacet
  facet normal 0 1 0
    outer loop
      vertex -24.6713 32 44.5816
      vertex -31.3287 32 44.5816
      vertex -30.8316 32 45.5572
    endloop
  endfacet
  facet normal 0 1 0
    outer loop
      vertex -24.5 32 43.5
      vertex -31.3287 32 44.5816
      vertex -24.6713 32 44.5816
    endloop
  endfacet
  facet normal 0 1 0
    outer loop
      vertex -24.5 32 43.5
      vertex -31.5 32 43.5
      vertex -31.3287 32 44.5816
    endloop
  endfacet
  facet normal 0 1 -0
    outer loop
      vertex -24.6713 32 42.4184
      vertex -31.5 32 43.5
      vertex -24.5 32 43.5
    endloop
  endfacet
  facet normal 0 1 0
    outer loop
      vertex -24.6713 32 42.4184
      vertex -31.3287 32 42.4184
      vertex -31.5 32 43.5
    endloop
  endfacet
  facet normal 0 1 -0
    outer loop
      vertex -25.1684 32 41.4427
      vertex -31.3287 32 42.4184
      vertex -24.6713 32 42.4184
    endloop
  endfacet
  facet normal 0 1 0
    outer loop
      vertex -25.1684 32 41.4427
      vertex -30.8316 32 41.4427
      vertex -31.3287 32 42.4184
    endloop
  endfacet
  facet normal 0 1 -0
    outer loop
      vertex -25.9428 32 40.6684
      vertex -30.8316 32 41.4427
      vertex -25.1684 32 41.4427
    endloop
  endfacet
  facet normal 0 1 0
    outer loop
      vertex -25.9428 32 40.6684
      vertex -30.0572 32 40.6684
      vertex -30.8316 32 41.4427
    endloop
  endfacet
  facet normal 0 1 -0
    outer loop
      vertex -26.9184 32 40.1713
      vertex -30.0572 32 40.6684
      vertex -25.9428 32 40.6684
    endloop
  endfacet
  facet normal 0 1 0
    outer loop
      vertex -26.9184 32 40.1713
      vertex -29.0816 32 40.1713
      vertex -30.0572 32 40.6684
    endloop
  endfacet
  facet normal -0 1 0
    outer loop
      vertex -29.0816 32 40.1713
      vertex -26.9184 32 40.1713
      vertex -28 32 40
    endloop
  endfacet
  facet normal -0.453996 0 -0.891004
    outer loop
      vertex -30.0572 31 40.6684
      vertex -29.0816 32 40.1713
      vertex -29.0816 31 40.1713
    endloop
  endfacet
  facet normal -0.453996 0 -0.891004
    outer loop
      vertex -29.0816 32 40.1713
      vertex -30.0572 31 40.6684
      vertex -30.0572 32 40.6684
    endloop
  endfacet
  facet normal -1 0 0
    outer loop
      vertex -11 25.5 26
      vertex -11 30.5 40.5
      vertex -11 30.5 26
    endloop
  endfacet
  facet normal -1 -0 0
    outer loop
      vertex -11 30.5 40.5
      vertex -11 25.5 26
      vertex -11 25.5 40.5
    endloop
  endfacet
  facet normal 1 -0 0
    outer loop
      vertex -5 25.5 40.5
      vertex -5 30.5 26
      vertex -5 30.5 40.5
    endloop
  endfacet
  facet normal 1 0 0
    outer loop
      vertex -5 30.5 26
      vertex -5 25.5 40.5
      vertex -5 25.5 26
    endloop
  endfacet
  facet normal 0 0 -1
    outer loop
      vertex -5 25.5 26
      vertex -6 28 26
      vertex -5 30.5 26
    endloop
  endfacet
  facet normal 0 0 -1
    outer loop
      vertex -5 25.5 26
      vertex -6.15224 27.2346 26
      vertex -6 28 26
    endloop
  endfacet
  facet normal 0 0 -1
    outer loop
      vertex -5 25.5 26
      vertex -6.58579 26.5858 26
      vertex -6.15224 27.2346 26
    endloop
  endfacet
  facet normal 0 0 -1
    outer loop
      vertex -5 25.5 26
      vertex -7.23463 26.1522 26
      vertex -6.58579 26.5858 26
    endloop
  endfacet
  facet normal 0 0 -1
    outer loop
      vertex -5 25.5 26
      vertex -8 26 26
      vertex -7.23463 26.1522 26
    endloop
  endfacet
  facet normal -0 0 -1
    outer loop
      vertex -9.84776 27.2346 26
      vertex -11 25.5 26
      vertex -10 28 26
    endloop
  endfacet
  facet normal -0 0 -1
    outer loop
      vertex -9.41421 26.5858 26
      vertex -11 25.5 26
      vertex -9.84776 27.2346 26
    endloop
  endfacet
  facet normal -0 0 -1
    outer loop
      vertex -8.76537 26.1522 26
      vertex -11 25.5 26
      vertex -9.41421 26.5858 26
    endloop
  endfacet
  facet normal -0 0 -1
    outer loop
      vertex -8 26 26
      vertex -11 25.5 26
      vertex -8.76537 26.1522 26
    endloop
  endfacet
  facet normal 0 0 -1
    outer loop
      vertex -11 25.5 26
      vertex -8 26 26
      vertex -5 25.5 26
    endloop
  endfacet
  facet normal 0 0 -1
    outer loop
      vertex -6.15224 28.7654 26
      vertex -5 30.5 26
      vertex -6 28 26
    endloop
  endfacet
  facet normal 0 0 -1
    outer loop
      vertex -6.58579 29.4142 26
      vertex -5 30.5 26
      vertex -6.15224 28.7654 26
    endloop
  endfacet
  facet normal 0 0 -1
    outer loop
      vertex -7.23463 29.8478 26
      vertex -5 30.5 26
      vertex -6.58579 29.4142 26
    endloop
  endfacet
  facet normal 0 0 -1
    outer loop
      vertex -8 30 26
      vertex -5 30.5 26
      vertex -7.23463 29.8478 26
    endloop
  endfacet
  facet normal 0 0 -1
    outer loop
      vertex -11 30.5 26
      vertex -10 28 26
      vertex -11 25.5 26
    endloop
  endfacet
  facet normal 0 0 -1
    outer loop
      vertex -8 30 26
      vertex -11 30.5 26
      vertex -5 30.5 26
    endloop
  endfacet
  facet normal 0 0 -1
    outer loop
      vertex -8.76537 29.8478 26
      vertex -11 30.5 26
      vertex -8 30 26
    endloop
  endfacet
  facet normal 0 0 -1
    outer loop
      vertex -9.41421 29.4142 26
      vertex -11 30.5 26
      vertex -8.76537 29.8478 26
    endloop
  endfacet
  facet normal 0 0 -1
    outer loop
      vertex -9.84776 28.7654 26
      vertex -11 30.5 26
      vertex -9.41421 29.4142 26
    endloop
  endfacet
  facet normal 0 0 -1
    outer loop
      vertex -10 28 26
      vertex -11 30.5 26
      vertex -9.84776 28.7654 26
    endloop
  endfacet
  facet normal 0.980787 0.195081 0
    outer loop
      vertex -6 28 26
      vertex -6.15224 28.7654 19.5272
      vertex -6.15224 28.7654 26
    endloop
  endfacet
  facet normal 0.980787 0.195081 0
    outer loop
      vertex -6.15224 28.7654 19.5272
      vertex -6 28 26
      vertex -6 28 19.4641
    endloop
  endfacet
  facet normal -0.980787 0.195081 0
    outer loop
      vertex -10 28 26
      vertex -9.84776 28.7654 19.5272
      vertex -10 28 19.4641
    endloop
  endfacet
  facet normal -0.980787 0.195081 0
    outer loop
      vertex -9.84776 28.7654 19.5272
      vertex -10 28 26
      vertex -9.84776 28.7654 26
    endloop
  endfacet
  facet normal 0.195039 0.980795 0
    outer loop
      vertex -7.23463 29.8478 26
      vertex -8 30 20
      vertex -8 30 26
    endloop
  endfacet
  facet normal 0.195039 0.980795 0
    outer loop
      vertex -8 30 20
      vertex -7.23463 29.8478 26
      vertex -7.23463 29.8478 19.8992
    endloop
  endfacet
  facet normal 0.831448 0.555602 0
    outer loop
      vertex -6.15224 28.7654 26
      vertex -6.58579 29.4142 19.7067
      vertex -6.58579 29.4142 26
    endloop
  endfacet
  facet normal 0.831448 0.555602 0
    outer loop
      vertex -6.58579 29.4142 19.7067
      vertex -6.15224 28.7654 26
      vertex -6.15224 28.7654 19.5272
    endloop
  endfacet
  facet normal 0.195039 -0.980795 0
    outer loop
      vertex -8 26 20
      vertex -7.23463 26.1522 26
      vertex -8 26 26
    endloop
  endfacet
  facet normal 0.195039 -0.980795 0
    outer loop
      vertex -7.23463 26.1522 26
      vertex -8 26 20
      vertex -7.23463 26.1522 19.8992
    endloop
  endfacet
  facet normal 0.555622 -0.831435 0
    outer loop
      vertex -7.23463 26.1522 19.8992
      vertex -6.58579 26.5858 26
      vertex -7.23463 26.1522 26
    endloop
  endfacet
  facet normal 0.55568 -0.831396 -8.84326e-06
    outer loop
      vertex -6.96472 26.3326 19.8637
      vertex -6.58579 26.5858 26
      vertex -7.23463 26.1522 19.8992
    endloop
  endfacet
  facet normal 0.555581 -0.831462 0
    outer loop
      vertex -6.58579 26.5858 26
      vertex -6.96472 26.3326 19.8637
      vertex -6.58579 26.5858 19.7067
    endloop
  endfacet
  facet normal 0.555622 0.831435 0
    outer loop
      vertex -6.58579 29.4142 26
      vertex -7.23463 29.8478 19.8992
      vertex -7.23463 29.8478 26
    endloop
  endfacet
  facet normal 0.55568 0.831396 -8.84326e-06
    outer loop
      vertex -6.58579 29.4142 26
      vertex -6.96472 29.6674 19.8637
      vertex -7.23463 29.8478 19.8992
    endloop
  endfacet
  facet normal 0.555581 0.831462 0
    outer loop
      vertex -6.96472 29.6674 19.8637
      vertex -6.58579 29.4142 26
      vertex -6.58579 29.4142 19.7067
    endloop
  endfacet
  facet normal -0.555622 0.831435 0
    outer loop
      vertex -8.76537 29.8478 19.8992
      vertex -9.41421 29.4142 26
      vertex -8.76537 29.8478 26
    endloop
  endfacet
  facet normal -0.55568 0.831396 -8.84326e-06
    outer loop
      vertex -9.03528 29.6674 19.8637
      vertex -9.41421 29.4142 26
      vertex -8.76537 29.8478 19.8992
    endloop
  endfacet
  facet normal -0.555581 0.831462 0
    outer loop
      vertex -9.41421 29.4142 26
      vertex -9.03528 29.6674 19.8637
      vertex -9.41421 29.4142 19.7067
    endloop
  endfacet
  facet normal -0.831448 0.555602 0
    outer loop
      vertex -9.84776 28.7654 26
      vertex -9.41421 29.4142 19.7067
      vertex -9.84776 28.7654 19.5272
    endloop
  endfacet
  facet normal -0.831448 0.555602 0
    outer loop
      vertex -9.41421 29.4142 19.7067
      vertex -9.84776 28.7654 26
      vertex -9.41421 29.4142 26
    endloop
  endfacet
  facet normal -0.195039 0.980795 0
    outer loop
      vertex -8 30 20
      vertex -8.76537 29.8478 26
      vertex -8 30 26
    endloop
  endfacet
  facet normal -0.195039 0.980795 0
    outer loop
      vertex -8.76537 29.8478 26
      vertex -8 30 20
      vertex -8.76537 29.8478 19.8992
    endloop
  endfacet
  facet normal 0.980787 -0.195081 0
    outer loop
      vertex -6.15224 27.2346 19.5272
      vertex -6 28 26
      vertex -6.15224 27.2346 26
    endloop
  endfacet
  facet normal 0.980787 -0.195081 0
    outer loop
      vertex -6 28 26
      vertex -6.15224 27.2346 19.5272
      vertex -6 28 19.4641
    endloop
  endfacet
  facet normal 0.831448 -0.555602 0
    outer loop
      vertex -6.58579 26.5858 19.7067
      vertex -6.15224 27.2346 26
      vertex -6.58579 26.5858 26
    endloop
  endfacet
  facet normal 0.831448 -0.555602 0
    outer loop
      vertex -6.15224 27.2346 26
      vertex -6.58579 26.5858 19.7067
      vertex -6.15224 27.2346 19.5272
    endloop
  endfacet
  facet normal -0.980787 -0.195081 0
    outer loop
      vertex -9.84776 27.2346 19.5272
      vertex -10 28 26
      vertex -10 28 19.4641
    endloop
  endfacet
  facet normal -0.980787 -0.195081 0
    outer loop
      vertex -10 28 26
      vertex -9.84776 27.2346 19.5272
      vertex -9.84776 27.2346 26
    endloop
  endfacet
  facet normal -0.831448 -0.555602 0
    outer loop
      vertex -9.41421 26.5858 19.7067
      vertex -9.84776 27.2346 26
      vertex -9.84776 27.2346 19.5272
    endloop
  endfacet
  facet normal -0.831448 -0.555602 0
    outer loop
      vertex -9.84776 27.2346 26
      vertex -9.41421 26.5858 19.7067
      vertex -9.41421 26.5858 26
    endloop
  endfacet
  facet normal -0.195039 -0.980795 0
    outer loop
      vertex -8.76537 26.1522 26
      vertex -8 26 20
      vertex -8 26 26
    endloop
  endfacet
  facet normal -0.195039 -0.980795 0
    outer loop
      vertex -8 26 20
      vertex -8.76537 26.1522 26
      vertex -8.76537 26.1522 19.8992
    endloop
  endfacet
  facet normal -0.555622 -0.831435 0
    outer loop
      vertex -9.41421 26.5858 26
      vertex -8.76537 26.1522 19.8992
      vertex -8.76537 26.1522 26
    endloop
  endfacet
  facet normal -0.55568 -0.831396 -8.84326e-06
    outer loop
      vertex -9.41421 26.5858 26
      vertex -9.03528 26.3326 19.8637
      vertex -8.76537 26.1522 19.8992
    endloop
  endfacet
  facet normal -0.555581 -0.831462 0
    outer loop
      vertex -9.03528 26.3326 19.8637
      vertex -9.41421 26.5858 26
      vertex -9.41421 26.5858 19.7067
    endloop
  endfacet
  facet normal 0.991445 -0 0.130526
    outer loop
      vertex -4.1363 18 17.0353
      vertex -4 38 16
      vertex -4.1363 38 17.0353
    endloop
  endfacet
  facet normal 0.991445 0 0.130526
    outer loop
      vertex -4 38 16
      vertex -4.1363 18 17.0353
      vertex -4 18 16
    endloop
  endfacet
  facet normal 0.923877 -0 0.38269
    outer loop
      vertex -4.5359 18 18
      vertex -4.1363 38 17.0353
      vertex -4.5359 38 18
    endloop
  endfacet
  facet normal 0.923877 0 0.38269
    outer loop
      vertex -4.1363 38 17.0353
      vertex -4.5359 18 18
      vertex -4.1363 18 17.0353
    endloop
  endfacet
  facet normal -0.991445 0 -0.130526
    outer loop
      vertex -11.8637 18 14.9647
      vertex -12 38 16
      vertex -11.8637 38 14.9647
    endloop
  endfacet
  facet normal -0.991445 -0 -0.130526
    outer loop
      vertex -12 38 16
      vertex -11.8637 18 14.9647
      vertex -12 18 16
    endloop
  endfacet
  facet normal 0.130402 0 0.991461
    outer loop
      vertex -6.96472 38 19.8637
      vertex -7.23463 29.8478 19.8992
      vertex -6.96472 29.6674 19.8637
    endloop
  endfacet
  facet normal 0.130529 -0 0.991445
    outer loop
      vertex -8 30 20
      vertex -6.96472 38 19.8637
      vertex -8 38 20
    endloop
  endfacet
  facet normal 0.130572 -5.72918e-06 0.991439
    outer loop
      vertex -6.96472 38 19.8637
      vertex -8 30 20
      vertex -7.23463 29.8478 19.8992
    endloop
  endfacet
  facet normal 0.130402 0 0.991461
    outer loop
      vertex -7.23463 26.1522 19.8992
      vertex -6.96472 18 19.8637
      vertex -6.96472 26.3326 19.8637
    endloop
  endfacet
  facet normal 0.130572 5.72918e-06 0.991439
    outer loop
      vertex -8 26 20
      vertex -6.96472 18 19.8637
      vertex -7.23463 26.1522 19.8992
    endloop
  endfacet
  facet normal 0.130529 0 0.991445
    outer loop
      vertex -6.96472 18 19.8637
      vertex -8 26 20
      vertex -8 18 20
    endloop
  endfacet
  facet normal 0.991445 0 -0.130526
    outer loop
      vertex -4 18 16
      vertex -4.1363 38 14.9647
      vertex -4 38 16
    endloop
  endfacet
  facet normal 0.991445 0 -0.130526
    outer loop
      vertex -4.1363 38 14.9647
      vertex -4 18 16
      vertex -4.1363 18 14.9647
    endloop
  endfacet
  facet normal 0.793346 -0 0.608771
    outer loop
      vertex -5.17157 18 18.8284
      vertex -4.5359 38 18
      vertex -5.17157 38 18.8284
    endloop
  endfacet
  facet normal 0.793346 0 0.608771
    outer loop
      vertex -4.5359 38 18
      vertex -5.17157 18 18.8284
      vertex -4.5359 18 18
    endloop
  endfacet
  facet normal 0.382891 0 0.923793
    outer loop
      vertex -6 38 19.4641
      vertex -6.15224 28.7654 19.5272
      vertex -6 28 19.4641
    endloop
  endfacet
  facet normal 0.382542 6.73962e-06 0.923938
    outer loop
      vertex -6 38 19.4641
      vertex -6.58579 29.4142 19.7067
      vertex -6.15224 28.7654 19.5272
    endloop
  endfacet
  facet normal 0.382683 -0 0.92388
    outer loop
      vertex -6.96472 29.6674 19.8637
      vertex -6 38 19.4641
      vertex -6.96472 38 19.8637
    endloop
  endfacet
  facet normal 0.382765 -1.10294e-05 0.923846
    outer loop
      vertex -6 38 19.4641
      vertex -6.96472 29.6674 19.8637
      vertex -6.58579 29.4142 19.7067
    endloop
  endfacet
  facet normal 0.382891 0 0.923793
    outer loop
      vertex -6.15224 27.2346 19.5272
      vertex -6 18 19.4641
      vertex -6 28 19.4641
    endloop
  endfacet
  facet normal 0.382542 -6.73962e-06 0.923938
    outer loop
      vertex -6.58579 26.5858 19.7067
      vertex -6 18 19.4641
      vertex -6.15224 27.2346 19.5272
    endloop
  endfacet
  facet normal 0.382765 1.10294e-05 0.923846
    outer loop
      vertex -6.96472 26.3326 19.8637
      vertex -6 18 19.4641
      vertex -6.58579 26.5858 19.7067
    endloop
  endfacet
  facet normal 0.382683 0 0.92388
    outer loop
      vertex -6 18 19.4641
      vertex -6.96472 26.3326 19.8637
      vertex -6.96472 18 19.8637
    endloop
  endfacet
  facet normal -0.382765 1.10294e-05 0.923846
    outer loop
      vertex -10 18 19.4641
      vertex -9.03528 26.3326 19.8637
      vertex -9.41421 26.5858 19.7067
    endloop
  endfacet
  facet normal -0.382542 -6.73962e-06 0.923938
    outer loop
      vertex -10 18 19.4641
      vertex -9.41421 26.5858 19.7067
      vertex -9.84776 27.2346 19.5272
    endloop
  endfacet
  facet normal -0.382891 0 0.923793
    outer loop
      vertex -10 18 19.4641
      vertex -9.84776 27.2346 19.5272
      vertex -10 28 19.4641
    endloop
  endfacet
  facet normal -0.382683 0 0.92388
    outer loop
      vertex -9.03528 26.3326 19.8637
      vertex -10 18 19.4641
      vertex -9.03528 18 19.8637
    endloop
  endfacet
  facet normal -0.382683 0 0.92388
    outer loop
      vertex -10 38 19.4641
      vertex -9.03528 29.6674 19.8637
      vertex -9.03528 38 19.8637
    endloop
  endfacet
  facet normal -0.382765 -1.10294e-05 0.923846
    outer loop
      vertex -9.03528 29.6674 19.8637
      vertex -10 38 19.4641
      vertex -9.41421 29.4142 19.7067
    endloop
  endfacet
  facet normal -0.382542 6.73962e-06 0.923938
    outer loop
      vertex -9.41421 29.4142 19.7067
      vertex -10 38 19.4641
      vertex -9.84776 28.7654 19.5272
    endloop
  endfacet
  facet normal -0.382891 0 0.923793
    outer loop
      vertex -9.84776 28.7654 19.5272
      vertex -10 38 19.4641
      vertex -10 28 19.4641
    endloop
  endfacet
  facet normal -0.608789 0 0.793332
    outer loop
      vertex -10.8284 38 18.8284
      vertex -10 28 19.4641
      vertex -10 38 19.4641
    endloop
  endfacet
  facet normal -0.608789 0 0.793332
    outer loop
      vertex -10.8284 18 18.8284
      vertex -10 28 19.4641
      vertex -10.8284 38 18.8284
    endloop
  endfacet
  facet normal -0.608789 0 0.793332
    outer loop
      vertex -10 28 19.4641
      vertex -10.8284 18 18.8284
      vertex -10 18 19.4641
    endloop
  endfacet
  facet normal 0.382683 0 -0.92388
    outer loop
      vertex -6.96472 18 12.1363
      vertex -6 38 12.5359
      vertex -6 18 12.5359
    endloop
  endfacet
  facet normal 0.382683 0 -0.92388
    outer loop
      vertex -6 38 12.5359
      vertex -6.96472 18 12.1363
      vertex -6.96472 38 12.1363
    endloop
  endfacet
  facet normal -0.991445 0 0.130526
    outer loop
      vertex -12 18 16
      vertex -11.8637 38 17.0353
      vertex -12 38 16
    endloop
  endfacet
  facet normal -0.991445 0 0.130526
    outer loop
      vertex -11.8637 38 17.0353
      vertex -12 18 16
      vertex -11.8637 18 17.0353
    endloop
  endfacet
  facet normal -0.793332 0 0.608789
    outer loop
      vertex -11.4641 18 18
      vertex -10.8284 38 18.8284
      vertex -11.4641 38 18
    endloop
  endfacet
  facet normal -0.793332 0 0.608789
    outer loop
      vertex -10.8284 38 18.8284
      vertex -11.4641 18 18
      vertex -10.8284 18 18.8284
    endloop
  endfacet
  facet normal -0.608789 0 -0.793332
    outer loop
      vertex -10.8284 18 13.1716
      vertex -10 38 12.5359
      vertex -10 18 12.5359
    endloop
  endfacet
  facet normal -0.608789 0 -0.793332
    outer loop
      vertex -10 38 12.5359
      vertex -10.8284 18 13.1716
      vertex -10.8284 38 13.1716
    endloop
  endfacet
  facet normal 0.793346 0 -0.608771
    outer loop
      vertex -4.5359 18 14
      vertex -5.17157 38 13.1716
      vertex -4.5359 38 14
    endloop
  endfacet
  facet normal 0.793346 0 -0.608771
    outer loop
      vertex -5.17157 38 13.1716
      vertex -4.5359 18 14
      vertex -5.17157 18 13.1716
    endloop
  endfacet
  facet normal 0.130529 0 -0.991445
    outer loop
      vertex -8 18 12
      vertex -6.96472 38 12.1363
      vertex -6.96472 18 12.1363
    endloop
  endfacet
  facet normal 0.130529 0 -0.991445
    outer loop
      vertex -6.96472 38 12.1363
      vertex -8 18 12
      vertex -8 38 12
    endloop
  endfacet
  facet normal 0.608775 -0 0.793343
    outer loop
      vertex -6 28 19.4641
      vertex -5.17157 38 18.8284
      vertex -6 38 19.4641
    endloop
  endfacet
  facet normal 0.608775 0 0.793343
    outer loop
      vertex -5.17157 38 18.8284
      vertex -6 28 19.4641
      vertex -5.17157 18 18.8284
    endloop
  endfacet
  facet normal 0.608775 0 0.793343
    outer loop
      vertex -5.17157 18 18.8284
      vertex -6 28 19.4641
      vertex -6 18 19.4641
    endloop
  endfacet
  facet normal 0 -1 0
    outer loop
      vertex -9.03528 18 19.8637
      vertex -6.96472 18 19.8637
      vertex -8 18 20
    endloop
  endfacet
  facet normal 0 -1 0
    outer loop
      vertex -10 18 19.4641
      vertex -6.96472 18 19.8637
      vertex -9.03528 18 19.8637
    endloop
  endfacet
  facet normal 0 -1 0
    outer loop
      vertex -10 18 19.4641
      vertex -6 18 19.4641
      vertex -6.96472 18 19.8637
    endloop
  endfacet
  facet normal 0 -1 0
    outer loop
      vertex -10.8284 18 18.8284
      vertex -6 18 19.4641
      vertex -10 18 19.4641
    endloop
  endfacet
  facet normal 0 -1 0
    outer loop
      vertex -10.8284 18 18.8284
      vertex -5.17157 18 18.8284
      vertex -6 18 19.4641
    endloop
  endfacet
  facet normal 0 -1 0
    outer loop
      vertex -11.4641 18 18
      vertex -5.17157 18 18.8284
      vertex -10.8284 18 18.8284
    endloop
  endfacet
  facet normal 0 -1 0
    outer loop
      vertex -11.4641 18 18
      vertex -4.5359 18 18
      vertex -5.17157 18 18.8284
    endloop
  endfacet
  facet normal 0 -1 0
    outer loop
      vertex -11.8637 18 17.0353
      vertex -4.5359 18 18
      vertex -11.4641 18 18
    endloop
  endfacet
  facet normal 0 -1 0
    outer loop
      vertex -11.8637 18 17.0353
      vertex -4.1363 18 17.0353
      vertex -4.5359 18 18
    endloop
  endfacet
  facet normal 0 -1 0
    outer loop
      vertex -12 18 16
      vertex -4.1363 18 17.0353
      vertex -11.8637 18 17.0353
    endloop
  endfacet
  facet normal 0 -1 0
    outer loop
      vertex -12 18 16
      vertex -4 18 16
      vertex -4.1363 18 17.0353
    endloop
  endfacet
  facet normal 0 -1 0
    outer loop
      vertex -11.8637 18 14.9647
      vertex -4 18 16
      vertex -12 18 16
    endloop
  endfacet
  facet normal 0 -1 0
    outer loop
      vertex -11.8637 18 14.9647
      vertex -4.1363 18 14.9647
      vertex -4 18 16
    endloop
  endfacet
  facet normal 0 -1 0
    outer loop
      vertex -11.4641 18 14
      vertex -4.1363 18 14.9647
      vertex -11.8637 18 14.9647
    endloop
  endfacet
  facet normal 0 -1 0
    outer loop
      vertex -11.4641 18 14
      vertex -4.5359 18 14
      vertex -4.1363 18 14.9647
    endloop
  endfacet
  facet normal 0 -1 0
    outer loop
      vertex -10.8284 18 13.1716
      vertex -4.5359 18 14
      vertex -11.4641 18 14
    endloop
  endfacet
  facet normal 0 -1 0
    outer loop
      vertex -10.8284 18 13.1716
      vertex -5.17157 18 13.1716
      vertex -4.5359 18 14
    endloop
  endfacet
  facet normal 0 -1 0
    outer loop
      vertex -10 18 12.5359
      vertex -5.17157 18 13.1716
      vertex -10.8284 18 13.1716
    endloop
  endfacet
  facet normal 0 -1 0
    outer loop
      vertex -10 18 12.5359
      vertex -6 18 12.5359
      vertex -5.17157 18 13.1716
    endloop
  endfacet
  facet normal 0 -1 0
    outer loop
      vertex -9.03528 18 12.1363
      vertex -6 18 12.5359
      vertex -10 18 12.5359
    endloop
  endfacet
  facet normal 0 -1 0
    outer loop
      vertex -9.03528 18 12.1363
      vertex -6.96472 18 12.1363
      vertex -6 18 12.5359
    endloop
  endfacet
  facet normal -0 -1 0
    outer loop
      vertex -6.96472 18 12.1363
      vertex -9.03528 18 12.1363
      vertex -8 18 12
    endloop
  endfacet
  facet normal -0.923877 0 0.38269
    outer loop
      vertex -11.8637 18 17.0353
      vertex -11.4641 38 18
      vertex -11.8637 38 17.0353
    endloop
  endfacet
  facet normal -0.923877 0 0.38269
    outer loop
      vertex -11.4641 38 18
      vertex -11.8637 18 17.0353
      vertex -11.4641 18 18
    endloop
  endfacet
  facet normal -0.130529 0 0.991445
    outer loop
      vertex -9.03528 38 19.8637
      vertex -8 30 20
      vertex -8 38 20
    endloop
  endfacet
  facet normal -0.130572 -5.72918e-06 0.991439
    outer loop
      vertex -8 30 20
      vertex -9.03528 38 19.8637
      vertex -8.76537 29.8478 19.8992
    endloop
  endfacet
  facet normal -0.130402 0 0.991461
    outer loop
      vertex -8.76537 29.8478 19.8992
      vertex -9.03528 38 19.8637
      vertex -9.03528 29.6674 19.8637
    endloop
  endfacet
  facet normal -0.130572 5.72918e-06 0.991439
    outer loop
      vertex -9.03528 18 19.8637
      vertex -8 26 20
      vertex -8.76537 26.1522 19.8992
    endloop
  endfacet
  facet normal -0.130402 0 0.991461
    outer loop
      vertex -9.03528 18 19.8637
      vertex -8.76537 26.1522 19.8992
      vertex -9.03528 26.3326 19.8637
    endloop
  endfacet
  facet normal -0.130529 0 0.991445
    outer loop
      vertex -8 26 20
      vertex -9.03528 18 19.8637
      vertex -8 18 20
    endloop
  endfacet
  facet normal -0.130529 0 -0.991445
    outer loop
      vertex -9.03528 18 12.1363
      vertex -8 38 12
      vertex -8 18 12
    endloop
  endfacet
  facet normal -0.130529 0 -0.991445
    outer loop
      vertex -8 38 12
      vertex -9.03528 18 12.1363
      vertex -9.03528 38 12.1363
    endloop
  endfacet
  facet normal 0.923877 0 -0.38269
    outer loop
      vertex -4.1363 18 14.9647
      vertex -4.5359 38 14
      vertex -4.1363 38 14.9647
    endloop
  endfacet
  facet normal 0.923877 0 -0.38269
    outer loop
      vertex -4.5359 38 14
      vertex -4.1363 18 14.9647
      vertex -4.5359 18 14
    endloop
  endfacet
  facet normal 0.608775 0 -0.793343
    outer loop
      vertex -6 18 12.5359
      vertex -5.17157 38 13.1716
      vertex -5.17157 18 13.1716
    endloop
  endfacet
  facet normal 0.608775 0 -0.793343
    outer loop
      vertex -5.17157 38 13.1716
      vertex -6 18 12.5359
      vertex -6 38 12.5359
    endloop
  endfacet
  facet normal -0.382683 0 -0.92388
    outer loop
      vertex -10 18 12.5359
      vertex -9.03528 38 12.1363
      vertex -9.03528 18 12.1363
    endloop
  endfacet
  facet normal -0.382683 0 -0.92388
    outer loop
      vertex -9.03528 38 12.1363
      vertex -10 18 12.5359
      vertex -10 38 12.5359
    endloop
  endfacet
  facet normal -0.793332 0 -0.608789
    outer loop
      vertex -10.8284 18 13.1716
      vertex -11.4641 38 14
      vertex -10.8284 38 13.1716
    endloop
  endfacet
  facet normal -0.793332 -0 -0.608789
    outer loop
      vertex -11.4641 38 14
      vertex -10.8284 18 13.1716
      vertex -11.4641 18 14
    endloop
  endfacet
  facet normal 0 1 0
    outer loop
      vertex -6.96472 38 19.8637
      vertex -9.03528 38 19.8637
      vertex -8 38 20
    endloop
  endfacet
  facet normal 0 1 0
    outer loop
      vertex -6 38 19.4641
      vertex -9.03528 38 19.8637
      vertex -6.96472 38 19.8637
    endloop
  endfacet
  facet normal 0 1 0
    outer loop
      vertex -6 38 19.4641
      vertex -10 38 19.4641
      vertex -9.03528 38 19.8637
    endloop
  endfacet
  facet normal 0 1 0
    outer loop
      vertex -5.17157 38 18.8284
      vertex -10 38 19.4641
      vertex -6 38 19.4641
    endloop
  endfacet
  facet normal 0 1 0
    outer loop
      vertex -5.17157 38 18.8284
      vertex -10.8284 38 18.8284
      vertex -10 38 19.4641
    endloop
  endfacet
  facet normal 0 1 0
    outer loop
      vertex -4.5359 38 18
      vertex -10.8284 38 18.8284
      vertex -5.17157 38 18.8284
    endloop
  endfacet
  facet normal 0 1 0
    outer loop
      vertex -4.5359 38 18
      vertex -11.4641 38 18
      vertex -10.8284 38 18.8284
    endloop
  endfacet
  facet normal 0 1 0
    outer loop
      vertex -4.1363 38 17.0353
      vertex -11.4641 38 18
      vertex -4.5359 38 18
    endloop
  endfacet
  facet normal 0 1 0
    outer loop
      vertex -4.1363 38 17.0353
      vertex -11.8637 38 17.0353
      vertex -11.4641 38 18
    endloop
  endfacet
  facet normal 0 1 0
    outer loop
      vertex -4 38 16
      vertex -11.8637 38 17.0353
      vertex -4.1363 38 17.0353
    endloop
  endfacet
  facet normal 0 1 0
    outer loop
      vertex -4 38 16
      vertex -12 38 16
      vertex -11.8637 38 17.0353
    endloop
  endfacet
  facet normal 0 1 -0
    outer loop
      vertex -4.1363 38 14.9647
      vertex -12 38 16
      vertex -4 38 16
    endloop
  endfacet
  facet normal 0 1 0
    outer loop
      vertex -4.1363 38 14.9647
      vertex -11.8637 38 14.9647
      vertex -12 38 16
    endloop
  endfacet
  facet normal 0 1 -0
    outer loop
      vertex -4.5359 38 14
      vertex -11.8637 38 14.9647
      vertex -4.1363 38 14.9647
    endloop
  endfacet
  facet normal 0 1 0
    outer loop
      vertex -4.5359 38 14
      vertex -11.4641 38 14
      vertex -11.8637 38 14.9647
    endloop
  endfacet
  facet normal 0 1 -0
    outer loop
      vertex -5.17157 38 13.1716
      vertex -11.4641 38 14
      vertex -4.5359 38 14
    endloop
  endfacet
  facet normal 0 1 0
    outer loop
      vertex -5.17157 38 13.1716
      vertex -10.8284 38 13.1716
      vertex -11.4641 38 14
    endloop
  endfacet
  facet normal 0 1 -0
    outer loop
      vertex -6 38 12.5359
      vertex -10.8284 38 13.1716
      vertex -5.17157 38 13.1716
    endloop
  endfacet
  facet normal 0 1 0
    outer loop
      vertex -6 38 12.5359
      vertex -10 38 12.5359
      vertex -10.8284 38 13.1716
    endloop
  endfacet
  facet normal 0 1 -0
    outer loop
      vertex -6.96472 38 12.1363
      vertex -10 38 12.5359
      vertex -6 38 12.5359
    endloop
  endfacet
  facet normal 0 1 0
    outer loop
      vertex -6.96472 38 12.1363
      vertex -9.03528 38 12.1363
      vertex -10 38 12.5359
    endloop
  endfacet
  facet normal -0 1 0
    outer loop
      vertex -9.03528 38 12.1363
      vertex -6.96472 38 12.1363
      vertex -8 38 12
    endloop
  endfacet
  facet normal -0.923877 0 -0.38269
    outer loop
      vertex -11.4641 18 14
      vertex -11.8637 38 14.9647
      vertex -11.4641 38 14
    endloop
  endfacet
  facet normal -0.923877 -0 -0.38269
    outer loop
      vertex -11.8637 38 14.9647
      vertex -11.4641 18 14
      vertex -11.8637 18 14.9647
    endloop
  endfacet
  facet normal 0.98769 -0 0.156427
    outer loop
      vertex -4.6713 30.5 44.5816
      vertex -4.5 32 43.5
      vertex -4.6713 32 44.5816
    endloop
  endfacet
  facet normal 0.98769 0 0.156427
    outer loop
      vertex -4.5 32 43.5
      vertex -4.6713 30.5 44.5816
      vertex -4.5 30.5 43.5
    endloop
  endfacet
  facet normal 0.98769 -0 0.156427
    outer loop
      vertex -4.6713 24 44.5816
      vertex -4.5 25.5 43.5
      vertex -4.6713 25.5 44.5816
    endloop
  endfacet
  facet normal 0.98769 0 0.156427
    outer loop
      vertex -4.5 25.5 43.5
      vertex -4.6713 24 44.5816
      vertex -4.5 24 43.5
    endloop
  endfacet
  facet normal 0.890989 -0 0.454025
    outer loop
      vertex -5.16844 30.5 45.5572
      vertex -4.6713 32 44.5816
      vertex -5.16844 32 45.5572
    endloop
  endfacet
  facet normal 0.890989 0 0.454025
    outer loop
      vertex -4.6713 32 44.5816
      vertex -5.16844 30.5 45.5572
      vertex -4.6713 30.5 44.5816
    endloop
  endfacet
  facet normal 0.890989 -0 0.454025
    outer loop
      vertex -5.16844 24 45.5572
      vertex -4.6713 25.5 44.5816
      vertex -5.16844 25.5 45.5572
    endloop
  endfacet
  facet normal 0.890989 0 0.454025
    outer loop
      vertex -4.6713 25.5 44.5816
      vertex -5.16844 24 45.5572
      vertex -4.6713 24 44.5816
    endloop
  endfacet
  facet normal -0.891023 0 -0.453959
    outer loop
      vertex -10.8316 30.5 41.4427
      vertex -11.3287 32 42.4184
      vertex -10.8316 32 41.4427
    endloop
  endfacet
  facet normal -0.891023 -0 -0.453959
    outer loop
      vertex -11.3287 32 42.4184
      vertex -10.8316 30.5 41.4427
      vertex -11.3287 30.5 42.4184
    endloop
  endfacet
  facet normal -0.891023 0 -0.453959
    outer loop
      vertex -10.8316 24 41.4427
      vertex -11.3287 25.5 42.4184
      vertex -10.8316 25.5 41.4427
    endloop
  endfacet
  facet normal -0.891023 -0 -0.453959
    outer loop
      vertex -11.3287 25.5 42.4184
      vertex -10.8316 24 41.4427
      vertex -11.3287 24 42.4184
    endloop
  endfacet
  facet normal 0.156432 0 0.987689
    outer loop
      vertex -8 32 47
      vertex -6.91844 24 46.8287
      vertex -6.91844 32 46.8287
    endloop
  endfacet
  facet normal 0.156432 0 0.987689
    outer loop
      vertex -6.91844 24 46.8287
      vertex -8 32 47
      vertex -8 24 47
    endloop
  endfacet
  facet normal 0.98769 0 -0.156427
    outer loop
      vertex -4.5 30.5 43.5
      vertex -4.6713 32 42.4184
      vertex -4.5 32 43.5
    endloop
  endfacet
  facet normal 0.98769 0 -0.156427
    outer loop
      vertex -4.6713 32 42.4184
      vertex -4.5 30.5 43.5
      vertex -4.6713 30.5 42.4184
    endloop
  endfacet
  facet normal 0.98769 0 -0.156427
    outer loop
      vertex -4.5 24 43.5
      vertex -4.6713 25.5 42.4184
      vertex -4.5 25.5 43.5
    endloop
  endfacet
  facet normal 0.98769 0 -0.156427
    outer loop
      vertex -4.6713 25.5 42.4184
      vertex -4.5 24 43.5
      vertex -4.6713 24 42.4184
    endloop
  endfacet
  facet normal 0.707148 -0 0.707066
    outer loop
      vertex -5.94275 30.5 46.3316
      vertex -5.16844 32 45.5572
      vertex -5.94275 32 46.3316
    endloop
  endfacet
  facet normal 0.707148 0 0.707066
    outer loop
      vertex -5.16844 32 45.5572
      vertex -5.94275 30.5 46.3316
      vertex -5.16844 30.5 45.5572
    endloop
  endfacet
  facet normal 0.707148 -0 0.707066
    outer loop
      vertex -5.94275 24 46.3316
      vertex -5.16844 25.5 45.5572
      vertex -5.94275 25.5 46.3316
    endloop
  endfacet
  facet normal 0.707148 0 0.707066
    outer loop
      vertex -5.16844 25.5 45.5572
      vertex -5.94275 24 46.3316
      vertex -5.16844 24 45.5572
    endloop
  endfacet
  facet normal 0.453907 0 0.891049
    outer loop
      vertex -5.94275 32 46.3316
      vertex -6.27333 30.5 46.5
      vertex -5.94275 30.5 46.3316
    endloop
  endfacet
  facet normal 0.453991 0 0.891007
    outer loop
      vertex -6.27333 30.5 46.5
      vertex -6.91844 32 46.8287
      vertex -6.27333 25.5 46.5
    endloop
  endfacet
  facet normal 0.453962 -1.52946e-05 0.891021
    outer loop
      vertex -6.91844 32 46.8287
      vertex -6.27333 30.5 46.5
      vertex -5.94275 32 46.3316
    endloop
  endfacet
  facet normal 0.453907 0 0.891049
    outer loop
      vertex -6.27333 25.5 46.5
      vertex -5.94275 24 46.3316
      vertex -5.94275 25.5 46.3316
    endloop
  endfacet
  facet normal 0.453962 1.52946e-05 0.891021
    outer loop
      vertex -6.27333 25.5 46.5
      vertex -6.91844 24 46.8287
      vertex -5.94275 24 46.3316
    endloop
  endfacet
  facet normal 0.453991 -0 0.891007
    outer loop
      vertex -6.91844 24 46.8287
      vertex -6.27333 25.5 46.5
      vertex -6.91844 32 46.8287
    endloop
  endfacet
  facet normal -0.98769 0 0.156427
    outer loop
      vertex -11.5 30.5 43.5
      vertex -11.3287 32 44.5816
      vertex -11.5 32 43.5
    endloop
  endfacet
  facet normal -0.98769 0 0.156427
    outer loop
      vertex -11.3287 32 44.5816
      vertex -11.5 30.5 43.5
      vertex -11.3287 30.5 44.5816
    endloop
  endfacet
  facet normal -0.98769 0 0.156427
    outer loop
      vertex -11.5 24 43.5
      vertex -11.3287 25.5 44.5816
      vertex -11.5 25.5 43.5
    endloop
  endfacet
  facet normal -0.98769 0 0.156427
    outer loop
      vertex -11.3287 25.5 44.5816
      vertex -11.5 24 43.5
      vertex -11.3287 24 44.5816
    endloop
  endfacet
  facet normal -0.707107 0 0.707107
    outer loop
      vertex -10.8316 30.5 45.5572
      vertex -10.0572 32 46.3316
      vertex -10.8316 32 45.5572
    endloop
  endfacet
  facet normal -0.707107 0 0.707107
    outer loop
      vertex -10.0572 32 46.3316
      vertex -10.8316 30.5 45.5572
      vertex -10.0572 30.5 46.3316
    endloop
  endfacet
  facet normal -0.707107 0 0.707107
    outer loop
      vertex -10.8316 24 45.5572
      vertex -10.0572 25.5 46.3316
      vertex -10.8316 25.5 45.5572
    endloop
  endfacet
  facet normal -0.707107 0 0.707107
    outer loop
      vertex -10.0572 25.5 46.3316
      vertex -10.8316 24 45.5572
      vertex -10.0572 24 46.3316
    endloop
  endfacet
  facet normal -0.156432 0 0.987689
    outer loop
      vertex -9.08156 32 46.8287
      vertex -8 24 47
      vertex -8 32 47
    endloop
  endfacet
  facet normal -0.156432 0 0.987689
    outer loop
      vertex -8 24 47
      vertex -9.08156 32 46.8287
      vertex -9.08156 24 46.8287
    endloop
  endfacet
  facet normal -0.453996 0 0.891004
    outer loop
      vertex -9.08156 32 46.8287
      vertex -9.72666 30.5 46.5
      vertex -9.08156 24 46.8287
    endloop
  endfacet
  facet normal -0.453981 -8.31552e-06 0.891011
    outer loop
      vertex -10.0572 32 46.3316
      vertex -9.72666 30.5 46.5
      vertex -9.08156 32 46.8287
    endloop
  endfacet
  facet normal -0.453951 0 0.891027
    outer loop
      vertex -9.72666 30.5 46.5
      vertex -10.0572 32 46.3316
      vertex -10.0572 30.5 46.3316
    endloop
  endfacet
  facet normal -0.453996 0 0.891004
    outer loop
      vertex -9.72666 25.5 46.5
      vertex -9.08156 24 46.8287
      vertex -9.72666 30.5 46.5
    endloop
  endfacet
  facet normal -0.453951 0 0.891027
    outer loop
      vertex -10.0572 24 46.3316
      vertex -9.72666 25.5 46.5
      vertex -10.0572 25.5 46.3316
    endloop
  endfacet
  facet normal -0.453981 8.31552e-06 0.891011
    outer loop
      vertex -9.72666 25.5 46.5
      vertex -10.0572 24 46.3316
      vertex -9.08156 24 46.8287
    endloop
  endfacet
  facet normal -0.707061 0 -0.707152
    outer loop
      vertex -10.8316 30.5 41.4427
      vertex -10.0572 32 40.6684
      vertex -10.0572 30.5 40.6684
    endloop
  endfacet
  facet normal -0.707061 0 -0.707152
    outer loop
      vertex -10.0572 32 40.6684
      vertex -10.8316 30.5 41.4427
      vertex -10.8316 32 41.4427
    endloop
  endfacet
  facet normal -0.707061 0 -0.707152
    outer loop
      vertex -10.8316 24 41.4427
      vertex -10.0572 25.5 40.6684
      vertex -10.0572 24 40.6684
    endloop
  endfacet
  facet normal -0.707061 0 -0.707152
    outer loop
      vertex -10.0572 25.5 40.6684
      vertex -10.8316 24 41.4427
      vertex -10.8316 25.5 41.4427
    endloop
  endfacet
  facet normal -0.98769 0 -0.156427
    outer loop
      vertex -11.3287 24 42.4184
      vertex -11.5 25.5 43.5
      vertex -11.3287 25.5 42.4184
    endloop
  endfacet
  facet normal -0.98769 -0 -0.156427
    outer loop
      vertex -11.5 25.5 43.5
      vertex -11.3287 24 42.4184
      vertex -11.5 24 43.5
    endloop
  endfacet
  facet normal -0.98769 0 -0.156427
    outer loop
      vertex -11.3287 30.5 42.4184
      vertex -11.5 32 43.5
      vertex -11.3287 32 42.4184
    endloop
  endfacet
  facet normal -0.98769 -0 -0.156427
    outer loop
      vertex -11.5 32 43.5
      vertex -11.3287 30.5 42.4184
      vertex -11.5 30.5 43.5
    endloop
  endfacet
  facet normal 0.707102 0 -0.707111
    outer loop
      vertex -5.94275 30.5 40.6684
      vertex -5.16844 32 41.4427
      vertex -5.16844 30.5 41.4427
    endloop
  endfacet
  facet normal 0.707102 0 -0.707111
    outer loop
      vertex -5.16844 32 41.4427
      vertex -5.94275 30.5 40.6684
      vertex -5.94275 32 40.6684
    endloop
  endfacet
  facet normal 0.707102 0 -0.707111
    outer loop
      vertex -5.94275 24 40.6684
      vertex -5.16844 25.5 41.4427
      vertex -5.16844 24 41.4427
    endloop
  endfacet
  facet normal 0.707102 0 -0.707111
    outer loop
      vertex -5.16844 25.5 41.4427
      vertex -5.94275 24 40.6684
      vertex -5.94275 25.5 40.6684
    endloop
  endfacet
  facet normal 0.156432 0 -0.987689
    outer loop
      vertex -8 24 40
      vertex -6.91844 25.5 40.1713
      vertex -6.91844 24 40.1713
    endloop
  endfacet
  facet normal 0.156432 0 -0.987689
    outer loop
      vertex -6.91844 25.5 40.1713
      vertex -8 24 40
      vertex -8 25.5 40
    endloop
  endfacet
  facet normal 0.156432 0 -0.987689
    outer loop
      vertex -8 30.5 40
      vertex -6.91844 32 40.1713
      vertex -6.91844 30.5 40.1713
    endloop
  endfacet
  facet normal 0.156432 0 -0.987689
    outer loop
      vertex -6.91844 32 40.1713
      vertex -8 30.5 40
      vertex -8 32 40
    endloop
  endfacet
  facet normal 0.453962 0 -0.891021
    outer loop
      vertex -6.91844 24 40.1713
      vertex -5.94275 25.5 40.6684
      vertex -5.94275 24 40.6684
    endloop
  endfacet
  facet normal 0.453962 0 -0.891021
    outer loop
      vertex -5.94275 25.5 40.6684
      vertex -6.91844 24 40.1713
      vertex -6.91844 25.5 40.1713
    endloop
  endfacet
  facet normal 0.453962 0 -0.891021
    outer loop
      vertex -6.91844 30.5 40.1713
      vertex -5.94275 32 40.6684
      vertex -5.94275 30.5 40.6684
    endloop
  endfacet
  facet normal 0.453962 0 -0.891021
    outer loop
      vertex -5.94275 32 40.6684
      vertex -6.91844 30.5 40.1713
      vertex -6.91844 32 40.1713
    endloop
  endfacet
  facet normal 0 -1 0
    outer loop
      vertex -9.08156 24 46.8287
      vertex -6.91844 24 46.8287
      vertex -8 24 47
    endloop
  endfacet
  facet normal 0 -1 0
    outer loop
      vertex -10.0572 24 46.3316
      vertex -6.91844 24 46.8287
      vertex -9.08156 24 46.8287
    endloop
  endfacet
  facet normal 0 -1 0
    outer loop
      vertex -10.0572 24 46.3316
      vertex -5.94275 24 46.3316
      vertex -6.91844 24 46.8287
    endloop
  endfacet
  facet normal 0 -1 0
    outer loop
      vertex -10.8316 24 45.5572
      vertex -5.94275 24 46.3316
      vertex -10.0572 24 46.3316
    endloop
  endfacet
  facet normal 0 -1 0
    outer loop
      vertex -10.8316 24 45.5572
      vertex -5.16844 24 45.5572
      vertex -5.94275 24 46.3316
    endloop
  endfacet
  facet normal 0 -1 0
    outer loop
      vertex -11.3287 24 44.5816
      vertex -5.16844 24 45.5572
      vertex -10.8316 24 45.5572
    endloop
  endfacet
  facet normal 0 -1 0
    outer loop
      vertex -11.3287 24 44.5816
      vertex -4.6713 24 44.5816
      vertex -5.16844 24 45.5572
    endloop
  endfacet
  facet normal 0 -1 0
    outer loop
      vertex -11.5 24 43.5
      vertex -4.6713 24 44.5816
      vertex -11.3287 24 44.5816
    endloop
  endfacet
  facet normal 0 -1 0
    outer loop
      vertex -11.5 24 43.5
      vertex -4.5 24 43.5
      vertex -4.6713 24 44.5816
    endloop
  endfacet
  facet normal 0 -1 0
    outer loop
      vertex -11.3287 24 42.4184
      vertex -4.5 24 43.5
      vertex -11.5 24 43.5
    endloop
  endfacet
  facet normal 0 -1 0
    outer loop
      vertex -11.3287 24 42.4184
      vertex -4.6713 24 42.4184
      vertex -4.5 24 43.5
    endloop
  endfacet
  facet normal 0 -1 0
    outer loop
      vertex -10.8316 24 41.4427
      vertex -4.6713 24 42.4184
      vertex -11.3287 24 42.4184
    endloop
  endfacet
  facet normal 0 -1 0
    outer loop
      vertex -10.8316 24 41.4427
      vertex -5.16844 24 41.4427
      vertex -4.6713 24 42.4184
    endloop
  endfacet
  facet normal 0 -1 0
    outer loop
      vertex -10.0572 24 40.6684
      vertex -5.16844 24 41.4427
      vertex -10.8316 24 41.4427
    endloop
  endfacet
  facet normal 0 -1 0
    outer loop
      vertex -10.0572 24 40.6684
      vertex -5.94275 24 40.6684
      vertex -5.16844 24 41.4427
    endloop
  endfacet
  facet normal 0 -1 0
    outer loop
      vertex -9.08156 24 40.1713
      vertex -5.94275 24 40.6684
      vertex -10.0572 24 40.6684
    endloop
  endfacet
  facet normal 0 -1 0
    outer loop
      vertex -9.08156 24 40.1713
      vertex -6.91844 24 40.1713
      vertex -5.94275 24 40.6684
    endloop
  endfacet
  facet normal -0 -1 0
    outer loop
      vertex -6.91844 24 40.1713
      vertex -9.08156 24 40.1713
      vertex -8 24 40
    endloop
  endfacet
  facet normal -0.891004 0 0.453996
    outer loop
      vertex -11.3287 30.5 44.5816
      vertex -10.8316 32 45.5572
      vertex -11.3287 32 44.5816
    endloop
  endfacet
  facet normal -0.891004 0 0.453996
    outer loop
      vertex -10.8316 32 45.5572
      vertex -11.3287 30.5 44.5816
      vertex -10.8316 30.5 45.5572
    endloop
  endfacet
  facet normal -0.891004 0 0.453996
    outer loop
      vertex -11.3287 24 44.5816
      vertex -10.8316 25.5 45.5572
      vertex -11.3287 25.5 44.5816
    endloop
  endfacet
  facet normal -0.891004 0 0.453996
    outer loop
      vertex -10.8316 25.5 45.5572
      vertex -11.3287 24 44.5816
      vertex -10.8316 24 45.5572
    endloop
  endfacet
  facet normal -0.453981 0 -0.891011
    outer loop
      vertex -10.0572 30.5 40.6684
      vertex -9.08156 32 40.1713
      vertex -9.08156 30.5 40.1713
    endloop
  endfacet
  facet normal -0.453981 0 -0.891011
    outer loop
      vertex -9.08156 32 40.1713
      vertex -10.0572 30.5 40.6684
      vertex -10.0572 32 40.6684
    endloop
  endfacet
  facet normal -0.453981 0 -0.891011
    outer loop
      vertex -10.0572 24 40.6684
      vertex -9.08156 25.5 40.1713
      vertex -9.08156 24 40.1713
    endloop
  endfacet
  facet normal -0.453981 0 -0.891011
    outer loop
      vertex -9.08156 25.5 40.1713
      vertex -10.0572 24 40.6684
      vertex -10.0572 25.5 40.6684
    endloop
  endfacet
  facet normal -0.156432 0 -0.987689
    outer loop
      vertex -9.08156 30.5 40.1713
      vertex -8 32 40
      vertex -8 30.5 40
    endloop
  endfacet
  facet normal -0.156432 0 -0.987689
    outer loop
      vertex -8 32 40
      vertex -9.08156 30.5 40.1713
      vertex -9.08156 32 40.1713
    endloop
  endfacet
  facet normal -0.156432 0 -0.987689
    outer loop
      vertex -9.08156 24 40.1713
      vertex -8 25.5 40
      vertex -8 24 40
    endloop
  endfacet
  facet normal -0.156432 0 -0.987689
    outer loop
      vertex -8 25.5 40
      vertex -9.08156 24 40.1713
      vertex -9.08156 25.5 40.1713
    endloop
  endfacet
  facet normal 0.891008 0 -0.453988
    outer loop
      vertex -4.6713 30.5 42.4184
      vertex -5.16844 32 41.4427
      vertex -4.6713 32 42.4184
    endloop
  endfacet
  facet normal 0.891008 0 -0.453988
    outer loop
      vertex -5.16844 32 41.4427
      vertex -4.6713 30.5 42.4184
      vertex -5.16844 30.5 41.4427
    endloop
  endfacet
  facet normal 0.891008 0 -0.453988
    outer loop
      vertex -4.6713 24 42.4184
      vertex -5.16844 25.5 41.4427
      vertex -4.6713 25.5 42.4184
    endloop
  endfacet
  facet normal 0.891008 0 -0.453988
    outer loop
      vertex -5.16844 25.5 41.4427
      vertex -4.6713 24 42.4184
      vertex -5.16844 24 41.4427
    endloop
  endfacet
  facet normal 0 1 0
    outer loop
      vertex -6.91844 32 46.8287
      vertex -9.08156 32 46.8287
      vertex -8 32 47
    endloop
  endfacet
  facet normal 0 1 0
    outer loop
      vertex -5.94275 32 46.3316
      vertex -9.08156 32 46.8287
      vertex -6.91844 32 46.8287
    endloop
  endfacet
  facet normal 0 1 0
    outer loop
      vertex -5.94275 32 46.3316
      vertex -10.0572 32 46.3316
      vertex -9.08156 32 46.8287
    endloop
  endfacet
  facet normal 0 1 0
    outer loop
      vertex -5.16844 32 45.5572
      vertex -10.0572 32 46.3316
      vertex -5.94275 32 46.3316
    endloop
  endfacet
  facet normal 0 1 0
    outer loop
      vertex -5.16844 32 45.5572
      vertex -10.8316 32 45.5572
      vertex -10.0572 32 46.3316
    endloop
  endfacet
  facet normal 0 1 0
    outer loop
      vertex -4.6713 32 44.5816
      vertex -10.8316 32 45.5572
      vertex -5.16844 32 45.5572
    endloop
  endfacet
  facet normal 0 1 0
    outer loop
      vertex -4.6713 32 44.5816
      vertex -11.3287 32 44.5816
      vertex -10.8316 32 45.5572
    endloop
  endfacet
  facet normal 0 1 0
    outer loop
      vertex -4.5 32 43.5
      vertex -11.3287 32 44.5816
      vertex -4.6713 32 44.5816
    endloop
  endfacet
  facet normal 0 1 0
    outer loop
      vertex -4.5 32 43.5
      vertex -11.5 32 43.5
      vertex -11.3287 32 44.5816
    endloop
  endfacet
  facet normal 0 1 -0
    outer loop
      vertex -4.6713 32 42.4184
      vertex -11.5 32 43.5
      vertex -4.5 32 43.5
    endloop
  endfacet
  facet normal 0 1 0
    outer loop
      vertex -4.6713 32 42.4184
      vertex -11.3287 32 42.4184
      vertex -11.5 32 43.5
    endloop
  endfacet
  facet normal 0 1 -0
    outer loop
      vertex -5.16844 32 41.4427
      vertex -11.3287 32 42.4184
      vertex -4.6713 32 42.4184
    endloop
  endfacet
  facet normal 0 1 0
    outer loop
      vertex -5.16844 32 41.4427
      vertex -10.8316 32 41.4427
      vertex -11.3287 32 42.4184
    endloop
  endfacet
  facet normal 0 1 -0
    outer loop
      vertex -5.94275 32 40.6684
      vertex -10.8316 32 41.4427
      vertex -5.16844 32 41.4427
    endloop
  endfacet
  facet normal 0 1 0
    outer loop
      vertex -5.94275 32 40.6684
      vertex -10.0572 32 40.6684
      vertex -10.8316 32 41.4427
    endloop
  endfacet
  facet normal 0 1 -0
    outer loop
      vertex -6.91844 32 40.1713
      vertex -10.0572 32 40.6684
      vertex -5.94275 32 40.6684
    endloop
  endfacet
  facet normal 0 1 0
    outer loop
      vertex -6.91844 32 40.1713
      vertex -9.08156 32 40.1713
      vertex -10.0572 32 40.6684
    endloop
  endfacet
  facet normal -0 1 0
    outer loop
      vertex -9.08156 32 40.1713
      vertex -6.91844 32 40.1713
      vertex -8 32 40
    endloop
  endfacet
  facet normal -1 0 0
    outer loop
      vertex 5 25.5 26
      vertex 5 30.5 40.5
      vertex 5 30.5 26
    endloop
  endfacet
  facet normal -1 -0 0
    outer loop
      vertex 5 30.5 40.5
      vertex 5 25.5 26
      vertex 5 25.5 40.5
    endloop
  endfacet
  facet normal 1 -0 0
    outer loop
      vertex 11 25.5 40.5
      vertex 11 30.5 26
      vertex 11 30.5 40.5
    endloop
  endfacet
  facet normal 1 0 0
    outer loop
      vertex 11 30.5 26
      vertex 11 25.5 40.5
      vertex 11 25.5 26
    endloop
  endfacet
  facet normal 0 0 -1
    outer loop
      vertex 11 25.5 26
      vertex 10 28 26
      vertex 11 30.5 26
    endloop
  endfacet
  facet normal 0 0 -1
    outer loop
      vertex 11 25.5 26
      vertex 9.84776 27.2346 26
      vertex 10 28 26
    endloop
  endfacet
  facet normal 0 0 -1
    outer loop
      vertex 11 25.5 26
      vertex 9.41421 26.5858 26
      vertex 9.84776 27.2346 26
    endloop
  endfacet
  facet normal 0 0 -1
    outer loop
      vertex 11 25.5 26
      vertex 8.76537 26.1522 26
      vertex 9.41421 26.5858 26
    endloop
  endfacet
  facet normal 0 0 -1
    outer loop
      vertex 11 25.5 26
      vertex 8 26 26
      vertex 8.76537 26.1522 26
    endloop
  endfacet
  facet normal -0 0 -1
    outer loop
      vertex 6.15224 27.2346 26
      vertex 5 25.5 26
      vertex 6 28 26
    endloop
  endfacet
  facet normal -0 0 -1
    outer loop
      vertex 6.58579 26.5858 26
      vertex 5 25.5 26
      vertex 6.15224 27.2346 26
    endloop
  endfacet
  facet normal -0 0 -1
    outer loop
      vertex 7.23463 26.1522 26
      vertex 5 25.5 26
      vertex 6.58579 26.5858 26
    endloop
  endfacet
  facet normal -0 0 -1
    outer loop
      vertex 8 26 26
      vertex 5 25.5 26
      vertex 7.23463 26.1522 26
    endloop
  endfacet
  facet normal 0 0 -1
    outer loop
      vertex 5 25.5 26
      vertex 8 26 26
      vertex 11 25.5 26
    endloop
  endfacet
  facet normal 0 0 -1
    outer loop
      vertex 9.84776 28.7654 26
      vertex 11 30.5 26
      vertex 10 28 26
    endloop
  endfacet
  facet normal 0 0 -1
    outer loop
      vertex 9.41421 29.4142 26
      vertex 11 30.5 26
      vertex 9.84776 28.7654 26
    endloop
  endfacet
  facet normal 0 0 -1
    outer loop
      vertex 8.76537 29.8478 26
      vertex 11 30.5 26
      vertex 9.41421 29.4142 26
    endloop
  endfacet
  facet normal 0 0 -1
    outer loop
      vertex 8 30 26
      vertex 11 30.5 26
      vertex 8.76537 29.8478 26
    endloop
  endfacet
  facet normal 0 0 -1
    outer loop
      vertex 5 30.5 26
      vertex 6 28 26
      vertex 5 25.5 26
    endloop
  endfacet
  facet normal 0 0 -1
    outer loop
      vertex 8 30 26
      vertex 5 30.5 26
      vertex 11 30.5 26
    endloop
  endfacet
  facet normal 0 0 -1
    outer loop
      vertex 7.23463 29.8478 26
      vertex 5 30.5 26
      vertex 8 30 26
    endloop
  endfacet
  facet normal 0 0 -1
    outer loop
      vertex 6.58579 29.4142 26
      vertex 5 30.5 26
      vertex 7.23463 29.8478 26
    endloop
  endfacet
  facet normal 0 0 -1
    outer loop
      vertex 6.15224 28.7654 26
      vertex 5 30.5 26
      vertex 6.58579 29.4142 26
    endloop
  endfacet
  facet normal 0 0 -1
    outer loop
      vertex 6 28 26
      vertex 5 30.5 26
      vertex 6.15224 28.7654 26
    endloop
  endfacet
  facet normal 0.980787 0.195081 0
    outer loop
      vertex 10 28 26
      vertex 9.84776 28.7654 19.5272
      vertex 9.84776 28.7654 26
    endloop
  endfacet
  facet normal 0.980787 0.195081 0
    outer loop
      vertex 9.84776 28.7654 19.5272
      vertex 10 28 26
      vertex 10 28 19.4641
    endloop
  endfacet
  facet normal -0.195039 0.980795 0
    outer loop
      vertex 8 30 20
      vertex 7.23463 29.8478 26
      vertex 8 30 26
    endloop
  endfacet
  facet normal -0.195039 0.980795 0
    outer loop
      vertex 7.23463 29.8478 26
      vertex 8 30 20
      vertex 7.23463 29.8478 19.8992
    endloop
  endfacet
  facet normal 0.555622 0.831435 0
    outer loop
      vertex 9.41421 29.4142 26
      vertex 8.76537 29.8478 19.8992
      vertex 8.76537 29.8478 26
    endloop
  endfacet
  facet normal 0.55568 0.831396 -8.84326e-06
    outer loop
      vertex 9.41421 29.4142 26
      vertex 9.03528 29.6674 19.8637
      vertex 8.76537 29.8478 19.8992
    endloop
  endfacet
  facet normal 0.555581 0.831462 0
    outer loop
      vertex 9.03528 29.6674 19.8637
      vertex 9.41421 29.4142 26
      vertex 9.41421 29.4142 19.7067
    endloop
  endfacet
  facet normal 0.831448 0.555602 0
    outer loop
      vertex 9.84776 28.7654 26
      vertex 9.41421 29.4142 19.7067
      vertex 9.41421 29.4142 26
    endloop
  endfacet
  facet normal 0.831448 0.555602 0
    outer loop
      vertex 9.41421 29.4142 19.7067
      vertex 9.84776 28.7654 26
      vertex 9.84776 28.7654 19.5272
    endloop
  endfacet
  facet normal 0.195039 0.980795 0
    outer loop
      vertex 8.76537 29.8478 26
      vertex 8 30 20
      vertex 8 30 26
    endloop
  endfacet
  facet normal 0.195039 0.980795 0
    outer loop
      vertex 8 30 20
      vertex 8.76537 29.8478 26
      vertex 8.76537 29.8478 19.8992
    endloop
  endfacet
  facet normal -0.831448 0.555602 0
    outer loop
      vertex 6.15224 28.7654 26
      vertex 6.58579 29.4142 19.7067
      vertex 6.15224 28.7654 19.5272
    endloop
  endfacet
  facet normal -0.831448 0.555602 0
    outer loop
      vertex 6.58579 29.4142 19.7067
      vertex 6.15224 28.7654 26
      vertex 6.58579 29.4142 26
    endloop
  endfacet
  facet normal -0.980787 0.195081 0
    outer loop
      vertex 6 28 26
      vertex 6.15224 28.7654 19.5272
      vertex 6 28 19.4641
    endloop
  endfacet
  facet normal -0.980787 0.195081 0
    outer loop
      vertex 6.15224 28.7654 19.5272
      vertex 6 28 26
      vertex 6.15224 28.7654 26
    endloop
  endfacet
  facet normal -0.555622 0.831435 0
    outer loop
      vertex 7.23463 29.8478 19.8992
      vertex 6.58579 29.4142 26
      vertex 7.23463 29.8478 26
    endloop
  endfacet
  facet normal -0.55568 0.831396 -8.84326e-06
    outer loop
      vertex 6.96472 29.6674 19.8637
      vertex 6.58579 29.4142 26
      vertex 7.23463 29.8478 19.8992
    endloop
  endfacet
  facet normal -0.555581 0.831462 0
    outer loop
      vertex 6.58579 29.4142 26
      vertex 6.96472 29.6674 19.8637
      vertex 6.58579 29.4142 19.7067
    endloop
  endfacet
  facet normal 0.980787 -0.195081 0
    outer loop
      vertex 9.84776 27.2346 19.5272
      vertex 10 28 26
      vertex 9.84776 27.2346 26
    endloop
  endfacet
  facet normal 0.980787 -0.195081 0
    outer loop
      vertex 10 28 26
      vertex 9.84776 27.2346 19.5272
      vertex 10 28 19.4641
    endloop
  endfacet
  facet normal -0.195039 -0.980795 0
    outer loop
      vertex 7.23463 26.1522 26
      vertex 8 26 20
      vertex 8 26 26
    endloop
  endfacet
  facet normal -0.195039 -0.980795 0
    outer loop
      vertex 8 26 20
      vertex 7.23463 26.1522 26
      vertex 7.23463 26.1522 19.8992
    endloop
  endfacet
  facet normal -0.831448 -0.555602 0
    outer loop
      vertex 6.58579 26.5858 19.7067
      vertex 6.15224 27.2346 26
      vertex 6.15224 27.2346 19.5272
    endloop
  endfacet
  facet normal -0.831448 -0.555602 0
    outer loop
      vertex 6.15224 27.2346 26
      vertex 6.58579 26.5858 19.7067
      vertex 6.58579 26.5858 26
    endloop
  endfacet
  facet normal -0.980787 -0.195081 0
    outer loop
      vertex 6.15224 27.2346 19.5272
      vertex 6 28 26
      vertex 6 28 19.4641
    endloop
  endfacet
  facet normal -0.980787 -0.195081 0
    outer loop
      vertex 6 28 26
      vertex 6.15224 27.2346 19.5272
      vertex 6.15224 27.2346 26
    endloop
  endfacet
  facet normal 0.831448 -0.555602 0
    outer loop
      vertex 9.41421 26.5858 19.7067
      vertex 9.84776 27.2346 26
      vertex 9.41421 26.5858 26
    endloop
  endfacet
  facet normal 0.831448 -0.555602 0
    outer loop
      vertex 9.84776 27.2346 26
      vertex 9.41421 26.5858 19.7067
      vertex 9.84776 27.2346 19.5272
    endloop
  endfacet
  facet normal 0.555622 -0.831435 0
    outer loop
      vertex 8.76537 26.1522 19.8992
      vertex 9.41421 26.5858 26
      vertex 8.76537 26.1522 26
    endloop
  endfacet
  facet normal 0.55568 -0.831396 -8.84326e-06
    outer loop
      vertex 9.03528 26.3326 19.8637
      vertex 9.41421 26.5858 26
      vertex 8.76537 26.1522 19.8992
    endloop
  endfacet
  facet normal 0.555581 -0.831462 0
    outer loop
      vertex 9.41421 26.5858 26
      vertex 9.03528 26.3326 19.8637
      vertex 9.41421 26.5858 19.7067
    endloop
  endfacet
  facet normal 0.195039 -0.980795 0
    outer loop
      vertex 8 26 20
      vertex 8.76537 26.1522 26
      vertex 8 26 26
    endloop
  endfacet
  facet normal 0.195039 -0.980795 0
    outer loop
      vertex 8.76537 26.1522 26
      vertex 8 26 20
      vertex 8.76537 26.1522 19.8992
    endloop
  endfacet
  facet normal -0.555622 -0.831435 0
    outer loop
      vertex 6.58579 26.5858 26
      vertex 7.23463 26.1522 19.8992
      vertex 7.23463 26.1522 26
    endloop
  endfacet
  facet normal -0.55568 -0.831396 -8.84326e-06
    outer loop
      vertex 6.58579 26.5858 26
      vertex 6.96472 26.3326 19.8637
      vertex 7.23463 26.1522 19.8992
    endloop
  endfacet
  facet normal -0.555581 -0.831462 0
    outer loop
      vertex 6.96472 26.3326 19.8637
      vertex 6.58579 26.5858 26
      vertex 6.58579 26.5858 19.7067
    endloop
  endfacet
  facet normal 0.991445 -0 0.130526
    outer loop
      vertex 11.8637 18 17.0353
      vertex 12 38 16
      vertex 11.8637 38 17.0353
    endloop
  endfacet
  facet normal 0.991445 0 0.130526
    outer loop
      vertex 12 38 16
      vertex 11.8637 18 17.0353
      vertex 12 18 16
    endloop
  endfacet
  facet normal 0.923877 -0 0.38269
    outer loop
      vertex 11.4641 18 18
      vertex 11.8637 38 17.0353
      vertex 11.4641 38 18
    endloop
  endfacet
  facet normal 0.923877 0 0.38269
    outer loop
      vertex 11.8637 38 17.0353
      vertex 11.4641 18 18
      vertex 11.8637 18 17.0353
    endloop
  endfacet
  facet normal -0.130529 0 0.991445
    outer loop
      vertex 6.96472 38 19.8637
      vertex 8 30 20
      vertex 8 38 20
    endloop
  endfacet
  facet normal -0.130572 -5.72918e-06 0.991439
    outer loop
      vertex 8 30 20
      vertex 6.96472 38 19.8637
      vertex 7.23463 29.8478 19.8992
    endloop
  endfacet
  facet normal -0.130402 0 0.991461
    outer loop
      vertex 7.23463 29.8478 19.8992
      vertex 6.96472 38 19.8637
      vertex 6.96472 29.6674 19.8637
    endloop
  endfacet
  facet normal -0.130572 5.72918e-06 0.991439
    outer loop
      vertex 6.96472 18 19.8637
      vertex 8 26 20
      vertex 7.23463 26.1522 19.8992
    endloop
  endfacet
  facet normal -0.130402 0 0.991461
    outer loop
      vertex 6.96472 18 19.8637
      vertex 7.23463 26.1522 19.8992
      vertex 6.96472 26.3326 19.8637
    endloop
  endfacet
  facet normal -0.130529 0 0.991445
    outer loop
      vertex 8 26 20
      vertex 6.96472 18 19.8637
      vertex 8 18 20
    endloop
  endfacet
  facet normal 0.608789 -0 0.793332
    outer loop
      vertex 10 28 19.4641
      vertex 10.8284 38 18.8284
      vertex 10 38 19.4641
    endloop
  endfacet
  facet normal 0.608789 0 0.793332
    outer loop
      vertex 10.8284 38 18.8284
      vertex 10 28 19.4641
      vertex 10.8284 18 18.8284
    endloop
  endfacet
  facet normal 0.608789 0 0.793332
    outer loop
      vertex 10.8284 18 18.8284
      vertex 10 28 19.4641
      vertex 10 18 19.4641
    endloop
  endfacet
  facet normal -0.793346 0 0.608771
    outer loop
      vertex 4.5359 18 18
      vertex 5.17157 38 18.8284
      vertex 4.5359 38 18
    endloop
  endfacet
  facet normal -0.793346 0 0.608771
    outer loop
      vertex 5.17157 38 18.8284
      vertex 4.5359 18 18
      vertex 5.17157 18 18.8284
    endloop
  endfacet
  facet normal -0.382683 0 0.92388
    outer loop
      vertex 6 38 19.4641
      vertex 6.96472 29.6674 19.8637
      vertex 6.96472 38 19.8637
    endloop
  endfacet
  facet normal -0.382765 -1.10294e-05 0.923846
    outer loop
      vertex 6.96472 29.6674 19.8637
      vertex 6 38 19.4641
      vertex 6.58579 29.4142 19.7067
    endloop
  endfacet
  facet normal -0.382542 6.73962e-06 0.923938
    outer loop
      vertex 6.58579 29.4142 19.7067
      vertex 6 38 19.4641
      vertex 6.15224 28.7654 19.5272
    endloop
  endfacet
  facet normal -0.382891 0 0.923793
    outer loop
      vertex 6.15224 28.7654 19.5272
      vertex 6 38 19.4641
      vertex 6 28 19.4641
    endloop
  endfacet
  facet normal -0.382765 1.10294e-05 0.923846
    outer loop
      vertex 6 18 19.4641
      vertex 6.96472 26.3326 19.8637
      vertex 6.58579 26.5858 19.7067
    endloop
  endfacet
  facet normal -0.382542 -6.73962e-06 0.923938
    outer loop
      vertex 6 18 19.4641
      vertex 6.58579 26.5858 19.7067
      vertex 6.15224 27.2346 19.5272
    endloop
  endfacet
  facet normal -0.382891 0 0.923793
    outer loop
      vertex 6 18 19.4641
      vertex 6.15224 27.2346 19.5272
      vertex 6 28 19.4641
    endloop
  endfacet
  facet normal -0.382683 0 0.92388
    outer loop
      vertex 6.96472 26.3326 19.8637
      vertex 6 18 19.4641
      vertex 6.96472 18 19.8637
    endloop
  endfacet
  facet normal 0.382683 0 -0.92388
    outer loop
      vertex 9.03528 18 12.1363
      vertex 10 38 12.5359
      vertex 10 18 12.5359
    endloop
  endfacet
  facet normal 0.382683 0 -0.92388
    outer loop
      vertex 10 38 12.5359
      vertex 9.03528 18 12.1363
      vertex 9.03528 38 12.1363
    endloop
  endfacet
  facet normal 0.130402 0 0.991461
    outer loop
      vertex 8.76537 26.1522 19.8992
      vertex 9.03528 18 19.8637
      vertex 9.03528 26.3326 19.8637
    endloop
  endfacet
  facet normal 0.130572 5.72918e-06 0.991439
    outer loop
      vertex 8 26 20
      vertex 9.03528 18 19.8637
      vertex 8.76537 26.1522 19.8992
    endloop
  endfacet
  facet normal 0.130529 0 0.991445
    outer loop
      vertex 9.03528 18 19.8637
      vertex 8 26 20
      vertex 8 18 20
    endloop
  endfacet
  facet normal 0.130402 0 0.991461
    outer loop
      vertex 9.03528 38 19.8637
      vertex 8.76537 29.8478 19.8992
      vertex 9.03528 29.6674 19.8637
    endloop
  endfacet
  facet normal 0.130529 -0 0.991445
    outer loop
      vertex 8 30 20
      vertex 9.03528 38 19.8637
      vertex 8 38 20
    endloop
  endfacet
  facet normal 0.130572 -5.72918e-06 0.991439
    outer loop
      vertex 9.03528 38 19.8637
      vertex 8 30 20
      vertex 8.76537 29.8478 19.8992
    endloop
  endfacet
  facet normal 0.382891 0 0.923793
    outer loop
      vertex 10 38 19.4641
      vertex 9.84776 28.7654 19.5272
      vertex 10 28 19.4641
    endloop
  endfacet
  facet normal 0.382542 6.73962e-06 0.923938
    outer loop
      vertex 10 38 19.4641
      vertex 9.41421 29.4142 19.7067
      vertex 9.84776 28.7654 19.5272
    endloop
  endfacet
  facet normal 0.382683 -0 0.92388
    outer loop
      vertex 9.03528 29.6674 19.8637
      vertex 10 38 19.4641
      vertex 9.03528 38 19.8637
    endloop
  endfacet
  facet normal 0.382765 -1.10294e-05 0.923846
    outer loop
      vertex 10 38 19.4641
      vertex 9.03528 29.6674 19.8637
      vertex 9.41421 29.4142 19.7067
    endloop
  endfacet
  facet normal 0.382891 0 0.923793
    outer loop
      vertex 9.84776 27.2346 19.5272
      vertex 10 18 19.4641
      vertex 10 28 19.4641
    endloop
  endfacet
  facet normal 0.382542 -6.73962e-06 0.923938
    outer loop
      vertex 9.41421 26.5858 19.7067
      vertex 10 18 19.4641
      vertex 9.84776 27.2346 19.5272
    endloop
  endfacet
  facet normal 0.382765 1.10294e-05 0.923846
    outer loop
      vertex 9.03528 26.3326 19.8637
      vertex 10 18 19.4641
      vertex 9.41421 26.5858 19.7067
    endloop
  endfacet
  facet normal 0.382683 0 0.92388
    outer loop
      vertex 10 18 19.4641
      vertex 9.03528 26.3326 19.8637
      vertex 9.03528 18 19.8637
    endloop
  endfacet
  facet normal -0.923877 0 0.38269
    outer loop
      vertex 4.1363 18 17.0353
      vertex 4.5359 38 18
      vertex 4.1363 38 17.0353
    endloop
  endfacet
  facet normal -0.923877 0 0.38269
    outer loop
      vertex 4.5359 38 18
      vertex 4.1363 18 17.0353
      vertex 4.5359 18 18
    endloop
  endfacet
  facet normal 0 1 0
    outer loop
      vertex 9.03528 38 19.8637
      vertex 6.96472 38 19.8637
      vertex 8 38 20
    endloop
  endfacet
  facet normal 0 1 0
    outer loop
      vertex 10 38 19.4641
      vertex 6.96472 38 19.8637
      vertex 9.03528 38 19.8637
    endloop
  endfacet
  facet normal 0 1 0
    outer loop
      vertex 10 38 19.4641
      vertex 6 38 19.4641
      vertex 6.96472 38 19.8637
    endloop
  endfacet
  facet normal 0 1 0
    outer loop
      vertex 10.8284 38 18.8284
      vertex 6 38 19.4641
      vertex 10 38 19.4641
    endloop
  endfacet
  facet normal 0 1 0
    outer loop
      vertex 10.8284 38 18.8284
      vertex 5.17157 38 18.8284
      vertex 6 38 19.4641
    endloop
  endfacet
  facet normal 0 1 0
    outer loop
      vertex 11.4641 38 18
      vertex 5.17157 38 18.8284
      vertex 10.8284 38 18.8284
    endloop
  endfacet
  facet normal 0 1 0
    outer loop
      vertex 11.4641 38 18
      vertex 4.5359 38 18
      vertex 5.17157 38 18.8284
    endloop
  endfacet
  facet normal 0 1 0
    outer loop
      vertex 11.8637 38 17.0353
      vertex 4.5359 38 18
      vertex 11.4641 38 18
    endloop
  endfacet
  facet normal 0 1 0
    outer loop
      vertex 11.8637 38 17.0353
      vertex 4.1363 38 17.0353
      vertex 4.5359 38 18
    endloop
  endfacet
  facet normal 0 1 0
    outer loop
      vertex 12 38 16
      vertex 4.1363 38 17.0353
      vertex 11.8637 38 17.0353
    endloop
  endfacet
  facet normal 0 1 0
    outer loop
      vertex 12 38 16
      vertex 4 38 16
      vertex 4.1363 38 17.0353
    endloop
  endfacet
  facet normal 0 1 -0
    outer loop
      vertex 11.8637 38 14.9647
      vertex 4 38 16
      vertex 12 38 16
    endloop
  endfacet
  facet normal 0 1 0
    outer loop
      vertex 11.8637 38 14.9647
      vertex 4.1363 38 14.9647
      vertex 4 38 16
    endloop
  endfacet
  facet normal 0 1 -0
    outer loop
      vertex 11.4641 38 14
      vertex 4.1363 38 14.9647
      vertex 11.8637 38 14.9647
    endloop
  endfacet
  facet normal 0 1 0
    outer loop
      vertex 11.4641 38 14
      vertex 4.5359 38 14
      vertex 4.1363 38 14.9647
    endloop
  endfacet
  facet normal 0 1 -0
    outer loop
      vertex 10.8284 38 13.1716
      vertex 4.5359 38 14
      vertex 11.4641 38 14
    endloop
  endfacet
  facet normal 0 1 0
    outer loop
      vertex 10.8284 38 13.1716
      vertex 5.17157 38 13.1716
      vertex 4.5359 38 14
    endloop
  endfacet
  facet normal 0 1 -0
    outer loop
      vertex 10 38 12.5359
      vertex 5.17157 38 13.1716
      vertex 10.8284 38 13.1716
    endloop
  endfacet
  facet normal 0 1 0
    outer loop
      vertex 10 38 12.5359
      vertex 6 38 12.5359
      vertex 5.17157 38 13.1716
    endloop
  endfacet
  facet normal 0 1 -0
    outer loop
      vertex 9.03528 38 12.1363
      vertex 6 38 12.5359
      vertex 10 38 12.5359
    endloop
  endfacet
  facet normal 0 1 0
    outer loop
      vertex 9.03528 38 12.1363
      vertex 6.96472 38 12.1363
      vertex 6 38 12.5359
    endloop
  endfacet
  facet normal -0 1 0
    outer loop
      vertex 6.96472 38 12.1363
      vertex 9.03528 38 12.1363
      vertex 8 38 12
    endloop
  endfacet
  facet normal 0 -1 0
    outer loop
      vertex 6.96472 18 19.8637
      vertex 9.03528 18 19.8637
      vertex 8 18 20
    endloop
  endfacet
  facet normal 0 -1 0
    outer loop
      vertex 6 18 19.4641
      vertex 9.03528 18 19.8637
      vertex 6.96472 18 19.8637
    endloop
  endfacet
  facet normal 0 -1 0
    outer loop
      vertex 6 18 19.4641
      vertex 10 18 19.4641
      vertex 9.03528 18 19.8637
    endloop
  endfacet
  facet normal 0 -1 0
    outer loop
      vertex 5.17157 18 18.8284
      vertex 10 18 19.4641
      vertex 6 18 19.4641
    endloop
  endfacet
  facet normal 0 -1 0
    outer loop
      vertex 5.17157 18 18.8284
      vertex 10.8284 18 18.8284
      vertex 10 18 19.4641
    endloop
  endfacet
  facet normal 0 -1 0
    outer loop
      vertex 4.5359 18 18
      vertex 10.8284 18 18.8284
      vertex 5.17157 18 18.8284
    endloop
  endfacet
  facet normal 0 -1 0
    outer loop
      vertex 4.5359 18 18
      vertex 11.4641 18 18
      vertex 10.8284 18 18.8284
    endloop
  endfacet
  facet normal 0 -1 0
    outer loop
      vertex 4.1363 18 17.0353
      vertex 11.4641 18 18
      vertex 4.5359 18 18
    endloop
  endfacet
  facet normal 0 -1 0
    outer loop
      vertex 4.1363 18 17.0353
      vertex 11.8637 18 17.0353
      vertex 11.4641 18 18
    endloop
  endfacet
  facet normal 0 -1 0
    outer loop
      vertex 4 18 16
      vertex 11.8637 18 17.0353
      vertex 4.1363 18 17.0353
    endloop
  endfacet
  facet normal 0 -1 0
    outer loop
      vertex 4 18 16
      vertex 12 18 16
      vertex 11.8637 18 17.0353
    endloop
  endfacet
  facet normal 0 -1 0
    outer loop
      vertex 4.1363 18 14.9647
      vertex 12 18 16
      vertex 4 18 16
    endloop
  endfacet
  facet normal 0 -1 0
    outer loop
      vertex 4.1363 18 14.9647
      vertex 11.8637 18 14.9647
      vertex 12 18 16
    endloop
  endfacet
  facet normal 0 -1 0
    outer loop
      vertex 4.5359 18 14
      vertex 11.8637 18 14.9647
      vertex 4.1363 18 14.9647
    endloop
  endfacet
  facet normal 0 -1 0
    outer loop
      vertex 4.5359 18 14
      vertex 11.4641 18 14
      vertex 11.8637 18 14.9647
    endloop
  endfacet
  facet normal 0 -1 0
    outer loop
      vertex 5.17157 18 13.1716
      vertex 11.4641 18 14
      vertex 4.5359 18 14
    endloop
  endfacet
  facet normal 0 -1 0
    outer loop
      vertex 5.17157 18 13.1716
      vertex 10.8284 18 13.1716
      vertex 11.4641 18 14
    endloop
  endfacet
  facet normal 0 -1 0
    outer loop
      vertex 6 18 12.5359
      vertex 10.8284 18 13.1716
      vertex 5.17157 18 13.1716
    endloop
  endfacet
  facet normal 0 -1 0
    outer loop
      vertex 6 18 12.5359
      vertex 10 18 12.5359
      vertex 10.8284 18 13.1716
    endloop
  endfacet
  facet normal 0 -1 0
    outer loop
      vertex 6.96472 18 12.1363
      vertex 10 18 12.5359
      vertex 6 18 12.5359
    endloop
  endfacet
  facet normal 0 -1 0
    outer loop
      vertex 6.96472 18 12.1363
      vertex 9.03528 18 12.1363
      vertex 10 18 12.5359
    endloop
  endfacet
  facet normal -0 -1 0
    outer loop
      vertex 9.03528 18 12.1363
      vertex 6.96472 18 12.1363
      vertex 8 18 12
    endloop
  endfacet
  facet normal -0.382683 0 -0.92388
    outer loop
      vertex 6 18 12.5359
      vertex 6.96472 38 12.1363
      vertex 6.96472 18 12.1363
    endloop
  endfacet
  facet normal -0.382683 0 -0.92388
    outer loop
      vertex 6.96472 38 12.1363
      vertex 6 18 12.5359
      vertex 6 38 12.5359
    endloop
  endfacet
  facet normal -0.608775 0 -0.793343
    outer loop
      vertex 5.17157 18 13.1716
      vertex 6 38 12.5359
      vertex 6 18 12.5359
    endloop
  endfacet
  facet normal -0.608775 0 -0.793343
    outer loop
      vertex 6 38 12.5359
      vertex 5.17157 18 13.1716
      vertex 5.17157 38 13.1716
    endloop
  endfacet
  facet normal -0.923877 0 -0.38269
    outer loop
      vertex 4.5359 18 14
      vertex 4.1363 38 14.9647
      vertex 4.5359 38 14
    endloop
  endfacet
  facet normal -0.923877 -0 -0.38269
    outer loop
      vertex 4.1363 38 14.9647
      vertex 4.5359 18 14
      vertex 4.1363 18 14.9647
    endloop
  endfacet
  facet normal 0.793332 -0 0.608789
    outer loop
      vertex 10.8284 18 18.8284
      vertex 11.4641 38 18
      vertex 10.8284 38 18.8284
    endloop
  endfacet
  facet normal 0.793332 0 0.608789
    outer loop
      vertex 11.4641 38 18
      vertex 10.8284 18 18.8284
      vertex 11.4641 18 18
    endloop
  endfacet
  facet normal -0.991445 0 0.130526
    outer loop
      vertex 4 18 16
      vertex 4.1363 38 17.0353
      vertex 4 38 16
    endloop
  endfacet
  facet normal -0.991445 0 0.130526
    outer loop
      vertex 4.1363 38 17.0353
      vertex 4 18 16
      vertex 4.1363 18 17.0353
    endloop
  endfacet
  facet normal -0.991445 0 -0.130526
    outer loop
      vertex 4.1363 18 14.9647
      vertex 4 38 16
      vertex 4.1363 38 14.9647
    endloop
  endfacet
  facet normal -0.991445 -0 -0.130526
    outer loop
      vertex 4 38 16
      vertex 4.1363 18 14.9647
      vertex 4 18 16
    endloop
  endfacet
  facet normal -0.608775 0 0.793343
    outer loop
      vertex 5.17157 38 18.8284
      vertex 6 28 19.4641
      vertex 6 38 19.4641
    endloop
  endfacet
  facet normal -0.608775 0 0.793343
    outer loop
      vertex 5.17157 18 18.8284
      vertex 6 28 19.4641
      vertex 5.17157 38 18.8284
    endloop
  endfacet
  facet normal -0.608775 0 0.793343
    outer loop
      vertex 6 28 19.4641
      vertex 5.17157 18 18.8284
      vertex 6 18 19.4641
    endloop
  endfacet
  facet normal 0.923877 0 -0.38269
    outer loop
      vertex 11.8637 18 14.9647
      vertex 11.4641 38 14
      vertex 11.8637 38 14.9647
    endloop
  endfacet
  facet normal 0.923877 0 -0.38269
    outer loop
      vertex 11.4641 38 14
      vertex 11.8637 18 14.9647
      vertex 11.4641 18 14
    endloop
  endfacet
  facet normal 0.991445 0 -0.130526
    outer loop
      vertex 12 18 16
      vertex 11.8637 38 14.9647
      vertex 12 38 16
    endloop
  endfacet
  facet normal 0.991445 0 -0.130526
    outer loop
      vertex 11.8637 38 14.9647
      vertex 12 18 16
      vertex 11.8637 18 14.9647
    endloop
  endfacet
  facet normal 0.608789 0 -0.793332
    outer loop
      vertex 10 18 12.5359
      vertex 10.8284 38 13.1716
      vertex 10.8284 18 13.1716
    endloop
  endfacet
  facet normal 0.608789 0 -0.793332
    outer loop
      vertex 10.8284 38 13.1716
      vertex 10 18 12.5359
      vertex 10 38 12.5359
    endloop
  endfacet
  facet normal 0.793332 0 -0.608789
    outer loop
      vertex 11.4641 18 14
      vertex 10.8284 38 13.1716
      vertex 11.4641 38 14
    endloop
  endfacet
  facet normal 0.793332 0 -0.608789
    outer loop
      vertex 10.8284 38 13.1716
      vertex 11.4641 18 14
      vertex 10.8284 18 13.1716
    endloop
  endfacet
  facet normal -0.130529 0 -0.991445
    outer loop
      vertex 6.96472 18 12.1363
      vertex 8 38 12
      vertex 8 18 12
    endloop
  endfacet
  facet normal -0.130529 0 -0.991445
    outer loop
      vertex 8 38 12
      vertex 6.96472 18 12.1363
      vertex 6.96472 38 12.1363
    endloop
  endfacet
  facet normal 0.130529 0 -0.991445
    outer loop
      vertex 8 18 12
      vertex 9.03528 38 12.1363
      vertex 9.03528 18 12.1363
    endloop
  endfacet
  facet normal 0.130529 0 -0.991445
    outer loop
      vertex 9.03528 38 12.1363
      vertex 8 18 12
      vertex 8 38 12
    endloop
  endfacet
  facet normal -0.793346 0 -0.608771
    outer loop
      vertex 5.17157 18 13.1716
      vertex 4.5359 38 14
      vertex 5.17157 38 13.1716
    endloop
  endfacet
  facet normal -0.793346 -0 -0.608771
    outer loop
      vertex 4.5359 38 14
      vertex 5.17157 18 13.1716
      vertex 4.5359 18 14
    endloop
  endfacet
  facet normal 0.98769 -0 0.156427
    outer loop
      vertex 11.3287 30.5 44.5816
      vertex 11.5 32 43.5
      vertex 11.3287 32 44.5816
    endloop
  endfacet
  facet normal 0.98769 0 0.156427
    outer loop
      vertex 11.5 32 43.5
      vertex 11.3287 30.5 44.5816
      vertex 11.5 30.5 43.5
    endloop
  endfacet
  facet normal 0.98769 -0 0.156427
    outer loop
      vertex 11.3287 24 44.5816
      vertex 11.5 25.5 43.5
      vertex 11.3287 25.5 44.5816
    endloop
  endfacet
  facet normal 0.98769 0 0.156427
    outer loop
      vertex 11.5 25.5 43.5
      vertex 11.3287 24 44.5816
      vertex 11.5 24 43.5
    endloop
  endfacet
  facet normal 0.891004 -0 0.453996
    outer loop
      vertex 10.8316 30.5 45.5572
      vertex 11.3287 32 44.5816
      vertex 10.8316 32 45.5572
    endloop
  endfacet
  facet normal 0.891004 0 0.453996
    outer loop
      vertex 11.3287 32 44.5816
      vertex 10.8316 30.5 45.5572
      vertex 11.3287 30.5 44.5816
    endloop
  endfacet
  facet normal 0.891004 -0 0.453996
    outer loop
      vertex 10.8316 24 45.5572
      vertex 11.3287 25.5 44.5816
      vertex 10.8316 25.5 45.5572
    endloop
  endfacet
  facet normal 0.891004 0 0.453996
    outer loop
      vertex 11.3287 25.5 44.5816
      vertex 10.8316 24 45.5572
      vertex 11.3287 24 44.5816
    endloop
  endfacet
  facet normal -0.156432 0 0.987689
    outer loop
      vertex 6.91844 32 46.8287
      vertex 8 24 47
      vertex 8 32 47
    endloop
  endfacet
  facet normal -0.156432 0 0.987689
    outer loop
      vertex 8 24 47
      vertex 6.91844 32 46.8287
      vertex 6.91844 24 46.8287
    endloop
  endfacet
  facet normal 0.453981 0 -0.891011
    outer loop
      vertex 9.08156 30.5 40.1713
      vertex 10.0572 32 40.6684
      vertex 10.0572 30.5 40.6684
    endloop
  endfacet
  facet normal 0.453981 0 -0.891011
    outer loop
      vertex 10.0572 32 40.6684
      vertex 9.08156 30.5 40.1713
      vertex 9.08156 32 40.1713
    endloop
  endfacet
  facet normal 0.453981 0 -0.891011
    outer loop
      vertex 9.08156 24 40.1713
      vertex 10.0572 25.5 40.6684
      vertex 10.0572 24 40.6684
    endloop
  endfacet
  facet normal 0.453981 0 -0.891011
    outer loop
      vertex 10.0572 25.5 40.6684
      vertex 9.08156 24 40.1713
      vertex 9.08156 25.5 40.1713
    endloop
  endfacet
  facet normal 0.707107 -0 0.707107
    outer loop
      vertex 10.0572 24 46.3316
      vertex 10.8316 25.5 45.5572
      vertex 10.0572 25.5 46.3316
    endloop
  endfacet
  facet normal 0.707107 0 0.707107
    outer loop
      vertex 10.8316 25.5 45.5572
      vertex 10.0572 24 46.3316
      vertex 10.8316 24 45.5572
    endloop
  endfacet
  facet normal 0.707107 -0 0.707107
    outer loop
      vertex 10.0572 30.5 46.3316
      vertex 10.8316 32 45.5572
      vertex 10.0572 32 46.3316
    endloop
  endfacet
  facet normal 0.707107 0 0.707107
    outer loop
      vertex 10.8316 32 45.5572
      vertex 10.0572 30.5 46.3316
      vertex 10.8316 30.5 45.5572
    endloop
  endfacet
  facet normal -0.707148 0 0.707066
    outer loop
      vertex 5.16844 24 45.5572
      vertex 5.94275 25.5 46.3316
      vertex 5.16844 25.5 45.5572
    endloop
  endfacet
  facet normal -0.707148 0 0.707066
    outer loop
      vertex 5.94275 25.5 46.3316
      vertex 5.16844 24 45.5572
      vertex 5.94275 24 46.3316
    endloop
  endfacet
  facet normal -0.707148 0 0.707066
    outer loop
      vertex 5.16844 30.5 45.5572
      vertex 5.94275 32 46.3316
      vertex 5.16844 32 45.5572
    endloop
  endfacet
  facet normal -0.707148 0 0.707066
    outer loop
      vertex 5.94275 32 46.3316
      vertex 5.16844 30.5 45.5572
      vertex 5.94275 30.5 46.3316
    endloop
  endfacet
  facet normal -0.453991 0 0.891007
    outer loop
      vertex 6.91844 32 46.8287
      vertex 6.27333 30.5 46.5
      vertex 6.91844 24 46.8287
    endloop
  endfacet
  facet normal -0.453962 -1.52946e-05 0.891021
    outer loop
      vertex 5.94275 32 46.3316
      vertex 6.27333 30.5 46.5
      vertex 6.91844 32 46.8287
    endloop
  endfacet
  facet normal -0.453907 0 0.891049
    outer loop
      vertex 6.27333 30.5 46.5
      vertex 5.94275 32 46.3316
      vertex 5.94275 30.5 46.3316
    endloop
  endfacet
  facet normal -0.453991 0 0.891007
    outer loop
      vertex 6.27333 25.5 46.5
      vertex 6.91844 24 46.8287
      vertex 6.27333 30.5 46.5
    endloop
  endfacet
  facet normal -0.453907 0 0.891049
    outer loop
      vertex 5.94275 24 46.3316
      vertex 6.27333 25.5 46.5
      vertex 5.94275 25.5 46.3316
    endloop
  endfacet
  facet normal -0.453962 1.52946e-05 0.891021
    outer loop
      vertex 6.27333 25.5 46.5
      vertex 5.94275 24 46.3316
      vertex 6.91844 24 46.8287
    endloop
  endfacet
  facet normal 0.707061 0 -0.707152
    outer loop
      vertex 10.0572 24 40.6684
      vertex 10.8316 25.5 41.4427
      vertex 10.8316 24 41.4427
    endloop
  endfacet
  facet normal 0.707061 0 -0.707152
    outer loop
      vertex 10.8316 25.5 41.4427
      vertex 10.0572 24 40.6684
      vertex 10.0572 25.5 40.6684
    endloop
  endfacet
  facet normal 0.707061 0 -0.707152
    outer loop
      vertex 10.0572 30.5 40.6684
      vertex 10.8316 32 41.4427
      vertex 10.8316 30.5 41.4427
    endloop
  endfacet
  facet normal 0.707061 0 -0.707152
    outer loop
      vertex 10.8316 32 41.4427
      vertex 10.0572 30.5 40.6684
      vertex 10.0572 32 40.6684
    endloop
  endfacet
  facet normal -0.891008 0 -0.453988
    outer loop
      vertex 5.16844 30.5 41.4427
      vertex 4.6713 32 42.4184
      vertex 5.16844 32 41.4427
    endloop
  endfacet
  facet normal -0.891008 -0 -0.453988
    outer loop
      vertex 4.6713 32 42.4184
      vertex 5.16844 30.5 41.4427
      vertex 4.6713 30.5 42.4184
    endloop
  endfacet
  facet normal -0.891008 0 -0.453988
    outer loop
      vertex 5.16844 24 41.4427
      vertex 4.6713 25.5 42.4184
      vertex 5.16844 25.5 41.4427
    endloop
  endfacet
  facet normal -0.891008 -0 -0.453988
    outer loop
      vertex 4.6713 25.5 42.4184
      vertex 5.16844 24 41.4427
      vertex 4.6713 24 42.4184
    endloop
  endfacet
  facet normal 0.156432 0 0.987689
    outer loop
      vertex 8 32 47
      vertex 9.08156 24 46.8287
      vertex 9.08156 32 46.8287
    endloop
  endfacet
  facet normal 0.156432 0 0.987689
    outer loop
      vertex 9.08156 24 46.8287
      vertex 8 32 47
      vertex 8 24 47
    endloop
  endfacet
  facet normal 0.453951 0 0.891027
    outer loop
      vertex 10.0572 32 46.3316
      vertex 9.72666 30.5 46.5
      vertex 10.0572 30.5 46.3316
    endloop
  endfacet
  facet normal 0.453996 0 0.891004
    outer loop
      vertex 9.72666 30.5 46.5
      vertex 9.08156 32 46.8287
      vertex 9.72666 25.5 46.5
    endloop
  endfacet
  facet normal 0.453981 -8.31552e-06 0.891011
    outer loop
      vertex 9.08156 32 46.8287
      vertex 9.72666 30.5 46.5
      vertex 10.0572 32 46.3316
    endloop
  endfacet
  facet normal 0.453951 0 0.891027
    outer loop
      vertex 9.72666 25.5 46.5
      vertex 10.0572 24 46.3316
      vertex 10.0572 25.5 46.3316
    endloop
  endfacet
  facet normal 0.453981 8.31552e-06 0.891011
    outer loop
      vertex 9.72666 25.5 46.5
      vertex 9.08156 24 46.8287
      vertex 10.0572 24 46.3316
    endloop
  endfacet
  facet normal 0.453996 -0 0.891004
    outer loop
      vertex 9.08156 24 46.8287
      vertex 9.72666 25.5 46.5
      vertex 9.08156 32 46.8287
    endloop
  endfacet
  facet normal -0.890989 0 0.454025
    outer loop
      vertex 4.6713 24 44.5816
      vertex 5.16844 25.5 45.5572
      vertex 4.6713 25.5 44.5816
    endloop
  endfacet
  facet normal -0.890989 0 0.454025
    outer loop
      vertex 5.16844 25.5 45.5572
      vertex 4.6713 24 44.5816
      vertex 5.16844 24 45.5572
    endloop
  endfacet
  facet normal -0.890989 0 0.454025
    outer loop
      vertex 4.6713 30.5 44.5816
      vertex 5.16844 32 45.5572
      vertex 4.6713 32 44.5816
    endloop
  endfacet
  facet normal -0.890989 0 0.454025
    outer loop
      vertex 5.16844 32 45.5572
      vertex 4.6713 30.5 44.5816
      vertex 5.16844 30.5 45.5572
    endloop
  endfacet
  facet normal 0 1 0
    outer loop
      vertex 9.08156 32 46.8287
      vertex 6.91844 32 46.8287
      vertex 8 32 47
    endloop
  endfacet
  facet normal 0 1 0
    outer loop
      vertex 10.0572 32 46.3316
      vertex 6.91844 32 46.8287
      vertex 9.08156 32 46.8287
    endloop
  endfacet
  facet normal 0 1 0
    outer loop
      vertex 10.0572 32 46.3316
      vertex 5.94275 32 46.3316
      vertex 6.91844 32 46.8287
    endloop
  endfacet
  facet normal 0 1 0
    outer loop
      vertex 10.8316 32 45.5572
      vertex 5.94275 32 46.3316
      vertex 10.0572 32 46.3316
    endloop
  endfacet
  facet normal 0 1 0
    outer loop
      vertex 10.8316 32 45.5572
      vertex 5.16844 32 45.5572
      vertex 5.94275 32 46.3316
    endloop
  endfacet
  facet normal 0 1 0
    outer loop
      vertex 11.3287 32 44.5816
      vertex 5.16844 32 45.5572
      vertex 10.8316 32 45.5572
    endloop
  endfacet
  facet normal 0 1 0
    outer loop
      vertex 11.3287 32 44.5816
      vertex 4.6713 32 44.5816
      vertex 5.16844 32 45.5572
    endloop
  endfacet
  facet normal 0 1 0
    outer loop
      vertex 11.5 32 43.5
      vertex 4.6713 32 44.5816
      vertex 11.3287 32 44.5816
    endloop
  endfacet
  facet normal 0 1 0
    outer loop
      vertex 11.5 32 43.5
      vertex 4.5 32 43.5
      vertex 4.6713 32 44.5816
    endloop
  endfacet
  facet normal 0 1 -0
    outer loop
      vertex 11.3287 32 42.4184
      vertex 4.5 32 43.5
      vertex 11.5 32 43.5
    endloop
  endfacet
  facet normal 0 1 0
    outer loop
      vertex 11.3287 32 42.4184
      vertex 4.6713 32 42.4184
      vertex 4.5 32 43.5
    endloop
  endfacet
  facet normal 0 1 -0
    outer loop
      vertex 10.8316 32 41.4427
      vertex 4.6713 32 42.4184
      vertex 11.3287 32 42.4184
    endloop
  endfacet
  facet normal 0 1 0
    outer loop
      vertex 10.8316 32 41.4427
      vertex 5.16844 32 41.4427
      vertex 4.6713 32 42.4184
    endloop
  endfacet
  facet normal 0 1 -0
    outer loop
      vertex 10.0572 32 40.6684
      vertex 5.16844 32 41.4427
      vertex 10.8316 32 41.4427
    endloop
  endfacet
  facet normal 0 1 0
    outer loop
      vertex 10.0572 32 40.6684
      vertex 5.94275 32 40.6684
      vertex 5.16844 32 41.4427
    endloop
  endfacet
  facet normal 0 1 -0
    outer loop
      vertex 9.08156 32 40.1713
      vertex 5.94275 32 40.6684
      vertex 10.0572 32 40.6684
    endloop
  endfacet
  facet normal 0 1 0
    outer loop
      vertex 9.08156 32 40.1713
      vertex 6.91844 32 40.1713
      vertex 5.94275 32 40.6684
    endloop
  endfacet
  facet normal -0 1 0
    outer loop
      vertex 6.91844 32 40.1713
      vertex 9.08156 32 40.1713
      vertex 8 32 40
    endloop
  endfacet
  facet normal 0 -1 0
    outer loop
      vertex 6.91844 24 46.8287
      vertex 9.08156 24 46.8287
      vertex 8 24 47
    endloop
  endfacet
  facet normal 0 -1 0
    outer loop
      vertex 5.94275 24 46.3316
      vertex 9.08156 24 46.8287
      vertex 6.91844 24 46.8287
    endloop
  endfacet
  facet normal 0 -1 0
    outer loop
      vertex 5.94275 24 46.3316
      vertex 10.0572 24 46.3316
      vertex 9.08156 24 46.8287
    endloop
  endfacet
  facet normal 0 -1 0
    outer loop
      vertex 5.16844 24 45.5572
      vertex 10.0572 24 46.3316
      vertex 5.94275 24 46.3316
    endloop
  endfacet
  facet normal 0 -1 0
    outer loop
      vertex 5.16844 24 45.5572
      vertex 10.8316 24 45.5572
      vertex 10.0572 24 46.3316
    endloop
  endfacet
  facet normal 0 -1 0
    outer loop
      vertex 4.6713 24 44.5816
      vertex 10.8316 24 45.5572
      vertex 5.16844 24 45.5572
    endloop
  endfacet
  facet normal 0 -1 0
    outer loop
      vertex 4.6713 24 44.5816
      vertex 11.3287 24 44.5816
      vertex 10.8316 24 45.5572
    endloop
  endfacet
  facet normal 0 -1 0
    outer loop
      vertex 4.5 24 43.5
      vertex 11.3287 24 44.5816
      vertex 4.6713 24 44.5816
    endloop
  endfacet
  facet normal 0 -1 0
    outer loop
      vertex 4.5 24 43.5
      vertex 11.5 24 43.5
      vertex 11.3287 24 44.5816
    endloop
  endfacet
  facet normal 0 -1 0
    outer loop
      vertex 4.6713 24 42.4184
      vertex 11.5 24 43.5
      vertex 4.5 24 43.5
    endloop
  endfacet
  facet normal 0 -1 0
    outer loop
      vertex 4.6713 24 42.4184
      vertex 11.3287 24 42.4184
      vertex 11.5 24 43.5
    endloop
  endfacet
  facet normal 0 -1 0
    outer loop
      vertex 5.16844 24 41.4427
      vertex 11.3287 24 42.4184
      vertex 4.6713 24 42.4184
    endloop
  endfacet
  facet normal 0 -1 0
    outer loop
      vertex 5.16844 24 41.4427
      vertex 10.8316 24 41.4427
      vertex 11.3287 24 42.4184
    endloop
  endfacet
  facet normal 0 -1 0
    outer loop
      vertex 5.94275 24 40.6684
      vertex 10.8316 24 41.4427
      vertex 5.16844 24 41.4427
    endloop
  endfacet
  facet normal 0 -1 0
    outer loop
      vertex 5.94275 24 40.6684
      vertex 10.0572 24 40.6684
      vertex 10.8316 24 41.4427
    endloop
  endfacet
  facet normal 0 -1 0
    outer loop
      vertex 6.91844 24 40.1713
      vertex 10.0572 24 40.6684
      vertex 5.94275 24 40.6684
    endloop
  endfacet
  facet normal 0 -1 0
    outer loop
      vertex 6.91844 24 40.1713
      vertex 9.08156 24 40.1713
      vertex 10.0572 24 40.6684
    endloop
  endfacet
  facet normal -0 -1 0
    outer loop
      vertex 9.08156 24 40.1713
      vertex 6.91844 24 40.1713
      vertex 8 24 40
    endloop
  endfacet
  facet normal -0.453962 0 -0.891021
    outer loop
      vertex 5.94275 30.5 40.6684
      vertex 6.91844 32 40.1713
      vertex 6.91844 30.5 40.1713
    endloop
  endfacet
  facet normal -0.453962 0 -0.891021
    outer loop
      vertex 6.91844 32 40.1713
      vertex 5.94275 30.5 40.6684
      vertex 5.94275 32 40.6684
    endloop
  endfacet
  facet normal -0.453962 0 -0.891021
    outer loop
      vertex 5.94275 24 40.6684
      vertex 6.91844 25.5 40.1713
      vertex 6.91844 24 40.1713
    endloop
  endfacet
  facet normal -0.453962 0 -0.891021
    outer loop
      vertex 6.91844 25.5 40.1713
      vertex 5.94275 24 40.6684
      vertex 5.94275 25.5 40.6684
    endloop
  endfacet
  facet normal -0.707102 0 -0.707111
    outer loop
      vertex 5.16844 30.5 41.4427
      vertex 5.94275 32 40.6684
      vertex 5.94275 30.5 40.6684
    endloop
  endfacet
  facet normal -0.707102 0 -0.707111
    outer loop
      vertex 5.94275 32 40.6684
      vertex 5.16844 30.5 41.4427
      vertex 5.16844 32 41.4427
    endloop
  endfacet
  facet normal -0.707102 0 -0.707111
    outer loop
      vertex 5.16844 24 41.4427
      vertex 5.94275 25.5 40.6684
      vertex 5.94275 24 40.6684
    endloop
  endfacet
  facet normal -0.707102 0 -0.707111
    outer loop
      vertex 5.94275 25.5 40.6684
      vertex 5.16844 24 41.4427
      vertex 5.16844 25.5 41.4427
    endloop
  endfacet
  facet normal -0.98769 0 0.156427
    outer loop
      vertex 4.5 30.5 43.5
      vertex 4.6713 32 44.5816
      vertex 4.5 32 43.5
    endloop
  endfacet
  facet normal -0.98769 0 0.156427
    outer loop
      vertex 4.6713 32 44.5816
      vertex 4.5 30.5 43.5
      vertex 4.6713 30.5 44.5816
    endloop
  endfacet
  facet normal -0.98769 0 0.156427
    outer loop
      vertex 4.5 24 43.5
      vertex 4.6713 25.5 44.5816
      vertex 4.5 25.5 43.5
    endloop
  endfacet
  facet normal -0.98769 0 0.156427
    outer loop
      vertex 4.6713 25.5 44.5816
      vertex 4.5 24 43.5
      vertex 4.6713 24 44.5816
    endloop
  endfacet
  facet normal -0.98769 0 -0.156427
    outer loop
      vertex 4.6713 30.5 42.4184
      vertex 4.5 32 43.5
      vertex 4.6713 32 42.4184
    endloop
  endfacet
  facet normal -0.98769 -0 -0.156427
    outer loop
      vertex 4.5 32 43.5
      vertex 4.6713 30.5 42.4184
      vertex 4.5 30.5 43.5
    endloop
  endfacet
  facet normal -0.98769 0 -0.156427
    outer loop
      vertex 4.6713 24 42.4184
      vertex 4.5 25.5 43.5
      vertex 4.6713 25.5 42.4184
    endloop
  endfacet
  facet normal -0.98769 -0 -0.156427
    outer loop
      vertex 4.5 25.5 43.5
      vertex 4.6713 24 42.4184
      vertex 4.5 24 43.5
    endloop
  endfacet
  facet normal 0.891023 0 -0.453959
    outer loop
      vertex 11.3287 30.5 42.4184
      vertex 10.8316 32 41.4427
      vertex 11.3287 32 42.4184
    endloop
  endfacet
  facet normal 0.891023 0 -0.453959
    outer loop
      vertex 10.8316 32 41.4427
      vertex 11.3287 30.5 42.4184
      vertex 10.8316 30.5 41.4427
    endloop
  endfacet
  facet normal 0.891023 0 -0.453959
    outer loop
      vertex 11.3287 24 42.4184
      vertex 10.8316 25.5 41.4427
      vertex 11.3287 25.5 42.4184
    endloop
  endfacet
  facet normal 0.891023 0 -0.453959
    outer loop
      vertex 10.8316 25.5 41.4427
      vertex 11.3287 24 42.4184
      vertex 10.8316 24 41.4427
    endloop
  endfacet
  facet normal 0.98769 0 -0.156427
    outer loop
      vertex 11.5 30.5 43.5
      vertex 11.3287 32 42.4184
      vertex 11.5 32 43.5
    endloop
  endfacet
  facet normal 0.98769 0 -0.156427
    outer loop
      vertex 11.3287 32 42.4184
      vertex 11.5 30.5 43.5
      vertex 11.3287 30.5 42.4184
    endloop
  endfacet
  facet normal 0.98769 0 -0.156427
    outer loop
      vertex 11.5 24 43.5
      vertex 11.3287 25.5 42.4184
      vertex 11.5 25.5 43.5
    endloop
  endfacet
  facet normal 0.98769 0 -0.156427
    outer loop
      vertex 11.3287 25.5 42.4184
      vertex 11.5 24 43.5
      vertex 11.3287 24 42.4184
    endloop
  endfacet
  facet normal -0.156432 0 -0.987689
    outer loop
      vertex 6.91844 30.5 40.1713
      vertex 8 32 40
      vertex 8 30.5 40
    endloop
  endfacet
  facet normal -0.156432 0 -0.987689
    outer loop
      vertex 8 32 40
      vertex 6.91844 30.5 40.1713
      vertex 6.91844 32 40.1713
    endloop
  endfacet
  facet normal -0.156432 0 -0.987689
    outer loop
      vertex 6.91844 24 40.1713
      vertex 8 25.5 40
      vertex 8 24 40
    endloop
  endfacet
  facet normal -0.156432 0 -0.987689
    outer loop
      vertex 8 25.5 40
      vertex 6.91844 24 40.1713
      vertex 6.91844 25.5 40.1713
    endloop
  endfacet
  facet normal 0.156432 0 -0.987689
    outer loop
      vertex 8 30.5 40
      vertex 9.08156 32 40.1713
      vertex 9.08156 30.5 40.1713
    endloop
  endfacet
  facet normal 0.156432 0 -0.987689
    outer loop
      vertex 9.08156 32 40.1713
      vertex 8 30.5 40
      vertex 8 32 40
    endloop
  endfacet
  facet normal 0.156432 0 -0.987689
    outer loop
      vertex 8 24 40
      vertex 9.08156 25.5 40.1713
      vertex 9.08156 24 40.1713
    endloop
  endfacet
  facet normal 0.156432 0 -0.987689
    outer loop
      vertex 9.08156 25.5 40.1713
      vertex 8 24 40
      vertex 8 25.5 40
    endloop
  endfacet
  facet normal 0 0 -1
    outer loop
      vertex 31 25.5 26
      vertex 30 28 26
      vertex 31 30.5 26
    endloop
  endfacet
  facet normal 0 0 -1
    outer loop
      vertex 31 25.5 26
      vertex 29.8478 27.2346 26
      vertex 30 28 26
    endloop
  endfacet
  facet normal 0 0 -1
    outer loop
      vertex 31 25.5 26
      vertex 29.4142 26.5858 26
      vertex 29.8478 27.2346 26
    endloop
  endfacet
  facet normal 0 0 -1
    outer loop
      vertex 31 25.5 26
      vertex 28.7654 26.1522 26
      vertex 29.4142 26.5858 26
    endloop
  endfacet
  facet normal 0 0 -1
    outer loop
      vertex 31 25.5 26
      vertex 28 26 26
      vertex 28.7654 26.1522 26
    endloop
  endfacet
  facet normal -0 0 -1
    outer loop
      vertex 26.1522 27.2346 26
      vertex 25 25.5 26
      vertex 26 28 26
    endloop
  endfacet
  facet normal -0 0 -1
    outer loop
      vertex 26.5858 26.5858 26
      vertex 25 25.5 26
      vertex 26.1522 27.2346 26
    endloop
  endfacet
  facet normal -0 0 -1
    outer loop
      vertex 27.2346 26.1522 26
      vertex 25 25.5 26
      vertex 26.5858 26.5858 26
    endloop
  endfacet
  facet normal -0 0 -1
    outer loop
      vertex 28 26 26
      vertex 25 25.5 26
      vertex 27.2346 26.1522 26
    endloop
  endfacet
  facet normal 0 0 -1
    outer loop
      vertex 25 25.5 26
      vertex 28 26 26
      vertex 31 25.5 26
    endloop
  endfacet
  facet normal 0 0 -1
    outer loop
      vertex 29.8478 28.7654 26
      vertex 31 30.5 26
      vertex 30 28 26
    endloop
  endfacet
  facet normal 0 0 -1
    outer loop
      vertex 29.4142 29.4142 26
      vertex 31 30.5 26
      vertex 29.8478 28.7654 26
    endloop
  endfacet
  facet normal 0 0 -1
    outer loop
      vertex 28.7654 29.8478 26
      vertex 31 30.5 26
      vertex 29.4142 29.4142 26
    endloop
  endfacet
  facet normal 0 0 -1
    outer loop
      vertex 28 30 26
      vertex 31 30.5 26
      vertex 28.7654 29.8478 26
    endloop
  endfacet
  facet normal 0 0 -1
    outer loop
      vertex 25 30.5 26
      vertex 26 28 26
      vertex 25 25.5 26
    endloop
  endfacet
  facet normal 0 0 -1
    outer loop
      vertex 28 30 26
      vertex 25 30.5 26
      vertex 31 30.5 26
    endloop
  endfacet
  facet normal 0 0 -1
    outer loop
      vertex 27.2346 29.8478 26
      vertex 25 30.5 26
      vertex 28 30 26
    endloop
  endfacet
  facet normal 0 0 -1
    outer loop
      vertex 26.5858 29.4142 26
      vertex 25 30.5 26
      vertex 27.2346 29.8478 26
    endloop
  endfacet
  facet normal 0 0 -1
    outer loop
      vertex 26.1522 28.7654 26
      vertex 25 30.5 26
      vertex 26.5858 29.4142 26
    endloop
  endfacet
  facet normal 0 0 -1
    outer loop
      vertex 26 28 26
      vertex 25 30.5 26
      vertex 26.1522 28.7654 26
    endloop
  endfacet
  facet normal 0.980797 0.195032 0
    outer loop
      vertex 30 28 26
      vertex 29.8478 28.7654 19.5272
      vertex 29.8478 28.7654 26
    endloop
  endfacet
  facet normal 0.980797 0.195032 0
    outer loop
      vertex 29.8478 28.7654 19.5272
      vertex 30 28 26
      vertex 30 28 19.4641
    endloop
  endfacet
  facet normal -0.195032 0.980797 0
    outer loop
      vertex 28 30 20
      vertex 27.2346 29.8478 26
      vertex 28 30 26
    endloop
  endfacet
  facet normal -0.195032 0.980797 0
    outer loop
      vertex 27.2346 29.8478 26
      vertex 28 30 20
      vertex 27.2346 29.8478 19.8992
    endloop
  endfacet
  facet normal 0.555646 0.831419 0
    outer loop
      vertex 29.4142 29.4142 26
      vertex 28.7654 29.8478 19.8992
      vertex 28.7654 29.8478 26
    endloop
  endfacet
  facet normal 0.555694 0.831387 -7.40941e-06
    outer loop
      vertex 29.4142 29.4142 26
      vertex 29.0353 29.6674 19.8637
      vertex 28.7654 29.8478 19.8992
    endloop
  endfacet
  facet normal 0.555611 0.831442 0
    outer loop
      vertex 29.0353 29.6674 19.8637
      vertex 29.4142 29.4142 26
      vertex 29.4142 29.4142 19.7067
    endloop
  endfacet
  facet normal 0.831419 0.555646 0
    outer loop
      vertex 29.8478 28.7654 26
      vertex 29.4142 29.4142 19.7067
      vertex 29.4142 29.4142 26
    endloop
  endfacet
  facet normal 0.831419 0.555646 0
    outer loop
      vertex 29.4142 29.4142 19.7067
      vertex 29.8478 28.7654 26
      vertex 29.8478 28.7654 19.5272
    endloop
  endfacet
  facet normal 0.195032 0.980797 0
    outer loop
      vertex 28.7654 29.8478 26
      vertex 28 30 20
      vertex 28 30 26
    endloop
  endfacet
  facet normal 0.195032 0.980797 0
    outer loop
      vertex 28 30 20
      vertex 28.7654 29.8478 26
      vertex 28.7654 29.8478 19.8992
    endloop
  endfacet
  facet normal -0.831419 0.555646 0
    outer loop
      vertex 26.1522 28.7654 26
      vertex 26.5858 29.4142 19.7067
      vertex 26.1522 28.7654 19.5272
    endloop
  endfacet
  facet normal -0.831419 0.555646 0
    outer loop
      vertex 26.5858 29.4142 19.7067
      vertex 26.1522 28.7654 26
      vertex 26.5858 29.4142 26
    endloop
  endfacet
  facet normal -0.980797 0.195032 0
    outer loop
      vertex 26 28 26
      vertex 26.1522 28.7654 19.5272
      vertex 26 28 19.4641
    endloop
  endfacet
  facet normal -0.980797 0.195032 0
    outer loop
      vertex 26.1522 28.7654 19.5272
      vertex 26 28 26
      vertex 26.1522 28.7654 26
    endloop
  endfacet
  facet normal -0.555646 0.831419 0
    outer loop
      vertex 27.2346 29.8478 19.8992
      vertex 26.5858 29.4142 26
      vertex 27.2346 29.8478 26
    endloop
  endfacet
  facet normal -0.555694 0.831387 -7.40941e-06
    outer loop
      vertex 26.9647 29.6674 19.8637
      vertex 26.5858 29.4142 26
      vertex 27.2346 29.8478 19.8992
    endloop
  endfacet
  facet normal -0.555611 0.831442 0
    outer loop
      vertex 26.5858 29.4142 26
      vertex 26.9647 29.6674 19.8637
      vertex 26.5858 29.4142 19.7067
    endloop
  endfacet
  facet normal 0.980797 -0.195032 0
    outer loop
      vertex 29.8478 27.2346 19.5272
      vertex 30 28 26
      vertex 29.8478 27.2346 26
    endloop
  endfacet
  facet normal 0.980797 -0.195032 0
    outer loop
      vertex 30 28 26
      vertex 29.8478 27.2346 19.5272
      vertex 30 28 19.4641
    endloop
  endfacet
  facet normal -0.195032 -0.980797 0
    outer loop
      vertex 27.2346 26.1522 26
      vertex 28 26 20
      vertex 28 26 26
    endloop
  endfacet
  facet normal -0.195032 -0.980797 0
    outer loop
      vertex 28 26 20
      vertex 27.2346 26.1522 26
      vertex 27.2346 26.1522 19.8992
    endloop
  endfacet
  facet normal -0.831419 -0.555646 0
    outer loop
      vertex 26.5858 26.5858 19.7067
      vertex 26.1522 27.2346 26
      vertex 26.1522 27.2346 19.5272
    endloop
  endfacet
  facet normal -0.831419 -0.555646 0
    outer loop
      vertex 26.1522 27.2346 26
      vertex 26.5858 26.5858 19.7067
      vertex 26.5858 26.5858 26
    endloop
  endfacet
  facet normal -0.980797 -0.195032 0
    outer loop
      vertex 26.1522 27.2346 19.5272
      vertex 26 28 26
      vertex 26 28 19.4641
    endloop
  endfacet
  facet normal -0.980797 -0.195032 0
    outer loop
      vertex 26 28 26
      vertex 26.1522 27.2346 19.5272
      vertex 26.1522 27.2346 26
    endloop
  endfacet
  facet normal 0.831419 -0.555646 0
    outer loop
      vertex 29.4142 26.5858 19.7067
      vertex 29.8478 27.2346 26
      vertex 29.4142 26.5858 26
    endloop
  endfacet
  facet normal 0.831419 -0.555646 0
    outer loop
      vertex 29.8478 27.2346 26
      vertex 29.4142 26.5858 19.7067
      vertex 29.8478 27.2346 19.5272
    endloop
  endfacet
  facet normal 0.555646 -0.831419 0
    outer loop
      vertex 28.7654 26.1522 19.8992
      vertex 29.4142 26.5858 26
      vertex 28.7654 26.1522 26
    endloop
  endfacet
  facet normal 0.555694 -0.831387 -7.40941e-06
    outer loop
      vertex 29.0353 26.3326 19.8637
      vertex 29.4142 26.5858 26
      vertex 28.7654 26.1522 19.8992
    endloop
  endfacet
  facet normal 0.555611 -0.831442 0
    outer loop
      vertex 29.4142 26.5858 26
      vertex 29.0353 26.3326 19.8637
      vertex 29.4142 26.5858 19.7067
    endloop
  endfacet
  facet normal 0.195032 -0.980797 0
    outer loop
      vertex 28 26 20
      vertex 28.7654 26.1522 26
      vertex 28 26 26
    endloop
  endfacet
  facet normal 0.195032 -0.980797 0
    outer loop
      vertex 28.7654 26.1522 26
      vertex 28 26 20
      vertex 28.7654 26.1522 19.8992
    endloop
  endfacet
  facet normal -0.555646 -0.831419 0
    outer loop
      vertex 26.5858 26.5858 26
      vertex 27.2346 26.1522 19.8992
      vertex 27.2346 26.1522 26
    endloop
  endfacet
  facet normal -0.555694 -0.831387 -7.40941e-06
    outer loop
      vertex 26.5858 26.5858 26
      vertex 26.9647 26.3326 19.8637
      vertex 27.2346 26.1522 19.8992
    endloop
  endfacet
  facet normal -0.555611 -0.831442 0
    outer loop
      vertex 26.9647 26.3326 19.8637
      vertex 26.5858 26.5858 26
      vertex 26.5858 26.5858 19.7067
    endloop
  endfacet
  facet normal 0.991439 0 0.130574
    outer loop
      vertex 31.9342 36 16.5
      vertex 31.8637 38 17.0353
      vertex 31.8637 36 17.0353
    endloop
  endfacet
  facet normal 0.991445 1.30526e-05 0.130526
    outer loop
      vertex 31.8637 38 17.0353
      vertex 31.9342 36 16.5
      vertex 32 38 16
    endloop
  endfacet
  facet normal 0.991452 0 0.130475
    outer loop
      vertex 32 18 16
      vertex 31.9342 36 16.5
      vertex 31.9342 18 16.5
    endloop
  endfacet
  facet normal 0.991452 0 0.130475
    outer loop
      vertex 31.9342 36 16.5
      vertex 32 18 16
      vertex 32 38 16
    endloop
  endfacet
  facet normal 0.923877 -0 0.38269
    outer loop
      vertex 31.4641 36 18
      vertex 31.8637 38 17.0353
      vertex 31.4641 38 18
    endloop
  endfacet
  facet normal 0.923877 0 0.38269
    outer loop
      vertex 31.8637 38 17.0353
      vertex 31.4641 36 18
      vertex 31.8637 36 17.0353
    endloop
  endfacet
  facet normal -0.130526 0 0.991445
    outer loop
      vertex 26.9647 38 19.8637
      vertex 28 30 20
      vertex 28 38 20
    endloop
  endfacet
  facet normal -0.130567 -5.40173e-06 0.991439
    outer loop
      vertex 28 30 20
      vertex 26.9647 38 19.8637
      vertex 27.2346 29.8478 19.8992
    endloop
  endfacet
  facet normal -0.130407 0 0.991461
    outer loop
      vertex 27.2346 29.8478 19.8992
      vertex 26.9647 38 19.8637
      vertex 26.9647 29.6674 19.8637
    endloop
  endfacet
  facet normal -0.130567 5.40173e-06 0.991439
    outer loop
      vertex 26.9647 18 19.8637
      vertex 28 26 20
      vertex 27.2346 26.1522 19.8992
    endloop
  endfacet
  facet normal -0.130407 0 0.991461
    outer loop
      vertex 26.9647 18 19.8637
      vertex 27.2346 26.1522 19.8992
      vertex 26.9647 26.3326 19.8637
    endloop
  endfacet
  facet normal -0.130526 0 0.991445
    outer loop
      vertex 28 26 20
      vertex 26.9647 18 19.8637
      vertex 28 18 20
    endloop
  endfacet
  facet normal 0.608789 -0 0.793332
    outer loop
      vertex 30 28 19.4641
      vertex 30.8284 38 18.8284
      vertex 30 38 19.4641
    endloop
  endfacet
  facet normal 0.608789 0 0.793332
    outer loop
      vertex 30.8284 38 18.8284
      vertex 30 28 19.4641
      vertex 30.8284 18 18.8284
    endloop
  endfacet
  facet normal 0.608789 0 0.793332
    outer loop
      vertex 30.8284 18 18.8284
      vertex 30 28 19.4641
      vertex 30 18 19.4641
    endloop
  endfacet
  facet normal -0.793332 0 0.608789
    outer loop
      vertex 24.5359 18 18
      vertex 25.1716 38 18.8284
      vertex 24.5359 38 18
    endloop
  endfacet
  facet normal -0.793332 0 0.608789
    outer loop
      vertex 25.1716 38 18.8284
      vertex 24.5359 18 18
      vertex 25.1716 18 18.8284
    endloop
  endfacet
  facet normal -0.38269 0 0.923877
    outer loop
      vertex 26 38 19.4641
      vertex 26.9647 29.6674 19.8637
      vertex 26.9647 38 19.8637
    endloop
  endfacet
  facet normal -0.382789 -1.34332e-05 0.923836
    outer loop
      vertex 26.9647 29.6674 19.8637
      vertex 26 38 19.4641
      vertex 26.5858 29.4142 19.7067
    endloop
  endfacet
  facet normal -0.382508 9.06641e-06 0.923952
    outer loop
      vertex 26.5858 29.4142 19.7067
      vertex 26 38 19.4641
      vertex 26.1522 28.7654 19.5272
    endloop
  endfacet
  facet normal -0.382977 0 0.923758
    outer loop
      vertex 26.1522 28.7654 19.5272
      vertex 26 38 19.4641
      vertex 26 28 19.4641
    endloop
  endfacet
  facet normal -0.382789 1.34332e-05 0.923836
    outer loop
      vertex 26 18 19.4641
      vertex 26.9647 26.3326 19.8637
      vertex 26.5858 26.5858 19.7067
    endloop
  endfacet
  facet normal -0.382508 -9.06641e-06 0.923952
    outer loop
      vertex 26 18 19.4641
      vertex 26.5858 26.5858 19.7067
      vertex 26.1522 27.2346 19.5272
    endloop
  endfacet
  facet normal -0.382977 0 0.923758
    outer loop
      vertex 26 18 19.4641
      vertex 26.1522 27.2346 19.5272
      vertex 26 28 19.4641
    endloop
  endfacet
  facet normal -0.38269 0 0.923877
    outer loop
      vertex 26.9647 26.3326 19.8637
      vertex 26 18 19.4641
      vertex 26.9647 18 19.8637
    endloop
  endfacet
  facet normal 0.38269 0 -0.923877
    outer loop
      vertex 29.0353 18 12.1363
      vertex 30 38 12.5359
      vertex 30 18 12.5359
    endloop
  endfacet
  facet normal 0.38269 0 -0.923877
    outer loop
      vertex 30 38 12.5359
      vertex 29.0353 18 12.1363
      vertex 29.0353 38 12.1363
    endloop
  endfacet
  facet normal 0.130407 0 0.991461
    outer loop
      vertex 28.7654 26.1522 19.8992
      vertex 29.0353 18 19.8637
      vertex 29.0353 26.3326 19.8637
    endloop
  endfacet
  facet normal 0.130567 5.40173e-06 0.991439
    outer loop
      vertex 28 26 20
      vertex 29.0353 18 19.8637
      vertex 28.7654 26.1522 19.8992
    endloop
  endfacet
  facet normal 0.130526 0 0.991445
    outer loop
      vertex 29.0353 18 19.8637
      vertex 28 26 20
      vertex 28 18 20
    endloop
  endfacet
  facet normal 0.130407 0 0.991461
    outer loop
      vertex 29.0353 38 19.8637
      vertex 28.7654 29.8478 19.8992
      vertex 29.0353 29.6674 19.8637
    endloop
  endfacet
  facet normal 0.130526 -0 0.991445
    outer loop
      vertex 28 30 20
      vertex 29.0353 38 19.8637
      vertex 28 38 20
    endloop
  endfacet
  facet normal 0.130567 -5.40173e-06 0.991439
    outer loop
      vertex 29.0353 38 19.8637
      vertex 28 30 20
      vertex 28.7654 29.8478 19.8992
    endloop
  endfacet
  facet normal 0.382977 0 0.923758
    outer loop
      vertex 30 38 19.4641
      vertex 29.8478 28.7654 19.5272
      vertex 30 28 19.4641
    endloop
  endfacet
  facet normal 0.382508 9.06641e-06 0.923952
    outer loop
      vertex 30 38 19.4641
      vertex 29.4142 29.4142 19.7067
      vertex 29.8478 28.7654 19.5272
    endloop
  endfacet
  facet normal 0.38269 -0 0.923877
    outer loop
      vertex 29.0353 29.6674 19.8637
      vertex 30 38 19.4641
      vertex 29.0353 38 19.8637
    endloop
  endfacet
  facet normal 0.382789 -1.34332e-05 0.923836
    outer loop
      vertex 30 38 19.4641
      vertex 29.0353 29.6674 19.8637
      vertex 29.4142 29.4142 19.7067
    endloop
  endfacet
  facet normal 0.382977 0 0.923758
    outer loop
      vertex 29.8478 27.2346 19.5272
      vertex 30 18 19.4641
      vertex 30 28 19.4641
    endloop
  endfacet
  facet normal 0.382508 -9.06641e-06 0.923952
    outer loop
      vertex 29.4142 26.5858 19.7067
      vertex 30 18 19.4641
      vertex 29.8478 27.2346 19.5272
    endloop
  endfacet
  facet normal 0.382789 1.34332e-05 0.923836
    outer loop
      vertex 29.0353 26.3326 19.8637
      vertex 30 18 19.4641
      vertex 29.4142 26.5858 19.7067
    endloop
  endfacet
  facet normal 0.38269 0 0.923877
    outer loop
      vertex 30 18 19.4641
      vertex 29.0353 26.3326 19.8637
      vertex 29.0353 18 19.8637
    endloop
  endfacet
  facet normal -0.923877 0 0.38269
    outer loop
      vertex 24.1363 18 17.0353
      vertex 24.5359 38 18
      vertex 24.1363 38 17.0353
    endloop
  endfacet
  facet normal -0.923877 0 0.38269
    outer loop
      vertex 24.5359 38 18
      vertex 24.1363 18 17.0353
      vertex 24.5359 18 18
    endloop
  endfacet
  facet normal 0 1 0
    outer loop
      vertex 29.0353 38 19.8637
      vertex 26.9647 38 19.8637
      vertex 28 38 20
    endloop
  endfacet
  facet normal 0 1 0
    outer loop
      vertex 30 38 19.4641
      vertex 26.9647 38 19.8637
      vertex 29.0353 38 19.8637
    endloop
  endfacet
  facet normal 0 1 0
    outer loop
      vertex 30 38 19.4641
      vertex 26 38 19.4641
      vertex 26.9647 38 19.8637
    endloop
  endfacet
  facet normal 0 1 0
    outer loop
      vertex 30.8284 38 18.8284
      vertex 26 38 19.4641
      vertex 30 38 19.4641
    endloop
  endfacet
  facet normal 0 1 0
    outer loop
      vertex 30.8284 38 18.8284
      vertex 25.1716 38 18.8284
      vertex 26 38 19.4641
    endloop
  endfacet
  facet normal 0 1 0
    outer loop
      vertex 31.4641 38 18
      vertex 25.1716 38 18.8284
      vertex 30.8284 38 18.8284
    endloop
  endfacet
  facet normal 0 1 0
    outer loop
      vertex 31.4641 38 18
      vertex 24.5359 38 18
      vertex 25.1716 38 18.8284
    endloop
  endfacet
  facet normal 0 1 0
    outer loop
      vertex 31.8637 38 17.0353
      vertex 24.5359 38 18
      vertex 31.4641 38 18
    endloop
  endfacet
  facet normal 0 1 0
    outer loop
      vertex 31.8637 38 17.0353
      vertex 24.1363 38 17.0353
      vertex 24.5359 38 18
    endloop
  endfacet
  facet normal 0 1 0
    outer loop
      vertex 32 38 16
      vertex 24.1363 38 17.0353
      vertex 31.8637 38 17.0353
    endloop
  endfacet
  facet normal 0 1 0
    outer loop
      vertex 32 38 16
      vertex 24 38 16
      vertex 24.1363 38 17.0353
    endloop
  endfacet
  facet normal 0 1 -0
    outer loop
      vertex 31.8637 38 14.9647
      vertex 24 38 16
      vertex 32 38 16
    endloop
  endfacet
  facet normal 0 1 0
    outer loop
      vertex 31.8637 38 14.9647
      vertex 24.1363 38 14.9647
      vertex 24 38 16
    endloop
  endfacet
  facet normal 0 1 -0
    outer loop
      vertex 31.4641 38 14
      vertex 24.1363 38 14.9647
      vertex 31.8637 38 14.9647
    endloop
  endfacet
  facet normal 0 1 0
    outer loop
      vertex 31.4641 38 14
      vertex 24.5359 38 14
      vertex 24.1363 38 14.9647
    endloop
  endfacet
  facet normal 0 1 -0
    outer loop
      vertex 30.8284 38 13.1716
      vertex 24.5359 38 14
      vertex 31.4641 38 14
    endloop
  endfacet
  facet normal 0 1 0
    outer loop
      vertex 30.8284 38 13.1716
      vertex 25.1716 38 13.1716
      vertex 24.5359 38 14
    endloop
  endfacet
  facet normal 0 1 -0
    outer loop
      vertex 30 38 12.5359
      vertex 25.1716 38 13.1716
      vertex 30.8284 38 13.1716
    endloop
  endfacet
  facet normal 0 1 0
    outer loop
      vertex 30 38 12.5359
      vertex 26 38 12.5359
      vertex 25.1716 38 13.1716
    endloop
  endfacet
  facet normal 0 1 -0
    outer loop
      vertex 29.0353 38 12.1363
      vertex 26 38 12.5359
      vertex 30 38 12.5359
    endloop
  endfacet
  facet normal 0 1 0
    outer loop
      vertex 29.0353 38 12.1363
      vertex 26.9647 38 12.1363
      vertex 26 38 12.5359
    endloop
  endfacet
  facet normal -0 1 0
    outer loop
      vertex 26.9647 38 12.1363
      vertex 29.0353 38 12.1363
      vertex 28 38 12
    endloop
  endfacet
  facet normal 0 -1 0
    outer loop
      vertex 31 18 16.5
      vertex 28 18 20
      vertex 26.9647 18 19.8637
    endloop
  endfacet
  facet normal 0 -1 0
    outer loop
      vertex 31 18 16.5
      vertex 26.9647 18 19.8637
      vertex 26 18 19.4641
    endloop
  endfacet
  facet normal 0 -1 0
    outer loop
      vertex 28 18 20
      vertex 31 18 16.5
      vertex 29.0353 18 19.8637
    endloop
  endfacet
  facet normal 0 -1 0
    outer loop
      vertex 31 18 16.5
      vertex 26 18 19.4641
      vertex 25.1716 18 18.8284
    endloop
  endfacet
  facet normal 0 -1 0
    outer loop
      vertex 29.0353 18 19.8637
      vertex 31 18 16.5
      vertex 30 18 19.4641
    endloop
  endfacet
  facet normal 0 -1 0
    outer loop
      vertex 30 18 19.4641
      vertex 31 18 16.5
      vertex 30.8284 18 18.8284
    endloop
  endfacet
  facet normal 0 -1 0
    outer loop
      vertex 31 18 16.5
      vertex 25.1716 18 18.8284
      vertex 24.5359 18 18
    endloop
  endfacet
  facet normal 0 -1 0
    outer loop
      vertex 31 18 16.5
      vertex 24.5359 18 18
      vertex 24.1363 18 17.0353
    endloop
  endfacet
  facet normal 0 -1 0
    outer loop
      vertex 30.8284 18 18.8284
      vertex 31 18 16.5
      vertex 31 18 18.6048
    endloop
  endfacet
  facet normal 0 -1 0
    outer loop
      vertex 24 18 16
      vertex 31 18 16.5
      vertex 24.1363 18 17.0353
    endloop
  endfacet
  facet normal 0 -1 0
    outer loop
      vertex 24.1363 18 14.9647
      vertex 31 18 16.5
      vertex 24 18 16
    endloop
  endfacet
  facet normal 0 -1 0
    outer loop
      vertex 24.5359 18 14
      vertex 31 18 16.5
      vertex 24.1363 18 14.9647
    endloop
  endfacet
  facet normal 0 -1 0
    outer loop
      vertex 25.1716 18 13.1716
      vertex 31 18 16.5
      vertex 24.5359 18 14
    endloop
  endfacet
  facet normal 0 -1 0
    outer loop
      vertex 31 18 16.5
      vertex 32 18 16
      vertex 31.9342 18 16.5
    endloop
  endfacet
  facet normal 0 -1 0
    outer loop
      vertex 26 18 12.5359
      vertex 31 18 16.5
      vertex 25.1716 18 13.1716
    endloop
  endfacet
  facet normal -0 -1 0
    outer loop
      vertex 32 18 16
      vertex 31 18 16.5
      vertex 31.8637 18 14.9647
    endloop
  endfacet
  facet normal -0 -1 0
    outer loop
      vertex 31.4641 18 14
      vertex 31 18 16.5
      vertex 30.8284 18 13.1716
    endloop
  endfacet
  facet normal -0 -1 0
    outer loop
      vertex 31.8637 18 14.9647
      vertex 31 18 16.5
      vertex 31.4641 18 14
    endloop
  endfacet
  facet normal 0 -1 0
    outer loop
      vertex 26.9647 18 12.1363
      vertex 31 18 16.5
      vertex 26 18 12.5359
    endloop
  endfacet
  facet normal 0 -1 0
    outer loop
      vertex 31 18 16.5
      vertex 30 18 12.5359
      vertex 30.8284 18 13.1716
    endloop
  endfacet
  facet normal 0 -1 0
    outer loop
      vertex 28 18 12
      vertex 31 18 16.5
      vertex 26.9647 18 12.1363
    endloop
  endfacet
  facet normal 0 -1 0
    outer loop
      vertex 31 18 16.5
      vertex 29.0353 18 12.1363
      vertex 30 18 12.5359
    endloop
  endfacet
  facet normal 0 -1 0
    outer loop
      vertex 31 18 16.5
      vertex 28 18 12
      vertex 29.0353 18 12.1363
    endloop
  endfacet
  facet normal -0.38269 0 -0.923877
    outer loop
      vertex 26 18 12.5359
      vertex 26.9647 38 12.1363
      vertex 26.9647 18 12.1363
    endloop
  endfacet
  facet normal -0.38269 0 -0.923877
    outer loop
      vertex 26.9647 38 12.1363
      vertex 26 18 12.5359
      vertex 26 38 12.5359
    endloop
  endfacet
  facet normal -0.608789 0 -0.793332
    outer loop
      vertex 25.1716 18 13.1716
      vertex 26 38 12.5359
      vertex 26 18 12.5359
    endloop
  endfacet
  facet normal -0.608789 0 -0.793332
    outer loop
      vertex 26 38 12.5359
      vertex 25.1716 18 13.1716
      vertex 25.1716 38 13.1716
    endloop
  endfacet
  facet normal -0.923877 0 -0.38269
    outer loop
      vertex 24.5359 18 14
      vertex 24.1363 38 14.9647
      vertex 24.5359 38 14
    endloop
  endfacet
  facet normal -0.923877 -0 -0.38269
    outer loop
      vertex 24.1363 38 14.9647
      vertex 24.5359 18 14
      vertex 24.1363 18 14.9647
    endloop
  endfacet
  facet normal 0.793332 5.22887e-06 0.608789
    outer loop
      vertex 30.8284 38 18.8284
      vertex 31 36 18.6048
      vertex 31.4641 38 18
    endloop
  endfacet
  facet normal 0.793309 -0 0.608819
    outer loop
      vertex 30.8284 18 18.8284
      vertex 31 36 18.6048
      vertex 30.8284 38 18.8284
    endloop
  endfacet
  facet normal 0.793309 0 0.608819
    outer loop
      vertex 31 36 18.6048
      vertex 30.8284 18 18.8284
      vertex 31 18 18.6048
    endloop
  endfacet
  facet normal 0.79334 0 0.608778
    outer loop
      vertex 31.4641 38 18
      vertex 31 36 18.6048
      vertex 31.4641 36 18
    endloop
  endfacet
  facet normal -0.991445 0 0.130526
    outer loop
      vertex 24 18 16
      vertex 24.1363 38 17.0353
      vertex 24 38 16
    endloop
  endfacet
  facet normal -0.991445 0 0.130526
    outer loop
      vertex 24.1363 38 17.0353
      vertex 24 18 16
      vertex 24.1363 18 17.0353
    endloop
  endfacet
  facet normal -0.991445 0 -0.130526
    outer loop
      vertex 24.1363 18 14.9647
      vertex 24 38 16
      vertex 24.1363 38 14.9647
    endloop
  endfacet
  facet normal -0.991445 -0 -0.130526
    outer loop
      vertex 24 38 16
      vertex 24.1363 18 14.9647
      vertex 24 18 16
    endloop
  endfacet
  facet normal -0.608789 0 0.793332
    outer loop
      vertex 25.1716 38 18.8284
      vertex 26 28 19.4641
      vertex 26 38 19.4641
    endloop
  endfacet
  facet normal -0.608789 0 0.793332
    outer loop
      vertex 25.1716 18 18.8284
      vertex 26 28 19.4641
      vertex 25.1716 38 18.8284
    endloop
  endfacet
  facet normal -0.608789 0 0.793332
    outer loop
      vertex 26 28 19.4641
      vertex 25.1716 18 18.8284
      vertex 26 18 19.4641
    endloop
  endfacet
  facet normal 0.923877 0 -0.38269
    outer loop
      vertex 31.8637 18 14.9647
      vertex 31.4641 38 14
      vertex 31.8637 38 14.9647
    endloop
  endfacet
  facet normal 0.923877 0 -0.38269
    outer loop
      vertex 31.4641 38 14
      vertex 31.8637 18 14.9647
      vertex 31.4641 18 14
    endloop
  endfacet
  facet normal 0.991445 0 -0.130526
    outer loop
      vertex 32 18 16
      vertex 31.8637 38 14.9647
      vertex 32 38 16
    endloop
  endfacet
  facet normal 0.991445 0 -0.130526
    outer loop
      vertex 31.8637 38 14.9647
      vertex 32 18 16
      vertex 31.8637 18 14.9647
    endloop
  endfacet
  facet normal 0.608789 0 -0.793332
    outer loop
      vertex 30 18 12.5359
      vertex 30.8284 38 13.1716
      vertex 30.8284 18 13.1716
    endloop
  endfacet
  facet normal 0.608789 0 -0.793332
    outer loop
      vertex 30.8284 38 13.1716
      vertex 30 18 12.5359
      vertex 30 38 12.5359
    endloop
  endfacet
  facet normal 0.793332 0 -0.608789
    outer loop
      vertex 31.4641 18 14
      vertex 30.8284 38 13.1716
      vertex 31.4641 38 14
    endloop
  endfacet
  facet normal 0.793332 0 -0.608789
    outer loop
      vertex 30.8284 38 13.1716
      vertex 31.4641 18 14
      vertex 30.8284 18 13.1716
    endloop
  endfacet
  facet normal -0.130526 0 -0.991445
    outer loop
      vertex 26.9647 18 12.1363
      vertex 28 38 12
      vertex 28 18 12
    endloop
  endfacet
  facet normal -0.130526 0 -0.991445
    outer loop
      vertex 28 38 12
      vertex 26.9647 18 12.1363
      vertex 26.9647 38 12.1363
    endloop
  endfacet
  facet normal 0.130526 0 -0.991445
    outer loop
      vertex 28 18 12
      vertex 29.0353 38 12.1363
      vertex 29.0353 18 12.1363
    endloop
  endfacet
  facet normal 0.130526 0 -0.991445
    outer loop
      vertex 29.0353 38 12.1363
      vertex 28 18 12
      vertex 28 38 12
    endloop
  endfacet
  facet normal -0.793332 0 -0.608789
    outer loop
      vertex 25.1716 18 13.1716
      vertex 24.5359 38 14
      vertex 25.1716 38 13.1716
    endloop
  endfacet
  facet normal -0.793332 -0 -0.608789
    outer loop
      vertex 24.5359 38 14
      vertex 25.1716 18 13.1716
      vertex 24.5359 18 14
    endloop
  endfacet
  facet normal 0.891005 -0 0.453994
    outer loop
      vertex 30.8316 31 45.5572
      vertex 31 32 45.2267
      vertex 30.8316 32 45.5572
    endloop
  endfacet
  facet normal 0.891005 0 0.453994
    outer loop
      vertex 31 32 45.2267
      vertex 30.8316 31 45.5572
      vertex 31 31 45.2267
    endloop
  endfacet
  facet normal -0.156427 0 0.98769
    outer loop
      vertex 26.9184 32 46.8287
      vertex 28 31 47
      vertex 28 32 47
    endloop
  endfacet
  facet normal -0.156427 0 0.98769
    outer loop
      vertex 28 31 47
      vertex 26.9184 32 46.8287
      vertex 26.9184 31 46.8287
    endloop
  endfacet
  facet normal 0.453996 0 -0.891004
    outer loop
      vertex 29.0816 31 40.1713
      vertex 30.0572 32 40.6684
      vertex 30.0572 31 40.6684
    endloop
  endfacet
  facet normal 0.453996 0 -0.891004
    outer loop
      vertex 30.0572 32 40.6684
      vertex 29.0816 31 40.1713
      vertex 29.0816 32 40.1713
    endloop
  endfacet
  facet normal 0.707107 -0 0.707107
    outer loop
      vertex 30.0572 31 46.3316
      vertex 30.8316 32 45.5572
      vertex 30.0572 32 46.3316
    endloop
  endfacet
  facet normal 0.707107 0 0.707107
    outer loop
      vertex 30.8316 32 45.5572
      vertex 30.0572 31 46.3316
      vertex 30.8316 31 45.5572
    endloop
  endfacet
  facet normal -0.707107 0 0.707107
    outer loop
      vertex 25.1684 31 45.5572
      vertex 25.9428 32 46.3316
      vertex 25.1684 32 45.5572
    endloop
  endfacet
  facet normal -0.707107 0 0.707107
    outer loop
      vertex 25.9428 32 46.3316
      vertex 25.1684 31 45.5572
      vertex 25.9428 31 46.3316
    endloop
  endfacet
  facet normal -0.453996 0 0.891004
    outer loop
      vertex 25.9428 32 46.3316
      vertex 26.9184 31 46.8287
      vertex 26.9184 32 46.8287
    endloop
  endfacet
  facet normal -0.453996 0 0.891004
    outer loop
      vertex 26.9184 31 46.8287
      vertex 25.9428 32 46.3316
      vertex 25.9428 31 46.3316
    endloop
  endfacet
  facet normal 0.707061 0 -0.707152
    outer loop
      vertex 30.0572 31 40.6684
      vertex 30.8316 32 41.4427
      vertex 30.8316 31 41.4427
    endloop
  endfacet
  facet normal 0.707061 0 -0.707152
    outer loop
      vertex 30.8316 32 41.4427
      vertex 30.0572 31 40.6684
      vertex 30.0572 32 40.6684
    endloop
  endfacet
  facet normal -0.89106 0 -0.453885
    outer loop
      vertex 25 31 41.7733
      vertex 25.1684 32 41.4427
      vertex 25.1684 31 41.4427
    endloop
  endfacet
  facet normal -0.891023 -3.04831e-05 -0.453959
    outer loop
      vertex 25.1684 32 41.4427
      vertex 25 31 41.7733
      vertex 24.6713 32 42.4184
    endloop
  endfacet
  facet normal -0.891004 0 -0.453996
    outer loop
      vertex 24.6713 30.5 42.4184
      vertex 25 31 41.7733
      vertex 25 30.5 41.7733
    endloop
  endfacet
  facet normal -0.891004 0 -0.453996
    outer loop
      vertex 25 31 41.7733
      vertex 24.6713 30.5 42.4184
      vertex 24.6713 32 42.4184
    endloop
  endfacet
  facet normal -0.891004 0 -0.453996
    outer loop
      vertex 25 24 41.7733
      vertex 24.6713 25.5 42.4184
      vertex 25 25.5 41.7733
    endloop
  endfacet
  facet normal -0.891004 -0 -0.453996
    outer loop
      vertex 24.6713 25.5 42.4184
      vertex 25 24 41.7733
      vertex 24.6713 24 42.4184
    endloop
  endfacet
  facet normal 0.156427 0 0.98769
    outer loop
      vertex 28 32 47
      vertex 29.0816 31 46.8287
      vertex 29.0816 32 46.8287
    endloop
  endfacet
  facet normal 0.156427 0 0.98769
    outer loop
      vertex 29.0816 31 46.8287
      vertex 28 32 47
      vertex 28 31 47
    endloop
  endfacet
  facet normal 0.453996 0 0.891004
    outer loop
      vertex 29.0816 32 46.8287
      vertex 30.0572 31 46.3316
      vertex 30.0572 32 46.3316
    endloop
  endfacet
  facet normal 0.453996 0 0.891004
    outer loop
      vertex 30.0572 31 46.3316
      vertex 29.0816 32 46.8287
      vertex 29.0816 31 46.8287
    endloop
  endfacet
  facet normal -0.891004 -4.65777e-07 0.453996
    outer loop
      vertex 24.6713 32 44.5816
      vertex 25 31 45.2267
      vertex 25.1684 32 45.5572
    endloop
  endfacet
  facet normal -0.891004 0 0.453996
    outer loop
      vertex 24.6713 30.5 44.5816
      vertex 25 31 45.2267
      vertex 24.6713 32 44.5816
    endloop
  endfacet
  facet normal -0.891004 0 0.453996
    outer loop
      vertex 25 31 45.2267
      vertex 24.6713 30.5 44.5816
      vertex 25 30.5 45.2267
    endloop
  endfacet
  facet normal -0.891005 0 0.453994
    outer loop
      vertex 25.1684 32 45.5572
      vertex 25 31 45.2267
      vertex 25.1684 31 45.5572
    endloop
  endfacet
  facet normal -0.891004 0 0.453996
    outer loop
      vertex 24.6713 24 44.5816
      vertex 25 25.5 45.2267
      vertex 24.6713 25.5 44.5816
    endloop
  endfacet
  facet normal -0.891004 0 0.453996
    outer loop
      vertex 25 25.5 45.2267
      vertex 24.6713 24 44.5816
      vertex 25 24 45.2267
    endloop
  endfacet
  facet normal 0 1 0
    outer loop
      vertex 29.0816 32 46.8287
      vertex 26.9184 32 46.8287
      vertex 28 32 47
    endloop
  endfacet
  facet normal 0 1 0
    outer loop
      vertex 31 32 45.2267
      vertex 29.0816 32 46.8287
      vertex 30.0572 32 46.3316
    endloop
  endfacet
  facet normal 0 1 0
    outer loop
      vertex 29.0816 32 46.8287
      vertex 31 32 45.2267
      vertex 26.9184 32 46.8287
    endloop
  endfacet
  facet normal 0 1 0
    outer loop
      vertex 31 32 45.2267
      vertex 30.0572 32 46.3316
      vertex 30.8316 32 45.5572
    endloop
  endfacet
  facet normal 0 1 0
    outer loop
      vertex 26.9184 32 46.8287
      vertex 31 32 45.2267
      vertex 25.9428 32 46.3316
    endloop
  endfacet
  facet normal 0 1 0
    outer loop
      vertex 25.9428 32 46.3316
      vertex 31 32 45.2267
      vertex 25.1684 32 45.5572
    endloop
  endfacet
  facet normal 0 1 0
    outer loop
      vertex 31 32 45.2267
      vertex 24.6713 32 44.5816
      vertex 25.1684 32 45.5572
    endloop
  endfacet
  facet normal 0 1 0
    outer loop
      vertex 31 32 45.2267
      vertex 24.5 32 43.5
      vertex 24.6713 32 44.5816
    endloop
  endfacet
  facet normal 0 1 0
    outer loop
      vertex 31 32 45.2267
      vertex 24.6713 32 42.4184
      vertex 24.5 32 43.5
    endloop
  endfacet
  facet normal 0 1 -0
    outer loop
      vertex 31 32 41.7733
      vertex 24.6713 32 42.4184
      vertex 31 32 45.2267
    endloop
  endfacet
  facet normal 0 1 0
    outer loop
      vertex 30.0572 32 40.6684
      vertex 31 32 41.7733
      vertex 30.8316 32 41.4427
    endloop
  endfacet
  facet normal 0 1 0
    outer loop
      vertex 31 32 41.7733
      vertex 25.1684 32 41.4427
      vertex 24.6713 32 42.4184
    endloop
  endfacet
  facet normal 0 1 0
    outer loop
      vertex 29.0816 32 40.1713
      vertex 31 32 41.7733
      vertex 30.0572 32 40.6684
    endloop
  endfacet
  facet normal 0 1 0
    outer loop
      vertex 31 32 41.7733
      vertex 25.9428 32 40.6684
      vertex 25.1684 32 41.4427
    endloop
  endfacet
  facet normal 0 1 0
    outer loop
      vertex 31 32 41.7733
      vertex 29.0816 32 40.1713
      vertex 25.9428 32 40.6684
    endloop
  endfacet
  facet normal 0 1 0
    outer loop
      vertex 29.0816 32 40.1713
      vertex 26.9184 32 40.1713
      vertex 25.9428 32 40.6684
    endloop
  endfacet
  facet normal -0 1 0
    outer loop
      vertex 26.9184 32 40.1713
      vertex 29.0816 32 40.1713
      vertex 28 32 40
    endloop
  endfacet
  facet normal 0 -1 0
    outer loop
      vertex 24.5 24 43.5
      vertex 25 24 45.2267
      vertex 24.6713 24 44.5816
    endloop
  endfacet
  facet normal 0 -1 0
    outer loop
      vertex 25 24 41.7733
      vertex 24.5 24 43.5
      vertex 24.6713 24 42.4184
    endloop
  endfacet
  facet normal 0 -1 0
    outer loop
      vertex 24.5 24 43.5
      vertex 25 24 41.7733
      vertex 25 24 45.2267
    endloop
  endfacet
  facet normal -0.453996 0 -0.891004
    outer loop
      vertex 25.9428 31 40.6684
      vertex 26.9184 32 40.1713
      vertex 26.9184 31 40.1713
    endloop
  endfacet
  facet normal -0.453996 0 -0.891004
    outer loop
      vertex 26.9184 32 40.1713
      vertex 25.9428 31 40.6684
      vertex 25.9428 32 40.6684
    endloop
  endfacet
  facet normal -0.707061 0 -0.707152
    outer loop
      vertex 25.1684 31 41.4427
      vertex 25.9428 32 40.6684
      vertex 25.9428 31 40.6684
    endloop
  endfacet
  facet normal -0.707061 0 -0.707152
    outer loop
      vertex 25.9428 32 40.6684
      vertex 25.1684 31 41.4427
      vertex 25.1684 32 41.4427
    endloop
  endfacet
  facet normal -0.98769 0 0.156427
    outer loop
      vertex 24.5 30.5 43.5
      vertex 24.6713 32 44.5816
      vertex 24.5 32 43.5
    endloop
  endfacet
  facet normal -0.98769 0 0.156427
    outer loop
      vertex 24.6713 32 44.5816
      vertex 24.5 30.5 43.5
      vertex 24.6713 30.5 44.5816
    endloop
  endfacet
  facet normal -0.98769 0 0.156427
    outer loop
      vertex 24.5 24 43.5
      vertex 24.6713 25.5 44.5816
      vertex 24.5 25.5 43.5
    endloop
  endfacet
  facet normal -0.98769 0 0.156427
    outer loop
      vertex 24.6713 25.5 44.5816
      vertex 24.5 24 43.5
      vertex 24.6713 24 44.5816
    endloop
  endfacet
  facet normal -0.98769 0 -0.156427
    outer loop
      vertex 24.6713 30.5 42.4184
      vertex 24.5 32 43.5
      vertex 24.6713 32 42.4184
    endloop
  endfacet
  facet normal -0.98769 -0 -0.156427
    outer loop
      vertex 24.5 32 43.5
      vertex 24.6713 30.5 42.4184
      vertex 24.5 30.5 43.5
    endloop
  endfacet
  facet normal -0.98769 0 -0.156427
    outer loop
      vertex 24.6713 24 42.4184
      vertex 24.5 25.5 43.5
      vertex 24.6713 25.5 42.4184
    endloop
  endfacet
  facet normal -0.98769 -0 -0.156427
    outer loop
      vertex 24.5 25.5 43.5
      vertex 24.6713 24 42.4184
      vertex 24.5 24 43.5
    endloop
  endfacet
  facet normal 0.89106 0 -0.453885
    outer loop
      vertex 31 31 41.7733
      vertex 30.8316 32 41.4427
      vertex 31 32 41.7733
    endloop
  endfacet
  facet normal 0.89106 0 -0.453885
    outer loop
      vertex 30.8316 32 41.4427
      vertex 31 31 41.7733
      vertex 30.8316 31 41.4427
    endloop
  endfacet
  facet normal -0.156427 0 -0.98769
    outer loop
      vertex 26.9184 31 40.1713
      vertex 28 32 40
      vertex 28 31 40
    endloop
  endfacet
  facet normal -0.156427 0 -0.98769
    outer loop
      vertex 28 32 40
      vertex 26.9184 31 40.1713
      vertex 26.9184 32 40.1713
    endloop
  endfacet
  facet normal 0.156427 0 -0.98769
    outer loop
      vertex 28 31 40
      vertex 29.0816 32 40.1713
      vertex 29.0816 31 40.1713
    endloop
  endfacet
  facet normal 0.156427 0 -0.98769
    outer loop
      vertex 29.0816 32 40.1713
      vertex 28 31 40
      vertex 28 32 40
    endloop
  endfacet
  facet normal -1 0 0
    outer loop
      vertex -40 -30.5 40.5
      vertex -40 -25.5 46.5
      vertex -40 -25.5 40.5
    endloop
  endfacet
  facet normal -1 -0 0
    outer loop
      vertex -40 -25.5 46.5
      vertex -40 -30.5 40.5
      vertex -40 -30.5 46.5
    endloop
  endfacet
  facet normal -0 0 1
    outer loop
      vertex -40 -25.5 46.5
      vertex -31 -30.5 46.5
      vertex -31 -25.5 46.5
    endloop
  endfacet
  facet normal 0 0 1
    outer loop
      vertex -31 -30.5 46.5
      vertex -40 -25.5 46.5
      vertex -40 -30.5 46.5
    endloop
  endfacet
  facet normal -0 0 1
    outer loop
      vertex -25 -25.5 46.5
      vertex -9.72666 -30.5 46.5
      vertex -9.72666 -25.5 46.5
    endloop
  endfacet
  facet normal 0 0 1
    outer loop
      vertex -9.72666 -30.5 46.5
      vertex -25 -25.5 46.5
      vertex -25 -30.5 46.5
    endloop
  endfacet
  facet normal -0 0 1
    outer loop
      vertex -6.27333 -25.5 46.5
      vertex -3 -30.5 46.5
      vertex -3 -25.5 46.5
    endloop
  endfacet
  facet normal 0 0 1
    outer loop
      vertex -3 -30.5 46.5
      vertex -6.27333 -25.5 46.5
      vertex -6.27333 -30.5 46.5
    endloop
  endfacet
  facet normal -0 0 1
    outer loop
      vertex 3 -25.5 46.5
      vertex 6.27333 -30.5 46.5
      vertex 6.27333 -25.5 46.5
    endloop
  endfacet
  facet normal 0 0 1
    outer loop
      vertex 6.27333 -30.5 46.5
      vertex 3 -25.5 46.5
      vertex 3 -30.5 46.5
    endloop
  endfacet
  facet normal -0 0 1
    outer loop
      vertex 9.72666 -25.5 46.5
      vertex 25 -30.5 46.5
      vertex 25 -25.5 46.5
    endloop
  endfacet
  facet normal 0 0 1
    outer loop
      vertex 25 -30.5 46.5
      vertex 9.72666 -25.5 46.5
      vertex 9.72666 -30.5 46.5
    endloop
  endfacet
  facet normal 0 0 -1
    outer loop
      vertex -40 -30.5 40.5
      vertex -31 -25.5 40.5
      vertex -31 -30.5 40.5
    endloop
  endfacet
  facet normal -0 0 -1
    outer loop
      vertex -31 -25.5 40.5
      vertex -40 -30.5 40.5
      vertex -40 -25.5 40.5
    endloop
  endfacet
  facet normal 0 0 -1
    outer loop
      vertex -25 -30.5 40.5
      vertex -11 -25.5 40.5
      vertex -11 -30.5 40.5
    endloop
  endfacet
  facet normal -0 0 -1
    outer loop
      vertex -11 -25.5 40.5
      vertex -25 -30.5 40.5
      vertex -25 -25.5 40.5
    endloop
  endfacet
  facet normal 0 0 -1
    outer loop
      vertex -5 -30.5 40.5
      vertex -3 -25.5 40.5
      vertex -3 -30.5 40.5
    endloop
  endfacet
  facet normal -0 0 -1
    outer loop
      vertex -3 -25.5 40.5
      vertex -5 -30.5 40.5
      vertex -5 -25.5 40.5
    endloop
  endfacet
  facet normal 0 0 -1
    outer loop
      vertex 3 -30.5 40.5
      vertex 5 -25.5 40.5
      vertex 5 -30.5 40.5
    endloop
  endfacet
  facet normal -0 0 -1
    outer loop
      vertex 5 -25.5 40.5
      vertex 3 -30.5 40.5
      vertex 3 -25.5 40.5
    endloop
  endfacet
  facet normal 0 0 -1
    outer loop
      vertex 11 -30.5 40.5
      vertex 25 -25.5 40.5
      vertex 25 -30.5 40.5
    endloop
  endfacet
  facet normal -0 0 -1
    outer loop
      vertex 25 -25.5 40.5
      vertex 11 -30.5 40.5
      vertex 11 -25.5 40.5
    endloop
  endfacet
  facet normal -1 0 0
    outer loop
      vertex -40 25.5 40.5
      vertex -40 30.5 46.5
      vertex -40 30.5 40.5
    endloop
  endfacet
  facet normal -1 -0 0
    outer loop
      vertex -40 30.5 46.5
      vertex -40 25.5 40.5
      vertex -40 25.5 46.5
    endloop
  endfacet
  facet normal -0 0 1
    outer loop
      vertex -40 30.5 46.5
      vertex -31 25.5 46.5
      vertex -31 30.5 46.5
    endloop
  endfacet
  facet normal 0 0 1
    outer loop
      vertex -31 25.5 46.5
      vertex -40 30.5 46.5
      vertex -40 25.5 46.5
    endloop
  endfacet
  facet normal -0 0 1
    outer loop
      vertex -25 30.5 46.5
      vertex -9.72666 25.5 46.5
      vertex -9.72666 30.5 46.5
    endloop
  endfacet
  facet normal 0 0 1
    outer loop
      vertex -9.72666 25.5 46.5
      vertex -25 30.5 46.5
      vertex -25 25.5 46.5
    endloop
  endfacet
  facet normal -0 0 1
    outer loop
      vertex -6.27333 30.5 46.5
      vertex -3 25.5 46.5
      vertex -3 30.5 46.5
    endloop
  endfacet
  facet normal 0 0 1
    outer loop
      vertex -3 25.5 46.5
      vertex -6.27333 30.5 46.5
      vertex -6.27333 25.5 46.5
    endloop
  endfacet
  facet normal -0 0 1
    outer loop
      vertex 3 30.5 46.5
      vertex 6.27333 25.5 46.5
      vertex 6.27333 30.5 46.5
    endloop
  endfacet
  facet normal 0 0 1
    outer loop
      vertex 6.27333 25.5 46.5
      vertex 3 30.5 46.5
      vertex 3 25.5 46.5
    endloop
  endfacet
  facet normal -0 0 1
    outer loop
      vertex 9.72666 30.5 46.5
      vertex 25 25.5 46.5
      vertex 25 30.5 46.5
    endloop
  endfacet
  facet normal 0 0 1
    outer loop
      vertex 25 25.5 46.5
      vertex 9.72666 30.5 46.5
      vertex 9.72666 25.5 46.5
    endloop
  endfacet
  facet normal 0 0 -1
    outer loop
      vertex -40 25.5 40.5
      vertex -31 30.5 40.5
      vertex -31 25.5 40.5
    endloop
  endfacet
  facet normal -0 0 -1
    outer loop
      vertex -31 30.5 40.5
      vertex -40 25.5 40.5
      vertex -40 30.5 40.5
    endloop
  endfacet
  facet normal 0 0 -1
    outer loop
      vertex -25 25.5 40.5
      vertex -11 30.5 40.5
      vertex -11 25.5 40.5
    endloop
  endfacet
  facet normal -0 0 -1
    outer loop
      vertex -11 30.5 40.5
      vertex -25 25.5 40.5
      vertex -25 30.5 40.5
    endloop
  endfacet
  facet normal 0 0 -1
    outer loop
      vertex -5 25.5 40.5
      vertex -3 30.5 40.5
      vertex -3 25.5 40.5
    endloop
  endfacet
  facet normal -0 0 -1
    outer loop
      vertex -3 30.5 40.5
      vertex -5 25.5 40.5
      vertex -5 30.5 40.5
    endloop
  endfacet
  facet normal 0 0 -1
    outer loop
      vertex 3 25.5 40.5
      vertex 5 30.5 40.5
      vertex 5 25.5 40.5
    endloop
  endfacet
  facet normal -0 0 -1
    outer loop
      vertex 5 30.5 40.5
      vertex 3 25.5 40.5
      vertex 3 30.5 40.5
    endloop
  endfacet
  facet normal 0 0 -1
    outer loop
      vertex 11 25.5 40.5
      vertex 25 30.5 40.5
      vertex 25 25.5 40.5
    endloop
  endfacet
  facet normal -0 0 -1
    outer loop
      vertex 25 30.5 40.5
      vertex 11 25.5 40.5
      vertex 11 30.5 40.5
    endloop
  endfacet
  facet normal 0.991443 -0 0.130538
    outer loop
      vertex 56.6933 -5.5 24.3294
      vertex 57 -0.5 22
      vertex 56.6933 -0.5 24.3294
    endloop
  endfacet
  facet normal 0.991443 0 0.130538
    outer loop
      vertex 57 -0.5 22
      vertex 56.6933 -5.5 24.3294
      vertex 57 -5.5 22
    endloop
  endfacet
  facet normal -0.991443 0 0.130538
    outer loop
      vertex 39 -5.5 22
      vertex 39.3067 -0.5 24.3294
      vertex 39 -0.5 22
    endloop
  endfacet
  facet normal -0.991443 0 0.130538
    outer loop
      vertex 39.3067 -0.5 24.3294
      vertex 39 -5.5 22
      vertex 39.3067 -5.5 24.3294
    endloop
  endfacet
  facet normal 0.130617 0 0.991433
    outer loop
      vertex 50.3294 -5.47394 30.6933
      vertex 50.2664 -5.5 30.7016
      vertex 50.3294 -5.5 30.6933
    endloop
  endfacet
  facet normal 0.608649 6.01382e-05 0.79344
    outer loop
      vertex 53.7956 -1.55291 28.8001
      vertex 54.364 -0.5 28.364
      vertex 53.9342 -0.5 28.6937
    endloop
  endfacet
  facet normal 0.608719 0 0.793386
    outer loop
      vertex 54.364 -0.5 28.364
      vertex 53.7956 -1.55291 28.8001
      vertex 54.364 -5.5 28.364
    endloop
  endfacet
  facet normal 0.60879 1.63373e-05 0.793331
    outer loop
      vertex 53.1962 -3 29.2601
      vertex 54.364 -5.5 28.364
      vertex 53.7956 -1.55291 28.8001
    endloop
  endfacet
  facet normal 0.608714 -4.04746e-05 0.79339
    outer loop
      vertex 52.5 -3.90724 29.7942
      vertex 54.364 -5.5 28.364
      vertex 53.1962 -3 29.2601
    endloop
  endfacet
  facet normal 0.608735 0 0.793373
    outer loop
      vertex 54.364 -5.5 28.364
      vertex 52.5 -3.90724 29.7942
      vertex 52.5 -5.5 29.7942
    endloop
  endfacet
  facet normal 0.923878 -0 0.382686
    outer loop
      vertex 55.7942 -5.5 26.5
      vertex 56.6933 -0.5 24.3294
      vertex 55.7942 -0.5 26.5
    endloop
  endfacet
  facet normal 0.923878 0 0.382686
    outer loop
      vertex 56.6933 -0.5 24.3294
      vertex 55.7942 -5.5 26.5
      vertex 56.6933 -5.5 24.3294
    endloop
  endfacet
  facet normal 0.382627 0 0.923903
    outer loop
      vertex 52.2426 -4.24264 29.9008
      vertex 52.5 -5.5 29.7942
      vertex 52.5 -3.90724 29.7942
    endloop
  endfacet
  facet normal 0.382675 1.15599e-05 0.923883
    outer loop
      vertex 51 -5.19615 30.4155
      vertex 52.5 -5.5 29.7942
      vertex 52.2426 -4.24264 29.9008
    endloop
  endfacet
  facet normal 0.382717 -0 0.923866
    outer loop
      vertex 50.3294 -5.5 30.6933
      vertex 51 -5.19615 30.4155
      vertex 50.3294 -5.47394 30.6933
    endloop
  endfacet
  facet normal 0.382686 7.87529e-05 0.923878
    outer loop
      vertex 51 -5.19615 30.4155
      vertex 50.3294 -5.5 30.6933
      vertex 52.5 -5.5 29.7942
    endloop
  endfacet
  facet normal -0.608714 -4.04746e-05 0.79339
    outer loop
      vertex 41.636 -5.5 28.364
      vertex 43.5 -3.90724 29.7942
      vertex 42.8038 -3 29.2601
    endloop
  endfacet
  facet normal -0.60879 1.63373e-05 0.793331
    outer loop
      vertex 41.636 -5.5 28.364
      vertex 42.8038 -3 29.2601
      vertex 42.2044 -1.55291 28.8001
    endloop
  endfacet
  facet normal -0.608649 6.01382e-05 0.79344
    outer loop
      vertex 41.636 -0.5 28.364
      vertex 42.2044 -1.55291 28.8001
      vertex 42.0658 -0.5 28.6937
    endloop
  endfacet
  facet normal -0.608719 0 0.793386
    outer loop
      vertex 41.636 -5.5 28.364
      vertex 42.2044 -1.55291 28.8001
      vertex 41.636 -0.5 28.364
    endloop
  endfacet
  facet normal -0.608735 0 0.793373
    outer loop
      vertex 43.5 -3.90724 29.7942
      vertex 41.636 -5.5 28.364
      vertex 43.5 -5.5 29.7942
    endloop
  endfacet
  facet normal -0.793373 0 0.608735
    outer loop
      vertex 40.2058 -5.5 26.5
      vertex 41.636 -0.5 28.364
      vertex 40.2058 -0.5 26.5
    endloop
  endfacet
  facet normal -0.793373 0 0.608735
    outer loop
      vertex 41.636 -0.5 28.364
      vertex 40.2058 -5.5 26.5
      vertex 41.636 -5.5 28.364
    endloop
  endfacet
  facet normal -0.382717 0 0.923866
    outer loop
      vertex 45 -5.19615 30.4155
      vertex 45.6706 -5.5 30.6933
      vertex 45.6706 -5.47394 30.6933
    endloop
  endfacet
  facet normal -0.382686 7.87529e-05 0.923878
    outer loop
      vertex 45 -5.19615 30.4155
      vertex 43.5 -5.5 29.7942
      vertex 45.6706 -5.5 30.6933
    endloop
  endfacet
  facet normal -0.382675 1.15599e-05 0.923883
    outer loop
      vertex 43.7574 -4.24264 29.9008
      vertex 43.5 -5.5 29.7942
      vertex 45 -5.19615 30.4155
    endloop
  endfacet
  facet normal -0.382627 0 0.923903
    outer loop
      vertex 43.5 -5.5 29.7942
      vertex 43.7574 -4.24264 29.9008
      vertex 43.5 -3.90724 29.7942
    endloop
  endfacet
  facet normal 0.923878 0 -0.382686
    outer loop
      vertex 56.6933 -5.5 19.6706
      vertex 55.7942 -0.5 17.5
      vertex 56.6933 -0.5 19.6706
    endloop
  endfacet
  facet normal 0.923878 0 -0.382686
    outer loop
      vertex 55.7942 -0.5 17.5
      vertex 56.6933 -5.5 19.6706
      vertex 55.7942 -5.5 17.5
    endloop
  endfacet
  facet normal -0.608735 0 -0.793373
    outer loop
      vertex 41.636 -5.5 15.636
      vertex 43.5 -0.5 14.2058
      vertex 43.5 -5.5 14.2058
    endloop
  endfacet
  facet normal -0.608735 0 -0.793373
    outer loop
      vertex 43.5 -0.5 14.2058
      vertex 41.636 -5.5 15.636
      vertex 41.636 -0.5 15.636
    endloop
  endfacet
  facet normal 0 1 0
    outer loop
      vertex 53.9342 -0.5 22
      vertex 54.364 -0.5 28.364
      vertex 55.7942 -0.5 26.5
    endloop
  endfacet
  facet normal 0 1 0
    outer loop
      vertex 53.9342 -0.5 22
      vertex 55.7942 -0.5 26.5
      vertex 56.6933 -0.5 24.3294
    endloop
  endfacet
  facet normal 0 1 0
    outer loop
      vertex 53.9342 -0.5 22
      vertex 56.6933 -0.5 24.3294
      vertex 57 -0.5 22
    endloop
  endfacet
  facet normal 0 1 0
    outer loop
      vertex 54.364 -0.5 28.364
      vertex 53.9342 -0.5 22
      vertex 53.9342 -0.5 28.6937
    endloop
  endfacet
  facet normal 0 1 -0
    outer loop
      vertex 56.6933 -0.5 19.6706
      vertex 53.9342 -0.5 22
      vertex 57 -0.5 22
    endloop
  endfacet
  facet normal 0 1 0
    outer loop
      vertex 53.9342 -0.5 22
      vertex 52.8296 -0.5 20.7059
      vertex 53 -0.5 22
    endloop
  endfacet
  facet normal 0 1 0
    outer loop
      vertex 53.9342 -0.5 22
      vertex 56.6933 -0.5 19.6706
      vertex 52.8296 -0.5 20.7059
    endloop
  endfacet
  facet normal 0 1 0
    outer loop
      vertex 56.6933 -0.5 19.6706
      vertex 52.3301 -0.5 19.5
      vertex 52.8296 -0.5 20.7059
    endloop
  endfacet
  facet normal 0 1 -0
    outer loop
      vertex 55.7942 -0.5 17.5
      vertex 52.3301 -0.5 19.5
      vertex 56.6933 -0.5 19.6706
    endloop
  endfacet
  facet normal 0 1 0
    outer loop
      vertex 52.3301 -0.5 19.5
      vertex 55.7942 -0.5 17.5
      vertex 51.5355 -0.5 18.4645
    endloop
  endfacet
  facet normal 0 1 -0
    outer loop
      vertex 54.364 -0.5 15.636
      vertex 51.5355 -0.5 18.4645
      vertex 55.7942 -0.5 17.5
    endloop
  endfacet
  facet normal 0 1 0
    outer loop
      vertex 51.5355 -0.5 18.4645
      vertex 54.364 -0.5 15.636
      vertex 50.5 -0.5 17.6699
    endloop
  endfacet
  facet normal 0 1 -0
    outer loop
      vertex 52.5 -0.5 14.2058
      vertex 50.5 -0.5 17.6699
      vertex 54.364 -0.5 15.636
    endloop
  endfacet
  facet normal 0 1 0
    outer loop
      vertex 50.5 -0.5 17.6699
      vertex 52.5 -0.5 14.2058
      vertex 49.2941 -0.5 17.1704
    endloop
  endfacet
  facet normal 0 1 0
    outer loop
      vertex 43.1704 -0.5 20.7059
      vertex 42.0658 -0.5 22
      vertex 43 -0.5 22
    endloop
  endfacet
  facet normal 0 1 0
    outer loop
      vertex 39.3067 -0.5 19.6706
      vertex 42.0658 -0.5 22
      vertex 43.1704 -0.5 20.7059
    endloop
  endfacet
  facet normal 0 1 0
    outer loop
      vertex 42.0658 -0.5 22
      vertex 39.3067 -0.5 19.6706
      vertex 39 -0.5 22
    endloop
  endfacet
  facet normal 0 1 0
    outer loop
      vertex 43.6699 -0.5 19.5
      vertex 39.3067 -0.5 19.6706
      vertex 43.1704 -0.5 20.7059
    endloop
  endfacet
  facet normal 0 1 0
    outer loop
      vertex 40.2058 -0.5 17.5
      vertex 43.6699 -0.5 19.5
      vertex 44.4645 -0.5 18.4645
    endloop
  endfacet
  facet normal 0 1 0
    outer loop
      vertex 41.636 -0.5 15.636
      vertex 44.4645 -0.5 18.4645
      vertex 45.5 -0.5 17.6699
    endloop
  endfacet
  facet normal 0 1 0
    outer loop
      vertex 43.6699 -0.5 19.5
      vertex 40.2058 -0.5 17.5
      vertex 39.3067 -0.5 19.6706
    endloop
  endfacet
  facet normal 0 1 0
    outer loop
      vertex 43.5 -0.5 14.2058
      vertex 45.5 -0.5 17.6699
      vertex 46.7059 -0.5 17.1704
    endloop
  endfacet
  facet normal 0 1 0
    outer loop
      vertex 45.6706 -0.5 13.3067
      vertex 46.7059 -0.5 17.1704
      vertex 48 -0.5 17
    endloop
  endfacet
  facet normal 0 1 -0
    outer loop
      vertex 50.3294 -0.5 13.3067
      vertex 49.2941 -0.5 17.1704
      vertex 52.5 -0.5 14.2058
    endloop
  endfacet
  facet normal 0 1 0
    outer loop
      vertex 44.4645 -0.5 18.4645
      vertex 41.636 -0.5 15.636
      vertex 40.2058 -0.5 17.5
    endloop
  endfacet
  facet normal 0 1 0
    outer loop
      vertex 49.2941 -0.5 17.1704
      vertex 50.3294 -0.5 13.3067
      vertex 48 -0.5 17
    endloop
  endfacet
  facet normal 0 1 0
    outer loop
      vertex 45.5 -0.5 17.6699
      vertex 43.5 -0.5 14.2058
      vertex 41.636 -0.5 15.636
    endloop
  endfacet
  facet normal 0 1 0
    outer loop
      vertex 48 -0.5 13
      vertex 48 -0.5 17
      vertex 50.3294 -0.5 13.3067
    endloop
  endfacet
  facet normal 0 1 0
    outer loop
      vertex 46.7059 -0.5 17.1704
      vertex 45.6706 -0.5 13.3067
      vertex 43.5 -0.5 14.2058
    endloop
  endfacet
  facet normal 0 1 0
    outer loop
      vertex 48 -0.5 17
      vertex 48 -0.5 13
      vertex 45.6706 -0.5 13.3067
    endloop
  endfacet
  facet normal 0 1 -0
    outer loop
      vertex 42.0658 -0.5 22
      vertex 41.636 -0.5 28.364
      vertex 42.0658 -0.5 28.6937
    endloop
  endfacet
  facet normal 0 1 0
    outer loop
      vertex 41.636 -0.5 28.364
      vertex 42.0658 -0.5 22
      vertex 40.2058 -0.5 26.5
    endloop
  endfacet
  facet normal 0 1 0
    outer loop
      vertex 40.2058 -0.5 26.5
      vertex 42.0658 -0.5 22
      vertex 39.3067 -0.5 24.3294
    endloop
  endfacet
  facet normal 0 1 0
    outer loop
      vertex 39.3067 -0.5 24.3294
      vertex 42.0658 -0.5 22
      vertex 39 -0.5 22
    endloop
  endfacet
  facet normal 0.793373 -0 0.608735
    outer loop
      vertex 54.364 -5.5 28.364
      vertex 55.7942 -0.5 26.5
      vertex 54.364 -0.5 28.364
    endloop
  endfacet
  facet normal 0.793373 0 0.608735
    outer loop
      vertex 55.7942 -0.5 26.5
      vertex 54.364 -5.5 28.364
      vertex 55.7942 -5.5 26.5
    endloop
  endfacet
  facet normal -0.923878 0 0.382686
    outer loop
      vertex 39.3067 -5.5 24.3294
      vertex 40.2058 -0.5 26.5
      vertex 39.3067 -0.5 24.3294
    endloop
  endfacet
  facet normal -0.923878 0 0.382686
    outer loop
      vertex 40.2058 -0.5 26.5
      vertex 39.3067 -5.5 24.3294
      vertex 40.2058 -5.5 26.5
    endloop
  endfacet
  facet normal -0.130617 0 0.991433
    outer loop
      vertex 45.6706 -5.47394 30.6933
      vertex 45.6706 -5.5 30.6933
      vertex 45.7336 -5.5 30.7016
    endloop
  endfacet
  facet normal 0.991443 0 -0.130538
    outer loop
      vertex 57 -5.5 22
      vertex 56.6933 -0.5 19.6706
      vertex 57 -0.5 22
    endloop
  endfacet
  facet normal 0.991443 0 -0.130538
    outer loop
      vertex 56.6933 -0.5 19.6706
      vertex 57 -5.5 22
      vertex 56.6933 -5.5 19.6706
    endloop
  endfacet
  facet normal 0.130538 0 -0.991443
    outer loop
      vertex 48 -5.5 13
      vertex 50.3294 -0.5 13.3067
      vertex 50.3294 -5.5 13.3067
    endloop
  endfacet
  facet normal 0.130538 0 -0.991443
    outer loop
      vertex 50.3294 -0.5 13.3067
      vertex 48 -5.5 13
      vertex 48 -0.5 13
    endloop
  endfacet
  facet normal 0.608735 0 -0.793373
    outer loop
      vertex 52.5 -5.5 14.2058
      vertex 54.364 -0.5 15.636
      vertex 54.364 -5.5 15.636
    endloop
  endfacet
  facet normal 0.608735 0 -0.793373
    outer loop
      vertex 54.364 -0.5 15.636
      vertex 52.5 -5.5 14.2058
      vertex 52.5 -0.5 14.2058
    endloop
  endfacet
  facet normal -0.382686 0 -0.923878
    outer loop
      vertex 43.5 -5.5 14.2058
      vertex 45.6706 -0.5 13.3067
      vertex 45.6706 -5.5 13.3067
    endloop
  endfacet
  facet normal -0.382686 0 -0.923878
    outer loop
      vertex 45.6706 -0.5 13.3067
      vertex 43.5 -5.5 14.2058
      vertex 43.5 -0.5 14.2058
    endloop
  endfacet
  facet normal -0.793373 0 -0.608735
    outer loop
      vertex 41.636 -5.5 15.636
      vertex 40.2058 -0.5 17.5
      vertex 41.636 -0.5 15.636
    endloop
  endfacet
  facet normal -0.793373 -0 -0.608735
    outer loop
      vertex 40.2058 -0.5 17.5
      vertex 41.636 -5.5 15.636
      vertex 40.2058 -5.5 17.5
    endloop
  endfacet
  facet normal -0.991443 0 -0.130538
    outer loop
      vertex 39.3067 -5.5 19.6706
      vertex 39 -0.5 22
      vertex 39.3067 -0.5 19.6706
    endloop
  endfacet
  facet normal -0.991443 -0 -0.130538
    outer loop
      vertex 39 -0.5 22
      vertex 39.3067 -5.5 19.6706
      vertex 39 -5.5 22
    endloop
  endfacet
  facet normal 0.382686 0 -0.923878
    outer loop
      vertex 50.3294 -5.5 13.3067
      vertex 52.5 -0.5 14.2058
      vertex 52.5 -5.5 14.2058
    endloop
  endfacet
  facet normal 0.382686 0 -0.923878
    outer loop
      vertex 52.5 -0.5 14.2058
      vertex 50.3294 -5.5 13.3067
      vertex 50.3294 -0.5 13.3067
    endloop
  endfacet
  facet normal 0.793373 0 -0.608735
    outer loop
      vertex 55.7942 -5.5 17.5
      vertex 54.364 -0.5 15.636
      vertex 55.7942 -0.5 17.5
    endloop
  endfacet
  facet normal 0.793373 0 -0.608735
    outer loop
      vertex 54.364 -0.5 15.636
      vertex 55.7942 -5.5 17.5
      vertex 54.364 -5.5 15.636
    endloop
  endfacet
  facet normal -0.130538 0 -0.991443
    outer loop
      vertex 45.6706 -5.5 13.3067
      vertex 48 -0.5 13
      vertex 48 -5.5 13
    endloop
  endfacet
  facet normal -0.130538 0 -0.991443
    outer loop
      vertex 48 -0.5 13
      vertex 45.6706 -5.5 13.3067
      vertex 45.6706 -0.5 13.3067
    endloop
  endfacet
  facet normal -0.923878 0 -0.382686
    outer loop
      vertex 40.2058 -5.5 17.5
      vertex 39.3067 -0.5 19.6706
      vertex 40.2058 -0.5 17.5
    endloop
  endfacet
  facet normal -0.923878 -0 -0.382686
    outer loop
      vertex 39.3067 -0.5 19.6706
      vertex 40.2058 -5.5 17.5
      vertex 39.3067 -5.5 19.6706
    endloop
  endfacet
  facet normal 0 -1 0
    outer loop
      vertex 45.7336 -5.5 26.4269
      vertex 45.6706 -5.5 30.6933
      vertex 43.5 -5.5 29.7942
    endloop
  endfacet
  facet normal 0 -1 0
    outer loop
      vertex 45.5 -5.5 26.3301
      vertex 43.5 -5.5 29.7942
      vertex 41.636 -5.5 28.364
    endloop
  endfacet
  facet normal 0 -1 0
    outer loop
      vertex 44.4645 -5.5 25.5355
      vertex 41.636 -5.5 28.364
      vertex 40.2058 -5.5 26.5
    endloop
  endfacet
  facet normal -0 -1 0
    outer loop
      vertex 45.7336 -5.5 26.4269
      vertex 43.5 -5.5 29.7942
      vertex 45.5 -5.5 26.3301
    endloop
  endfacet
  facet normal 0 -1 0
    outer loop
      vertex 45.6706 -5.5 30.6933
      vertex 45.7336 -5.5 26.4269
      vertex 45.7336 -5.5 30.7016
    endloop
  endfacet
  facet normal 0 -1 0
    outer loop
      vertex 41.636 -5.5 28.364
      vertex 44.4645 -5.5 25.5355
      vertex 45.5 -5.5 26.3301
    endloop
  endfacet
  facet normal 0 -1 0
    outer loop
      vertex 40.2058 -5.5 26.5
      vertex 43.6699 -5.5 24.5
      vertex 44.4645 -5.5 25.5355
    endloop
  endfacet
  facet normal 0 -1 0
    outer loop
      vertex 39.3067 -5.5 24.3294
      vertex 43.6699 -5.5 24.5
      vertex 40.2058 -5.5 26.5
    endloop
  endfacet
  facet normal 0 -1 0
    outer loop
      vertex 39.3067 -5.5 24.3294
      vertex 43.1704 -5.5 23.2941
      vertex 43.6699 -5.5 24.5
    endloop
  endfacet
  facet normal 0 -1 0
    outer loop
      vertex 39 -5.5 22
      vertex 43.1704 -5.5 23.2941
      vertex 39.3067 -5.5 24.3294
    endloop
  endfacet
  facet normal 0 -1 0
    outer loop
      vertex 39 -5.5 22
      vertex 43 -5.5 22
      vertex 43.1704 -5.5 23.2941
    endloop
  endfacet
  facet normal 0 -1 0
    outer loop
      vertex 39 -5.5 22
      vertex 43.1704 -5.5 20.7059
      vertex 43 -5.5 22
    endloop
  endfacet
  facet normal 0 -1 0
    outer loop
      vertex 39.3067 -5.5 19.6706
      vertex 43.1704 -5.5 20.7059
      vertex 39 -5.5 22
    endloop
  endfacet
  facet normal 0 -1 0
    outer loop
      vertex 39.3067 -5.5 19.6706
      vertex 43.6699 -5.5 19.5
      vertex 43.1704 -5.5 20.7059
    endloop
  endfacet
  facet normal 0 -1 0
    outer loop
      vertex 40.2058 -5.5 17.5
      vertex 43.6699 -5.5 19.5
      vertex 39.3067 -5.5 19.6706
    endloop
  endfacet
  facet normal 0 -1 -0
    outer loop
      vertex 43.6699 -5.5 19.5
      vertex 40.2058 -5.5 17.5
      vertex 44.4645 -5.5 18.4645
    endloop
  endfacet
  facet normal 0 -1 0
    outer loop
      vertex 41.636 -5.5 15.636
      vertex 44.4645 -5.5 18.4645
      vertex 40.2058 -5.5 17.5
    endloop
  endfacet
  facet normal 0 -1 -0
    outer loop
      vertex 44.4645 -5.5 18.4645
      vertex 41.636 -5.5 15.636
      vertex 45.5 -5.5 17.6699
    endloop
  endfacet
  facet normal 0 -1 0
    outer loop
      vertex 43.5 -5.5 14.2058
      vertex 45.5 -5.5 17.6699
      vertex 41.636 -5.5 15.636
    endloop
  endfacet
  facet normal 0 -1 -0
    outer loop
      vertex 45.5 -5.5 17.6699
      vertex 43.5 -5.5 14.2058
      vertex 46.7059 -5.5 17.1704
    endloop
  endfacet
  facet normal 0 -1 0
    outer loop
      vertex 50.2664 -5.5 26.4269
      vertex 50.3294 -5.5 30.6933
      vertex 50.2664 -5.5 30.7016
    endloop
  endfacet
  facet normal 0 -1 -0
    outer loop
      vertex 50.3294 -5.5 30.6933
      vertex 50.2664 -5.5 26.4269
      vertex 52.5 -5.5 29.7942
    endloop
  endfacet
  facet normal 0 -1 -0
    outer loop
      vertex 52.5 -5.5 29.7942
      vertex 50.5 -5.5 26.3301
      vertex 54.364 -5.5 28.364
    endloop
  endfacet
  facet normal 0 -1 0
    outer loop
      vertex 52.5 -5.5 29.7942
      vertex 50.2664 -5.5 26.4269
      vertex 50.5 -5.5 26.3301
    endloop
  endfacet
  facet normal 0 -1 0
    outer loop
      vertex 51.5355 -5.5 25.5355
      vertex 54.364 -5.5 28.364
      vertex 50.5 -5.5 26.3301
    endloop
  endfacet
  facet normal 0 -1 -0
    outer loop
      vertex 54.364 -5.5 28.364
      vertex 51.5355 -5.5 25.5355
      vertex 55.7942 -5.5 26.5
    endloop
  endfacet
  facet normal 0 -1 0
    outer loop
      vertex 52.3301 -5.5 24.5
      vertex 55.7942 -5.5 26.5
      vertex 51.5355 -5.5 25.5355
    endloop
  endfacet
  facet normal 0 -1 0
    outer loop
      vertex 52.3301 -5.5 24.5
      vertex 56.6933 -5.5 24.3294
      vertex 55.7942 -5.5 26.5
    endloop
  endfacet
  facet normal 0 -1 0
    outer loop
      vertex 52.8296 -5.5 23.2941
      vertex 56.6933 -5.5 24.3294
      vertex 52.3301 -5.5 24.5
    endloop
  endfacet
  facet normal 0 -1 0
    outer loop
      vertex 53 -5.5 22
      vertex 56.6933 -5.5 24.3294
      vertex 52.8296 -5.5 23.2941
    endloop
  endfacet
  facet normal 0 -1 0
    outer loop
      vertex 53 -5.5 22
      vertex 57 -5.5 22
      vertex 56.6933 -5.5 24.3294
    endloop
  endfacet
  facet normal 0 -1 0
    outer loop
      vertex 52.8296 -5.5 20.7059
      vertex 57 -5.5 22
      vertex 53 -5.5 22
    endloop
  endfacet
  facet normal 0 -1 0
    outer loop
      vertex 52.8296 -5.5 20.7059
      vertex 56.6933 -5.5 19.6706
      vertex 57 -5.5 22
    endloop
  endfacet
  facet normal 0 -1 0
    outer loop
      vertex 52.3301 -5.5 19.5
      vertex 56.6933 -5.5 19.6706
      vertex 52.8296 -5.5 20.7059
    endloop
  endfacet
  facet normal 0 -1 0
    outer loop
      vertex 55.7942 -5.5 17.5
      vertex 52.3301 -5.5 19.5
      vertex 51.5355 -5.5 18.4645
    endloop
  endfacet
  facet normal 0 -1 0
    outer loop
      vertex 54.364 -5.5 15.636
      vertex 51.5355 -5.5 18.4645
      vertex 50.5 -5.5 17.6699
    endloop
  endfacet
  facet normal 0 -1 0
    outer loop
      vertex 52.3301 -5.5 19.5
      vertex 55.7942 -5.5 17.5
      vertex 56.6933 -5.5 19.6706
    endloop
  endfacet
  facet normal 0 -1 0
    outer loop
      vertex 52.5 -5.5 14.2058
      vertex 50.5 -5.5 17.6699
      vertex 49.2941 -5.5 17.1704
    endloop
  endfacet
  facet normal 0 -1 0
    outer loop
      vertex 50.3294 -5.5 13.3067
      vertex 49.2941 -5.5 17.1704
      vertex 48 -5.5 17
    endloop
  endfacet
  facet normal 0 -1 0
    outer loop
      vertex 45.6706 -5.5 13.3067
      vertex 46.7059 -5.5 17.1704
      vertex 43.5 -5.5 14.2058
    endloop
  endfacet
  facet normal 0 -1 0
    outer loop
      vertex 51.5355 -5.5 18.4645
      vertex 54.364 -5.5 15.636
      vertex 55.7942 -5.5 17.5
    endloop
  endfacet
  facet normal 0 -1 -0
    outer loop
      vertex 46.7059 -5.5 17.1704
      vertex 45.6706 -5.5 13.3067
      vertex 48 -5.5 17
    endloop
  endfacet
  facet normal 0 -1 0
    outer loop
      vertex 50.5 -5.5 17.6699
      vertex 52.5 -5.5 14.2058
      vertex 54.364 -5.5 15.636
    endloop
  endfacet
  facet normal 0 -1 0
    outer loop
      vertex 48 -5.5 13
      vertex 48 -5.5 17
      vertex 45.6706 -5.5 13.3067
    endloop
  endfacet
  facet normal 0 -1 0
    outer loop
      vertex 49.2941 -5.5 17.1704
      vertex 50.3294 -5.5 13.3067
      vertex 52.5 -5.5 14.2058
    endloop
  endfacet
  facet normal 0 -1 0
    outer loop
      vertex 48 -5.5 17
      vertex 48 -5.5 13
      vertex 50.3294 -5.5 13.3067
    endloop
  endfacet
  facet normal 0.991443 -0 0.130538
    outer loop
      vertex 56.6933 0.5 24.3294
      vertex 57 5.5 22
      vertex 56.6933 5.5 24.3294
    endloop
  endfacet
  facet normal 0.991443 0 0.130538
    outer loop
      vertex 57 5.5 22
      vertex 56.6933 0.5 24.3294
      vertex 57 0.5 22
    endloop
  endfacet
  facet normal -0.991443 0 0.130538
    outer loop
      vertex 39 0.5 22
      vertex 39.3067 5.5 24.3294
      vertex 39 5.5 22
    endloop
  endfacet
  facet normal -0.991443 0 0.130538
    outer loop
      vertex 39.3067 5.5 24.3294
      vertex 39 0.5 22
      vertex 39.3067 0.5 24.3294
    endloop
  endfacet
  facet normal 0.130617 0 0.991433
    outer loop
      vertex 50.3294 5.5 30.6933
      vertex 50.2664 5.5 30.7016
      vertex 50.3294 5.47394 30.6933
    endloop
  endfacet
  facet normal 0.608719 0 0.793386
    outer loop
      vertex 53.7956 1.55291 28.8001
      vertex 54.364 0.5 28.364
      vertex 54.364 5.5 28.364
    endloop
  endfacet
  facet normal 0.608649 -6.01382e-05 0.79344
    outer loop
      vertex 54.364 0.5 28.364
      vertex 53.7956 1.55291 28.8001
      vertex 53.9342 0.5 28.6937
    endloop
  endfacet
  facet normal 0.60879 -1.63373e-05 0.793331
    outer loop
      vertex 54.364 5.5 28.364
      vertex 53.1962 3 29.2601
      vertex 53.7956 1.55291 28.8001
    endloop
  endfacet
  facet normal 0.608735 -0 0.793373
    outer loop
      vertex 52.5 3.90724 29.7942
      vertex 54.364 5.5 28.364
      vertex 52.5 5.5 29.7942
    endloop
  endfacet
  facet normal 0.608714 4.04746e-05 0.79339
    outer loop
      vertex 54.364 5.5 28.364
      vertex 52.5 3.90724 29.7942
      vertex 53.1962 3 29.2601
    endloop
  endfacet
  facet normal 0.923878 -0 0.382686
    outer loop
      vertex 55.7942 0.5 26.5
      vertex 56.6933 5.5 24.3294
      vertex 55.7942 5.5 26.5
    endloop
  endfacet
  facet normal 0.923878 0 0.382686
    outer loop
      vertex 56.6933 5.5 24.3294
      vertex 55.7942 0.5 26.5
      vertex 56.6933 0.5 24.3294
    endloop
  endfacet
  facet normal 0.382627 0 0.923903
    outer loop
      vertex 52.5 5.5 29.7942
      vertex 52.2426 4.24264 29.9008
      vertex 52.5 3.90724 29.7942
    endloop
  endfacet
  facet normal 0.382675 -1.15599e-05 0.923883
    outer loop
      vertex 52.5 5.5 29.7942
      vertex 51 5.19615 30.4155
      vertex 52.2426 4.24264 29.9008
    endloop
  endfacet
  facet normal 0.382686 -7.87529e-05 0.923878
    outer loop
      vertex 50.3294 5.5 30.6933
      vertex 51 5.19615 30.4155
      vertex 52.5 5.5 29.7942
    endloop
  endfacet
  facet normal 0.382717 0 0.923866
    outer loop
      vertex 51 5.19615 30.4155
      vertex 50.3294 5.5 30.6933
      vertex 50.3294 5.47394 30.6933
    endloop
  endfacet
  facet normal -0.608735 0 0.793373
    outer loop
      vertex 41.636 5.5 28.364
      vertex 43.5 3.90724 29.7942
      vertex 43.5 5.5 29.7942
    endloop
  endfacet
  facet normal -0.608714 4.04746e-05 0.79339
    outer loop
      vertex 43.5 3.90724 29.7942
      vertex 41.636 5.5 28.364
      vertex 42.8038 3 29.2601
    endloop
  endfacet
  facet normal -0.60879 -1.63373e-05 0.793331
    outer loop
      vertex 42.8038 3 29.2601
      vertex 41.636 5.5 28.364
      vertex 42.2044 1.55291 28.8001
    endloop
  endfacet
  facet normal -0.608719 0 0.793386
    outer loop
      vertex 41.636 0.5 28.364
      vertex 42.2044 1.55291 28.8001
      vertex 41.636 5.5 28.364
    endloop
  endfacet
  facet normal -0.608649 -6.01382e-05 0.79344
    outer loop
      vertex 42.2044 1.55291 28.8001
      vertex 41.636 0.5 28.364
      vertex 42.0658 0.5 28.6937
    endloop
  endfacet
  facet normal -0.793373 0 0.608735
    outer loop
      vertex 40.2058 0.5 26.5
      vertex 41.636 5.5 28.364
      vertex 40.2058 5.5 26.5
    endloop
  endfacet
  facet normal -0.793373 0 0.608735
    outer loop
      vertex 41.636 5.5 28.364
      vertex 40.2058 0.5 26.5
      vertex 41.636 0.5 28.364
    endloop
  endfacet
  facet normal -0.382717 0 0.923866
    outer loop
      vertex 45.6706 5.5 30.6933
      vertex 45 5.19615 30.4155
      vertex 45.6706 5.47394 30.6933
    endloop
  endfacet
  facet normal -0.382686 -7.87529e-05 0.923878
    outer loop
      vertex 43.5 5.5 29.7942
      vertex 45 5.19615 30.4155
      vertex 45.6706 5.5 30.6933
    endloop
  endfacet
  facet normal -0.382675 -1.15599e-05 0.923883
    outer loop
      vertex 43.5 5.5 29.7942
      vertex 43.7574 4.24264 29.9008
      vertex 45 5.19615 30.4155
    endloop
  endfacet
  facet normal -0.382627 0 0.923903
    outer loop
      vertex 43.7574 4.24264 29.9008
      vertex 43.5 5.5 29.7942
      vertex 43.5 3.90724 29.7942
    endloop
  endfacet
  facet normal 0.923878 0 -0.382686
    outer loop
      vertex 56.6933 0.5 19.6706
      vertex 55.7942 5.5 17.5
      vertex 56.6933 5.5 19.6706
    endloop
  endfacet
  facet normal 0.923878 0 -0.382686
    outer loop
      vertex 55.7942 5.5 17.5
      vertex 56.6933 0.5 19.6706
      vertex 55.7942 0.5 17.5
    endloop
  endfacet
  facet normal -0.608735 0 -0.793373
    outer loop
      vertex 41.636 0.5 15.636
      vertex 43.5 5.5 14.2058
      vertex 43.5 0.5 14.2058
    endloop
  endfacet
  facet normal -0.608735 0 -0.793373
    outer loop
      vertex 43.5 5.5 14.2058
      vertex 41.636 0.5 15.636
      vertex 41.636 5.5 15.636
    endloop
  endfacet
  facet normal 0 1 0
    outer loop
      vertex 50.2664 5.5 26.4269
      vertex 50.3294 5.5 30.6933
      vertex 52.5 5.5 29.7942
    endloop
  endfacet
  facet normal 0 1 0
    outer loop
      vertex 50.5 5.5 26.3301
      vertex 52.5 5.5 29.7942
      vertex 54.364 5.5 28.364
    endloop
  endfacet
  facet normal 0 1 0
    outer loop
      vertex 51.5355 5.5 25.5355
      vertex 54.364 5.5 28.364
      vertex 55.7942 5.5 26.5
    endloop
  endfacet
  facet normal -0 1 0
    outer loop
      vertex 50.2664 5.5 26.4269
      vertex 52.5 5.5 29.7942
      vertex 50.5 5.5 26.3301
    endloop
  endfacet
  facet normal 0 1 0
    outer loop
      vertex 50.3294 5.5 30.6933
      vertex 50.2664 5.5 26.4269
      vertex 50.2664 5.5 30.7016
    endloop
  endfacet
  facet normal 0 1 0
    outer loop
      vertex 54.364 5.5 28.364
      vertex 51.5355 5.5 25.5355
      vertex 50.5 5.5 26.3301
    endloop
  endfacet
  facet normal 0 1 0
    outer loop
      vertex 55.7942 5.5 26.5
      vertex 52.3301 5.5 24.5
      vertex 51.5355 5.5 25.5355
    endloop
  endfacet
  facet normal 0 1 0
    outer loop
      vertex 56.6933 5.5 24.3294
      vertex 52.3301 5.5 24.5
      vertex 55.7942 5.5 26.5
    endloop
  endfacet
  facet normal 0 1 0
    outer loop
      vertex 56.6933 5.5 24.3294
      vertex 52.8296 5.5 23.2941
      vertex 52.3301 5.5 24.5
    endloop
  endfacet
  facet normal 0 1 0
    outer loop
      vertex 57 5.5 22
      vertex 52.8296 5.5 23.2941
      vertex 56.6933 5.5 24.3294
    endloop
  endfacet
  facet normal 0 1 0
    outer loop
      vertex 57 5.5 22
      vertex 53 5.5 22
      vertex 52.8296 5.5 23.2941
    endloop
  endfacet
  facet normal 0 1 0
    outer loop
      vertex 57 5.5 22
      vertex 52.8296 5.5 20.7059
      vertex 53 5.5 22
    endloop
  endfacet
  facet normal 0 1 -0
    outer loop
      vertex 56.6933 5.5 19.6706
      vertex 52.8296 5.5 20.7059
      vertex 57 5.5 22
    endloop
  endfacet
  facet normal 0 1 0
    outer loop
      vertex 56.6933 5.5 19.6706
      vertex 52.3301 5.5 19.5
      vertex 52.8296 5.5 20.7059
    endloop
  endfacet
  facet normal 0 1 -0
    outer loop
      vertex 55.7942 5.5 17.5
      vertex 52.3301 5.5 19.5
      vertex 56.6933 5.5 19.6706
    endloop
  endfacet
  facet normal 0 1 0
    outer loop
      vertex 52.3301 5.5 19.5
      vertex 55.7942 5.5 17.5
      vertex 51.5355 5.5 18.4645
    endloop
  endfacet
  facet normal 0 1 -0
    outer loop
      vertex 54.364 5.5 15.636
      vertex 51.5355 5.5 18.4645
      vertex 55.7942 5.5 17.5
    endloop
  endfacet
  facet normal 0 1 0
    outer loop
      vertex 51.5355 5.5 18.4645
      vertex 54.364 5.5 15.636
      vertex 50.5 5.5 17.6699
    endloop
  endfacet
  facet normal 0 1 -0
    outer loop
      vertex 52.5 5.5 14.2058
      vertex 50.5 5.5 17.6699
      vertex 54.364 5.5 15.636
    endloop
  endfacet
  facet normal 0 1 0
    outer loop
      vertex 50.5 5.5 17.6699
      vertex 52.5 5.5 14.2058
      vertex 49.2941 5.5 17.1704
    endloop
  endfacet
  facet normal 0 1 -0
    outer loop
      vertex 45.7336 5.5 26.4269
      vertex 45.6706 5.5 30.6933
      vertex 45.7336 5.5 30.7016
    endloop
  endfacet
  facet normal 0 1 0
    outer loop
      vertex 45.6706 5.5 30.6933
      vertex 45.7336 5.5 26.4269
      vertex 43.5 5.5 29.7942
    endloop
  endfacet
  facet normal 0 1 0
    outer loop
      vertex 43.5 5.5 29.7942
      vertex 45.5 5.5 26.3301
      vertex 41.636 5.5 28.364
    endloop
  endfacet
  facet normal 0 1 0
    outer loop
      vertex 43.5 5.5 29.7942
      vertex 45.7336 5.5 26.4269
      vertex 45.5 5.5 26.3301
    endloop
  endfacet
  facet normal 0 1 -0
    outer loop
      vertex 44.4645 5.5 25.5355
      vertex 41.636 5.5 28.364
      vertex 45.5 5.5 26.3301
    endloop
  endfacet
  facet normal 0 1 0
    outer loop
      vertex 41.636 5.5 28.364
      vertex 44.4645 5.5 25.5355
      vertex 40.2058 5.5 26.5
    endloop
  endfacet
  facet normal 0 1 -0
    outer loop
      vertex 43.6699 5.5 24.5
      vertex 40.2058 5.5 26.5
      vertex 44.4645 5.5 25.5355
    endloop
  endfacet
  facet normal 0 1 0
    outer loop
      vertex 43.6699 5.5 24.5
      vertex 39.3067 5.5 24.3294
      vertex 40.2058 5.5 26.5
    endloop
  endfacet
  facet normal 0 1 -0
    outer loop
      vertex 43.1704 5.5 23.2941
      vertex 39.3067 5.5 24.3294
      vertex 43.6699 5.5 24.5
    endloop
  endfacet
  facet normal 0 1 -0
    outer loop
      vertex 43 5.5 22
      vertex 39.3067 5.5 24.3294
      vertex 43.1704 5.5 23.2941
    endloop
  endfacet
  facet normal 0 1 0
    outer loop
      vertex 43 5.5 22
      vertex 39 5.5 22
      vertex 39.3067 5.5 24.3294
    endloop
  endfacet
  facet normal 0 1 0
    outer loop
      vertex 43.1704 5.5 20.7059
      vertex 39 5.5 22
      vertex 43 5.5 22
    endloop
  endfacet
  facet normal 0 1 0
    outer loop
      vertex 43.1704 5.5 20.7059
      vertex 39.3067 5.5 19.6706
      vertex 39 5.5 22
    endloop
  endfacet
  facet normal 0 1 0
    outer loop
      vertex 43.6699 5.5 19.5
      vertex 39.3067 5.5 19.6706
      vertex 43.1704 5.5 20.7059
    endloop
  endfacet
  facet normal 0 1 0
    outer loop
      vertex 40.2058 5.5 17.5
      vertex 43.6699 5.5 19.5
      vertex 44.4645 5.5 18.4645
    endloop
  endfacet
  facet normal 0 1 0
    outer loop
      vertex 41.636 5.5 15.636
      vertex 44.4645 5.5 18.4645
      vertex 45.5 5.5 17.6699
    endloop
  endfacet
  facet normal 0 1 0
    outer loop
      vertex 43.6699 5.5 19.5
      vertex 40.2058 5.5 17.5
      vertex 39.3067 5.5 19.6706
    endloop
  endfacet
  facet normal 0 1 0
    outer loop
      vertex 43.5 5.5 14.2058
      vertex 45.5 5.5 17.6699
      vertex 46.7059 5.5 17.1704
    endloop
  endfacet
  facet normal 0 1 0
    outer loop
      vertex 45.6706 5.5 13.3067
      vertex 46.7059 5.5 17.1704
      vertex 48 5.5 17
    endloop
  endfacet
  facet normal 0 1 -0
    outer loop
      vertex 50.3294 5.5 13.3067
      vertex 49.2941 5.5 17.1704
      vertex 52.5 5.5 14.2058
    endloop
  endfacet
  facet normal 0 1 0
    outer loop
      vertex 44.4645 5.5 18.4645
      vertex 41.636 5.5 15.636
      vertex 40.2058 5.5 17.5
    endloop
  endfacet
  facet normal 0 1 0
    outer loop
      vertex 49.2941 5.5 17.1704
      vertex 50.3294 5.5 13.3067
      vertex 48 5.5 17
    endloop
  endfacet
  facet normal 0 1 0
    outer loop
      vertex 45.5 5.5 17.6699
      vertex 43.5 5.5 14.2058
      vertex 41.636 5.5 15.636
    endloop
  endfacet
  facet normal 0 1 0
    outer loop
      vertex 48 5.5 13
      vertex 48 5.5 17
      vertex 50.3294 5.5 13.3067
    endloop
  endfacet
  facet normal 0 1 0
    outer loop
      vertex 46.7059 5.5 17.1704
      vertex 45.6706 5.5 13.3067
      vertex 43.5 5.5 14.2058
    endloop
  endfacet
  facet normal 0 1 0
    outer loop
      vertex 48 5.5 17
      vertex 48 5.5 13
      vertex 45.6706 5.5 13.3067
    endloop
  endfacet
  facet normal 0.793373 -0 0.608735
    outer loop
      vertex 54.364 0.5 28.364
      vertex 55.7942 5.5 26.5
      vertex 54.364 5.5 28.364
    endloop
  endfacet
  facet normal 0.793373 0 0.608735
    outer loop
      vertex 55.7942 5.5 26.5
      vertex 54.364 0.5 28.364
      vertex 55.7942 0.5 26.5
    endloop
  endfacet
  facet normal -0.923878 0 0.382686
    outer loop
      vertex 39.3067 0.5 24.3294
      vertex 40.2058 5.5 26.5
      vertex 39.3067 5.5 24.3294
    endloop
  endfacet
  facet normal -0.923878 0 0.382686
    outer loop
      vertex 40.2058 5.5 26.5
      vertex 39.3067 0.5 24.3294
      vertex 40.2058 0.5 26.5
    endloop
  endfacet
  facet normal -0.130617 0 0.991433
    outer loop
      vertex 45.6706 5.5 30.6933
      vertex 45.6706 5.47394 30.6933
      vertex 45.7336 5.5 30.7016
    endloop
  endfacet
  facet normal 0.991443 0 -0.130538
    outer loop
      vertex 57 0.5 22
      vertex 56.6933 5.5 19.6706
      vertex 57 5.5 22
    endloop
  endfacet
  facet normal 0.991443 0 -0.130538
    outer loop
      vertex 56.6933 5.5 19.6706
      vertex 57 0.5 22
      vertex 56.6933 0.5 19.6706
    endloop
  endfacet
  facet normal 0.130538 0 -0.991443
    outer loop
      vertex 48 0.5 13
      vertex 50.3294 5.5 13.3067
      vertex 50.3294 0.5 13.3067
    endloop
  endfacet
  facet normal 0.130538 0 -0.991443
    outer loop
      vertex 50.3294 5.5 13.3067
      vertex 48 0.5 13
      vertex 48 5.5 13
    endloop
  endfacet
  facet normal 0.608735 0 -0.793373
    outer loop
      vertex 52.5 0.5 14.2058
      vertex 54.364 5.5 15.636
      vertex 54.364 0.5 15.636
    endloop
  endfacet
  facet normal 0.608735 0 -0.793373
    outer loop
      vertex 54.364 5.5 15.636
      vertex 52.5 0.5 14.2058
      vertex 52.5 5.5 14.2058
    endloop
  endfacet
  facet normal -0.382686 0 -0.923878
    outer loop
      vertex 43.5 0.5 14.2058
      vertex 45.6706 5.5 13.3067
      vertex 45.6706 0.5 13.3067
    endloop
  endfacet
  facet normal -0.382686 0 -0.923878
    outer loop
      vertex 45.6706 5.5 13.3067
      vertex 43.5 0.5 14.2058
      vertex 43.5 5.5 14.2058
    endloop
  endfacet
  facet normal -0.793373 0 -0.608735
    outer loop
      vertex 41.636 0.5 15.636
      vertex 40.2058 5.5 17.5
      vertex 41.636 5.5 15.636
    endloop
  endfacet
  facet normal -0.793373 -0 -0.608735
    outer loop
      vertex 40.2058 5.5 17.5
      vertex 41.636 0.5 15.636
      vertex 40.2058 0.5 17.5
    endloop
  endfacet
  facet normal -0.991443 0 -0.130538
    outer loop
      vertex 39.3067 0.5 19.6706
      vertex 39 5.5 22
      vertex 39.3067 5.5 19.6706
    endloop
  endfacet
  facet normal -0.991443 -0 -0.130538
    outer loop
      vertex 39 5.5 22
      vertex 39.3067 0.5 19.6706
      vertex 39 0.5 22
    endloop
  endfacet
  facet normal 0.382686 0 -0.923878
    outer loop
      vertex 50.3294 0.5 13.3067
      vertex 52.5 5.5 14.2058
      vertex 52.5 0.5 14.2058
    endloop
  endfacet
  facet normal 0.382686 0 -0.923878
    outer loop
      vertex 52.5 5.5 14.2058
      vertex 50.3294 0.5 13.3067
      vertex 50.3294 5.5 13.3067
    endloop
  endfacet
  facet normal 0.793373 0 -0.608735
    outer loop
      vertex 55.7942 0.5 17.5
      vertex 54.364 5.5 15.636
      vertex 55.7942 5.5 17.5
    endloop
  endfacet
  facet normal 0.793373 0 -0.608735
    outer loop
      vertex 54.364 5.5 15.636
      vertex 55.7942 0.5 17.5
      vertex 54.364 0.5 15.636
    endloop
  endfacet
  facet normal -0.130538 0 -0.991443
    outer loop
      vertex 45.6706 0.5 13.3067
      vertex 48 5.5 13
      vertex 48 0.5 13
    endloop
  endfacet
  facet normal -0.130538 0 -0.991443
    outer loop
      vertex 48 5.5 13
      vertex 45.6706 0.5 13.3067
      vertex 45.6706 5.5 13.3067
    endloop
  endfacet
  facet normal -0.923878 0 -0.382686
    outer loop
      vertex 40.2058 0.5 17.5
      vertex 39.3067 5.5 19.6706
      vertex 40.2058 5.5 17.5
    endloop
  endfacet
  facet normal -0.923878 -0 -0.382686
    outer loop
      vertex 39.3067 5.5 19.6706
      vertex 40.2058 0.5 17.5
      vertex 39.3067 0.5 19.6706
    endloop
  endfacet
  facet normal 0 -1 0
    outer loop
      vertex 42.0658 0.5 22
      vertex 41.636 0.5 28.364
      vertex 40.2058 0.5 26.5
    endloop
  endfacet
  facet normal 0 -1 0
    outer loop
      vertex 42.0658 0.5 22
      vertex 40.2058 0.5 26.5
      vertex 39.3067 0.5 24.3294
    endloop
  endfacet
  facet normal 0 -1 0
    outer loop
      vertex 42.0658 0.5 22
      vertex 39.3067 0.5 24.3294
      vertex 39 0.5 22
    endloop
  endfacet
  facet normal 0 -1 0
    outer loop
      vertex 41.636 0.5 28.364
      vertex 42.0658 0.5 22
      vertex 42.0658 0.5 28.6937
    endloop
  endfacet
  facet normal 0 -1 0
    outer loop
      vertex 39.3067 0.5 19.6706
      vertex 42.0658 0.5 22
      vertex 39 0.5 22
    endloop
  endfacet
  facet normal 0 -1 0
    outer loop
      vertex 42.0658 0.5 22
      vertex 43.1704 0.5 20.7059
      vertex 43 0.5 22
    endloop
  endfacet
  facet normal 0 -1 -0
    outer loop
      vertex 42.0658 0.5 22
      vertex 39.3067 0.5 19.6706
      vertex 43.1704 0.5 20.7059
    endloop
  endfacet
  facet normal 0 -1 0
    outer loop
      vertex 39.3067 0.5 19.6706
      vertex 43.6699 0.5 19.5
      vertex 43.1704 0.5 20.7059
    endloop
  endfacet
  facet normal 0 -1 0
    outer loop
      vertex 40.2058 0.5 17.5
      vertex 43.6699 0.5 19.5
      vertex 39.3067 0.5 19.6706
    endloop
  endfacet
  facet normal 0 -1 -0
    outer loop
      vertex 43.6699 0.5 19.5
      vertex 40.2058 0.5 17.5
      vertex 44.4645 0.5 18.4645
    endloop
  endfacet
  facet normal 0 -1 0
    outer loop
      vertex 41.636 0.5 15.636
      vertex 44.4645 0.5 18.4645
      vertex 40.2058 0.5 17.5
    endloop
  endfacet
  facet normal 0 -1 -0
    outer loop
      vertex 44.4645 0.5 18.4645
      vertex 41.636 0.5 15.636
      vertex 45.5 0.5 17.6699
    endloop
  endfacet
  facet normal 0 -1 0
    outer loop
      vertex 43.5 0.5 14.2058
      vertex 45.5 0.5 17.6699
      vertex 41.636 0.5 15.636
    endloop
  endfacet
  facet normal 0 -1 -0
    outer loop
      vertex 45.5 0.5 17.6699
      vertex 43.5 0.5 14.2058
      vertex 46.7059 0.5 17.1704
    endloop
  endfacet
  facet normal 0 -1 0
    outer loop
      vertex 52.8296 0.5 20.7059
      vertex 53.9342 0.5 22
      vertex 53 0.5 22
    endloop
  endfacet
  facet normal 0 -1 0
    outer loop
      vertex 56.6933 0.5 19.6706
      vertex 53.9342 0.5 22
      vertex 52.8296 0.5 20.7059
    endloop
  endfacet
  facet normal 0 -1 0
    outer loop
      vertex 53.9342 0.5 22
      vertex 56.6933 0.5 19.6706
      vertex 57 0.5 22
    endloop
  endfacet
  facet normal 0 -1 0
    outer loop
      vertex 52.3301 0.5 19.5
      vertex 56.6933 0.5 19.6706
      vertex 52.8296 0.5 20.7059
    endloop
  endfacet
  facet normal 0 -1 0
    outer loop
      vertex 55.7942 0.5 17.5
      vertex 52.3301 0.5 19.5
      vertex 51.5355 0.5 18.4645
    endloop
  endfacet
  facet normal 0 -1 0
    outer loop
      vertex 54.364 0.5 15.636
      vertex 51.5355 0.5 18.4645
      vertex 50.5 0.5 17.6699
    endloop
  endfacet
  facet normal 0 -1 0
    outer loop
      vertex 52.3301 0.5 19.5
      vertex 55.7942 0.5 17.5
      vertex 56.6933 0.5 19.6706
    endloop
  endfacet
  facet normal 0 -1 0
    outer loop
      vertex 52.5 0.5 14.2058
      vertex 50.5 0.5 17.6699
      vertex 49.2941 0.5 17.1704
    endloop
  endfacet
  facet normal 0 -1 0
    outer loop
      vertex 50.3294 0.5 13.3067
      vertex 49.2941 0.5 17.1704
      vertex 48 0.5 17
    endloop
  endfacet
  facet normal 0 -1 0
    outer loop
      vertex 45.6706 0.5 13.3067
      vertex 46.7059 0.5 17.1704
      vertex 43.5 0.5 14.2058
    endloop
  endfacet
  facet normal 0 -1 0
    outer loop
      vertex 51.5355 0.5 18.4645
      vertex 54.364 0.5 15.636
      vertex 55.7942 0.5 17.5
    endloop
  endfacet
  facet normal 0 -1 -0
    outer loop
      vertex 46.7059 0.5 17.1704
      vertex 45.6706 0.5 13.3067
      vertex 48 0.5 17
    endloop
  endfacet
  facet normal 0 -1 0
    outer loop
      vertex 50.5 0.5 17.6699
      vertex 52.5 0.5 14.2058
      vertex 54.364 0.5 15.636
    endloop
  endfacet
  facet normal 0 -1 0
    outer loop
      vertex 48 0.5 13
      vertex 48 0.5 17
      vertex 45.6706 0.5 13.3067
    endloop
  endfacet
  facet normal 0 -1 0
    outer loop
      vertex 49.2941 0.5 17.1704
      vertex 50.3294 0.5 13.3067
      vertex 52.5 0.5 14.2058
    endloop
  endfacet
  facet normal 0 -1 0
    outer loop
      vertex 48 0.5 17
      vertex 48 0.5 13
      vertex 50.3294 0.5 13.3067
    endloop
  endfacet
  facet normal 0 -1 0
    outer loop
      vertex 53.9342 0.5 22
      vertex 54.364 0.5 28.364
      vertex 53.9342 0.5 28.6937
    endloop
  endfacet
  facet normal 0 -1 -0
    outer loop
      vertex 54.364 0.5 28.364
      vertex 53.9342 0.5 22
      vertex 55.7942 0.5 26.5
    endloop
  endfacet
  facet normal 0 -1 -0
    outer loop
      vertex 55.7942 0.5 26.5
      vertex 53.9342 0.5 22
      vertex 56.6933 0.5 24.3294
    endloop
  endfacet
  facet normal 0 -1 -0
    outer loop
      vertex 56.6933 0.5 24.3294
      vertex 53.9342 0.5 22
      vertex 57 0.5 22
    endloop
  endfacet
  facet normal 0.965914 0 0.258865
    outer loop
      vertex 49.5 -7 32
      vertex 49.299 -5.82898 32.75
      vertex 49.299 -7 32.75
    endloop
  endfacet
  facet normal 0.965914 0 0.258865
    outer loop
      vertex 49.299 -5.82898 32.75
      vertex 49.5 -7 32
      vertex 49.5 -5.80252 32
    endloop
  endfacet
  facet normal 0.965914 -0 0.258865
    outer loop
      vertex 49.299 5.82898 32.75
      vertex 49.5 7 32
      vertex 49.299 7 32.75
    endloop
  endfacet
  facet normal 0.965914 0 0.258865
    outer loop
      vertex 49.5 7 32
      vertex 49.299 5.82898 32.75
      vertex 49.5 5.80252 32
    endloop
  endfacet
  facet normal 0.707107 0 0.707107
    outer loop
      vertex 49.299 -7 32.75
      vertex 48.75 -5.90126 33.299
      vertex 48.75 -7 33.299
    endloop
  endfacet
  facet normal 0.707107 0 0.707107
    outer loop
      vertex 48.75 -5.90126 33.299
      vertex 49.299 -7 32.75
      vertex 49.299 -5.82898 32.75
    endloop
  endfacet
  facet normal 0.707107 -0 0.707107
    outer loop
      vertex 48.75 5.90126 33.299
      vertex 49.299 7 32.75
      vertex 48.75 7 33.299
    endloop
  endfacet
  facet normal 0.707107 0 0.707107
    outer loop
      vertex 49.299 7 32.75
      vertex 48.75 5.90126 33.299
      vertex 49.299 5.82898 32.75
    endloop
  endfacet
  facet normal -0.258865 0 0.965914
    outer loop
      vertex 47.25 -7 33.299
      vertex 48 -6 33.5
      vertex 47.25 -5.90126 33.299
    endloop
  endfacet
  facet normal -0.258865 0 0.965914
    outer loop
      vertex 48 -6 33.5
      vertex 47.25 -7 33.299
      vertex 48 -7 33.5
    endloop
  endfacet
  facet normal -0.258865 0 0.965914
    outer loop
      vertex 47.25 7 33.299
      vertex 48 6 33.5
      vertex 48 7 33.5
    endloop
  endfacet
  facet normal -0.258865 0 0.965914
    outer loop
      vertex 48 6 33.5
      vertex 47.25 7 33.299
      vertex 47.25 5.90126 33.299
    endloop
  endfacet
  facet normal -0.707107 0 -0.707107
    outer loop
      vertex 46.701 -7 31.25
      vertex 47.25 -5.90126 30.701
      vertex 47.25 -7 30.701
    endloop
  endfacet
  facet normal -0.707107 0 -0.707107
    outer loop
      vertex 47.25 -5.90126 30.701
      vertex 46.701 -7 31.25
      vertex 46.701 -5.82898 31.25
    endloop
  endfacet
  facet normal -0.707107 0 -0.707107
    outer loop
      vertex 47.25 5.90126 30.701
      vertex 46.701 7 31.25
      vertex 47.25 7 30.701
    endloop
  endfacet
  facet normal -0.707107 -0 -0.707107
    outer loop
      vertex 46.701 7 31.25
      vertex 47.25 5.90126 30.701
      vertex 46.701 5.82898 31.25
    endloop
  endfacet
  facet normal 0.258865 0 0.965914
    outer loop
      vertex 48 -6 33.5
      vertex 48.75 -7 33.299
      vertex 48.75 -5.90126 33.299
    endloop
  endfacet
  facet normal 0.258865 0 0.965914
    outer loop
      vertex 48.75 -7 33.299
      vertex 48 -6 33.5
      vertex 48 -7 33.5
    endloop
  endfacet
  facet normal 0.258865 -0 0.965914
    outer loop
      vertex 48 6 33.5
      vertex 48.75 7 33.299
      vertex 48 7 33.5
    endloop
  endfacet
  facet normal 0.258865 0 0.965914
    outer loop
      vertex 48.75 7 33.299
      vertex 48 6 33.5
      vertex 48.75 5.90126 33.299
    endloop
  endfacet
  facet normal -0.707107 0 0.707107
    outer loop
      vertex 46.701 -7 32.75
      vertex 47.25 -5.90126 33.299
      vertex 46.701 -5.82898 32.75
    endloop
  endfacet
  facet normal -0.707107 0 0.707107
    outer loop
      vertex 47.25 -5.90126 33.299
      vertex 46.701 -7 32.75
      vertex 47.25 -7 33.299
    endloop
  endfacet
  facet normal -0.707107 0 0.707107
    outer loop
      vertex 46.701 7 32.75
      vertex 47.25 5.90126 33.299
      vertex 47.25 7 33.299
    endloop
  endfacet
  facet normal -0.707107 0 0.707107
    outer loop
      vertex 47.25 5.90126 33.299
      vertex 46.701 7 32.75
      vertex 46.701 5.82898 32.75
    endloop
  endfacet
  facet normal 0 -1 0
    outer loop
      vertex 47.25 -7 33.299
      vertex 48.75 -7 33.299
      vertex 48 -7 33.5
    endloop
  endfacet
  facet normal 0 -1 0
    outer loop
      vertex 46.701 -7 32.75
      vertex 48.75 -7 33.299
      vertex 47.25 -7 33.299
    endloop
  endfacet
  facet normal 0 -1 0
    outer loop
      vertex 46.701 -7 32.75
      vertex 49.299 -7 32.75
      vertex 48.75 -7 33.299
    endloop
  endfacet
  facet normal 0 -1 0
    outer loop
      vertex 46.5 -7 32
      vertex 49.299 -7 32.75
      vertex 46.701 -7 32.75
    endloop
  endfacet
  facet normal 0 -1 0
    outer loop
      vertex 46.5 -7 32
      vertex 49.5 -7 32
      vertex 49.299 -7 32.75
    endloop
  endfacet
  facet normal 0 -1 0
    outer loop
      vertex 46.701 -7 31.25
      vertex 49.5 -7 32
      vertex 46.5 -7 32
    endloop
  endfacet
  facet normal 0 -1 0
    outer loop
      vertex 46.701 -7 31.25
      vertex 49.299 -7 31.25
      vertex 49.5 -7 32
    endloop
  endfacet
  facet normal 0 -1 0
    outer loop
      vertex 47.25 -7 30.701
      vertex 49.299 -7 31.25
      vertex 46.701 -7 31.25
    endloop
  endfacet
  facet normal 0 -1 0
    outer loop
      vertex 47.25 -7 30.701
      vertex 48.75 -7 30.701
      vertex 49.299 -7 31.25
    endloop
  endfacet
  facet normal -0 -1 0
    outer loop
      vertex 48.75 -7 30.701
      vertex 47.25 -7 30.701
      vertex 48 -7 30.5
    endloop
  endfacet
  facet normal -0.965914 0 0.258865
    outer loop
      vertex 46.5 -7 32
      vertex 46.701 -5.82898 32.75
      vertex 46.5 -5.80252 32
    endloop
  endfacet
  facet normal -0.965914 0 0.258865
    outer loop
      vertex 46.701 -5.82898 32.75
      vertex 46.5 -7 32
      vertex 46.701 -7 32.75
    endloop
  endfacet
  facet normal -0.965914 0 0.258865
    outer loop
      vertex 46.5 7 32
      vertex 46.701 5.82898 32.75
      vertex 46.701 7 32.75
    endloop
  endfacet
  facet normal -0.965914 0 0.258865
    outer loop
      vertex 46.701 5.82898 32.75
      vertex 46.5 7 32
      vertex 46.5 5.80252 32
    endloop
  endfacet
  facet normal -0.965914 0 -0.258865
    outer loop
      vertex 46.5 -7 32
      vertex 46.701 -5.82898 31.25
      vertex 46.701 -7 31.25
    endloop
  endfacet
  facet normal -0.965914 0 -0.258865
    outer loop
      vertex 46.701 -5.82898 31.25
      vertex 46.5 -7 32
      vertex 46.5 -5.80252 32
    endloop
  endfacet
  facet normal -0.965914 0 -0.258865
    outer loop
      vertex 46.701 5.82898 31.25
      vertex 46.5 7 32
      vertex 46.701 7 31.25
    endloop
  endfacet
  facet normal -0.965914 -0 -0.258865
    outer loop
      vertex 46.5 7 32
      vertex 46.701 5.82898 31.25
      vertex 46.5 5.80252 32
    endloop
  endfacet
  facet normal 0.707107 0 -0.707107
    outer loop
      vertex 49.299 -7 31.25
      vertex 48.75 -5.90126 30.701
      vertex 49.299 -5.82898 31.25
    endloop
  endfacet
  facet normal 0.707107 0 -0.707107
    outer loop
      vertex 48.75 -5.90126 30.701
      vertex 49.299 -7 31.25
      vertex 48.75 -7 30.701
    endloop
  endfacet
  facet normal 0.707107 0 -0.707107
    outer loop
      vertex 49.299 7 31.25
      vertex 48.75 5.90126 30.701
      vertex 48.75 7 30.701
    endloop
  endfacet
  facet normal 0.707107 0 -0.707107
    outer loop
      vertex 48.75 5.90126 30.701
      vertex 49.299 7 31.25
      vertex 49.299 5.82898 31.25
    endloop
  endfacet
  facet normal 0.965914 0 -0.258865
    outer loop
      vertex 49.5 -7 32
      vertex 49.299 -5.82898 31.25
      vertex 49.5 -5.80252 32
    endloop
  endfacet
  facet normal 0.965914 0 -0.258865
    outer loop
      vertex 49.299 -5.82898 31.25
      vertex 49.5 -7 32
      vertex 49.299 -7 31.25
    endloop
  endfacet
  facet normal 0.965914 0 -0.258865
    outer loop
      vertex 49.5 7 32
      vertex 49.299 5.82898 31.25
      vertex 49.299 7 31.25
    endloop
  endfacet
  facet normal 0.965914 0 -0.258865
    outer loop
      vertex 49.299 5.82898 31.25
      vertex 49.5 7 32
      vertex 49.5 5.80252 32
    endloop
  endfacet
  facet normal -0.258865 0 -0.965914
    outer loop
      vertex 47.25 -7 30.701
      vertex 48 -6 30.5
      vertex 48 -7 30.5
    endloop
  endfacet
  facet normal -0.258865 0 -0.965914
    outer loop
      vertex 48 -6 30.5
      vertex 47.25 -7 30.701
      vertex 47.25 -5.90126 30.701
    endloop
  endfacet
  facet normal -0.258865 -0 -0.965914
    outer loop
      vertex 47.25 7 30.701
      vertex 48 6 30.5
      vertex 47.25 5.90126 30.701
    endloop
  endfacet
  facet normal -0.258865 0 -0.965914
    outer loop
      vertex 48 6 30.5
      vertex 47.25 7 30.701
      vertex 48 7 30.5
    endloop
  endfacet
  facet normal 0.258865 0 -0.965914
    outer loop
      vertex 48 -6 30.5
      vertex 48.75 -7 30.701
      vertex 48 -7 30.5
    endloop
  endfacet
  facet normal 0.258865 0 -0.965914
    outer loop
      vertex 48.75 -7 30.701
      vertex 48 -6 30.5
      vertex 48.75 -5.90126 30.701
    endloop
  endfacet
  facet normal 0.258865 0 -0.965914
    outer loop
      vertex 48 6 30.5
      vertex 48.75 7 30.701
      vertex 48.75 5.90126 30.701
    endloop
  endfacet
  facet normal 0.258865 0 -0.965914
    outer loop
      vertex 48.75 7 30.701
      vertex 48 6 30.5
      vertex 48 7 30.5
    endloop
  endfacet
  facet normal 0 1 0
    outer loop
      vertex 48.75 7 33.299
      vertex 47.25 7 33.299
      vertex 48 7 33.5
    endloop
  endfacet
  facet normal 0 1 0
    outer loop
      vertex 49.299 7 32.75
      vertex 47.25 7 33.299
      vertex 48.75 7 33.299
    endloop
  endfacet
  facet normal 0 1 0
    outer loop
      vertex 49.299 7 32.75
      vertex 46.701 7 32.75
      vertex 47.25 7 33.299
    endloop
  endfacet
  facet normal 0 1 0
    outer loop
      vertex 49.5 7 32
      vertex 46.701 7 32.75
      vertex 49.299 7 32.75
    endloop
  endfacet
  facet normal 0 1 0
    outer loop
      vertex 49.5 7 32
      vertex 46.5 7 32
      vertex 46.701 7 32.75
    endloop
  endfacet
  facet normal 0 1 -0
    outer loop
      vertex 49.299 7 31.25
      vertex 46.5 7 32
      vertex 49.5 7 32
    endloop
  endfacet
  facet normal 0 1 0
    outer loop
      vertex 49.299 7 31.25
      vertex 46.701 7 31.25
      vertex 46.5 7 32
    endloop
  endfacet
  facet normal 0 1 -0
    outer loop
      vertex 48.75 7 30.701
      vertex 46.701 7 31.25
      vertex 49.299 7 31.25
    endloop
  endfacet
  facet normal 0 1 0
    outer loop
      vertex 48.75 7 30.701
      vertex 47.25 7 30.701
      vertex 46.701 7 31.25
    endloop
  endfacet
  facet normal -0 1 0
    outer loop
      vertex 47.25 7 30.701
      vertex 48.75 7 30.701
      vertex 48 7 30.5
    endloop
  endfacet
  facet normal 0.793326 0.608797 0
    outer loop
      vertex 53.1962 3 46
      vertex 52.2426 4.24264 29.9008
      vertex 52.2426 4.24264 46
    endloop
  endfacet
  facet normal 0.79331 0.608818 2.59497e-06
    outer loop
      vertex 52.2426 4.24264 29.9008
      vertex 53.1962 3 46
      vertex 52.5 3.90724 29.7942
    endloop
  endfacet
  facet normal 0.793332 0.608789 0
    outer loop
      vertex 52.5 3.90724 29.7942
      vertex 53.1962 3 46
      vertex 53.1962 3 29.2601
    endloop
  endfacet
  facet normal 0.991449 0.130498 0
    outer loop
      vertex 54 0 46
      vertex 53.7956 1.55291 28.8001
      vertex 53.7956 1.55291 46
    endloop
  endfacet
  facet normal 0.991447 0.130509 1.00484e-06
    outer loop
      vertex 53.7956 1.55291 28.8001
      vertex 54 0 46
      vertex 53.9342 0.5 28.6937
    endloop
  endfacet
  facet normal 0.991452 0.130475 -0
    outer loop
      vertex 54 0 22
      vertex 53.9342 0.5 28.6937
      vertex 54 0 46
    endloop
  endfacet
  facet normal 0.991452 0.130475 0
    outer loop
      vertex 53.9342 0.5 28.6937
      vertex 54 0 22
      vertex 53.9342 0.5 22
    endloop
  endfacet
  facet normal 0 0 -1
    outer loop
      vertex 53 -0.5 22
      vertex 54 0 22
      vertex 53.9342 -0.5 22
    endloop
  endfacet
  facet normal 0 0 -1
    outer loop
      vertex 53 0.5 22
      vertex 54 0 22
      vertex 53 -0.5 22
    endloop
  endfacet
  facet normal 0 0 -1
    outer loop
      vertex 54 0 22
      vertex 53 0.5 22
      vertex 53.9342 0.5 22
    endloop
  endfacet
  facet normal 0 0 -1
    outer loop
      vertex 42 0 22
      vertex 43 -0.5 22
      vertex 42.0658 -0.5 22
    endloop
  endfacet
  facet normal 0 0 -1
    outer loop
      vertex 43 -0.5 22
      vertex 42 0 22
      vertex 43 0.5 22
    endloop
  endfacet
  facet normal -0 0 -1
    outer loop
      vertex 43 0.5 22
      vertex 42 0 22
      vertex 42.0658 0.5 22
    endloop
  endfacet
  facet normal -0.13053 0.991444 0
    outer loop
      vertex 48 6 33.5
      vertex 46.4471 5.79555 46
      vertex 48 6 46
    endloop
  endfacet
  facet normal -0.130527 0.991445 4.25148e-07
    outer loop
      vertex 47.25 5.90126 33.299
      vertex 46.4471 5.79555 46
      vertex 48 6 33.5
    endloop
  endfacet
  facet normal -0.130531 0.991444 1.57537e-07
    outer loop
      vertex 46.701 5.82898 32.75
      vertex 46.4471 5.79555 46
      vertex 47.25 5.90126 33.299
    endloop
  endfacet
  facet normal -0.130517 0.991446 4.29421e-07
    outer loop
      vertex 46.5 5.80252 32
      vertex 46.4471 5.79555 46
      vertex 46.701 5.82898 32.75
    endloop
  endfacet
  facet normal -0.130527 0.991445 0
    outer loop
      vertex 48 6 27
      vertex 47.25 5.90126 30.701
      vertex 48 6 30.5
    endloop
  endfacet
  facet normal -0.130525 0.991445 3.89943e-07
    outer loop
      vertex 46.7059 5.82963 26.8296
      vertex 47.25 5.90126 30.701
      vertex 48 6 27
    endloop
  endfacet
  facet normal -0.13056 0.99144 5.34181e-06
    outer loop
      vertex 46.4471 5.79555 26.7224
      vertex 47.25 5.90126 30.701
      vertex 46.7059 5.82963 26.8296
    endloop
  endfacet
  facet normal -0.130532 0.991444 -4.44915e-07
    outer loop
      vertex 47.25 5.90126 30.701
      vertex 46.4471 5.79555 26.7224
      vertex 46.701 5.82898 31.25
    endloop
  endfacet
  facet normal -0.130629 0.991431 0
    outer loop
      vertex 46.5 5.80252 32
      vertex 46.4471 5.79555 26.7224
      vertex 46.4471 5.79555 46
    endloop
  endfacet
  facet normal -0.13052 0.991446 -1.11355e-06
    outer loop
      vertex 46.701 5.82898 31.25
      vertex 46.4471 5.79555 26.7224
      vertex 46.5 5.80252 32
    endloop
  endfacet
  facet normal 0.608773 0.793344 0
    outer loop
      vertex 52.2426 4.24264 46
      vertex 51 5.19615 30.4155
      vertex 51 5.19615 46
    endloop
  endfacet
  facet normal 0.608773 0.793344 0
    outer loop
      vertex 51 5.19615 30.4155
      vertex 52.2426 4.24264 46
      vertex 52.2426 4.24264 29.9008
    endloop
  endfacet
  facet normal 0.13053 0.991444 0
    outer loop
      vertex 49.5529 5.79555 46
      vertex 48 6 33.5
      vertex 48 6 46
    endloop
  endfacet
  facet normal 0.130527 0.991445 4.25148e-07
    outer loop
      vertex 49.5529 5.79555 46
      vertex 48.75 5.90126 33.299
      vertex 48 6 33.5
    endloop
  endfacet
  facet normal 0.130531 0.991444 1.57537e-07
    outer loop
      vertex 49.5529 5.79555 46
      vertex 49.299 5.82898 32.75
      vertex 48.75 5.90126 33.299
    endloop
  endfacet
  facet normal 0.130517 0.991446 4.29421e-07
    outer loop
      vertex 49.5529 5.79555 46
      vertex 49.5 5.80252 32
      vertex 49.299 5.82898 32.75
    endloop
  endfacet
  facet normal 0.130527 0.991445 0
    outer loop
      vertex 48.75 5.90126 30.701
      vertex 48 6 27
      vertex 48 6 30.5
    endloop
  endfacet
  facet normal 0.130532 0.991444 -4.44915e-07
    outer loop
      vertex 49.5529 5.79555 26.7224
      vertex 48.75 5.90126 30.701
      vertex 49.299 5.82898 31.25
    endloop
  endfacet
  facet normal 0.130525 0.991445 3.89943e-07
    outer loop
      vertex 48.75 5.90126 30.701
      vertex 49.2941 5.82963 26.8296
      vertex 48 6 27
    endloop
  endfacet
  facet normal 0.13052 0.991446 -1.11355e-06
    outer loop
      vertex 49.5529 5.79555 26.7224
      vertex 49.299 5.82898 31.25
      vertex 49.5 5.80252 32
    endloop
  endfacet
  facet normal 0.13056 0.99144 5.34181e-06
    outer loop
      vertex 48.75 5.90126 30.701
      vertex 49.5529 5.79555 26.7224
      vertex 49.2941 5.82963 26.8296
    endloop
  endfacet
  facet normal 0.130629 0.991431 -0
    outer loop
      vertex 49.5529 5.79555 26.7224
      vertex 49.5 5.80252 32
      vertex 49.5529 5.79555 46
    endloop
  endfacet
  facet normal -0.608773 0.793344 0
    outer loop
      vertex 45 5.19615 30.4155
      vertex 43.7574 4.24264 46
      vertex 45 5.19615 46
    endloop
  endfacet
  facet normal -0.608773 0.793344 0
    outer loop
      vertex 43.7574 4.24264 46
      vertex 45 5.19615 30.4155
      vertex 43.7574 4.24264 29.9008
    endloop
  endfacet
  facet normal -0.79331 0.608818 2.59497e-06
    outer loop
      vertex 42.8038 3 46
      vertex 43.7574 4.24264 29.9008
      vertex 43.5 3.90724 29.7942
    endloop
  endfacet
  facet normal -0.793332 0.608789 0
    outer loop
      vertex 42.8038 3 46
      vertex 43.5 3.90724 29.7942
      vertex 42.8038 3 29.2601
    endloop
  endfacet
  facet normal -0.793326 0.608797 0
    outer loop
      vertex 43.7574 4.24264 29.9008
      vertex 42.8038 3 46
      vertex 43.7574 4.24264 46
    endloop
  endfacet
  facet normal 0.382679 0.923881 -7.72255e-07
    outer loop
      vertex 51 5.19615 46
      vertex 50.2664 5.5 30.7016
      vertex 49.5529 5.79555 46
    endloop
  endfacet
  facet normal 0.382242 0.924062 2.37559e-05
    outer loop
      vertex 51 5.19615 46
      vertex 50.3294 5.47394 30.6933
      vertex 50.2664 5.5 30.7016
    endloop
  endfacet
  facet normal 0.382705 0.923871 0
    outer loop
      vertex 50.3294 5.47394 30.6933
      vertex 51 5.19615 46
      vertex 51 5.19615 30.4155
    endloop
  endfacet
  facet normal 0.382693 0.923876 0
    outer loop
      vertex 50.2664 5.5 30.7016
      vertex 49.5529 5.79555 26.7224
      vertex 49.5529 5.79555 46
    endloop
  endfacet
  facet normal 0.382693 0.923876 0
    outer loop
      vertex 49.5529 5.79555 26.7224
      vertex 50.2664 5.5 30.7016
      vertex 50.2664 5.5 26.4269
    endloop
  endfacet
  facet normal -0.991452 -0.130475 -0
    outer loop
      vertex 42.0658 -0.5 28.6937
      vertex 42 0 22
      vertex 42.0658 -0.5 22
    endloop
  endfacet
  facet normal -0.991452 -0.130475 0
    outer loop
      vertex 42 0 22
      vertex 42.0658 -0.5 28.6937
      vertex 42 0 46
    endloop
  endfacet
  facet normal -0.991447 -0.130509 1.00484e-06
    outer loop
      vertex 42.2044 -1.55291 28.8001
      vertex 42 0 46
      vertex 42.0658 -0.5 28.6937
    endloop
  endfacet
  facet normal -0.991449 -0.130498 0
    outer loop
      vertex 42 0 46
      vertex 42.2044 -1.55291 28.8001
      vertex 42.2044 -1.55291 46
    endloop
  endfacet
  facet normal -0.923881 0.382681 0
    outer loop
      vertex 42.2044 1.55291 46
      vertex 42.8038 3 29.2601
      vertex 42.2044 1.55291 28.8001
    endloop
  endfacet
  facet normal -0.923881 0.382681 0
    outer loop
      vertex 42.8038 3 29.2601
      vertex 42.2044 1.55291 46
      vertex 42.8038 3 46
    endloop
  endfacet
  facet normal -0.382679 0.923881 -7.72255e-07
    outer loop
      vertex 46.4471 5.79555 46
      vertex 45.7336 5.5 30.7016
      vertex 45 5.19615 46
    endloop
  endfacet
  facet normal -0.382693 0.923876 0
    outer loop
      vertex 46.4471 5.79555 26.7224
      vertex 45.7336 5.5 30.7016
      vertex 46.4471 5.79555 46
    endloop
  endfacet
  facet normal -0.382693 0.923876 0
    outer loop
      vertex 45.7336 5.5 30.7016
      vertex 46.4471 5.79555 26.7224
      vertex 45.7336 5.5 26.4269
    endloop
  endfacet
  facet normal -0.382242 0.924062 2.37559e-05
    outer loop
      vertex 45.6706 5.47394 30.6933
      vertex 45 5.19615 46
      vertex 45.7336 5.5 30.7016
    endloop
  endfacet
  facet normal -0.382705 0.923871 0
    outer loop
      vertex 45 5.19615 46
      vertex 45.6706 5.47394 30.6933
      vertex 45 5.19615 30.4155
    endloop
  endfacet
  facet normal 0.923881 -0.382681 0
    outer loop
      vertex 53.1962 -3 29.2601
      vertex 53.7956 -1.55291 46
      vertex 53.1962 -3 46
    endloop
  endfacet
  facet normal 0.923881 -0.382681 0
    outer loop
      vertex 53.7956 -1.55291 46
      vertex 53.1962 -3 29.2601
      vertex 53.7956 -1.55291 28.8001
    endloop
  endfacet
  facet normal -0.923881 -0.382681 0
    outer loop
      vertex 42.8038 -3 29.2601
      vertex 42.2044 -1.55291 46
      vertex 42.2044 -1.55291 28.8001
    endloop
  endfacet
  facet normal -0.923881 -0.382681 0
    outer loop
      vertex 42.2044 -1.55291 46
      vertex 42.8038 -3 29.2601
      vertex 42.8038 -3 46
    endloop
  endfacet
  facet normal 0.793332 -0.608789 0
    outer loop
      vertex 53.1962 -3 46
      vertex 52.5 -3.90724 29.7942
      vertex 53.1962 -3 29.2601
    endloop
  endfacet
  facet normal 0.793326 -0.608797 0
    outer loop
      vertex 52.2426 -4.24264 29.9008
      vertex 53.1962 -3 46
      vertex 52.2426 -4.24264 46
    endloop
  endfacet
  facet normal 0.79331 -0.608818 2.59497e-06
    outer loop
      vertex 53.1962 -3 46
      vertex 52.2426 -4.24264 29.9008
      vertex 52.5 -3.90724 29.7942
    endloop
  endfacet
  facet normal 0.991452 -0.130475 0
    outer loop
      vertex 54 0 46
      vertex 53.9342 -0.5 28.6937
      vertex 54 0 22
    endloop
  endfacet
  facet normal 0.991449 -0.130498 0
    outer loop
      vertex 53.7956 -1.55291 28.8001
      vertex 54 0 46
      vertex 53.7956 -1.55291 46
    endloop
  endfacet
  facet normal 0.991447 -0.130509 1.00484e-06
    outer loop
      vertex 54 0 46
      vertex 53.7956 -1.55291 28.8001
      vertex 53.9342 -0.5 28.6937
    endloop
  endfacet
  facet normal 0.991452 -0.130475 0
    outer loop
      vertex 54 0 22
      vertex 53.9342 -0.5 28.6937
      vertex 53.9342 -0.5 22
    endloop
  endfacet
  facet normal 0.923881 0.382681 0
    outer loop
      vertex 53.7956 1.55291 46
      vertex 53.1962 3 29.2601
      vertex 53.1962 3 46
    endloop
  endfacet
  facet normal 0.923881 0.382681 0
    outer loop
      vertex 53.1962 3 29.2601
      vertex 53.7956 1.55291 46
      vertex 53.7956 1.55291 28.8001
    endloop
  endfacet
  facet normal 0 0 -1
    outer loop
      vertex 69 -21 46
      vertex 63.5 0 46
      vertex 69 21 46
    endloop
  endfacet
  facet normal 0 0 -1
    outer loop
      vertex 69 -21 46
      vertex 63.299 -0.75 46
      vertex 63.5 0 46
    endloop
  endfacet
  facet normal 0 0 -1
    outer loop
      vertex 69 -21 46
      vertex 62.75 -1.29904 46
      vertex 63.299 -0.75 46
    endloop
  endfacet
  facet normal 0 0 -1
    outer loop
      vertex 69 -21 46
      vertex 62 -1.5 46
      vertex 62.75 -1.29904 46
    endloop
  endfacet
  facet normal 0 0 -1
    outer loop
      vertex 52.2426 -4.24264 46
      vertex 62 -1.5 46
      vertex 69 -21 46
    endloop
  endfacet
  facet normal -0 0 -1
    outer loop
      vertex 62 -1.5 46
      vertex 52.2426 -4.24264 46
      vertex 61.25 -1.29904 46
    endloop
  endfacet
  facet normal 0 0 -1
    outer loop
      vertex 53.7956 -1.55291 46
      vertex 60.5 0 46
      vertex 60.701 -0.75 46
    endloop
  endfacet
  facet normal 0 -0 -1
    outer loop
      vertex 53.1962 -3 46
      vertex 61.25 -1.29904 46
      vertex 52.2426 -4.24264 46
    endloop
  endfacet
  facet normal -0 0 -1
    outer loop
      vertex 60.5 0 46
      vertex 53.7956 -1.55291 46
      vertex 54 0 46
    endloop
  endfacet
  facet normal 0 0 -1
    outer loop
      vertex 60.701 -0.75 46
      vertex 53.1962 -3 46
      vertex 53.7956 -1.55291 46
    endloop
  endfacet
  facet normal -0 0 -1
    outer loop
      vertex 61.25 -1.29904 46
      vertex 53.1962 -3 46
      vertex 60.701 -0.75 46
    endloop
  endfacet
  facet normal 0 0 -1
    outer loop
      vertex 69 -21 46
      vertex 51 -5.19615 46
      vertex 52.2426 -4.24264 46
    endloop
  endfacet
  facet normal 0 0 -1
    outer loop
      vertex 69 -21 46
      vertex 49.5529 -5.79555 46
      vertex 51 -5.19615 46
    endloop
  endfacet
  facet normal 0 0 -1
    outer loop
      vertex 69 -21 46
      vertex 48 -6 46
      vertex 49.5529 -5.79555 46
    endloop
  endfacet
  facet normal 0 0 -1
    outer loop
      vertex 33 -21 46
      vertex 48 -6 46
      vertex 69 -21 46
    endloop
  endfacet
  facet normal -0 0 -1
    outer loop
      vertex 48 -6 46
      vertex 33 -21 46
      vertex 46.4471 -5.79555 46
    endloop
  endfacet
  facet normal 0 0 -1
    outer loop
      vertex 42.2044 -1.55291 46
      vertex 35.5 0 46
      vertex 42 0 46
    endloop
  endfacet
  facet normal 0 0 -1
    outer loop
      vertex 35.299 -0.75 46
      vertex 42.2044 -1.55291 46
      vertex 42.8038 -3 46
    endloop
  endfacet
  facet normal 0 0 -1
    outer loop
      vertex 34.75 -1.29904 46
      vertex 42.8038 -3 46
      vertex 43.7574 -4.24264 46
    endloop
  endfacet
  facet normal 0 0 -1
    outer loop
      vertex 33 -21 46
      vertex 43.7574 -4.24264 46
      vertex 45 -5.19615 46
    endloop
  endfacet
  facet normal -0 0 -1
    outer loop
      vertex 46.4471 -5.79555 46
      vertex 33 -21 46
      vertex 45 -5.19615 46
    endloop
  endfacet
  facet normal 0 0 -1
    outer loop
      vertex 42.2044 -1.55291 46
      vertex 35.299 -0.75 46
      vertex 35.5 0 46
    endloop
  endfacet
  facet normal -0 0 -1
    outer loop
      vertex 43.7574 -4.24264 46
      vertex 33 -21 46
      vertex 34 -1.5 46
    endloop
  endfacet
  facet normal 0 0 -1
    outer loop
      vertex 42.8038 -3 46
      vertex 34.75 -1.29904 46
      vertex 35.299 -0.75 46
    endloop
  endfacet
  facet normal 0 0 -1
    outer loop
      vertex 43.7574 -4.24264 46
      vertex 34 -1.5 46
      vertex 34.75 -1.29904 46
    endloop
  endfacet
  facet normal -0 0 -1
    outer loop
      vertex 34 -1.5 46
      vertex 33 -21 46
      vertex 33.25 -1.29904 46
    endloop
  endfacet
  facet normal -0 0 -1
    outer loop
      vertex 33.25 -1.29904 46
      vertex 33 -21 46
      vertex 33 -1.04904 46
    endloop
  endfacet
  facet normal 0 0 -1
    outer loop
      vertex 63.299 0.75 46
      vertex 69 21 46
      vertex 63.5 0 46
    endloop
  endfacet
  facet normal 0 0 -1
    outer loop
      vertex 62.75 1.29904 46
      vertex 69 21 46
      vertex 63.299 0.75 46
    endloop
  endfacet
  facet normal 0 0 -1
    outer loop
      vertex 62 1.5 46
      vertex 69 21 46
      vertex 62.75 1.29904 46
    endloop
  endfacet
  facet normal 0 0 -1
    outer loop
      vertex 52.2426 4.24264 46
      vertex 62 1.5 46
      vertex 61.25 1.29904 46
    endloop
  endfacet
  facet normal 0 0 -1
    outer loop
      vertex 53.1962 3 46
      vertex 61.25 1.29904 46
      vertex 60.701 0.75 46
    endloop
  endfacet
  facet normal 0 0 -1
    outer loop
      vertex 53.7956 1.55291 46
      vertex 60.5 0 46
      vertex 54 0 46
    endloop
  endfacet
  facet normal 0 0 -1
    outer loop
      vertex 60.5 0 46
      vertex 53.7956 1.55291 46
      vertex 60.701 0.75 46
    endloop
  endfacet
  facet normal 0 0 -1
    outer loop
      vertex 53.1962 3 46
      vertex 60.701 0.75 46
      vertex 53.7956 1.55291 46
    endloop
  endfacet
  facet normal 0 0 -1
    outer loop
      vertex 61.25 1.29904 46
      vertex 53.1962 3 46
      vertex 52.2426 4.24264 46
    endloop
  endfacet
  facet normal 0 0 -1
    outer loop
      vertex 62 1.5 46
      vertex 52.2426 4.24264 46
      vertex 69 21 46
    endloop
  endfacet
  facet normal 0 0 -1
    outer loop
      vertex 51 5.19615 46
      vertex 69 21 46
      vertex 52.2426 4.24264 46
    endloop
  endfacet
  facet normal 0 0 -1
    outer loop
      vertex 49.5529 5.79555 46
      vertex 69 21 46
      vertex 51 5.19615 46
    endloop
  endfacet
  facet normal 0 0 -1
    outer loop
      vertex 48 6 46
      vertex 69 21 46
      vertex 49.5529 5.79555 46
    endloop
  endfacet
  facet normal 0 0 -1
    outer loop
      vertex 33 21 46
      vertex 48 6 46
      vertex 46.4471 5.79555 46
    endloop
  endfacet
  facet normal 0 0 -1
    outer loop
      vertex 33 21 46
      vertex 46.4471 5.79555 46
      vertex 45 5.19615 46
    endloop
  endfacet
  facet normal 0 0 -1
    outer loop
      vertex 35.5 0 46
      vertex 42.2044 1.55291 46
      vertex 42 0 46
    endloop
  endfacet
  facet normal 0 0 -1
    outer loop
      vertex 35.299 0.75 46
      vertex 42.2044 1.55291 46
      vertex 35.5 0 46
    endloop
  endfacet
  facet normal -0 0 -1
    outer loop
      vertex 42.2044 1.55291 46
      vertex 35.299 0.75 46
      vertex 42.8038 3 46
    endloop
  endfacet
  facet normal 0 0 -1
    outer loop
      vertex 34.75 1.29904 46
      vertex 42.8038 3 46
      vertex 35.299 0.75 46
    endloop
  endfacet
  facet normal -0 0 -1
    outer loop
      vertex 42.8038 3 46
      vertex 34.75 1.29904 46
      vertex 43.7574 4.24264 46
    endloop
  endfacet
  facet normal 0 0 -1
    outer loop
      vertex 34 1.5 46
      vertex 43.7574 4.24264 46
      vertex 34.75 1.29904 46
    endloop
  endfacet
  facet normal 0 0 -1
    outer loop
      vertex 33 21 46
      vertex 43.7574 4.24264 46
      vertex 34 1.5 46
    endloop
  endfacet
  facet normal 0 0 -1
    outer loop
      vertex 43.7574 4.24264 46
      vertex 33 21 46
      vertex 45 5.19615 46
    endloop
  endfacet
  facet normal 0 0 -1
    outer loop
      vertex 33 21 46
      vertex 34 1.5 46
      vertex 33.25 1.29904 46
    endloop
  endfacet
  facet normal 0 0 -1
    outer loop
      vertex 48 6 46
      vertex 33 21 46
      vertex 69 21 46
    endloop
  endfacet
  facet normal 0 0 -1
    outer loop
      vertex 33 21 46
      vertex 33.25 1.29904 46
      vertex 33 1.04904 46
    endloop
  endfacet
  facet normal -0.991452 0.130475 0
    outer loop
      vertex 42.0658 0.5 22
      vertex 42 0 22
      vertex 42.0658 0.5 28.6937
    endloop
  endfacet
  facet normal -0.991447 0.130509 1.00484e-06
    outer loop
      vertex 42 0 46
      vertex 42.2044 1.55291 28.8001
      vertex 42.0658 0.5 28.6937
    endloop
  endfacet
  facet normal -0.991452 0.130475 0
    outer loop
      vertex 42 0 46
      vertex 42.0658 0.5 28.6937
      vertex 42 0 22
    endloop
  endfacet
  facet normal -0.991449 0.130498 0
    outer loop
      vertex 42.2044 1.55291 28.8001
      vertex 42 0 46
      vertex 42.2044 1.55291 46
    endloop
  endfacet
  facet normal -0.608773 -0.793344 0
    outer loop
      vertex 43.7574 -4.24264 46
      vertex 45 -5.19615 30.4155
      vertex 45 -5.19615 46
    endloop
  endfacet
  facet normal -0.608773 -0.793344 0
    outer loop
      vertex 45 -5.19615 30.4155
      vertex 43.7574 -4.24264 46
      vertex 43.7574 -4.24264 29.9008
    endloop
  endfacet
  facet normal 0.13053 -0.991444 0
    outer loop
      vertex 48 -6 33.5
      vertex 49.5529 -5.79555 46
      vertex 48 -6 46
    endloop
  endfacet
  facet normal 0.130527 -0.991445 4.25148e-07
    outer loop
      vertex 48.75 -5.90126 33.299
      vertex 49.5529 -5.79555 46
      vertex 48 -6 33.5
    endloop
  endfacet
  facet normal 0.130531 -0.991444 1.57537e-07
    outer loop
      vertex 49.299 -5.82898 32.75
      vertex 49.5529 -5.79555 46
      vertex 48.75 -5.90126 33.299
    endloop
  endfacet
  facet normal 0.130517 -0.991446 4.29421e-07
    outer loop
      vertex 49.5 -5.80252 32
      vertex 49.5529 -5.79555 46
      vertex 49.299 -5.82898 32.75
    endloop
  endfacet
  facet normal 0.130527 -0.991445 0
    outer loop
      vertex 48 -6 27
      vertex 48.75 -5.90126 30.701
      vertex 48 -6 30.5
    endloop
  endfacet
  facet normal 0.130525 -0.991445 3.89943e-07
    outer loop
      vertex 49.2941 -5.82963 26.8296
      vertex 48.75 -5.90126 30.701
      vertex 48 -6 27
    endloop
  endfacet
  facet normal 0.13056 -0.99144 5.34181e-06
    outer loop
      vertex 49.5529 -5.79555 26.7224
      vertex 48.75 -5.90126 30.701
      vertex 49.2941 -5.82963 26.8296
    endloop
  endfacet
  facet normal 0.130532 -0.991444 -4.44915e-07
    outer loop
      vertex 48.75 -5.90126 30.701
      vertex 49.5529 -5.79555 26.7224
      vertex 49.299 -5.82898 31.25
    endloop
  endfacet
  facet normal 0.130629 -0.991431 0
    outer loop
      vertex 49.5 -5.80252 32
      vertex 49.5529 -5.79555 26.7224
      vertex 49.5529 -5.79555 46
    endloop
  endfacet
  facet normal 0.13052 -0.991446 -1.11355e-06
    outer loop
      vertex 49.299 -5.82898 31.25
      vertex 49.5529 -5.79555 26.7224
      vertex 49.5 -5.80252 32
    endloop
  endfacet
  facet normal 0.382679 -0.923881 -7.72255e-07
    outer loop
      vertex 49.5529 -5.79555 46
      vertex 50.2664 -5.5 30.7016
      vertex 51 -5.19615 46
    endloop
  endfacet
  facet normal 0.382693 -0.923876 0
    outer loop
      vertex 49.5529 -5.79555 26.7224
      vertex 50.2664 -5.5 30.7016
      vertex 49.5529 -5.79555 46
    endloop
  endfacet
  facet normal 0.382693 -0.923876 0
    outer loop
      vertex 50.2664 -5.5 30.7016
      vertex 49.5529 -5.79555 26.7224
      vertex 50.2664 -5.5 26.4269
    endloop
  endfacet
  facet normal 0.382242 -0.924062 2.37559e-05
    outer loop
      vertex 50.3294 -5.47394 30.6933
      vertex 51 -5.19615 46
      vertex 50.2664 -5.5 30.7016
    endloop
  endfacet
  facet normal 0.382705 -0.923871 0
    outer loop
      vertex 51 -5.19615 46
      vertex 50.3294 -5.47394 30.6933
      vertex 51 -5.19615 30.4155
    endloop
  endfacet
  facet normal 0.608773 -0.793344 0
    outer loop
      vertex 51 -5.19615 30.4155
      vertex 52.2426 -4.24264 46
      vertex 51 -5.19615 46
    endloop
  endfacet
  facet normal 0.608773 -0.793344 0
    outer loop
      vertex 52.2426 -4.24264 46
      vertex 51 -5.19615 30.4155
      vertex 52.2426 -4.24264 29.9008
    endloop
  endfacet
  facet normal -0.793332 -0.608789 0
    outer loop
      vertex 43.5 -3.90724 29.7942
      vertex 42.8038 -3 46
      vertex 42.8038 -3 29.2601
    endloop
  endfacet
  facet normal -0.79331 -0.608818 2.59497e-06
    outer loop
      vertex 43.7574 -4.24264 29.9008
      vertex 42.8038 -3 46
      vertex 43.5 -3.90724 29.7942
    endloop
  endfacet
  facet normal -0.793326 -0.608797 0
    outer loop
      vertex 42.8038 -3 46
      vertex 43.7574 -4.24264 29.9008
      vertex 43.7574 -4.24264 46
    endloop
  endfacet
  facet normal -0.13053 -0.991444 0
    outer loop
      vertex 46.4471 -5.79555 46
      vertex 48 -6 33.5
      vertex 48 -6 46
    endloop
  endfacet
  facet normal -0.130527 -0.991445 4.25148e-07
    outer loop
      vertex 46.4471 -5.79555 46
      vertex 47.25 -5.90126 33.299
      vertex 48 -6 33.5
    endloop
  endfacet
  facet normal -0.130531 -0.991444 1.57537e-07
    outer loop
      vertex 46.4471 -5.79555 46
      vertex 46.701 -5.82898 32.75
      vertex 47.25 -5.90126 33.299
    endloop
  endfacet
  facet normal -0.130517 -0.991446 4.29421e-07
    outer loop
      vertex 46.4471 -5.79555 46
      vertex 46.5 -5.80252 32
      vertex 46.701 -5.82898 32.75
    endloop
  endfacet
  facet normal -0.130527 -0.991445 0
    outer loop
      vertex 47.25 -5.90126 30.701
      vertex 48 -6 27
      vertex 48 -6 30.5
    endloop
  endfacet
  facet normal -0.130532 -0.991444 -4.44915e-07
    outer loop
      vertex 46.4471 -5.79555 26.7224
      vertex 47.25 -5.90126 30.701
      vertex 46.701 -5.82898 31.25
    endloop
  endfacet
  facet normal -0.130525 -0.991445 3.89943e-07
    outer loop
      vertex 47.25 -5.90126 30.701
      vertex 46.7059 -5.82963 26.8296
      vertex 48 -6 27
    endloop
  endfacet
  facet normal -0.13052 -0.991446 -1.11355e-06
    outer loop
      vertex 46.4471 -5.79555 26.7224
      vertex 46.701 -5.82898 31.25
      vertex 46.5 -5.80252 32
    endloop
  endfacet
  facet normal -0.13056 -0.99144 5.34181e-06
    outer loop
      vertex 47.25 -5.90126 30.701
      vertex 46.4471 -5.79555 26.7224
      vertex 46.7059 -5.82963 26.8296
    endloop
  endfacet
  facet normal -0.130629 -0.991431 0
    outer loop
      vertex 46.4471 -5.79555 26.7224
      vertex 46.5 -5.80252 32
      vertex 46.4471 -5.79555 46
    endloop
  endfacet
  facet normal -0.382679 -0.923881 -7.72255e-07
    outer loop
      vertex 45 -5.19615 46
      vertex 45.7336 -5.5 30.7016
      vertex 46.4471 -5.79555 46
    endloop
  endfacet
  facet normal -0.382242 -0.924062 2.37559e-05
    outer loop
      vertex 45 -5.19615 46
      vertex 45.6706 -5.47394 30.6933
      vertex 45.7336 -5.5 30.7016
    endloop
  endfacet
  facet normal -0.382705 -0.923871 0
    outer loop
      vertex 45.6706 -5.47394 30.6933
      vertex 45 -5.19615 46
      vertex 45 -5.19615 30.4155
    endloop
  endfacet
  facet normal -0.382693 -0.923876 0
    outer loop
      vertex 45.7336 -5.5 30.7016
      vertex 46.4471 -5.79555 26.7224
      vertex 46.4471 -5.79555 46
    endloop
  endfacet
  facet normal -0.382693 -0.923876 0
    outer loop
      vertex 46.4471 -5.79555 26.7224
      vertex 45.7336 -5.5 30.7016
      vertex 45.7336 -5.5 26.4269
    endloop
  endfacet
  facet normal 0 0 1
    outer loop
      vertex 69 21 51
      vertex 63.5 0 51
      vertex 69 -21 51
    endloop
  endfacet
  facet normal 0 0 1
    outer loop
      vertex 69 21 51
      vertex 63.299 0.75 51
      vertex 63.5 0 51
    endloop
  endfacet
  facet normal 0 0 1
    outer loop
      vertex 69 21 51
      vertex 62.75 1.29904 51
      vertex 63.299 0.75 51
    endloop
  endfacet
  facet normal 0 0 1
    outer loop
      vertex 69 21 51
      vertex 62 1.5 51
      vertex 62.75 1.29904 51
    endloop
  endfacet
  facet normal 0 0 1
    outer loop
      vertex 69 21 51
      vertex 61.25 1.29904 51
      vertex 62 1.5 51
    endloop
  endfacet
  facet normal -0 0 1
    outer loop
      vertex 34 21 51
      vertex 61.25 1.29904 51
      vertex 69 21 51
    endloop
  endfacet
  facet normal 0 0 1
    outer loop
      vertex 60.701 0.75 51
      vertex 35.5 0 51
      vertex 60.5 0 51
    endloop
  endfacet
  facet normal 0 0 1
    outer loop
      vertex 61.25 1.29904 51
      vertex 34 21 51
      vertex 60.701 0.75 51
    endloop
  endfacet
  facet normal 0 0 1
    outer loop
      vertex 60.701 0.75 51
      vertex 35.299 0.75 51
      vertex 35.5 0 51
    endloop
  endfacet
  facet normal 0 0 1
    outer loop
      vertex 60.701 0.75 51
      vertex 34 21 51
      vertex 35.299 0.75 51
    endloop
  endfacet
  facet normal 0 0 1
    outer loop
      vertex 35.299 0.75 51
      vertex 34 21 51
      vertex 34.75 1.29904 51
    endloop
  endfacet
  facet normal 0 0 1
    outer loop
      vertex 34.75 1.29904 51
      vertex 34 21 51
      vertex 34 1.5 51
    endloop
  endfacet
  facet normal -0 0 1
    outer loop
      vertex 63.299 -0.75 51
      vertex 69 -21 51
      vertex 63.5 0 51
    endloop
  endfacet
  facet normal -0 0 1
    outer loop
      vertex 62.75 -1.29904 51
      vertex 69 -21 51
      vertex 63.299 -0.75 51
    endloop
  endfacet
  facet normal -0 0 1
    outer loop
      vertex 62 -1.5 51
      vertex 69 -21 51
      vertex 62.75 -1.29904 51
    endloop
  endfacet
  facet normal 0 0 1
    outer loop
      vertex 61.25 -1.29904 51
      vertex 69 -21 51
      vertex 62 -1.5 51
    endloop
  endfacet
  facet normal 0 0 1
    outer loop
      vertex 34 -21 51
      vertex 61.25 -1.29904 51
      vertex 60.701 -0.75 51
    endloop
  endfacet
  facet normal -0 0 1
    outer loop
      vertex 35.5 0 51
      vertex 60.701 -0.75 51
      vertex 60.5 0 51
    endloop
  endfacet
  facet normal 0 0 1
    outer loop
      vertex 35.299 -0.75 51
      vertex 60.701 -0.75 51
      vertex 35.5 0 51
    endloop
  endfacet
  facet normal 0 0 1
    outer loop
      vertex 34 -21 51
      vertex 60.701 -0.75 51
      vertex 35.299 -0.75 51
    endloop
  endfacet
  facet normal 0 0 1
    outer loop
      vertex 34 -21 51
      vertex 35.299 -0.75 51
      vertex 34.75 -1.29904 51
    endloop
  endfacet
  facet normal 0 0 1
    outer loop
      vertex 34 -21 51
      vertex 34.75 -1.29904 51
      vertex 34 -1.5 51
    endloop
  endfacet
  facet normal 0 0 1
    outer loop
      vertex 61.25 -1.29904 51
      vertex 34 -21 51
      vertex 69 -21 51
    endloop
  endfacet
  facet normal 1 -0 0
    outer loop
      vertex 69 -21 51
      vertex 69 21 46
      vertex 69 21 51
    endloop
  endfacet
  facet normal 1 0 0
    outer loop
      vertex 69 21 46
      vertex 69 -21 51
      vertex 69 -21 46
    endloop
  endfacet
  facet normal 0 1 0
    outer loop
      vertex 69 21 51
      vertex 34 21 47.5
      vertex 34 21 51
    endloop
  endfacet
  facet normal 0 1 -0
    outer loop
      vertex 69 21 46
      vertex 34 21 47.5
      vertex 69 21 51
    endloop
  endfacet
  facet normal 0 1 0
    outer loop
      vertex 33 21 46
      vertex 34 21 47.5
      vertex 69 21 46
    endloop
  endfacet
  facet normal 0 1 0
    outer loop
      vertex 34 21 47.5
      vertex 33 21 46
      vertex 33 21 47.5
    endloop
  endfacet
  facet normal 0 -1 0
    outer loop
      vertex 33 -21 47.5
      vertex 33 -21 46
      vertex 34 -21 47.5
    endloop
  endfacet
  facet normal 0 -1 0
    outer loop
      vertex 34 -21 47.5
      vertex 69 -21 51
      vertex 34 -21 51
    endloop
  endfacet
  facet normal 0 -1 0
    outer loop
      vertex 69 -21 46
      vertex 34 -21 47.5
      vertex 33 -21 46
    endloop
  endfacet
  facet normal 0 -1 0
    outer loop
      vertex 34 -21 47.5
      vertex 69 -21 46
      vertex 69 -21 51
    endloop
  endfacet
  facet normal -1 0 0
    outer loop
      vertex -38 36 47.5
      vertex -38 16 51.5357
      vertex -38 36 54.5
    endloop
  endfacet
  facet normal -1 0 0
    outer loop
      vertex -38 36 47.5
      vertex -38 12 51.5357
      vertex -38 16 51.5357
    endloop
  endfacet
  facet normal -1 0 0
    outer loop
      vertex -38 12 51.5357
      vertex -38 -12 51.5357
      vertex -38 12 54.5
    endloop
  endfacet
  facet normal -1 0 0
    outer loop
      vertex -38 36 47.5
      vertex -38 -12 51.5357
      vertex -38 12 51.5357
    endloop
  endfacet
  facet normal -1 0 0
    outer loop
      vertex -38 -36 47.5
      vertex -38 -12 51.5357
      vertex -38 36 47.5
    endloop
  endfacet
  facet normal -1 -0 0
    outer loop
      vertex -38 -12 51.5357
      vertex -38 -36 47.5
      vertex -38 -16 51.5357
    endloop
  endfacet
  facet normal -1 0 0
    outer loop
      vertex -38 -36 54.5
      vertex -38 -16 51.5357
      vertex -38 -36 47.5
    endloop
  endfacet
  facet normal -1 0 0
    outer loop
      vertex -38 -16 51.5357
      vertex -38 -36 54.5
      vertex -38 -16 54.5
    endloop
  endfacet
  facet normal -1 -0 0
    outer loop
      vertex -38 36 54.5
      vertex -38 16 51.5357
      vertex -38 16 54.5
    endloop
  endfacet
  facet normal -1 -0 0
    outer loop
      vertex -38 12 54.5
      vertex -38 -12 51.5357
      vertex -38 -12 54.5
    endloop
  endfacet
  facet normal -0 0 1
    outer loop
      vertex -38 12 54.5
      vertex -37 -12 54.5
      vertex -37 12 54.5
    endloop
  endfacet
  facet normal 0 0 1
    outer loop
      vertex -37 -12 54.5
      vertex -38 12 54.5
      vertex -38 -12 54.5
    endloop
  endfacet
  facet normal 0 0 1
    outer loop
      vertex 31 36 54.5
      vertex 29 31 54.5
      vertex 31 -36 54.5
    endloop
  endfacet
  facet normal 0 0 1
    outer loop
      vertex 31 36 54.5
      vertex -33 31 54.5
      vertex 29 31 54.5
    endloop
  endfacet
  facet normal 0 0 1
    outer loop
      vertex -37 12 54.5
      vertex -33 31 54.5
      vertex -37 16 54.5
    endloop
  endfacet
  facet normal -0 0 1
    outer loop
      vertex -38 36 54.5
      vertex -33 31 54.5
      vertex 31 36 54.5
    endloop
  endfacet
  facet normal 0 0 1
    outer loop
      vertex -38 16 54.5
      vertex -33 31 54.5
      vertex -38 36 54.5
    endloop
  endfacet
  facet normal 0 0 1
    outer loop
      vertex -33 31 54.5
      vertex -38 16 54.5
      vertex -37 16 54.5
    endloop
  endfacet
  facet normal -0 0 1
    outer loop
      vertex 29 -31 54.5
      vertex 31 -36 54.5
      vertex 29 31 54.5
    endloop
  endfacet
  facet normal -0 0 1
    outer loop
      vertex -33 -31 54.5
      vertex 31 -36 54.5
      vertex 29 -31 54.5
    endloop
  endfacet
  facet normal 0 0 1
    outer loop
      vertex -33 31 54.5
      vertex -37 12 54.5
      vertex -33 -31 54.5
    endloop
  endfacet
  facet normal -0 0 1
    outer loop
      vertex -37 -12 54.5
      vertex -33 -31 54.5
      vertex -37 12 54.5
    endloop
  endfacet
  facet normal -0 0 1
    outer loop
      vertex -37 -16 54.5
      vertex -33 -31 54.5
      vertex -37 -12 54.5
    endloop
  endfacet
  facet normal -0 0 1
    outer loop
      vertex -38 -16 54.5
      vertex -33 -31 54.5
      vertex -37 -16 54.5
    endloop
  endfacet
  facet normal 0 0 1
    outer loop
      vertex -33 -31 54.5
      vertex -38 -36 54.5
      vertex 31 -36 54.5
    endloop
  endfacet
  facet normal 0 0 1
    outer loop
      vertex -38 -36 54.5
      vertex -33 -31 54.5
      vertex -38 -16 54.5
    endloop
  endfacet
  facet normal -0 0 1
    outer loop
      vertex 33 31 54.5
      vertex 34 -31 54.5
      vertex 34 31 54.5
    endloop
  endfacet
  facet normal 0 0 1
    outer loop
      vertex 34 -31 54.5
      vertex 33 31 54.5
      vertex 33 -31 54.5
    endloop
  endfacet
  facet normal 1 0 0
    outer loop
      vertex 34 31 54.5
      vertex 34 21 51
      vertex 34 31 47.5
    endloop
  endfacet
  facet normal 1 0 0
    outer loop
      vertex 34 31 54.5
      vertex 34 1.5 51.5
      vertex 34 21 51
    endloop
  endfacet
  facet normal 1 0 0
    outer loop
      vertex 34 31 54.5
      vertex 34 -1.5 51.5
      vertex 34 1.5 51.5
    endloop
  endfacet
  facet normal 1 0 0
    outer loop
      vertex 34 -1.5 51.5
      vertex 34 -21 51
      vertex 34 -1.5 51
    endloop
  endfacet
  facet normal 1 -0 0
    outer loop
      vertex 34 -31 54.5
      vertex 34 -1.5 51.5
      vertex 34 31 54.5
    endloop
  endfacet
  facet normal 1 0 0
    outer loop
      vertex 34 -1.5 51.5
      vertex 34 -31 54.5
      vertex 34 -21 51
    endloop
  endfacet
  facet normal 1 0 0
    outer loop
      vertex 34 -31 47.5
      vertex 34 -21 51
      vertex 34 -31 54.5
    endloop
  endfacet
  facet normal 1 0 0
    outer loop
      vertex 34 -21 51
      vertex 34 -31 47.5
      vertex 34 -21 47.5
    endloop
  endfacet
  facet normal 1 0 0
    outer loop
      vertex 34 31 47.5
      vertex 34 21 51
      vertex 34 21 47.5
    endloop
  endfacet
  facet normal 1 0 0
    outer loop
      vertex 34 21 51
      vertex 34 1.5 51.5
      vertex 34 1.5 51
    endloop
  endfacet
  facet normal 0 0 -1
    outer loop
      vertex 31 -36 47.5
      vertex 25 -31 47.5
      vertex 31 -31 47.5
    endloop
  endfacet
  facet normal 0 0 -1
    outer loop
      vertex 25 -31 47.5
      vertex 3 -31 47.5
      vertex 25 31 47.5
    endloop
  endfacet
  facet normal 0 0 -1
    outer loop
      vertex 31 -36 47.5
      vertex 3 -31 47.5
      vertex 25 -31 47.5
    endloop
  endfacet
  facet normal 0 0 -1
    outer loop
      vertex 31 -36 47.5
      vertex -3 -31 47.5
      vertex 3 -31 47.5
    endloop
  endfacet
  facet normal 0 0 -1
    outer loop
      vertex -3 -31 47.5
      vertex -25 -31 47.5
      vertex -3 31 47.5
    endloop
  endfacet
  facet normal 0 0 -1
    outer loop
      vertex -38 -36 47.5
      vertex -3 -31 47.5
      vertex 31 -36 47.5
    endloop
  endfacet
  facet normal -0 0 -1
    outer loop
      vertex -3 -31 47.5
      vertex -38 -36 47.5
      vertex -25 -31 47.5
    endloop
  endfacet
  facet normal -0 0 -1
    outer loop
      vertex -31 -31 47.5
      vertex -38 -36 47.5
      vertex -31 31 47.5
    endloop
  endfacet
  facet normal -0 0 -1
    outer loop
      vertex -25 -31 47.5
      vertex -38 -36 47.5
      vertex -31 -31 47.5
    endloop
  endfacet
  facet normal 0 0 -1
    outer loop
      vertex 25 31 47.5
      vertex 31 36 47.5
      vertex 31 31 47.5
    endloop
  endfacet
  facet normal 0 0 -1
    outer loop
      vertex 3 31 47.5
      vertex 25 31 47.5
      vertex 3 -31 47.5
    endloop
  endfacet
  facet normal 0 0 -1
    outer loop
      vertex 3 31 47.5
      vertex 31 36 47.5
      vertex 25 31 47.5
    endloop
  endfacet
  facet normal 0 0 -1
    outer loop
      vertex -3 31 47.5
      vertex 31 36 47.5
      vertex 3 31 47.5
    endloop
  endfacet
  facet normal 0 0 -1
    outer loop
      vertex -25 31 47.5
      vertex -3 31 47.5
      vertex -25 -31 47.5
    endloop
  endfacet
  facet normal 0 0 -1
    outer loop
      vertex -38 36 47.5
      vertex -3 31 47.5
      vertex -25 31 47.5
    endloop
  endfacet
  facet normal 0 0 -1
    outer loop
      vertex -38 36 47.5
      vertex -25 31 47.5
      vertex -31 31 47.5
    endloop
  endfacet
  facet normal 0 0 -1
    outer loop
      vertex -3 31 47.5
      vertex -38 36 47.5
      vertex 31 36 47.5
    endloop
  endfacet
  facet normal 0 0 -1
    outer loop
      vertex -38 36 47.5
      vertex -31 31 47.5
      vertex -38 -36 47.5
    endloop
  endfacet
  facet normal 0 0 -1
    outer loop
      vertex 33 -31 47.5
      vertex 34 -21 47.5
      vertex 34 -31 47.5
    endloop
  endfacet
  facet normal -0 0 -1
    outer loop
      vertex 34 -21 47.5
      vertex 33 -31 47.5
      vertex 33 -21 47.5
    endloop
  endfacet
  facet normal 0 0 -1
    outer loop
      vertex 33 21 47.5
      vertex 34 31 47.5
      vertex 34 21 47.5
    endloop
  endfacet
  facet normal -0 0 -1
    outer loop
      vertex 34 31 47.5
      vertex 33 21 47.5
      vertex 33 31 47.5
    endloop
  endfacet
  facet normal 0 -1 0
    outer loop
      vertex -38 -36 54.5
      vertex -38 -36 47.5
      vertex 31 -36 54.5
    endloop
  endfacet
  facet normal 0 -1 0
    outer loop
      vertex 31 -36 54.5
      vertex 37 -36 92.5
      vertex 31 -36 92.5
    endloop
  endfacet
  facet normal 0 -1 0
    outer loop
      vertex 31 -36 47.5
      vertex 31 -36 54.5
      vertex -38 -36 47.5
    endloop
  endfacet
  facet normal 0 -1 0
    outer loop
      vertex 37 -36 16.5
      vertex 31 -36 54.5
      vertex 31 -36 47.5
    endloop
  endfacet
  facet normal 0 -1 0
    outer loop
      vertex 37 -36 16.5
      vertex 31 -36 47.5
      vertex 31 -36 18.6048
    endloop
  endfacet
  facet normal 0 -1 0
    outer loop
      vertex 37 -36 16.5
      vertex 31 -36 18.6048
      vertex 31.4641 -36 18
    endloop
  endfacet
  facet normal 0 -1 0
    outer loop
      vertex 37 -36 16.5
      vertex 31.4641 -36 18
      vertex 31.8637 -36 17.0353
    endloop
  endfacet
  facet normal 0 -1 0
    outer loop
      vertex 37 -36 16.5
      vertex 31.8637 -36 17.0353
      vertex 31.9342 -36 16.5
    endloop
  endfacet
  facet normal 0 -1 0
    outer loop
      vertex 31 -36 54.5
      vertex 37 -36 16.5
      vertex 37 -36 92.5
    endloop
  endfacet
  facet normal 0 1 0
    outer loop
      vertex 37 36 92.5
      vertex 31 36 54.5
      vertex 31 36 92.5
    endloop
  endfacet
  facet normal 0 1 0
    outer loop
      vertex 31 36 54.5
      vertex 31 36 47.5
      vertex -38 36 54.5
    endloop
  endfacet
  facet normal 0 1 -0
    outer loop
      vertex 37 36 16.5
      vertex 31 36 54.5
      vertex 37 36 92.5
    endloop
  endfacet
  facet normal 0 1 0
    outer loop
      vertex 31 36 54.5
      vertex 37 36 16.5
      vertex 31 36 47.5
    endloop
  endfacet
  facet normal 0 1 0
    outer loop
      vertex 31 36 47.5
      vertex 37 36 16.5
      vertex 31 36 18.6048
    endloop
  endfacet
  facet normal 0 1 0
    outer loop
      vertex 31 36 18.6048
      vertex 37 36 16.5
      vertex 31.4641 36 18
    endloop
  endfacet
  facet normal 0 1 0
    outer loop
      vertex 31.4641 36 18
      vertex 37 36 16.5
      vertex 31.8637 36 17.0353
    endloop
  endfacet
  facet normal 0 1 0
    outer loop
      vertex 31.8637 36 17.0353
      vertex 37 36 16.5
      vertex 31.9342 36 16.5
    endloop
  endfacet
  facet normal 0 1 0
    outer loop
      vertex -38 36 54.5
      vertex 31 36 47.5
      vertex -38 36 47.5
    endloop
  endfacet
  facet normal 1 -0 0
    outer loop
      vertex -33 -31 54.5
      vertex -33 31 52.5
      vertex -33 31 54.5
    endloop
  endfacet
  facet normal 1 0 0
    outer loop
      vertex -33 31 52.5
      vertex -33 -31 54.5
      vertex -33 -31 52.5
    endloop
  endfacet
  facet normal -1 0 0
    outer loop
      vertex 29 -31 52.5
      vertex 29 31 54.5
      vertex 29 31 52.5
    endloop
  endfacet
  facet normal -1 -0 0
    outer loop
      vertex 29 31 54.5
      vertex 29 -31 52.5
      vertex 29 -31 54.5
    endloop
  endfacet
  facet normal 0 -1 0
    outer loop
      vertex -33 31 52.5
      vertex 29 31 54.5
      vertex -33 31 54.5
    endloop
  endfacet
  facet normal 0 -1 -0
    outer loop
      vertex 29 31 54.5
      vertex -33 31 52.5
      vertex 29 31 52.5
    endloop
  endfacet
  facet normal -0 0 1
    outer loop
      vertex -33 31 52.5
      vertex 29 -31 52.5
      vertex 29 31 52.5
    endloop
  endfacet
  facet normal 0 0 1
    outer loop
      vertex 29 -31 52.5
      vertex -33 31 52.5
      vertex -33 -31 52.5
    endloop
  endfacet
  facet normal 0 1 -0
    outer loop
      vertex 29 -31 52.5
      vertex -33 -31 54.5
      vertex 29 -31 54.5
    endloop
  endfacet
  facet normal 0 1 0
    outer loop
      vertex -33 -31 54.5
      vertex 29 -31 52.5
      vertex -33 -31 52.5
    endloop
  endfacet
  facet normal -0 0 1
    outer loop
      vertex 33 -31 92.5
      vertex 37 -36 92.5
      vertex 37 -31 92.5
    endloop
  endfacet
  facet normal 0 0 1
    outer loop
      vertex 31 -36 92.5
      vertex 33 -31 92.5
      vertex 31 -31 92.5
    endloop
  endfacet
  facet normal 0 0 1
    outer loop
      vertex 33 -31 92.5
      vertex 31 -36 92.5
      vertex 37 -36 92.5
    endloop
  endfacet
  facet normal 0 0 1
    outer loop
      vertex 37 36 92.5
      vertex 33 31 92.5
      vertex 37 31 92.5
    endloop
  endfacet
  facet normal -0 0 1
    outer loop
      vertex 31 36 92.5
      vertex 33 31 92.5
      vertex 37 36 92.5
    endloop
  endfacet
  facet normal 0 0 1
    outer loop
      vertex 33 31 92.5
      vertex 31 36 92.5
      vertex 31 31 92.5
    endloop
  endfacet
  facet normal 0 0 -1
    outer loop
      vertex 33 -31 92.5
      vertex 37 -28 92.5
      vertex 37 -31 92.5
    endloop
  endfacet
  facet normal -0 0 -1
    outer loop
      vertex 37 -28 92.5
      vertex 33 -31 92.5
      vertex 33 -28 92.5
    endloop
  endfacet
  facet normal 0 0 -1
    outer loop
      vertex 33 28 92.5
      vertex 37 31 92.5
      vertex 37 28 92.5
    endloop
  endfacet
  facet normal -0 0 -1
    outer loop
      vertex 37 31 92.5
      vertex 33 28 92.5
      vertex 33 31 92.5
    endloop
  endfacet
  facet normal 0 0 -1
    outer loop
      vertex 29 -31 92.5
      vertex 31 31 92.5
      vertex 31 -31 92.5
    endloop
  endfacet
  facet normal -0 0 -1
    outer loop
      vertex 31 31 92.5
      vertex 29 -31 92.5
      vertex 29 31 92.5
    endloop
  endfacet
  facet normal 1 0 0
    outer loop
      vertex 37 -31 92.5
      vertex 37 -36 92.5
      vertex 37 -31 20.5
    endloop
  endfacet
  facet normal 1 0 0
    outer loop
      vertex 37 31 20.5
      vertex 37 36 92.5
      vertex 37 31 92.5
    endloop
  endfacet
  facet normal 1 0 0
    outer loop
      vertex 37 36 92.5
      vertex 37 31 20.5
      vertex 37 36 16.5
    endloop
  endfacet
  facet normal 1 -0 0
    outer loop
      vertex 37 -31 20.5
      vertex 37 36 16.5
      vertex 37 31 20.5
    endloop
  endfacet
  facet normal 1 0 0
    outer loop
      vertex 37 -31 20.5
      vertex 37 -36 16.5
      vertex 37 36 16.5
    endloop
  endfacet
  facet normal 1 0 0
    outer loop
      vertex 37 -36 16.5
      vertex 37 -31 20.5
      vertex 37 -36 92.5
    endloop
  endfacet
  facet normal 0 0 -1
    outer loop
      vertex 31 -18 16.5
      vertex 31.9342 18 16.5
      vertex 31.9342 -18 16.5
    endloop
  endfacet
  facet normal -0 0 -1
    outer loop
      vertex 31.9342 18 16.5
      vertex 31 -18 16.5
      vertex 31 18 16.5
    endloop
  endfacet
  facet normal 0 0 -1
    outer loop
      vertex 31.9342 -18 16.5
      vertex 37 -36 16.5
      vertex 31.9342 -36 16.5
    endloop
  endfacet
  facet normal 0 0 -1
    outer loop
      vertex 37 -36 16.5
      vertex 31.9342 -18 16.5
      vertex 37 36 16.5
    endloop
  endfacet
  facet normal 0 0 -1
    outer loop
      vertex 31.9342 18 16.5
      vertex 37 36 16.5
      vertex 31.9342 -18 16.5
    endloop
  endfacet
  facet normal -0 0 -1
    outer loop
      vertex 37 36 16.5
      vertex 31.9342 18 16.5
      vertex 31.9342 36 16.5
    endloop
  endfacet
  facet normal 1 0 0
    outer loop
      vertex 33 -21 47.5
      vertex 33 -31 47.5
      vertex 33 -21 46
    endloop
  endfacet
  facet normal 1 0 0
    outer loop
      vertex 33 -1.04904 46
      vertex 33 -21 46
      vertex 33 -1.04904 45.5
    endloop
  endfacet
  facet normal 1 0 0
    outer loop
      vertex 33 21 46
      vertex 33 31 47.5
      vertex 33 21 47.5
    endloop
  endfacet
  facet normal 1 0 0
    outer loop
      vertex 33 31 47.5
      vertex 33 21 46
      vertex 33 31 20.5
    endloop
  endfacet
  facet normal 1 0 0
    outer loop
      vertex 33 1.04904 45.5
      vertex 33 21 46
      vertex 33 1.04904 46
    endloop
  endfacet
  facet normal 1 0 0
    outer loop
      vertex 33 21 46
      vertex 33 1.04904 45.5
      vertex 33 31 20.5
    endloop
  endfacet
  facet normal 1 -0 0
    outer loop
      vertex 33 -1.04904 45.5
      vertex 33 31 20.5
      vertex 33 1.04904 45.5
    endloop
  endfacet
  facet normal 1 0 0
    outer loop
      vertex 33 -31 20.5
      vertex 33 -1.04904 45.5
      vertex 33 -21 46
    endloop
  endfacet
  facet normal 1 0 0
    outer loop
      vertex 33 -31 20.5
      vertex 33 -21 46
      vertex 33 -31 47.5
    endloop
  endfacet
  facet normal 1 0 0
    outer loop
      vertex 33 -1.04904 45.5
      vertex 33 -31 20.5
      vertex 33 31 20.5
    endloop
  endfacet
  facet normal 1 0 0
    outer loop
      vertex 33 28 110.5
      vertex 33 -28 110.5
      vertex 33 28 92.5
    endloop
  endfacet
  facet normal 1 -0 0
    outer loop
      vertex 33 28 92.5
      vertex 33 31 54.5
      vertex 33 31 92.5
    endloop
  endfacet
  facet normal 1 0 0
    outer loop
      vertex 33 -28 92.5
      vertex 33 28 92.5
      vertex 33 -28 110.5
    endloop
  endfacet
  facet normal 1 0 0
    outer loop
      vertex 33 28 92.5
      vertex 33 -28 92.5
      vertex 33 31 54.5
    endloop
  endfacet
  facet normal 1 0 0
    outer loop
      vertex 33 -31 54.5
      vertex 33 -28 92.5
      vertex 33 -31 92.5
    endloop
  endfacet
  facet normal 1 0 0
    outer loop
      vertex 33 -28 92.5
      vertex 33 -31 54.5
      vertex 33 31 54.5
    endloop
  endfacet
  facet normal -0 0 1
    outer loop
      vertex 33 31 20.5
      vertex 37 -31 20.5
      vertex 37 31 20.5
    endloop
  endfacet
  facet normal 0 0 1
    outer loop
      vertex 37 -31 20.5
      vertex 33 31 20.5
      vertex 33 -31 20.5
    endloop
  endfacet
  facet normal 0 1 0
    outer loop
      vertex 37 -31 92.5
      vertex 34 -31 54.5
      vertex 33 -31 92.5
    endloop
  endfacet
  facet normal 0 1 -0
    outer loop
      vertex 37 -31 20.5
      vertex 34 -31 54.5
      vertex 37 -31 92.5
    endloop
  endfacet
  facet normal 0 1 0
    outer loop
      vertex 34 -31 54.5
      vertex 37 -31 20.5
      vertex 34 -31 47.5
    endloop
  endfacet
  facet normal 0 1 0
    outer loop
      vertex 33 -31 20.5
      vertex 34 -31 47.5
      vertex 37 -31 20.5
    endloop
  endfacet
  facet normal 0 1 0
    outer loop
      vertex 34 -31 47.5
      vertex 33 -31 20.5
      vertex 33 -31 47.5
    endloop
  endfacet
  facet normal 0 1 0
    outer loop
      vertex 33 -31 92.5
      vertex 34 -31 54.5
      vertex 33 -31 54.5
    endloop
  endfacet
  facet normal 0 -1 0
    outer loop
      vertex 33 31 47.5
      vertex 33 31 20.5
      vertex 34 31 47.5
    endloop
  endfacet
  facet normal 0 -1 0
    outer loop
      vertex 34 31 54.5
      vertex 33 31 92.5
      vertex 33 31 54.5
    endloop
  endfacet
  facet normal 0 -1 0
    outer loop
      vertex 33 31 92.5
      vertex 34 31 54.5
      vertex 37 31 92.5
    endloop
  endfacet
  facet normal 0 -1 0
    outer loop
      vertex 37 31 20.5
      vertex 34 31 54.5
      vertex 34 31 47.5
    endloop
  endfacet
  facet normal 0 -1 0
    outer loop
      vertex 37 31 20.5
      vertex 34 31 47.5
      vertex 33 31 20.5
    endloop
  endfacet
  facet normal 0 -1 0
    outer loop
      vertex 34 31 54.5
      vertex 37 31 20.5
      vertex 37 31 92.5
    endloop
  endfacet
  facet normal 1 -0 0
    outer loop
      vertex 37 -31 110.5
      vertex 37 -28 92.5
      vertex 37 -28 110.5
    endloop
  endfacet
  facet normal 1 0 0
    outer loop
      vertex 37 -28 92.5
      vertex 37 -31 110.5
      vertex 37 -31 92.5
    endloop
  endfacet
  facet normal 1 -0 0
    outer loop
      vertex 37 28 110.5
      vertex 37 31 92.5
      vertex 37 31 110.5
    endloop
  endfacet
  facet normal 1 0 0
    outer loop
      vertex 37 31 92.5
      vertex 37 28 110.5
      vertex 37 28 92.5
    endloop
  endfacet
  facet normal -1 0 0
    outer loop
      vertex 26 -29 96.5
      vertex 26 29 110.5
      vertex 26 29 96.5
    endloop
  endfacet
  facet normal -1 -0 0
    outer loop
      vertex 26 29 110.5
      vertex 26 -29 96.5
      vertex 26 -29 110.5
    endloop
  endfacet
  facet normal 0 1 0
    outer loop
      vertex 33 31 92.5
      vertex 37 31 110.5
      vertex 37 31 92.5
    endloop
  endfacet
  facet normal 0 1 0
    outer loop
      vertex 37 31 110.5
      vertex 33 31 92.5
      vertex 29 31 110.5
    endloop
  endfacet
  facet normal 0 1 -0
    outer loop
      vertex 31 31 92.5
      vertex 29 31 110.5
      vertex 33 31 92.5
    endloop
  endfacet
  facet normal 0 1 0
    outer loop
      vertex 29 31 110.5
      vertex 31 31 92.5
      vertex 29 31 92.5
    endloop
  endfacet
  facet normal -0.8 0 -0.6
    outer loop
      vertex 29 31 92.5
      vertex 26 -29 96.5
      vertex 26 29 96.5
    endloop
  endfacet
  facet normal -0.8 0 -0.6
    outer loop
      vertex 26 -29 96.5
      vertex 29 31 92.5
      vertex 29 -31 92.5
    endloop
  endfacet
  facet normal 0 0 1
    outer loop
      vertex 37 31 110.5
      vertex 33 28 110.5
      vertex 37 28 110.5
    endloop
  endfacet
  facet normal -0 0 1
    outer loop
      vertex 26 29 110.5
      vertex 33 28 110.5
      vertex 29 31 110.5
    endloop
  endfacet
  facet normal -0 0 1
    outer loop
      vertex 29 31 110.5
      vertex 33 28 110.5
      vertex 37 31 110.5
    endloop
  endfacet
  facet normal -0 0 1
    outer loop
      vertex 33 -28 110.5
      vertex 37 -31 110.5
      vertex 37 -28 110.5
    endloop
  endfacet
  facet normal 0 0 1
    outer loop
      vertex 33 -28 110.5
      vertex 29 -31 110.5
      vertex 37 -31 110.5
    endloop
  endfacet
  facet normal 0 0 1
    outer loop
      vertex 33 28 110.5
      vertex 26 29 110.5
      vertex 33 -28 110.5
    endloop
  endfacet
  facet normal 0 0 1
    outer loop
      vertex 26 -29 110.5
      vertex 33 -28 110.5
      vertex 26 29 110.5
    endloop
  endfacet
  facet normal 0 0 1
    outer loop
      vertex 33 -28 110.5
      vertex 26 -29 110.5
      vertex 29 -31 110.5
    endloop
  endfacet
  facet normal -0.5547 0.83205 0
    outer loop
      vertex 29 31 110.5
      vertex 26 29 96.5
      vertex 26 29 110.5
    endloop
  endfacet
  facet normal -0.5547 0.83205 0
    outer loop
      vertex 26 29 96.5
      vertex 29 31 110.5
      vertex 29 31 92.5
    endloop
  endfacet
  facet normal -0.5547 -0.83205 0
    outer loop
      vertex 26 -29 96.5
      vertex 29 -31 110.5
      vertex 26 -29 110.5
    endloop
  endfacet
  facet normal -0.5547 -0.83205 -0
    outer loop
      vertex 29 -31 110.5
      vertex 26 -29 96.5
      vertex 29 -31 92.5
    endloop
  endfacet
  facet normal 0 -1 0
    outer loop
      vertex 31 -31 92.5
      vertex 29 -31 110.5
      vertex 29 -31 92.5
    endloop
  endfacet
  facet normal 0 -1 0
    outer loop
      vertex 33 -31 92.5
      vertex 29 -31 110.5
      vertex 31 -31 92.5
    endloop
  endfacet
  facet normal 0 -1 0
    outer loop
      vertex 29 -31 110.5
      vertex 33 -31 92.5
      vertex 37 -31 110.5
    endloop
  endfacet
  facet normal 0 -1 -0
    outer loop
      vertex 37 -31 110.5
      vertex 33 -31 92.5
      vertex 37 -31 92.5
    endloop
  endfacet
  facet normal 0 1 -0
    outer loop
      vertex 37 -28 92.5
      vertex 33 -28 110.5
      vertex 37 -28 110.5
    endloop
  endfacet
  facet normal 0 1 0
    outer loop
      vertex 33 -28 110.5
      vertex 37 -28 92.5
      vertex 33 -28 92.5
    endloop
  endfacet
  facet normal 0 -1 0
    outer loop
      vertex 33 28 92.5
      vertex 37 28 110.5
      vertex 33 28 110.5
    endloop
  endfacet
  facet normal 0 -1 -0
    outer loop
      vertex 37 28 110.5
      vertex 33 28 92.5
      vertex 37 28 92.5
    endloop
  endfacet
  facet normal 0.965914 0.258865 0
    outer loop
      vertex 35.5 0 46
      vertex 35.299 0.75 45.5
      vertex 35.299 0.75 46
    endloop
  endfacet
  facet normal 0.965914 0.258865 0
    outer loop
      vertex 35.299 0.75 45.5
      vertex 35.5 0 46
      vertex 35.5 0 45.5
    endloop
  endfacet
  facet normal 0.965914 0.258865 0
    outer loop
      vertex 35.5 0 51.5
      vertex 35.299 0.75 51
      vertex 35.299 0.75 51.5
    endloop
  endfacet
  facet normal 0.965914 0.258865 0
    outer loop
      vertex 35.299 0.75 51
      vertex 35.5 0 51.5
      vertex 35.5 0 51
    endloop
  endfacet
  facet normal -0.258817 0.965926 0
    outer loop
      vertex 34 1.5 45.5
      vertex 33.25 1.29904 46
      vertex 34 1.5 46
    endloop
  endfacet
  facet normal -0.258817 0.965926 0
    outer loop
      vertex 33.25 1.29904 46
      vertex 34 1.5 45.5
      vertex 33.25 1.29904 45.5
    endloop
  endfacet
  facet normal -0.707107 0.707107 0
    outer loop
      vertex 33.25 1.29904 45.5
      vertex 33 1.04904 46
      vertex 33.25 1.29904 46
    endloop
  endfacet
  facet normal -0.707107 0.707107 0
    outer loop
      vertex 33 1.04904 46
      vertex 33.25 1.29904 45.5
      vertex 33 1.04904 45.5
    endloop
  endfacet
  facet normal 0.965914 -0.258865 0
    outer loop
      vertex 35.299 -0.75 51.5
      vertex 35.5 0 51
      vertex 35.5 0 51.5
    endloop
  endfacet
  facet normal 0.965914 -0.258865 0
    outer loop
      vertex 35.5 0 51
      vertex 35.299 -0.75 51.5
      vertex 35.299 -0.75 51
    endloop
  endfacet
  facet normal 0.965914 -0.258865 0
    outer loop
      vertex 35.299 -0.75 46
      vertex 35.5 0 45.5
      vertex 35.5 0 46
    endloop
  endfacet
  facet normal 0.965914 -0.258865 0
    outer loop
      vertex 35.5 0 45.5
      vertex 35.299 -0.75 46
      vertex 35.299 -0.75 45.5
    endloop
  endfacet
  facet normal 0.258817 0.965926 -0
    outer loop
      vertex 34.75 1.29904 45.5
      vertex 34 1.5 46
      vertex 34.75 1.29904 46
    endloop
  endfacet
  facet normal 0.258817 0.965926 0
    outer loop
      vertex 34 1.5 46
      vertex 34.75 1.29904 45.5
      vertex 34 1.5 45.5
    endloop
  endfacet
  facet normal 0.258817 0.965926 -0
    outer loop
      vertex 34.75 1.29904 51
      vertex 34 1.5 51.5
      vertex 34.75 1.29904 51.5
    endloop
  endfacet
  facet normal 0.258817 0.965926 0
    outer loop
      vertex 34 1.5 51.5
      vertex 34.75 1.29904 51
      vertex 34 1.5 51
    endloop
  endfacet
  facet normal 0.707133 0.707081 0
    outer loop
      vertex 35.299 0.75 46
      vertex 34.75 1.29904 45.5
      vertex 34.75 1.29904 46
    endloop
  endfacet
  facet normal 0.707133 0.707081 0
    outer loop
      vertex 34.75 1.29904 45.5
      vertex 35.299 0.75 46
      vertex 35.299 0.75 45.5
    endloop
  endfacet
  facet normal 0.707133 0.707081 0
    outer loop
      vertex 35.299 0.75 51.5
      vertex 34.75 1.29904 51
      vertex 34.75 1.29904 51.5
    endloop
  endfacet
  facet normal 0.707133 0.707081 0
    outer loop
      vertex 34.75 1.29904 51
      vertex 35.299 0.75 51.5
      vertex 35.299 0.75 51
    endloop
  endfacet
  facet normal 0 0 -1
    outer loop
      vertex 33 -1.04904 45.5
      vertex 35.5 0 45.5
      vertex 35.299 -0.75 45.5
    endloop
  endfacet
  facet normal 0 0 -1
    outer loop
      vertex 33 -1.04904 45.5
      vertex 35.299 -0.75 45.5
      vertex 34.75 -1.29904 45.5
    endloop
  endfacet
  facet normal -0 0 -1
    outer loop
      vertex 35.5 0 45.5
      vertex 33 -1.04904 45.5
      vertex 35.299 0.75 45.5
    endloop
  endfacet
  facet normal 0 0 -1
    outer loop
      vertex 33 -1.04904 45.5
      vertex 34.75 -1.29904 45.5
      vertex 34 -1.5 45.5
    endloop
  endfacet
  facet normal 0 0 -1
    outer loop
      vertex 33 1.04904 45.5
      vertex 35.299 0.75 45.5
      vertex 33 -1.04904 45.5
    endloop
  endfacet
  facet normal 0 0 -1
    outer loop
      vertex 33 -1.04904 45.5
      vertex 34 -1.5 45.5
      vertex 33.25 -1.29904 45.5
    endloop
  endfacet
  facet normal 0 0 -1
    outer loop
      vertex 35.299 0.75 45.5
      vertex 33 1.04904 45.5
      vertex 34.75 1.29904 45.5
    endloop
  endfacet
  facet normal -0 0 -1
    outer loop
      vertex 34.75 1.29904 45.5
      vertex 33 1.04904 45.5
      vertex 34 1.5 45.5
    endloop
  endfacet
  facet normal 0 0 -1
    outer loop
      vertex 34 1.5 45.5
      vertex 33 1.04904 45.5
      vertex 33.25 1.29904 45.5
    endloop
  endfacet
  facet normal -0.707107 -0.707107 0
    outer loop
      vertex 33 -1.04904 45.5
      vertex 33.25 -1.29904 46
      vertex 33 -1.04904 46
    endloop
  endfacet
  facet normal -0.707107 -0.707107 -0
    outer loop
      vertex 33.25 -1.29904 46
      vertex 33 -1.04904 45.5
      vertex 33.25 -1.29904 45.5
    endloop
  endfacet
  facet normal 0.258817 -0.965926 0
    outer loop
      vertex 34 -1.5 45.5
      vertex 34.75 -1.29904 46
      vertex 34 -1.5 46
    endloop
  endfacet
  facet normal 0.258817 -0.965926 0
    outer loop
      vertex 34.75 -1.29904 46
      vertex 34 -1.5 45.5
      vertex 34.75 -1.29904 45.5
    endloop
  endfacet
  facet normal 0.258817 -0.965926 0
    outer loop
      vertex 34 -1.5 51
      vertex 34.75 -1.29904 51.5
      vertex 34 -1.5 51.5
    endloop
  endfacet
  facet normal 0.258817 -0.965926 0
    outer loop
      vertex 34.75 -1.29904 51.5
      vertex 34 -1.5 51
      vertex 34.75 -1.29904 51
    endloop
  endfacet
  facet normal 0.707133 -0.707081 0
    outer loop
      vertex 34.75 -1.29904 51.5
      vertex 35.299 -0.75 51
      vertex 35.299 -0.75 51.5
    endloop
  endfacet
  facet normal 0.707133 -0.707081 0
    outer loop
      vertex 35.299 -0.75 51
      vertex 34.75 -1.29904 51.5
      vertex 34.75 -1.29904 51
    endloop
  endfacet
  facet normal 0.707133 -0.707081 0
    outer loop
      vertex 34.75 -1.29904 46
      vertex 35.299 -0.75 45.5
      vertex 35.299 -0.75 46
    endloop
  endfacet
  facet normal 0.707133 -0.707081 0
    outer loop
      vertex 35.299 -0.75 45.5
      vertex 34.75 -1.29904 46
      vertex 34.75 -1.29904 45.5
    endloop
  endfacet
  facet normal 0 0 1
    outer loop
      vertex 35.299 0.75 51.5
      vertex 35.299 -0.75 51.5
      vertex 35.5 0 51.5
    endloop
  endfacet
  facet normal 0 0 1
    outer loop
      vertex 34.75 1.29904 51.5
      vertex 35.299 -0.75 51.5
      vertex 35.299 0.75 51.5
    endloop
  endfacet
  facet normal 0 0 1
    outer loop
      vertex 34.75 1.29904 51.5
      vertex 34.75 -1.29904 51.5
      vertex 35.299 -0.75 51.5
    endloop
  endfacet
  facet normal 0 0 1
    outer loop
      vertex 34 1.5 51.5
      vertex 34.75 -1.29904 51.5
      vertex 34.75 1.29904 51.5
    endloop
  endfacet
  facet normal 0 0 1
    outer loop
      vertex 34.75 -1.29904 51.5
      vertex 34 1.5 51.5
      vertex 34 -1.5 51.5
    endloop
  endfacet
  facet normal -0.258817 -0.965926 0
    outer loop
      vertex 33.25 -1.29904 45.5
      vertex 34 -1.5 46
      vertex 33.25 -1.29904 46
    endloop
  endfacet
  facet normal -0.258817 -0.965926 -0
    outer loop
      vertex 34 -1.5 46
      vertex 33.25 -1.29904 45.5
      vertex 34 -1.5 45.5
    endloop
  endfacet
  facet normal 0.965914 0.258865 0
    outer loop
      vertex 63.5 0 51.5
      vertex 63.299 0.75 51
      vertex 63.299 0.75 51.5
    endloop
  endfacet
  facet normal 0.965914 0.258865 0
    outer loop
      vertex 63.299 0.75 51
      vertex 63.5 0 51.5
      vertex 63.5 0 51
    endloop
  endfacet
  facet normal 0.965914 0.258865 0
    outer loop
      vertex 63.5 0 46
      vertex 63.299 0.75 45.5
      vertex 63.299 0.75 46
    endloop
  endfacet
  facet normal 0.965914 0.258865 0
    outer loop
      vertex 63.299 0.75 45.5
      vertex 63.5 0 46
      vertex 63.5 0 45.5
    endloop
  endfacet
  facet normal -0.258817 0.965926 0
    outer loop
      vertex 62 1.5 45.5
      vertex 61.25 1.29904 46
      vertex 62 1.5 46
    endloop
  endfacet
  facet normal -0.258817 0.965926 0
    outer loop
      vertex 61.25 1.29904 46
      vertex 62 1.5 45.5
      vertex 61.25 1.29904 45.5
    endloop
  endfacet
  facet normal -0.258817 0.965926 0
    outer loop
      vertex 62 1.5 51
      vertex 61.25 1.29904 51.5
      vertex 62 1.5 51.5
    endloop
  endfacet
  facet normal -0.258817 0.965926 0
    outer loop
      vertex 61.25 1.29904 51.5
      vertex 62 1.5 51
      vertex 61.25 1.29904 51
    endloop
  endfacet
  facet normal -0.965914 -0.258865 0
    outer loop
      vertex 60.701 -0.75 45.5
      vertex 60.5 0 46
      vertex 60.5 0 45.5
    endloop
  endfacet
  facet normal -0.965914 -0.258865 0
    outer loop
      vertex 60.5 0 46
      vertex 60.701 -0.75 45.5
      vertex 60.701 -0.75 46
    endloop
  endfacet
  facet normal -0.965914 -0.258865 0
    outer loop
      vertex 60.701 -0.75 51
      vertex 60.5 0 51.5
      vertex 60.5 0 51
    endloop
  endfacet
  facet normal -0.965914 -0.258865 0
    outer loop
      vertex 60.5 0 51.5
      vertex 60.701 -0.75 51
      vertex 60.701 -0.75 51.5
    endloop
  endfacet
  facet normal -0.707133 0.707081 0
    outer loop
      vertex 60.701 0.75 45.5
      vertex 61.25 1.29904 46
      vertex 61.25 1.29904 45.5
    endloop
  endfacet
  facet normal -0.707133 0.707081 0
    outer loop
      vertex 61.25 1.29904 46
      vertex 60.701 0.75 45.5
      vertex 60.701 0.75 46
    endloop
  endfacet
  facet normal -0.707133 0.707081 0
    outer loop
      vertex 60.701 0.75 51
      vertex 61.25 1.29904 51.5
      vertex 61.25 1.29904 51
    endloop
  endfacet
  facet normal -0.707133 0.707081 0
    outer loop
      vertex 61.25 1.29904 51.5
      vertex 60.701 0.75 51
      vertex 60.701 0.75 51.5
    endloop
  endfacet
  facet normal 0.965914 -0.258865 0
    outer loop
      vertex 63.299 -0.75 46
      vertex 63.5 0 45.5
      vertex 63.5 0 46
    endloop
  endfacet
  facet normal 0.965914 -0.258865 0
    outer loop
      vertex 63.5 0 45.5
      vertex 63.299 -0.75 46
      vertex 63.299 -0.75 45.5
    endloop
  endfacet
  facet normal 0.965914 -0.258865 0
    outer loop
      vertex 63.299 -0.75 51.5
      vertex 63.5 0 51
      vertex 63.5 0 51.5
    endloop
  endfacet
  facet normal 0.965914 -0.258865 0
    outer loop
      vertex 63.5 0 51
      vertex 63.299 -0.75 51.5
      vertex 63.299 -0.75 51
    endloop
  endfacet
  facet normal 0.258817 0.965926 -0
    outer loop
      vertex 62.75 1.29904 51
      vertex 62 1.5 51.5
      vertex 62.75 1.29904 51.5
    endloop
  endfacet
  facet normal 0.258817 0.965926 0
    outer loop
      vertex 62 1.5 51.5
      vertex 62.75 1.29904 51
      vertex 62 1.5 51
    endloop
  endfacet
  facet normal 0.258817 0.965926 -0
    outer loop
      vertex 62.75 1.29904 45.5
      vertex 62 1.5 46
      vertex 62.75 1.29904 46
    endloop
  endfacet
  facet normal 0.258817 0.965926 0
    outer loop
      vertex 62 1.5 46
      vertex 62.75 1.29904 45.5
      vertex 62 1.5 45.5
    endloop
  endfacet
  facet normal 0.707133 0.707081 0
    outer loop
      vertex 63.299 0.75 51.5
      vertex 62.75 1.29904 51
      vertex 62.75 1.29904 51.5
    endloop
  endfacet
  facet normal 0.707133 0.707081 0
    outer loop
      vertex 62.75 1.29904 51
      vertex 63.299 0.75 51.5
      vertex 63.299 0.75 51
    endloop
  endfacet
  facet normal 0.707133 0.707081 0
    outer loop
      vertex 63.299 0.75 46
      vertex 62.75 1.29904 45.5
      vertex 62.75 1.29904 46
    endloop
  endfacet
  facet normal 0.707133 0.707081 0
    outer loop
      vertex 62.75 1.29904 45.5
      vertex 63.299 0.75 46
      vertex 63.299 0.75 45.5
    endloop
  endfacet
  facet normal 0 0 -1
    outer loop
      vertex 63.299 -0.75 45.5
      vertex 63.299 0.75 45.5
      vertex 63.5 0 45.5
    endloop
  endfacet
  facet normal 0 0 -1
    outer loop
      vertex 62.75 -1.29904 45.5
      vertex 63.299 0.75 45.5
      vertex 63.299 -0.75 45.5
    endloop
  endfacet
  facet normal 0 0 -1
    outer loop
      vertex 62.75 -1.29904 45.5
      vertex 62.75 1.29904 45.5
      vertex 63.299 0.75 45.5
    endloop
  endfacet
  facet normal 0 0 -1
    outer loop
      vertex 62 -1.5 45.5
      vertex 62.75 1.29904 45.5
      vertex 62.75 -1.29904 45.5
    endloop
  endfacet
  facet normal 0 0 -1
    outer loop
      vertex 62 -1.5 45.5
      vertex 62 1.5 45.5
      vertex 62.75 1.29904 45.5
    endloop
  endfacet
  facet normal 0 0 -1
    outer loop
      vertex 61.25 -1.29904 45.5
      vertex 62 1.5 45.5
      vertex 62 -1.5 45.5
    endloop
  endfacet
  facet normal 0 0 -1
    outer loop
      vertex 61.25 -1.29904 45.5
      vertex 61.25 1.29904 45.5
      vertex 62 1.5 45.5
    endloop
  endfacet
  facet normal 0 0 -1
    outer loop
      vertex 60.701 -0.75 45.5
      vertex 61.25 1.29904 45.5
      vertex 61.25 -1.29904 45.5
    endloop
  endfacet
  facet normal 0 0 -1
    outer loop
      vertex 60.701 -0.75 45.5
      vertex 60.701 0.75 45.5
      vertex 61.25 1.29904 45.5
    endloop
  endfacet
  facet normal 0 -0 -1
    outer loop
      vertex 60.701 0.75 45.5
      vertex 60.701 -0.75 45.5
      vertex 60.5 0 45.5
    endloop
  endfacet
  facet normal -0.707133 -0.707081 0
    outer loop
      vertex 61.25 -1.29904 45.5
      vertex 60.701 -0.75 46
      vertex 60.701 -0.75 45.5
    endloop
  endfacet
  facet normal -0.707133 -0.707081 0
    outer loop
      vertex 60.701 -0.75 46
      vertex 61.25 -1.29904 45.5
      vertex 61.25 -1.29904 46
    endloop
  endfacet
  facet normal -0.707133 -0.707081 0
    outer loop
      vertex 61.25 -1.29904 51
      vertex 60.701 -0.75 51.5
      vertex 60.701 -0.75 51
    endloop
  endfacet
  facet normal -0.707133 -0.707081 0
    outer loop
      vertex 60.701 -0.75 51.5
      vertex 61.25 -1.29904 51
      vertex 61.25 -1.29904 51.5
    endloop
  endfacet
  facet normal 0.258817 -0.965926 0
    outer loop
      vertex 62 -1.5 45.5
      vertex 62.75 -1.29904 46
      vertex 62 -1.5 46
    endloop
  endfacet
  facet normal 0.258817 -0.965926 0
    outer loop
      vertex 62.75 -1.29904 46
      vertex 62 -1.5 45.5
      vertex 62.75 -1.29904 45.5
    endloop
  endfacet
  facet normal 0.258817 -0.965926 0
    outer loop
      vertex 62 -1.5 51
      vertex 62.75 -1.29904 51.5
      vertex 62 -1.5 51.5
    endloop
  endfacet
  facet normal 0.258817 -0.965926 0
    outer loop
      vertex 62.75 -1.29904 51.5
      vertex 62 -1.5 51
      vertex 62.75 -1.29904 51
    endloop
  endfacet
  facet normal 0.707133 -0.707081 0
    outer loop
      vertex 62.75 -1.29904 51.5
      vertex 63.299 -0.75 51
      vertex 63.299 -0.75 51.5
    endloop
  endfacet
  facet normal 0.707133 -0.707081 0
    outer loop
      vertex 63.299 -0.75 51
      vertex 62.75 -1.29904 51.5
      vertex 62.75 -1.29904 51
    endloop
  endfacet
  facet normal 0.707133 -0.707081 0
    outer loop
      vertex 62.75 -1.29904 46
      vertex 63.299 -0.75 45.5
      vertex 63.299 -0.75 46
    endloop
  endfacet
  facet normal 0.707133 -0.707081 0
    outer loop
      vertex 63.299 -0.75 45.5
      vertex 62.75 -1.29904 46
      vertex 62.75 -1.29904 45.5
    endloop
  endfacet
  facet normal 0 0 1
    outer loop
      vertex 63.299 0.75 51.5
      vertex 63.299 -0.75 51.5
      vertex 63.5 0 51.5
    endloop
  endfacet
  facet normal 0 0 1
    outer loop
      vertex 62.75 1.29904 51.5
      vertex 63.299 -0.75 51.5
      vertex 63.299 0.75 51.5
    endloop
  endfacet
  facet normal 0 0 1
    outer loop
      vertex 62.75 1.29904 51.5
      vertex 62.75 -1.29904 51.5
      vertex 63.299 -0.75 51.5
    endloop
  endfacet
  facet normal 0 0 1
    outer loop
      vertex 62 1.5 51.5
      vertex 62.75 -1.29904 51.5
      vertex 62.75 1.29904 51.5
    endloop
  endfacet
  facet normal 0 0 1
    outer loop
      vertex 62 1.5 51.5
      vertex 62 -1.5 51.5
      vertex 62.75 -1.29904 51.5
    endloop
  endfacet
  facet normal -0 0 1
    outer loop
      vertex 61.25 1.29904 51.5
      vertex 62 -1.5 51.5
      vertex 62 1.5 51.5
    endloop
  endfacet
  facet normal 0 0 1
    outer loop
      vertex 61.25 1.29904 51.5
      vertex 61.25 -1.29904 51.5
      vertex 62 -1.5 51.5
    endloop
  endfacet
  facet normal -0 0 1
    outer loop
      vertex 60.701 0.75 51.5
      vertex 61.25 -1.29904 51.5
      vertex 61.25 1.29904 51.5
    endloop
  endfacet
  facet normal 0 0 1
    outer loop
      vertex 60.701 0.75 51.5
      vertex 60.701 -0.75 51.5
      vertex 61.25 -1.29904 51.5
    endloop
  endfacet
  facet normal 0 -0 1
    outer loop
      vertex 60.701 -0.75 51.5
      vertex 60.701 0.75 51.5
      vertex 60.5 0 51.5
    endloop
  endfacet
  facet normal -0.965914 0.258865 0
    outer loop
      vertex 60.5 0 45.5
      vertex 60.701 0.75 46
      vertex 60.701 0.75 45.5
    endloop
  endfacet
  facet normal -0.965914 0.258865 0
    outer loop
      vertex 60.701 0.75 46
      vertex 60.5 0 45.5
      vertex 60.5 0 46
    endloop
  endfacet
  facet normal -0.965914 0.258865 0
    outer loop
      vertex 60.5 0 51
      vertex 60.701 0.75 51.5
      vertex 60.701 0.75 51
    endloop
  endfacet
  facet normal -0.965914 0.258865 0
    outer loop
      vertex 60.701 0.75 51.5
      vertex 60.5 0 51
      vertex 60.5 0 51.5
    endloop
  endfacet
  facet normal -0.258817 -0.965926 0
    outer loop
      vertex 61.25 -1.29904 45.5
      vertex 62 -1.5 46
      vertex 61.25 -1.29904 46
    endloop
  endfacet
  facet normal -0.258817 -0.965926 -0
    outer loop
      vertex 62 -1.5 46
      vertex 61.25 -1.29904 45.5
      vertex 62 -1.5 45.5
    endloop
  endfacet
  facet normal -0.258817 -0.965926 0
    outer loop
      vertex 61.25 -1.29904 51
      vertex 62 -1.5 51.5
      vertex 61.25 -1.29904 51.5
    endloop
  endfacet
  facet normal -0.258817 -0.965926 -0
    outer loop
      vertex 62 -1.5 51.5
      vertex 61.25 -1.29904 51
      vertex 62 -1.5 51
    endloop
  endfacet
  facet normal -0.849057 0 0.528301
    outer loop
      vertex -54.8222 -16 39
      vertex -43 -12 58
      vertex -54.8222 -12 39
    endloop
  endfacet
  facet normal -0.849057 0 0.528301
    outer loop
      vertex -43 -12 58
      vertex -54.8222 -16 39
      vertex -43 -16 58
    endloop
  endfacet
  facet normal 1 -0 0
    outer loop
      vertex -37 -16 58
      vertex -37 -12 54.5
      vertex -37 -12 58
    endloop
  endfacet
  facet normal 1 0 0
    outer loop
      vertex -37 -12 54.5
      vertex -37 -16 58
      vertex -37 -16 54.5
    endloop
  endfacet
  facet normal 0 0 -1
    outer loop
      vertex -57 -16 32.5
      vertex -51 -12 32.5
      vertex -51 -16 32.5
    endloop
  endfacet
  facet normal -0 0 -1
    outer loop
      vertex -51 -12 32.5
      vertex -57 -16 32.5
      vertex -57 -12 32.5
    endloop
  endfacet
  facet normal 0.825798 0 -0.563965
    outer loop
      vertex -49.9756 -16 34
      vertex -51 -12 32.5
      vertex -49.9756 -12 34
    endloop
  endfacet
  facet normal 0.825798 0 -0.563965
    outer loop
      vertex -51 -12 32.5
      vertex -49.9756 -16 34
      vertex -51 -16 32.5
    endloop
  endfacet
  facet normal 0.8258 0 -0.563963
    outer loop
      vertex -38 -16 51.5357
      vertex -46.561 -12 39
      vertex -38 -12 51.5357
    endloop
  endfacet
  facet normal 0.8258 0 -0.563963
    outer loop
      vertex -46.561 -12 39
      vertex -38 -16 51.5357
      vertex -46.561 -16 39
    endloop
  endfacet
  facet normal 0 -1 0
    outer loop
      vertex -43 -16 58
      vertex -38 -16 54.5
      vertex -37 -16 58
    endloop
  endfacet
  facet normal 0 -1 0
    outer loop
      vertex -43 -16 58
      vertex -38 -16 51.5357
      vertex -38 -16 54.5
    endloop
  endfacet
  facet normal 0 -1 0
    outer loop
      vertex -46.561 -16 39
      vertex -43 -16 58
      vertex -54.8222 -16 39
    endloop
  endfacet
  facet normal 0 -1 -0
    outer loop
      vertex -43 -16 58
      vertex -46.561 -16 39
      vertex -38 -16 51.5357
    endloop
  endfacet
  facet normal 0 -1 -0
    outer loop
      vertex -37 -16 58
      vertex -38 -16 54.5
      vertex -37 -16 54.5
    endloop
  endfacet
  facet normal 0 -1 0
    outer loop
      vertex -51 -16 32.5
      vertex -57 -16 34
      vertex -57 -16 32.5
    endloop
  endfacet
  facet normal 0 -1 0
    outer loop
      vertex -57 -16 34
      vertex -51 -16 32.5
      vertex -49.9756 -16 34
    endloop
  endfacet
  facet normal -0 0 1
    outer loop
      vertex -43 -12 58
      vertex -37 -16 58
      vertex -37 -12 58
    endloop
  endfacet
  facet normal 0 0 1
    outer loop
      vertex -37 -16 58
      vertex -43 -12 58
      vertex -43 -16 58
    endloop
  endfacet
  facet normal -1 0 0
    outer loop
      vertex -57 -16 32.5
      vertex -57 -12 34
      vertex -57 -12 32.5
    endloop
  endfacet
  facet normal -1 -0 0
    outer loop
      vertex -57 -12 34
      vertex -57 -16 32.5
      vertex -57 -16 34
    endloop
  endfacet
  facet normal 0 1 0
    outer loop
      vertex -38 -12 54.5
      vertex -37 -12 58
      vertex -37 -12 54.5
    endloop
  endfacet
  facet normal 0 1 0
    outer loop
      vertex -37 -12 58
      vertex -38 -12 54.5
      vertex -43 -12 58
    endloop
  endfacet
  facet normal 0 1 -0
    outer loop
      vertex -38 -12 51.5357
      vertex -43 -12 58
      vertex -38 -12 54.5
    endloop
  endfacet
  facet normal 0 1 0
    outer loop
      vertex -46.561 -12 39
      vertex -43 -12 58
      vertex -38 -12 51.5357
    endloop
  endfacet
  facet normal 0 1 0
    outer loop
      vertex -43 -12 58
      vertex -46.561 -12 39
      vertex -54.8222 -12 39
    endloop
  endfacet
  facet normal 0 1 -0
    outer loop
      vertex -51 -12 32.5
      vertex -57 -12 34
      vertex -49.9756 -12 34
    endloop
  endfacet
  facet normal 0 1 0
    outer loop
      vertex -57 -12 34
      vertex -51 -12 32.5
      vertex -57 -12 32.5
    endloop
  endfacet
  facet normal -0 0 1
    outer loop
      vertex -43 16 58
      vertex -37 12 58
      vertex -37 16 58
    endloop
  endfacet
  facet normal 0 0 1
    outer loop
      vertex -37 12 58
      vertex -43 16 58
      vertex -43 12 58
    endloop
  endfacet
  facet normal -0.849057 0 0.528301
    outer loop
      vertex -54.8222 12 39
      vertex -43 16 58
      vertex -54.8222 16 39
    endloop
  endfacet
  facet normal -0.849057 0 0.528301
    outer loop
      vertex -43 16 58
      vertex -54.8222 12 39
      vertex -43 12 58
    endloop
  endfacet
  facet normal 1 -0 0
    outer loop
      vertex -37 12 58
      vertex -37 16 54.5
      vertex -37 16 58
    endloop
  endfacet
  facet normal 1 0 0
    outer loop
      vertex -37 16 54.5
      vertex -37 12 58
      vertex -37 12 54.5
    endloop
  endfacet
  facet normal 0.825798 0 -0.563965
    outer loop
      vertex -49.9756 12 34
      vertex -51 16 32.5
      vertex -49.9756 16 34
    endloop
  endfacet
  facet normal 0.825798 0 -0.563965
    outer loop
      vertex -51 16 32.5
      vertex -49.9756 12 34
      vertex -51 12 32.5
    endloop
  endfacet
  facet normal 0.8258 0 -0.563963
    outer loop
      vertex -38 12 51.5357
      vertex -46.561 16 39
      vertex -38 16 51.5357
    endloop
  endfacet
  facet normal 0.8258 0 -0.563963
    outer loop
      vertex -46.561 16 39
      vertex -38 12 51.5357
      vertex -46.561 12 39
    endloop
  endfacet
  facet normal 0 -1 0
    outer loop
      vertex -43 12 58
      vertex -38 12 54.5
      vertex -37 12 58
    endloop
  endfacet
  facet normal 0 -1 0
    outer loop
      vertex -43 12 58
      vertex -38 12 51.5357
      vertex -38 12 54.5
    endloop
  endfacet
  facet normal 0 -1 0
    outer loop
      vertex -46.561 12 39
      vertex -43 12 58
      vertex -54.8222 12 39
    endloop
  endfacet
  facet normal 0 -1 -0
    outer loop
      vertex -43 12 58
      vertex -46.561 12 39
      vertex -38 12 51.5357
    endloop
  endfacet
  facet normal 0 -1 -0
    outer loop
      vertex -37 12 58
      vertex -38 12 54.5
      vertex -37 12 54.5
    endloop
  endfacet
  facet normal 0 -1 0
    outer loop
      vertex -51 12 32.5
      vertex -57 12 34
      vertex -57 12 32.5
    endloop
  endfacet
  facet normal 0 -1 0
    outer loop
      vertex -57 12 34
      vertex -51 12 32.5
      vertex -49.9756 12 34
    endloop
  endfacet
  facet normal -1 0 0
    outer loop
      vertex -57 12 32.5
      vertex -57 16 34
      vertex -57 16 32.5
    endloop
  endfacet
  facet normal -1 -0 0
    outer loop
      vertex -57 16 34
      vertex -57 12 32.5
      vertex -57 12 34
    endloop
  endfacet
  facet normal 0 1 0
    outer loop
      vertex -38 16 54.5
      vertex -37 16 58
      vertex -37 16 54.5
    endloop
  endfacet
  facet normal 0 1 0
    outer loop
      vertex -37 16 58
      vertex -38 16 54.5
      vertex -43 16 58
    endloop
  endfacet
  facet normal 0 1 -0
    outer loop
      vertex -38 16 51.5357
      vertex -43 16 58
      vertex -38 16 54.5
    endloop
  endfacet
  facet normal 0 1 0
    outer loop
      vertex -46.561 16 39
      vertex -43 16 58
      vertex -38 16 51.5357
    endloop
  endfacet
  facet normal 0 1 0
    outer loop
      vertex -43 16 58
      vertex -46.561 16 39
      vertex -54.8222 16 39
    endloop
  endfacet
  facet normal 0 1 -0
    outer loop
      vertex -51 16 32.5
      vertex -57 16 34
      vertex -49.9756 16 34
    endloop
  endfacet
  facet normal 0 1 0
    outer loop
      vertex -57 16 34
      vertex -51 16 32.5
      vertex -57 16 32.5
    endloop
  endfacet
  facet normal 0 0 -1
    outer loop
      vertex -57 12 32.5
      vertex -51 16 32.5
      vertex -51 12 32.5
    endloop
  endfacet
  facet normal -0 0 -1
    outer loop
      vertex -51 16 32.5
      vertex -57 12 32.5
      vertex -57 16 32.5
    endloop
  endfacet
  facet normal -1 0 0
    outer loop
      vertex -68 -19 34
      vertex -68 19 39
      vertex -68 19 34
    endloop
  endfacet
  facet normal -1 -0 0
    outer loop
      vertex -68 19 39
      vertex -68 -19 34
      vertex -68 -19 39
    endloop
  endfacet
  facet normal -0 0 1
    outer loop
      vertex -54.8222 12 39
      vertex -46.561 -12 39
      vertex -46.561 12 39
    endloop
  endfacet
  facet normal 0 0 1
    outer loop
      vertex -46.561 -12 39
      vertex -54.8222 12 39
      vertex -54.8222 -12 39
    endloop
  endfacet
  facet normal 0 0 1
    outer loop
      vertex -32 19 39
      vertex -33 14 39
      vertex -32 -19 39
    endloop
  endfacet
  facet normal 0 0 1
    outer loop
      vertex -32 19 39
      vertex -37 14 39
      vertex -33 14 39
    endloop
  endfacet
  facet normal 0 0 1
    outer loop
      vertex -46.561 12 39
      vertex -37 14 39
      vertex -46.561 16 39
    endloop
  endfacet
  facet normal 0 0 1
    outer loop
      vertex -32 19 39
      vertex -46.561 16 39
      vertex -37 14 39
    endloop
  endfacet
  facet normal -0 0 1
    outer loop
      vertex -68 19 39
      vertex -46.561 16 39
      vertex -32 19 39
    endloop
  endfacet
  facet normal -0 0 1
    outer loop
      vertex -63 14 39
      vertex -54.8222 12 39
      vertex -54.8222 16 39
    endloop
  endfacet
  facet normal 0 0 1
    outer loop
      vertex -54.8222 12 39
      vertex -63 14 39
      vertex -54.8222 -12 39
    endloop
  endfacet
  facet normal 0 0 1
    outer loop
      vertex -63 -14 39
      vertex -54.8222 -12 39
      vertex -63 14 39
    endloop
  endfacet
  facet normal 0 0 1
    outer loop
      vertex -68 19 39
      vertex -63 14 39
      vertex -54.8222 16 39
    endloop
  endfacet
  facet normal 0 0 1
    outer loop
      vertex -67 14 39
      vertex -68 19 39
      vertex -67 -14 39
    endloop
  endfacet
  facet normal 0 0 1
    outer loop
      vertex -63 14 39
      vertex -68 19 39
      vertex -67 14 39
    endloop
  endfacet
  facet normal 0 0 1
    outer loop
      vertex -46.561 16 39
      vertex -68 19 39
      vertex -54.8222 16 39
    endloop
  endfacet
  facet normal -0 0 1
    outer loop
      vertex -33 -14 39
      vertex -32 -19 39
      vertex -33 14 39
    endloop
  endfacet
  facet normal -0 0 1
    outer loop
      vertex -37 -14 39
      vertex -32 -19 39
      vertex -33 -14 39
    endloop
  endfacet
  facet normal 0 0 1
    outer loop
      vertex -37 14 39
      vertex -46.561 12 39
      vertex -37 -14 39
    endloop
  endfacet
  facet normal -0 0 1
    outer loop
      vertex -46.561 -12 39
      vertex -37 -14 39
      vertex -46.561 12 39
    endloop
  endfacet
  facet normal 0 0 1
    outer loop
      vertex -46.561 -16 39
      vertex -37 -14 39
      vertex -46.561 -12 39
    endloop
  endfacet
  facet normal 0 0 1
    outer loop
      vertex -37 -14 39
      vertex -46.561 -16 39
      vertex -32 -19 39
    endloop
  endfacet
  facet normal 0 0 1
    outer loop
      vertex -68 -19 39
      vertex -46.561 -16 39
      vertex -54.8222 -16 39
    endloop
  endfacet
  facet normal 0 0 1
    outer loop
      vertex -54.8222 -12 39
      vertex -63 -14 39
      vertex -54.8222 -16 39
    endloop
  endfacet
  facet normal 0 0 1
    outer loop
      vertex -68 -19 39
      vertex -63 -14 39
      vertex -67 -14 39
    endloop
  endfacet
  facet normal 0 0 1
    outer loop
      vertex -46.561 -16 39
      vertex -68 -19 39
      vertex -32 -19 39
    endloop
  endfacet
  facet normal 0 0 1
    outer loop
      vertex -63 -14 39
      vertex -68 -19 39
      vertex -54.8222 -16 39
    endloop
  endfacet
  facet normal 0 0 1
    outer loop
      vertex -68 -19 39
      vertex -67 -14 39
      vertex -68 19 39
    endloop
  endfacet
  facet normal 1 -0 0
    outer loop
      vertex -32 -19 39
      vertex -32 19 34
      vertex -32 19 39
    endloop
  endfacet
  facet normal 1 0 0
    outer loop
      vertex -32 19 34
      vertex -32 -19 39
      vertex -32 -19 34
    endloop
  endfacet
  facet normal 0 1 -0
    outer loop
      vertex -32 19 34
      vertex -68 19 39
      vertex -32 19 39
    endloop
  endfacet
  facet normal 0 1 0
    outer loop
      vertex -68 19 39
      vertex -32 19 34
      vertex -68 19 34
    endloop
  endfacet
  facet normal 0 0 -1
    outer loop
      vertex -57 -12 34
      vertex -49.9756 12 34
      vertex -49.9756 -12 34
    endloop
  endfacet
  facet normal -0 0 -1
    outer loop
      vertex -49.9756 12 34
      vertex -57 -12 34
      vertex -57 12 34
    endloop
  endfacet
  facet normal 0 0 -1
    outer loop
      vertex -49.9756 -12 34
      vertex -32 -19 34
      vertex -49.9756 -16 34
    endloop
  endfacet
  facet normal 0 0 -1
    outer loop
      vertex -68 -19 34
      vertex -49.9756 -16 34
      vertex -32 -19 34
    endloop
  endfacet
  facet normal 0 0 -1
    outer loop
      vertex -68 -19 34
      vertex -57 -12 34
      vertex -57 -16 34
    endloop
  endfacet
  facet normal -0 0 -1
    outer loop
      vertex -57 -12 34
      vertex -68 -19 34
      vertex -57 12 34
    endloop
  endfacet
  facet normal 0 0 -1
    outer loop
      vertex -68 19 34
      vertex -57 12 34
      vertex -68 -19 34
    endloop
  endfacet
  facet normal -0 0 -1
    outer loop
      vertex -49.9756 -16 34
      vertex -68 -19 34
      vertex -57 -16 34
    endloop
  endfacet
  facet normal 0 0 -1
    outer loop
      vertex -32 -19 34
      vertex -49.9756 -12 34
      vertex -32 19 34
    endloop
  endfacet
  facet normal 0 0 -1
    outer loop
      vertex -49.9756 12 34
      vertex -32 19 34
      vertex -49.9756 -12 34
    endloop
  endfacet
  facet normal 0 0 -1
    outer loop
      vertex -49.9756 16 34
      vertex -32 19 34
      vertex -49.9756 12 34
    endloop
  endfacet
  facet normal 0 0 -1
    outer loop
      vertex -68 19 34
      vertex -49.9756 16 34
      vertex -57 16 34
    endloop
  endfacet
  facet normal 0 0 -1
    outer loop
      vertex -49.9756 16 34
      vertex -68 19 34
      vertex -32 19 34
    endloop
  endfacet
  facet normal 0 0 -1
    outer loop
      vertex -57 12 34
      vertex -68 19 34
      vertex -57 16 34
    endloop
  endfacet
  facet normal 0 -1 0
    outer loop
      vertex -68 -19 34
      vertex -32 -19 39
      vertex -68 -19 39
    endloop
  endfacet
  facet normal 0 -1 -0
    outer loop
      vertex -32 -19 39
      vertex -68 -19 34
      vertex -32 -19 34
    endloop
  endfacet
  facet normal -1 0 0
    outer loop
      vertex -67 -14 39
      vertex -67 14 42
      vertex -67 14 39
    endloop
  endfacet
  facet normal -1 -0 0
    outer loop
      vertex -67 14 42
      vertex -67 -14 39
      vertex -67 -14 42
    endloop
  endfacet
  facet normal -0 0 1
    outer loop
      vertex -67 14 42
      vertex -63 -14 42
      vertex -63 14 42
    endloop
  endfacet
  facet normal 0 0 1
    outer loop
      vertex -63 -14 42
      vertex -67 14 42
      vertex -67 -14 42
    endloop
  endfacet
  facet normal 1 -0 0
    outer loop
      vertex -63 -14 42
      vertex -63 14 39
      vertex -63 14 42
    endloop
  endfacet
  facet normal 1 0 0
    outer loop
      vertex -63 14 39
      vertex -63 -14 42
      vertex -63 -14 39
    endloop
  endfacet
  facet normal 0 1 -0
    outer loop
      vertex -63 14 39
      vertex -67 14 42
      vertex -63 14 42
    endloop
  endfacet
  facet normal 0 1 0
    outer loop
      vertex -67 14 42
      vertex -63 14 39
      vertex -67 14 39
    endloop
  endfacet
  facet normal 0 -1 0
    outer loop
      vertex -67 -14 39
      vertex -63 -14 42
      vertex -67 -14 42
    endloop
  endfacet
  facet normal 0 -1 -0
    outer loop
      vertex -63 -14 42
      vertex -67 -14 39
      vertex -63 -14 39
    endloop
  endfacet
  facet normal -1 0 0
    outer loop
      vertex -37 -14 39
      vertex -37 14 43.5
      vertex -37 14 39
    endloop
  endfacet
  facet normal -1 -0 0
    outer loop
      vertex -37 14 43.5
      vertex -37 -14 39
      vertex -37 -14 43.5
    endloop
  endfacet
  facet normal -0 0 1
    outer loop
      vertex -37 14 43.5
      vertex -33 -14 43.5
      vertex -33 14 43.5
    endloop
  endfacet
  facet normal 0 0 1
    outer loop
      vertex -33 -14 43.5
      vertex -37 14 43.5
      vertex -37 -14 43.5
    endloop
  endfacet
  facet normal 1 -0 0
    outer loop
      vertex -33 -14 43.5
      vertex -33 14 39
      vertex -33 14 43.5
    endloop
  endfacet
  facet normal 1 0 0
    outer loop
      vertex -33 14 39
      vertex -33 -14 43.5
      vertex -33 -14 39
    endloop
  endfacet
  facet normal 0 1 -0
    outer loop
      vertex -33 14 39
      vertex -37 14 43.5
      vertex -33 14 43.5
    endloop
  endfacet
  facet normal 0 1 0
    outer loop
      vertex -37 14 43.5
      vertex -33 14 39
      vertex -37 14 39
    endloop
  endfacet
  facet normal 0 -1 0
    outer loop
      vertex -37 -14 39
      vertex -33 -14 43.5
      vertex -37 -14 43.5
    endloop
  endfacet
  facet normal 0 -1 -0
    outer loop
      vertex -33 -14 43.5
      vertex -37 -14 39
      vertex -33 -14 39
    endloop
  endfacet
endsolid OpenSCAD_Model
