solid OpenSCAD_Model
  facet normal 0.991443 -0 0.130538
    outer loop
      vertex 56.6933 -5.5 24.3294
      vertex 57 -0.5 22
      vertex 56.6933 -0.5 24.3294
    endloop
  endfacet
  facet normal 0.991443 0 0.130538
    outer loop
      vertex 57 -0.5 22
      vertex 56.6933 -5.5 24.3294
      vertex 57 -5.5 22
    endloop
  endfacet
  facet normal -0.991443 0 0.130538
    outer loop
      vertex 39 -5.5 22
      vertex 39.3067 -0.5 24.3294
      vertex 39 -0.5 22
    endloop
  endfacet
  facet normal -0.991443 0 0.130538
    outer loop
      vertex 39.3067 -0.5 24.3294
      vertex 39 -5.5 22
      vertex 39.3067 -5.5 24.3294
    endloop
  endfacet
  facet normal 0.130617 0 0.991433
    outer loop
      vertex 50.3294 -5.47394 30.6933
      vertex 50.2664 -5.5 30.7016
      vertex 50.3294 -5.5 30.6933
    endloop
  endfacet
  facet normal 0.608649 6.01382e-05 0.79344
    outer loop
      vertex 53.7956 -1.55291 28.8001
      vertex 54.364 -0.5 28.364
      vertex 53.9342 -0.5 28.6937
    endloop
  endfacet
  facet normal 0.608719 0 0.793386
    outer loop
      vertex 54.364 -0.5 28.364
      vertex 53.7956 -1.55291 28.8001
      vertex 54.364 -5.5 28.364
    endloop
  endfacet
  facet normal 0.60879 1.63373e-05 0.793331
    outer loop
      vertex 53.1962 -3 29.2601
      vertex 54.364 -5.5 28.364
      vertex 53.7956 -1.55291 28.8001
    endloop
  endfacet
  facet normal 0.608714 -4.04746e-05 0.79339
    outer loop
      vertex 52.5 -3.90724 29.7942
      vertex 54.364 -5.5 28.364
      vertex 53.1962 -3 29.2601
    endloop
  endfacet
  facet normal 0.608735 0 0.793373
    outer loop
      vertex 54.364 -5.5 28.364
      vertex 52.5 -3.90724 29.7942
      vertex 52.5 -5.5 29.7942
    endloop
  endfacet
  facet normal 0.923878 -0 0.382686
    outer loop
      vertex 55.7942 -5.5 26.5
      vertex 56.6933 -0.5 24.3294
      vertex 55.7942 -0.5 26.5
    endloop
  endfacet
  facet normal 0.923878 0 0.382686
    outer loop
      vertex 56.6933 -0.5 24.3294
      vertex 55.7942 -5.5 26.5
      vertex 56.6933 -5.5 24.3294
    endloop
  endfacet
  facet normal 0.382627 0 0.923903
    outer loop
      vertex 52.2426 -4.24264 29.9008
      vertex 52.5 -5.5 29.7942
      vertex 52.5 -3.90724 29.7942
    endloop
  endfacet
  facet normal 0.382675 1.15599e-05 0.923883
    outer loop
      vertex 51 -5.19615 30.4155
      vertex 52.5 -5.5 29.7942
      vertex 52.2426 -4.24264 29.9008
    endloop
  endfacet
  facet normal 0.382717 -0 0.923866
    outer loop
      vertex 50.3294 -5.5 30.6933
      vertex 51 -5.19615 30.4155
      vertex 50.3294 -5.47394 30.6933
    endloop
  endfacet
  facet normal 0.382686 7.87529e-05 0.923878
    outer loop
      vertex 51 -5.19615 30.4155
      vertex 50.3294 -5.5 30.6933
      vertex 52.5 -5.5 29.7942
    endloop
  endfacet
  facet normal -0.608714 -4.04746e-05 0.79339
    outer loop
      vertex 41.636 -5.5 28.364
      vertex 43.5 -3.90724 29.7942
      vertex 42.8038 -3 29.2601
    endloop
  endfacet
  facet normal -0.60879 1.63373e-05 0.793331
    outer loop
      vertex 41.636 -5.5 28.364
      vertex 42.8038 -3 29.2601
      vertex 42.2044 -1.55291 28.8001
    endloop
  endfacet
  facet normal -0.608649 6.01382e-05 0.79344
    outer loop
      vertex 41.636 -0.5 28.364
      vertex 42.2044 -1.55291 28.8001
      vertex 42.0658 -0.5 28.6937
    endloop
  endfacet
  facet normal -0.608719 0 0.793386
    outer loop
      vertex 41.636 -5.5 28.364
      vertex 42.2044 -1.55291 28.8001
      vertex 41.636 -0.5 28.364
    endloop
  endfacet
  facet normal -0.608735 0 0.793373
    outer loop
      vertex 43.5 -3.90724 29.7942
      vertex 41.636 -5.5 28.364
      vertex 43.5 -5.5 29.7942
    endloop
  endfacet
  facet normal -0.793373 0 0.608735
    outer loop
      vertex 40.2058 -5.5 26.5
      vertex 41.636 -0.5 28.364
      vertex 40.2058 -0.5 26.5
    endloop
  endfacet
  facet normal -0.793373 0 0.608735
    outer loop
      vertex 41.636 -0.5 28.364
      vertex 40.2058 -5.5 26.5
      vertex 41.636 -5.5 28.364
    endloop
  endfacet
  facet normal -0.382717 0 0.923866
    outer loop
      vertex 45 -5.19615 30.4155
      vertex 45.6706 -5.5 30.6933
      vertex 45.6706 -5.47394 30.6933
    endloop
  endfacet
  facet normal -0.382686 7.87529e-05 0.923878
    outer loop
      vertex 45 -5.19615 30.4155
      vertex 43.5 -5.5 29.7942
      vertex 45.6706 -5.5 30.6933
    endloop
  endfacet
  facet normal -0.382675 1.15599e-05 0.923883
    outer loop
      vertex 43.7574 -4.24264 29.9008
      vertex 43.5 -5.5 29.7942
      vertex 45 -5.19615 30.4155
    endloop
  endfacet
  facet normal -0.382627 0 0.923903
    outer loop
      vertex 43.5 -5.5 29.7942
      vertex 43.7574 -4.24264 29.9008
      vertex 43.5 -3.90724 29.7942
    endloop
  endfacet
  facet normal 0.923878 0 -0.382686
    outer loop
      vertex 56.6933 -5.5 19.6706
      vertex 55.7942 -0.5 17.5
      vertex 56.6933 -0.5 19.6706
    endloop
  endfacet
  facet normal 0.923878 0 -0.382686
    outer loop
      vertex 55.7942 -0.5 17.5
      vertex 56.6933 -5.5 19.6706
      vertex 55.7942 -5.5 17.5
    endloop
  endfacet
  facet normal -0.608735 0 -0.793373
    outer loop
      vertex 41.636 -5.5 15.636
      vertex 43.5 -0.5 14.2058
      vertex 43.5 -5.5 14.2058
    endloop
  endfacet
  facet normal -0.608735 0 -0.793373
    outer loop
      vertex 43.5 -0.5 14.2058
      vertex 41.636 -5.5 15.636
      vertex 41.636 -0.5 15.636
    endloop
  endfacet
  facet normal 0 1 0
    outer loop
      vertex 53.9342 -0.5 22
      vertex 54.364 -0.5 28.364
      vertex 55.7942 -0.5 26.5
    endloop
  endfacet
  facet normal 0 1 0
    outer loop
      vertex 53.9342 -0.5 22
      vertex 55.7942 -0.5 26.5
      vertex 56.6933 -0.5 24.3294
    endloop
  endfacet
  facet normal 0 1 0
    outer loop
      vertex 53.9342 -0.5 22
      vertex 56.6933 -0.5 24.3294
      vertex 57 -0.5 22
    endloop
  endfacet
  facet normal 0 1 0
    outer loop
      vertex 54.364 -0.5 28.364
      vertex 53.9342 -0.5 22
      vertex 53.9342 -0.5 28.6937
    endloop
  endfacet
  facet normal 0 1 -0
    outer loop
      vertex 56.6933 -0.5 19.6706
      vertex 53.9342 -0.5 22
      vertex 57 -0.5 22
    endloop
  endfacet
  facet normal 0 1 0
    outer loop
      vertex 53.9342 -0.5 22
      vertex 52.8296 -0.5 20.7059
      vertex 53 -0.5 22
    endloop
  endfacet
  facet normal 0 1 0
    outer loop
      vertex 53.9342 -0.5 22
      vertex 56.6933 -0.5 19.6706
      vertex 52.8296 -0.5 20.7059
    endloop
  endfacet
  facet normal 0 1 0
    outer loop
      vertex 56.6933 -0.5 19.6706
      vertex 52.3301 -0.5 19.5
      vertex 52.8296 -0.5 20.7059
    endloop
  endfacet
  facet normal 0 1 -0
    outer loop
      vertex 55.7942 -0.5 17.5
      vertex 52.3301 -0.5 19.5
      vertex 56.6933 -0.5 19.6706
    endloop
  endfacet
  facet normal 0 1 0
    outer loop
      vertex 52.3301 -0.5 19.5
      vertex 55.7942 -0.5 17.5
      vertex 51.5355 -0.5 18.4645
    endloop
  endfacet
  facet normal 0 1 -0
    outer loop
      vertex 54.364 -0.5 15.636
      vertex 51.5355 -0.5 18.4645
      vertex 55.7942 -0.5 17.5
    endloop
  endfacet
  facet normal 0 1 0
    outer loop
      vertex 51.5355 -0.5 18.4645
      vertex 54.364 -0.5 15.636
      vertex 50.5 -0.5 17.6699
    endloop
  endfacet
  facet normal 0 1 -0
    outer loop
      vertex 52.5 -0.5 14.2058
      vertex 50.5 -0.5 17.6699
      vertex 54.364 -0.5 15.636
    endloop
  endfacet
  facet normal 0 1 0
    outer loop
      vertex 50.5 -0.5 17.6699
      vertex 52.5 -0.5 14.2058
      vertex 49.2941 -0.5 17.1704
    endloop
  endfacet
  facet normal 0 1 0
    outer loop
      vertex 43.1704 -0.5 20.7059
      vertex 42.0658 -0.5 22
      vertex 43 -0.5 22
    endloop
  endfacet
  facet normal 0 1 0
    outer loop
      vertex 39.3067 -0.5 19.6706
      vertex 42.0658 -0.5 22
      vertex 43.1704 -0.5 20.7059
    endloop
  endfacet
  facet normal 0 1 0
    outer loop
      vertex 42.0658 -0.5 22
      vertex 39.3067 -0.5 19.6706
      vertex 39 -0.5 22
    endloop
  endfacet
  facet normal 0 1 0
    outer loop
      vertex 43.6699 -0.5 19.5
      vertex 39.3067 -0.5 19.6706
      vertex 43.1704 -0.5 20.7059
    endloop
  endfacet
  facet normal 0 1 0
    outer loop
      vertex 40.2058 -0.5 17.5
      vertex 43.6699 -0.5 19.5
      vertex 44.4645 -0.5 18.4645
    endloop
  endfacet
  facet normal 0 1 0
    outer loop
      vertex 41.636 -0.5 15.636
      vertex 44.4645 -0.5 18.4645
      vertex 45.5 -0.5 17.6699
    endloop
  endfacet
  facet normal 0 1 0
    outer loop
      vertex 43.6699 -0.5 19.5
      vertex 40.2058 -0.5 17.5
      vertex 39.3067 -0.5 19.6706
    endloop
  endfacet
  facet normal 0 1 0
    outer loop
      vertex 43.5 -0.5 14.2058
      vertex 45.5 -0.5 17.6699
      vertex 46.7059 -0.5 17.1704
    endloop
  endfacet
  facet normal 0 1 0
    outer loop
      vertex 45.6706 -0.5 13.3067
      vertex 46.7059 -0.5 17.1704
      vertex 48 -0.5 17
    endloop
  endfacet
  facet normal 0 1 -0
    outer loop
      vertex 50.3294 -0.5 13.3067
      vertex 49.2941 -0.5 17.1704
      vertex 52.5 -0.5 14.2058
    endloop
  endfacet
  facet normal 0 1 0
    outer loop
      vertex 44.4645 -0.5 18.4645
      vertex 41.636 -0.5 15.636
      vertex 40.2058 -0.5 17.5
    endloop
  endfacet
  facet normal 0 1 0
    outer loop
      vertex 49.2941 -0.5 17.1704
      vertex 50.3294 -0.5 13.3067
      vertex 48 -0.5 17
    endloop
  endfacet
  facet normal 0 1 0
    outer loop
      vertex 45.5 -0.5 17.6699
      vertex 43.5 -0.5 14.2058
      vertex 41.636 -0.5 15.636
    endloop
  endfacet
  facet normal 0 1 0
    outer loop
      vertex 48 -0.5 13
      vertex 48 -0.5 17
      vertex 50.3294 -0.5 13.3067
    endloop
  endfacet
  facet normal 0 1 0
    outer loop
      vertex 46.7059 -0.5 17.1704
      vertex 45.6706 -0.5 13.3067
      vertex 43.5 -0.5 14.2058
    endloop
  endfacet
  facet normal 0 1 0
    outer loop
      vertex 48 -0.5 17
      vertex 48 -0.5 13
      vertex 45.6706 -0.5 13.3067
    endloop
  endfacet
  facet normal 0 1 -0
    outer loop
      vertex 42.0658 -0.5 22
      vertex 41.636 -0.5 28.364
      vertex 42.0658 -0.5 28.6937
    endloop
  endfacet
  facet normal 0 1 0
    outer loop
      vertex 41.636 -0.5 28.364
      vertex 42.0658 -0.5 22
      vertex 40.2058 -0.5 26.5
    endloop
  endfacet
  facet normal 0 1 0
    outer loop
      vertex 40.2058 -0.5 26.5
      vertex 42.0658 -0.5 22
      vertex 39.3067 -0.5 24.3294
    endloop
  endfacet
  facet normal 0 1 0
    outer loop
      vertex 39.3067 -0.5 24.3294
      vertex 42.0658 -0.5 22
      vertex 39 -0.5 22
    endloop
  endfacet
  facet normal 0.793373 -0 0.608735
    outer loop
      vertex 54.364 -5.5 28.364
      vertex 55.7942 -0.5 26.5
      vertex 54.364 -0.5 28.364
    endloop
  endfacet
  facet normal 0.793373 0 0.608735
    outer loop
      vertex 55.7942 -0.5 26.5
      vertex 54.364 -5.5 28.364
      vertex 55.7942 -5.5 26.5
    endloop
  endfacet
  facet normal -0.923878 0 0.382686
    outer loop
      vertex 39.3067 -5.5 24.3294
      vertex 40.2058 -0.5 26.5
      vertex 39.3067 -0.5 24.3294
    endloop
  endfacet
  facet normal -0.923878 0 0.382686
    outer loop
      vertex 40.2058 -0.5 26.5
      vertex 39.3067 -5.5 24.3294
      vertex 40.2058 -5.5 26.5
    endloop
  endfacet
  facet normal -0.130617 0 0.991433
    outer loop
      vertex 45.6706 -5.47394 30.6933
      vertex 45.6706 -5.5 30.6933
      vertex 45.7336 -5.5 30.7016
    endloop
  endfacet
  facet normal 0.991443 0 -0.130538
    outer loop
      vertex 57 -5.5 22
      vertex 56.6933 -0.5 19.6706
      vertex 57 -0.5 22
    endloop
  endfacet
  facet normal 0.991443 0 -0.130538
    outer loop
      vertex 56.6933 -0.5 19.6706
      vertex 57 -5.5 22
      vertex 56.6933 -5.5 19.6706
    endloop
  endfacet
  facet normal 0.130538 0 -0.991443
    outer loop
      vertex 48 -5.5 13
      vertex 50.3294 -0.5 13.3067
      vertex 50.3294 -5.5 13.3067
    endloop
  endfacet
  facet normal 0.130538 0 -0.991443
    outer loop
      vertex 50.3294 -0.5 13.3067
      vertex 48 -5.5 13
      vertex 48 -0.5 13
    endloop
  endfacet
  facet normal 0.608735 0 -0.793373
    outer loop
      vertex 52.5 -5.5 14.2058
      vertex 54.364 -0.5 15.636
      vertex 54.364 -5.5 15.636
    endloop
  endfacet
  facet normal 0.608735 0 -0.793373
    outer loop
      vertex 54.364 -0.5 15.636
      vertex 52.5 -5.5 14.2058
      vertex 52.5 -0.5 14.2058
    endloop
  endfacet
  facet normal -0.382686 0 -0.923878
    outer loop
      vertex 43.5 -5.5 14.2058
      vertex 45.6706 -0.5 13.3067
      vertex 45.6706 -5.5 13.3067
    endloop
  endfacet
  facet normal -0.382686 0 -0.923878
    outer loop
      vertex 45.6706 -0.5 13.3067
      vertex 43.5 -5.5 14.2058
      vertex 43.5 -0.5 14.2058
    endloop
  endfacet
  facet normal -0.793373 0 -0.608735
    outer loop
      vertex 41.636 -5.5 15.636
      vertex 40.2058 -0.5 17.5
      vertex 41.636 -0.5 15.636
    endloop
  endfacet
  facet normal -0.793373 -0 -0.608735
    outer loop
      vertex 40.2058 -0.5 17.5
      vertex 41.636 -5.5 15.636
      vertex 40.2058 -5.5 17.5
    endloop
  endfacet
  facet normal -0.991443 0 -0.130538
    outer loop
      vertex 39.3067 -5.5 19.6706
      vertex 39 -0.5 22
      vertex 39.3067 -0.5 19.6706
    endloop
  endfacet
  facet normal -0.991443 -0 -0.130538
    outer loop
      vertex 39 -0.5 22
      vertex 39.3067 -5.5 19.6706
      vertex 39 -5.5 22
    endloop
  endfacet
  facet normal 0.382686 0 -0.923878
    outer loop
      vertex 50.3294 -5.5 13.3067
      vertex 52.5 -0.5 14.2058
      vertex 52.5 -5.5 14.2058
    endloop
  endfacet
  facet normal 0.382686 0 -0.923878
    outer loop
      vertex 52.5 -0.5 14.2058
      vertex 50.3294 -5.5 13.3067
      vertex 50.3294 -0.5 13.3067
    endloop
  endfacet
  facet normal 0.793373 0 -0.608735
    outer loop
      vertex 55.7942 -5.5 17.5
      vertex 54.364 -0.5 15.636
      vertex 55.7942 -0.5 17.5
    endloop
  endfacet
  facet normal 0.793373 0 -0.608735
    outer loop
      vertex 54.364 -0.5 15.636
      vertex 55.7942 -5.5 17.5
      vertex 54.364 -5.5 15.636
    endloop
  endfacet
  facet normal -0.130538 0 -0.991443
    outer loop
      vertex 45.6706 -5.5 13.3067
      vertex 48 -0.5 13
      vertex 48 -5.5 13
    endloop
  endfacet
  facet normal -0.130538 0 -0.991443
    outer loop
      vertex 48 -0.5 13
      vertex 45.6706 -5.5 13.3067
      vertex 45.6706 -0.5 13.3067
    endloop
  endfacet
  facet normal -0.923878 0 -0.382686
    outer loop
      vertex 40.2058 -5.5 17.5
      vertex 39.3067 -0.5 19.6706
      vertex 40.2058 -0.5 17.5
    endloop
  endfacet
  facet normal -0.923878 -0 -0.382686
    outer loop
      vertex 39.3067 -0.5 19.6706
      vertex 40.2058 -5.5 17.5
      vertex 39.3067 -5.5 19.6706
    endloop
  endfacet
  facet normal 0 -1 0
    outer loop
      vertex 45.7336 -5.5 26.4269
      vertex 45.6706 -5.5 30.6933
      vertex 43.5 -5.5 29.7942
    endloop
  endfacet
  facet normal 0 -1 0
    outer loop
      vertex 45.5 -5.5 26.3301
      vertex 43.5 -5.5 29.7942
      vertex 41.636 -5.5 28.364
    endloop
  endfacet
  facet normal 0 -1 0
    outer loop
      vertex 44.4645 -5.5 25.5355
      vertex 41.636 -5.5 28.364
      vertex 40.2058 -5.5 26.5
    endloop
  endfacet
  facet normal -0 -1 0
    outer loop
      vertex 45.7336 -5.5 26.4269
      vertex 43.5 -5.5 29.7942
      vertex 45.5 -5.5 26.3301
    endloop
  endfacet
  facet normal 0 -1 0
    outer loop
      vertex 45.6706 -5.5 30.6933
      vertex 45.7336 -5.5 26.4269
      vertex 45.7336 -5.5 30.7016
    endloop
  endfacet
  facet normal 0 -1 0
    outer loop
      vertex 41.636 -5.5 28.364
      vertex 44.4645 -5.5 25.5355
      vertex 45.5 -5.5 26.3301
    endloop
  endfacet
  facet normal 0 -1 0
    outer loop
      vertex 40.2058 -5.5 26.5
      vertex 43.6699 -5.5 24.5
      vertex 44.4645 -5.5 25.5355
    endloop
  endfacet
  facet normal 0 -1 0
    outer loop
      vertex 39.3067 -5.5 24.3294
      vertex 43.6699 -5.5 24.5
      vertex 40.2058 -5.5 26.5
    endloop
  endfacet
  facet normal 0 -1 0
    outer loop
      vertex 39.3067 -5.5 24.3294
      vertex 43.1704 -5.5 23.2941
      vertex 43.6699 -5.5 24.5
    endloop
  endfacet
  facet normal 0 -1 0
    outer loop
      vertex 39 -5.5 22
      vertex 43.1704 -5.5 23.2941
      vertex 39.3067 -5.5 24.3294
    endloop
  endfacet
  facet normal 0 -1 0
    outer loop
      vertex 39 -5.5 22
      vertex 43 -5.5 22
      vertex 43.1704 -5.5 23.2941
    endloop
  endfacet
  facet normal 0 -1 0
    outer loop
      vertex 39 -5.5 22
      vertex 43.1704 -5.5 20.7059
      vertex 43 -5.5 22
    endloop
  endfacet
  facet normal 0 -1 0
    outer loop
      vertex 39.3067 -5.5 19.6706
      vertex 43.1704 -5.5 20.7059
      vertex 39 -5.5 22
    endloop
  endfacet
  facet normal 0 -1 0
    outer loop
      vertex 39.3067 -5.5 19.6706
      vertex 43.6699 -5.5 19.5
      vertex 43.1704 -5.5 20.7059
    endloop
  endfacet
  facet normal 0 -1 0
    outer loop
      vertex 40.2058 -5.5 17.5
      vertex 43.6699 -5.5 19.5
      vertex 39.3067 -5.5 19.6706
    endloop
  endfacet
  facet normal 0 -1 -0
    outer loop
      vertex 43.6699 -5.5 19.5
      vertex 40.2058 -5.5 17.5
      vertex 44.4645 -5.5 18.4645
    endloop
  endfacet
  facet normal 0 -1 0
    outer loop
      vertex 41.636 -5.5 15.636
      vertex 44.4645 -5.5 18.4645
      vertex 40.2058 -5.5 17.5
    endloop
  endfacet
  facet normal 0 -1 -0
    outer loop
      vertex 44.4645 -5.5 18.4645
      vertex 41.636 -5.5 15.636
      vertex 45.5 -5.5 17.6699
    endloop
  endfacet
  facet normal 0 -1 0
    outer loop
      vertex 43.5 -5.5 14.2058
      vertex 45.5 -5.5 17.6699
      vertex 41.636 -5.5 15.636
    endloop
  endfacet
  facet normal 0 -1 -0
    outer loop
      vertex 45.5 -5.5 17.6699
      vertex 43.5 -5.5 14.2058
      vertex 46.7059 -5.5 17.1704
    endloop
  endfacet
  facet normal 0 -1 0
    outer loop
      vertex 50.2664 -5.5 26.4269
      vertex 50.3294 -5.5 30.6933
      vertex 50.2664 -5.5 30.7016
    endloop
  endfacet
  facet normal 0 -1 -0
    outer loop
      vertex 50.3294 -5.5 30.6933
      vertex 50.2664 -5.5 26.4269
      vertex 52.5 -5.5 29.7942
    endloop
  endfacet
  facet normal 0 -1 -0
    outer loop
      vertex 52.5 -5.5 29.7942
      vertex 50.5 -5.5 26.3301
      vertex 54.364 -5.5 28.364
    endloop
  endfacet
  facet normal 0 -1 0
    outer loop
      vertex 52.5 -5.5 29.7942
      vertex 50.2664 -5.5 26.4269
      vertex 50.5 -5.5 26.3301
    endloop
  endfacet
  facet normal 0 -1 0
    outer loop
      vertex 51.5355 -5.5 25.5355
      vertex 54.364 -5.5 28.364
      vertex 50.5 -5.5 26.3301
    endloop
  endfacet
  facet normal 0 -1 -0
    outer loop
      vertex 54.364 -5.5 28.364
      vertex 51.5355 -5.5 25.5355
      vertex 55.7942 -5.5 26.5
    endloop
  endfacet
  facet normal 0 -1 0
    outer loop
      vertex 52.3301 -5.5 24.5
      vertex 55.7942 -5.5 26.5
      vertex 51.5355 -5.5 25.5355
    endloop
  endfacet
  facet normal 0 -1 0
    outer loop
      vertex 52.3301 -5.5 24.5
      vertex 56.6933 -5.5 24.3294
      vertex 55.7942 -5.5 26.5
    endloop
  endfacet
  facet normal 0 -1 0
    outer loop
      vertex 52.8296 -5.5 23.2941
      vertex 56.6933 -5.5 24.3294
      vertex 52.3301 -5.5 24.5
    endloop
  endfacet
  facet normal 0 -1 0
    outer loop
      vertex 53 -5.5 22
      vertex 56.6933 -5.5 24.3294
      vertex 52.8296 -5.5 23.2941
    endloop
  endfacet
  facet normal 0 -1 0
    outer loop
      vertex 53 -5.5 22
      vertex 57 -5.5 22
      vertex 56.6933 -5.5 24.3294
    endloop
  endfacet
  facet normal 0 -1 0
    outer loop
      vertex 52.8296 -5.5 20.7059
      vertex 57 -5.5 22
      vertex 53 -5.5 22
    endloop
  endfacet
  facet normal 0 -1 0
    outer loop
      vertex 52.8296 -5.5 20.7059
      vertex 56.6933 -5.5 19.6706
      vertex 57 -5.5 22
    endloop
  endfacet
  facet normal 0 -1 0
    outer loop
      vertex 52.3301 -5.5 19.5
      vertex 56.6933 -5.5 19.6706
      vertex 52.8296 -5.5 20.7059
    endloop
  endfacet
  facet normal 0 -1 0
    outer loop
      vertex 55.7942 -5.5 17.5
      vertex 52.3301 -5.5 19.5
      vertex 51.5355 -5.5 18.4645
    endloop
  endfacet
  facet normal 0 -1 0
    outer loop
      vertex 54.364 -5.5 15.636
      vertex 51.5355 -5.5 18.4645
      vertex 50.5 -5.5 17.6699
    endloop
  endfacet
  facet normal 0 -1 0
    outer loop
      vertex 52.3301 -5.5 19.5
      vertex 55.7942 -5.5 17.5
      vertex 56.6933 -5.5 19.6706
    endloop
  endfacet
  facet normal 0 -1 0
    outer loop
      vertex 52.5 -5.5 14.2058
      vertex 50.5 -5.5 17.6699
      vertex 49.2941 -5.5 17.1704
    endloop
  endfacet
  facet normal 0 -1 0
    outer loop
      vertex 50.3294 -5.5 13.3067
      vertex 49.2941 -5.5 17.1704
      vertex 48 -5.5 17
    endloop
  endfacet
  facet normal 0 -1 0
    outer loop
      vertex 45.6706 -5.5 13.3067
      vertex 46.7059 -5.5 17.1704
      vertex 43.5 -5.5 14.2058
    endloop
  endfacet
  facet normal 0 -1 0
    outer loop
      vertex 51.5355 -5.5 18.4645
      vertex 54.364 -5.5 15.636
      vertex 55.7942 -5.5 17.5
    endloop
  endfacet
  facet normal 0 -1 -0
    outer loop
      vertex 46.7059 -5.5 17.1704
      vertex 45.6706 -5.5 13.3067
      vertex 48 -5.5 17
    endloop
  endfacet
  facet normal 0 -1 0
    outer loop
      vertex 50.5 -5.5 17.6699
      vertex 52.5 -5.5 14.2058
      vertex 54.364 -5.5 15.636
    endloop
  endfacet
  facet normal 0 -1 0
    outer loop
      vertex 48 -5.5 13
      vertex 48 -5.5 17
      vertex 45.6706 -5.5 13.3067
    endloop
  endfacet
  facet normal 0 -1 0
    outer loop
      vertex 49.2941 -5.5 17.1704
      vertex 50.3294 -5.5 13.3067
      vertex 52.5 -5.5 14.2058
    endloop
  endfacet
  facet normal 0 -1 0
    outer loop
      vertex 48 -5.5 17
      vertex 48 -5.5 13
      vertex 50.3294 -5.5 13.3067
    endloop
  endfacet
  facet normal -0.991442 0 -0.130548
    outer loop
      vertex 53 -5.5 22
      vertex 52.8296 -3.47766 23.2941
      vertex 53 -3.25563 22
    endloop
  endfacet
  facet normal -0.991442 -0 -0.130548
    outer loop
      vertex 52.8296 -3.47766 23.2941
      vertex 53 -5.5 22
      vertex 52.8296 -5.5 23.2941
    endloop
  endfacet
  facet normal 0.991442 0 -0.130548
    outer loop
      vertex 43 -5.5 22
      vertex 43.1704 -3.47766 23.2941
      vertex 43.1704 -5.5 23.2941
    endloop
  endfacet
  facet normal 0.991442 0 -0.130548
    outer loop
      vertex 43.1704 -3.47766 23.2941
      vertex 43 -5.5 22
      vertex 43 -3.25563 22
    endloop
  endfacet
  facet normal 0.130548 0 0.991442
    outer loop
      vertex 46.7059 -0.5 17.1704
      vertex 48 -5.5 17
      vertex 48 -0.5 17
    endloop
  endfacet
  facet normal 0.130548 0 0.991442
    outer loop
      vertex 48 -5.5 17
      vertex 46.7059 -0.5 17.1704
      vertex 46.7059 -5.5 17.1704
    endloop
  endfacet
  facet normal -0.79327 0 -0.60887
    outer loop
      vertex 52.3301 -5.5 24.5
      vertex 52.2426 -4.24264 24.614
      vertex 52.3301 -4.12863 24.5
    endloop
  endfacet
  facet normal -0.793346 -1.42027e-05 -0.608771
    outer loop
      vertex 52.3301 -5.5 24.5
      vertex 51.5355 -4.78522 25.5355
      vertex 52.2426 -4.24264 24.614
    endloop
  endfacet
  facet normal -0.793341 -0 -0.608777
    outer loop
      vertex 51.5355 -4.78522 25.5355
      vertex 52.3301 -5.5 24.5
      vertex 51.5355 -5.5 25.5355
    endloop
  endfacet
  facet normal -0.92388 0 -0.382683
    outer loop
      vertex 52.8296 -5.5 23.2941
      vertex 52.3301 -4.12863 24.5
      vertex 52.8296 -3.47766 23.2941
    endloop
  endfacet
  facet normal -0.92388 -0 -0.382683
    outer loop
      vertex 52.3301 -4.12863 24.5
      vertex 52.8296 -5.5 23.2941
      vertex 52.3301 -5.5 24.5
    endloop
  endfacet
  facet normal -0.608851 0 -0.793284
    outer loop
      vertex 51.5355 -5.5 25.5355
      vertex 51 -5.19615 25.9465
      vertex 51.5355 -4.78522 25.5355
    endloop
  endfacet
  facet normal -0.608777 0.000207263 -0.793341
    outer loop
      vertex 50.5 -5.5 26.3301
      vertex 51 -5.19615 25.9465
      vertex 51.5355 -5.5 25.5355
    endloop
  endfacet
  facet normal -0.608698 0 -0.793402
    outer loop
      vertex 51 -5.19615 25.9465
      vertex 50.5 -5.5 26.3301
      vertex 50.5 -5.40326 26.3301
    endloop
  endfacet
  facet normal 0.608698 0 -0.793402
    outer loop
      vertex 45.5 -5.5 26.3301
      vertex 45 -5.19615 25.9465
      vertex 45.5 -5.40326 26.3301
    endloop
  endfacet
  facet normal 0.608777 0.000207263 -0.793341
    outer loop
      vertex 44.4645 -5.5 25.5355
      vertex 45 -5.19615 25.9465
      vertex 45.5 -5.5 26.3301
    endloop
  endfacet
  facet normal 0.608851 0 -0.793284
    outer loop
      vertex 45 -5.19615 25.9465
      vertex 44.4645 -5.5 25.5355
      vertex 44.4645 -4.78522 25.5355
    endloop
  endfacet
  facet normal 0.793341 0 -0.608777
    outer loop
      vertex 43.6699 -5.5 24.5
      vertex 44.4645 -4.78522 25.5355
      vertex 44.4645 -5.5 25.5355
    endloop
  endfacet
  facet normal 0.793346 -1.42027e-05 -0.608771
    outer loop
      vertex 44.4645 -4.78522 25.5355
      vertex 43.6699 -5.5 24.5
      vertex 43.7574 -4.24264 24.614
    endloop
  endfacet
  facet normal 0.79327 0 -0.60887
    outer loop
      vertex 43.7574 -4.24264 24.614
      vertex 43.6699 -5.5 24.5
      vertex 43.6699 -4.12863 24.5
    endloop
  endfacet
  facet normal 0.382817 0 -0.923824
    outer loop
      vertex 45.5 -5.40326 26.3301
      vertex 45.7336 -5.5 26.4269
      vertex 45.5 -5.5 26.3301
    endloop
  endfacet
  facet normal 0.608777 0 0.793341
    outer loop
      vertex 44.4645 -0.5 18.4645
      vertex 45.5 -5.5 17.6699
      vertex 45.5 -0.5 17.6699
    endloop
  endfacet
  facet normal 0.608777 0 0.793341
    outer loop
      vertex 45.5 -5.5 17.6699
      vertex 44.4645 -0.5 18.4645
      vertex 44.4645 -5.5 18.4645
    endloop
  endfacet
  facet normal -0.382817 -0 -0.923824
    outer loop
      vertex 50.5 -5.40326 26.3301
      vertex 50.5 -5.5 26.3301
      vertex 50.2664 -5.5 26.4269
    endloop
  endfacet
  facet normal 0.92388 0 -0.382683
    outer loop
      vertex 43.1704 -5.5 23.2941
      vertex 43.6699 -4.12863 24.5
      vertex 43.6699 -5.5 24.5
    endloop
  endfacet
  facet normal 0.92388 0 -0.382683
    outer loop
      vertex 43.6699 -4.12863 24.5
      vertex 43.1704 -5.5 23.2941
      vertex 43.1704 -3.47766 23.2941
    endloop
  endfacet
  facet normal -0.991442 0 0.130548
    outer loop
      vertex 52.8296 -0.5 20.7059
      vertex 53 -3.25563 22
      vertex 53 -0.5 22
    endloop
  endfacet
  facet normal -0.991442 0 0.130548
    outer loop
      vertex 52.8296 -5.5 20.7059
      vertex 53 -3.25563 22
      vertex 52.8296 -0.5 20.7059
    endloop
  endfacet
  facet normal -0.991442 0 0.130548
    outer loop
      vertex 53 -3.25563 22
      vertex 52.8296 -5.5 20.7059
      vertex 53 -5.5 22
    endloop
  endfacet
  facet normal -0.130548 0 0.991442
    outer loop
      vertex 48 -0.5 17
      vertex 49.2941 -5.5 17.1704
      vertex 49.2941 -0.5 17.1704
    endloop
  endfacet
  facet normal -0.130548 0 0.991442
    outer loop
      vertex 49.2941 -5.5 17.1704
      vertex 48 -0.5 17
      vertex 48 -5.5 17
    endloop
  endfacet
  facet normal -0.608777 0 0.793341
    outer loop
      vertex 50.5 -0.5 17.6699
      vertex 51.5355 -5.5 18.4645
      vertex 51.5355 -0.5 18.4645
    endloop
  endfacet
  facet normal -0.608777 0 0.793341
    outer loop
      vertex 51.5355 -5.5 18.4645
      vertex 50.5 -0.5 17.6699
      vertex 50.5 -5.5 17.6699
    endloop
  endfacet
  facet normal 0.382683 0 0.92388
    outer loop
      vertex 45.5 -0.5 17.6699
      vertex 46.7059 -5.5 17.1704
      vertex 46.7059 -0.5 17.1704
    endloop
  endfacet
  facet normal 0.382683 0 0.92388
    outer loop
      vertex 46.7059 -5.5 17.1704
      vertex 45.5 -0.5 17.6699
      vertex 45.5 -5.5 17.6699
    endloop
  endfacet
  facet normal 0.793341 -0 0.608777
    outer loop
      vertex 43.6699 -5.5 19.5
      vertex 44.4645 -0.5 18.4645
      vertex 43.6699 -0.5 19.5
    endloop
  endfacet
  facet normal 0.793341 0 0.608777
    outer loop
      vertex 44.4645 -0.5 18.4645
      vertex 43.6699 -5.5 19.5
      vertex 44.4645 -5.5 18.4645
    endloop
  endfacet
  facet normal 0.991442 -0 0.130548
    outer loop
      vertex 43 -3.25563 22
      vertex 43.1704 -0.5 20.7059
      vertex 43 -0.5 22
    endloop
  endfacet
  facet normal 0.991442 0 0.130548
    outer loop
      vertex 43.1704 -5.5 20.7059
      vertex 43 -3.25563 22
      vertex 43 -5.5 22
    endloop
  endfacet
  facet normal 0.991442 0 0.130548
    outer loop
      vertex 43 -3.25563 22
      vertex 43.1704 -5.5 20.7059
      vertex 43.1704 -0.5 20.7059
    endloop
  endfacet
  facet normal -0.382683 0 0.92388
    outer loop
      vertex 49.2941 -0.5 17.1704
      vertex 50.5 -5.5 17.6699
      vertex 50.5 -0.5 17.6699
    endloop
  endfacet
  facet normal -0.382683 0 0.92388
    outer loop
      vertex 50.5 -5.5 17.6699
      vertex 49.2941 -0.5 17.1704
      vertex 49.2941 -5.5 17.1704
    endloop
  endfacet
  facet normal -0.92388 0 0.382683
    outer loop
      vertex 52.3301 -5.5 19.5
      vertex 52.8296 -0.5 20.7059
      vertex 52.3301 -0.5 19.5
    endloop
  endfacet
  facet normal -0.92388 0 0.382683
    outer loop
      vertex 52.8296 -0.5 20.7059
      vertex 52.3301 -5.5 19.5
      vertex 52.8296 -5.5 20.7059
    endloop
  endfacet
  facet normal -0.793341 0 0.608777
    outer loop
      vertex 51.5355 -5.5 18.4645
      vertex 52.3301 -0.5 19.5
      vertex 51.5355 -0.5 18.4645
    endloop
  endfacet
  facet normal -0.793341 0 0.608777
    outer loop
      vertex 52.3301 -0.5 19.5
      vertex 51.5355 -5.5 18.4645
      vertex 52.3301 -5.5 19.5
    endloop
  endfacet
  facet normal 0.92388 -0 0.382683
    outer loop
      vertex 43.1704 -5.5 20.7059
      vertex 43.6699 -0.5 19.5
      vertex 43.1704 -0.5 20.7059
    endloop
  endfacet
  facet normal 0.92388 0 0.382683
    outer loop
      vertex 43.6699 -0.5 19.5
      vertex 43.1704 -5.5 20.7059
      vertex 43.6699 -5.5 19.5
    endloop
  endfacet
  facet normal 0.991443 -0 0.130538
    outer loop
      vertex 56.6933 0.5 24.3294
      vertex 57 5.5 22
      vertex 56.6933 5.5 24.3294
    endloop
  endfacet
  facet normal 0.991443 0 0.130538
    outer loop
      vertex 57 5.5 22
      vertex 56.6933 0.5 24.3294
      vertex 57 0.5 22
    endloop
  endfacet
  facet normal -0.991443 0 0.130538
    outer loop
      vertex 39 0.5 22
      vertex 39.3067 5.5 24.3294
      vertex 39 5.5 22
    endloop
  endfacet
  facet normal -0.991443 0 0.130538
    outer loop
      vertex 39.3067 5.5 24.3294
      vertex 39 0.5 22
      vertex 39.3067 0.5 24.3294
    endloop
  endfacet
  facet normal 0.130617 0 0.991433
    outer loop
      vertex 50.3294 5.5 30.6933
      vertex 50.2664 5.5 30.7016
      vertex 50.3294 5.47394 30.6933
    endloop
  endfacet
  facet normal 0.608719 0 0.793386
    outer loop
      vertex 53.7956 1.55291 28.8001
      vertex 54.364 0.5 28.364
      vertex 54.364 5.5 28.364
    endloop
  endfacet
  facet normal 0.608649 -6.01382e-05 0.79344
    outer loop
      vertex 54.364 0.5 28.364
      vertex 53.7956 1.55291 28.8001
      vertex 53.9342 0.5 28.6937
    endloop
  endfacet
  facet normal 0.60879 -1.63373e-05 0.793331
    outer loop
      vertex 54.364 5.5 28.364
      vertex 53.1962 3 29.2601
      vertex 53.7956 1.55291 28.8001
    endloop
  endfacet
  facet normal 0.608735 -0 0.793373
    outer loop
      vertex 52.5 3.90724 29.7942
      vertex 54.364 5.5 28.364
      vertex 52.5 5.5 29.7942
    endloop
  endfacet
  facet normal 0.608714 4.04746e-05 0.79339
    outer loop
      vertex 54.364 5.5 28.364
      vertex 52.5 3.90724 29.7942
      vertex 53.1962 3 29.2601
    endloop
  endfacet
  facet normal 0.923878 -0 0.382686
    outer loop
      vertex 55.7942 0.5 26.5
      vertex 56.6933 5.5 24.3294
      vertex 55.7942 5.5 26.5
    endloop
  endfacet
  facet normal 0.923878 0 0.382686
    outer loop
      vertex 56.6933 5.5 24.3294
      vertex 55.7942 0.5 26.5
      vertex 56.6933 0.5 24.3294
    endloop
  endfacet
  facet normal 0.382627 0 0.923903
    outer loop
      vertex 52.5 5.5 29.7942
      vertex 52.2426 4.24264 29.9008
      vertex 52.5 3.90724 29.7942
    endloop
  endfacet
  facet normal 0.382675 -1.15599e-05 0.923883
    outer loop
      vertex 52.5 5.5 29.7942
      vertex 51 5.19615 30.4155
      vertex 52.2426 4.24264 29.9008
    endloop
  endfacet
  facet normal 0.382686 -7.87529e-05 0.923878
    outer loop
      vertex 50.3294 5.5 30.6933
      vertex 51 5.19615 30.4155
      vertex 52.5 5.5 29.7942
    endloop
  endfacet
  facet normal 0.382717 0 0.923866
    outer loop
      vertex 51 5.19615 30.4155
      vertex 50.3294 5.5 30.6933
      vertex 50.3294 5.47394 30.6933
    endloop
  endfacet
  facet normal -0.608735 0 0.793373
    outer loop
      vertex 41.636 5.5 28.364
      vertex 43.5 3.90724 29.7942
      vertex 43.5 5.5 29.7942
    endloop
  endfacet
  facet normal -0.608714 4.04746e-05 0.79339
    outer loop
      vertex 43.5 3.90724 29.7942
      vertex 41.636 5.5 28.364
      vertex 42.8038 3 29.2601
    endloop
  endfacet
  facet normal -0.60879 -1.63373e-05 0.793331
    outer loop
      vertex 42.8038 3 29.2601
      vertex 41.636 5.5 28.364
      vertex 42.2044 1.55291 28.8001
    endloop
  endfacet
  facet normal -0.608719 0 0.793386
    outer loop
      vertex 41.636 0.5 28.364
      vertex 42.2044 1.55291 28.8001
      vertex 41.636 5.5 28.364
    endloop
  endfacet
  facet normal -0.608649 -6.01382e-05 0.79344
    outer loop
      vertex 42.2044 1.55291 28.8001
      vertex 41.636 0.5 28.364
      vertex 42.0658 0.5 28.6937
    endloop
  endfacet
  facet normal -0.793373 0 0.608735
    outer loop
      vertex 40.2058 0.5 26.5
      vertex 41.636 5.5 28.364
      vertex 40.2058 5.5 26.5
    endloop
  endfacet
  facet normal -0.793373 0 0.608735
    outer loop
      vertex 41.636 5.5 28.364
      vertex 40.2058 0.5 26.5
      vertex 41.636 0.5 28.364
    endloop
  endfacet
  facet normal -0.382717 0 0.923866
    outer loop
      vertex 45.6706 5.5 30.6933
      vertex 45 5.19615 30.4155
      vertex 45.6706 5.47394 30.6933
    endloop
  endfacet
  facet normal -0.382686 -7.87529e-05 0.923878
    outer loop
      vertex 43.5 5.5 29.7942
      vertex 45 5.19615 30.4155
      vertex 45.6706 5.5 30.6933
    endloop
  endfacet
  facet normal -0.382675 -1.15599e-05 0.923883
    outer loop
      vertex 43.5 5.5 29.7942
      vertex 43.7574 4.24264 29.9008
      vertex 45 5.19615 30.4155
    endloop
  endfacet
  facet normal -0.382627 0 0.923903
    outer loop
      vertex 43.7574 4.24264 29.9008
      vertex 43.5 5.5 29.7942
      vertex 43.5 3.90724 29.7942
    endloop
  endfacet
  facet normal 0.923878 0 -0.382686
    outer loop
      vertex 56.6933 0.5 19.6706
      vertex 55.7942 5.5 17.5
      vertex 56.6933 5.5 19.6706
    endloop
  endfacet
  facet normal 0.923878 0 -0.382686
    outer loop
      vertex 55.7942 5.5 17.5
      vertex 56.6933 0.5 19.6706
      vertex 55.7942 0.5 17.5
    endloop
  endfacet
  facet normal -0.608735 0 -0.793373
    outer loop
      vertex 41.636 0.5 15.636
      vertex 43.5 5.5 14.2058
      vertex 43.5 0.5 14.2058
    endloop
  endfacet
  facet normal -0.608735 0 -0.793373
    outer loop
      vertex 43.5 5.5 14.2058
      vertex 41.636 0.5 15.636
      vertex 41.636 5.5 15.636
    endloop
  endfacet
  facet normal 0 1 0
    outer loop
      vertex 50.2664 5.5 26.4269
      vertex 50.3294 5.5 30.6933
      vertex 52.5 5.5 29.7942
    endloop
  endfacet
  facet normal 0 1 0
    outer loop
      vertex 50.5 5.5 26.3301
      vertex 52.5 5.5 29.7942
      vertex 54.364 5.5 28.364
    endloop
  endfacet
  facet normal 0 1 0
    outer loop
      vertex 51.5355 5.5 25.5355
      vertex 54.364 5.5 28.364
      vertex 55.7942 5.5 26.5
    endloop
  endfacet
  facet normal -0 1 0
    outer loop
      vertex 50.2664 5.5 26.4269
      vertex 52.5 5.5 29.7942
      vertex 50.5 5.5 26.3301
    endloop
  endfacet
  facet normal 0 1 0
    outer loop
      vertex 50.3294 5.5 30.6933
      vertex 50.2664 5.5 26.4269
      vertex 50.2664 5.5 30.7016
    endloop
  endfacet
  facet normal 0 1 0
    outer loop
      vertex 54.364 5.5 28.364
      vertex 51.5355 5.5 25.5355
      vertex 50.5 5.5 26.3301
    endloop
  endfacet
  facet normal 0 1 0
    outer loop
      vertex 55.7942 5.5 26.5
      vertex 52.3301 5.5 24.5
      vertex 51.5355 5.5 25.5355
    endloop
  endfacet
  facet normal 0 1 0
    outer loop
      vertex 56.6933 5.5 24.3294
      vertex 52.3301 5.5 24.5
      vertex 55.7942 5.5 26.5
    endloop
  endfacet
  facet normal 0 1 0
    outer loop
      vertex 56.6933 5.5 24.3294
      vertex 52.8296 5.5 23.2941
      vertex 52.3301 5.5 24.5
    endloop
  endfacet
  facet normal 0 1 0
    outer loop
      vertex 57 5.5 22
      vertex 52.8296 5.5 23.2941
      vertex 56.6933 5.5 24.3294
    endloop
  endfacet
  facet normal 0 1 0
    outer loop
      vertex 57 5.5 22
      vertex 53 5.5 22
      vertex 52.8296 5.5 23.2941
    endloop
  endfacet
  facet normal 0 1 0
    outer loop
      vertex 57 5.5 22
      vertex 52.8296 5.5 20.7059
      vertex 53 5.5 22
    endloop
  endfacet
  facet normal 0 1 -0
    outer loop
      vertex 56.6933 5.5 19.6706
      vertex 52.8296 5.5 20.7059
      vertex 57 5.5 22
    endloop
  endfacet
  facet normal 0 1 0
    outer loop
      vertex 56.6933 5.5 19.6706
      vertex 52.3301 5.5 19.5
      vertex 52.8296 5.5 20.7059
    endloop
  endfacet
  facet normal 0 1 -0
    outer loop
      vertex 55.7942 5.5 17.5
      vertex 52.3301 5.5 19.5
      vertex 56.6933 5.5 19.6706
    endloop
  endfacet
  facet normal 0 1 0
    outer loop
      vertex 52.3301 5.5 19.5
      vertex 55.7942 5.5 17.5
      vertex 51.5355 5.5 18.4645
    endloop
  endfacet
  facet normal 0 1 -0
    outer loop
      vertex 54.364 5.5 15.636
      vertex 51.5355 5.5 18.4645
      vertex 55.7942 5.5 17.5
    endloop
  endfacet
  facet normal 0 1 0
    outer loop
      vertex 51.5355 5.5 18.4645
      vertex 54.364 5.5 15.636
      vertex 50.5 5.5 17.6699
    endloop
  endfacet
  facet normal 0 1 -0
    outer loop
      vertex 52.5 5.5 14.2058
      vertex 50.5 5.5 17.6699
      vertex 54.364 5.5 15.636
    endloop
  endfacet
  facet normal 0 1 0
    outer loop
      vertex 50.5 5.5 17.6699
      vertex 52.5 5.5 14.2058
      vertex 49.2941 5.5 17.1704
    endloop
  endfacet
  facet normal 0 1 -0
    outer loop
      vertex 45.7336 5.5 26.4269
      vertex 45.6706 5.5 30.6933
      vertex 45.7336 5.5 30.7016
    endloop
  endfacet
  facet normal 0 1 0
    outer loop
      vertex 45.6706 5.5 30.6933
      vertex 45.7336 5.5 26.4269
      vertex 43.5 5.5 29.7942
    endloop
  endfacet
  facet normal 0 1 0
    outer loop
      vertex 43.5 5.5 29.7942
      vertex 45.5 5.5 26.3301
      vertex 41.636 5.5 28.364
    endloop
  endfacet
  facet normal 0 1 0
    outer loop
      vertex 43.5 5.5 29.7942
      vertex 45.7336 5.5 26.4269
      vertex 45.5 5.5 26.3301
    endloop
  endfacet
  facet normal 0 1 -0
    outer loop
      vertex 44.4645 5.5 25.5355
      vertex 41.636 5.5 28.364
      vertex 45.5 5.5 26.3301
    endloop
  endfacet
  facet normal 0 1 0
    outer loop
      vertex 41.636 5.5 28.364
      vertex 44.4645 5.5 25.5355
      vertex 40.2058 5.5 26.5
    endloop
  endfacet
  facet normal 0 1 -0
    outer loop
      vertex 43.6699 5.5 24.5
      vertex 40.2058 5.5 26.5
      vertex 44.4645 5.5 25.5355
    endloop
  endfacet
  facet normal 0 1 0
    outer loop
      vertex 43.6699 5.5 24.5
      vertex 39.3067 5.5 24.3294
      vertex 40.2058 5.5 26.5
    endloop
  endfacet
  facet normal 0 1 -0
    outer loop
      vertex 43.1704 5.5 23.2941
      vertex 39.3067 5.5 24.3294
      vertex 43.6699 5.5 24.5
    endloop
  endfacet
  facet normal 0 1 -0
    outer loop
      vertex 43 5.5 22
      vertex 39.3067 5.5 24.3294
      vertex 43.1704 5.5 23.2941
    endloop
  endfacet
  facet normal 0 1 0
    outer loop
      vertex 43 5.5 22
      vertex 39 5.5 22
      vertex 39.3067 5.5 24.3294
    endloop
  endfacet
  facet normal 0 1 0
    outer loop
      vertex 43.1704 5.5 20.7059
      vertex 39 5.5 22
      vertex 43 5.5 22
    endloop
  endfacet
  facet normal 0 1 0
    outer loop
      vertex 43.1704 5.5 20.7059
      vertex 39.3067 5.5 19.6706
      vertex 39 5.5 22
    endloop
  endfacet
  facet normal 0 1 0
    outer loop
      vertex 43.6699 5.5 19.5
      vertex 39.3067 5.5 19.6706
      vertex 43.1704 5.5 20.7059
    endloop
  endfacet
  facet normal 0 1 0
    outer loop
      vertex 40.2058 5.5 17.5
      vertex 43.6699 5.5 19.5
      vertex 44.4645 5.5 18.4645
    endloop
  endfacet
  facet normal 0 1 0
    outer loop
      vertex 41.636 5.5 15.636
      vertex 44.4645 5.5 18.4645
      vertex 45.5 5.5 17.6699
    endloop
  endfacet
  facet normal 0 1 0
    outer loop
      vertex 43.6699 5.5 19.5
      vertex 40.2058 5.5 17.5
      vertex 39.3067 5.5 19.6706
    endloop
  endfacet
  facet normal 0 1 0
    outer loop
      vertex 43.5 5.5 14.2058
      vertex 45.5 5.5 17.6699
      vertex 46.7059 5.5 17.1704
    endloop
  endfacet
  facet normal 0 1 0
    outer loop
      vertex 45.6706 5.5 13.3067
      vertex 46.7059 5.5 17.1704
      vertex 48 5.5 17
    endloop
  endfacet
  facet normal 0 1 -0
    outer loop
      vertex 50.3294 5.5 13.3067
      vertex 49.2941 5.5 17.1704
      vertex 52.5 5.5 14.2058
    endloop
  endfacet
  facet normal 0 1 0
    outer loop
      vertex 44.4645 5.5 18.4645
      vertex 41.636 5.5 15.636
      vertex 40.2058 5.5 17.5
    endloop
  endfacet
  facet normal 0 1 0
    outer loop
      vertex 49.2941 5.5 17.1704
      vertex 50.3294 5.5 13.3067
      vertex 48 5.5 17
    endloop
  endfacet
  facet normal 0 1 0
    outer loop
      vertex 45.5 5.5 17.6699
      vertex 43.5 5.5 14.2058
      vertex 41.636 5.5 15.636
    endloop
  endfacet
  facet normal 0 1 0
    outer loop
      vertex 48 5.5 13
      vertex 48 5.5 17
      vertex 50.3294 5.5 13.3067
    endloop
  endfacet
  facet normal 0 1 0
    outer loop
      vertex 46.7059 5.5 17.1704
      vertex 45.6706 5.5 13.3067
      vertex 43.5 5.5 14.2058
    endloop
  endfacet
  facet normal 0 1 0
    outer loop
      vertex 48 5.5 17
      vertex 48 5.5 13
      vertex 45.6706 5.5 13.3067
    endloop
  endfacet
  facet normal 0.793373 -0 0.608735
    outer loop
      vertex 54.364 0.5 28.364
      vertex 55.7942 5.5 26.5
      vertex 54.364 5.5 28.364
    endloop
  endfacet
  facet normal 0.793373 0 0.608735
    outer loop
      vertex 55.7942 5.5 26.5
      vertex 54.364 0.5 28.364
      vertex 55.7942 0.5 26.5
    endloop
  endfacet
  facet normal -0.923878 0 0.382686
    outer loop
      vertex 39.3067 0.5 24.3294
      vertex 40.2058 5.5 26.5
      vertex 39.3067 5.5 24.3294
    endloop
  endfacet
  facet normal -0.923878 0 0.382686
    outer loop
      vertex 40.2058 5.5 26.5
      vertex 39.3067 0.5 24.3294
      vertex 40.2058 0.5 26.5
    endloop
  endfacet
  facet normal -0.130617 0 0.991433
    outer loop
      vertex 45.6706 5.5 30.6933
      vertex 45.6706 5.47394 30.6933
      vertex 45.7336 5.5 30.7016
    endloop
  endfacet
  facet normal 0.991443 0 -0.130538
    outer loop
      vertex 57 0.5 22
      vertex 56.6933 5.5 19.6706
      vertex 57 5.5 22
    endloop
  endfacet
  facet normal 0.991443 0 -0.130538
    outer loop
      vertex 56.6933 5.5 19.6706
      vertex 57 0.5 22
      vertex 56.6933 0.5 19.6706
    endloop
  endfacet
  facet normal 0.130538 0 -0.991443
    outer loop
      vertex 48 0.5 13
      vertex 50.3294 5.5 13.3067
      vertex 50.3294 0.5 13.3067
    endloop
  endfacet
  facet normal 0.130538 0 -0.991443
    outer loop
      vertex 50.3294 5.5 13.3067
      vertex 48 0.5 13
      vertex 48 5.5 13
    endloop
  endfacet
  facet normal 0.608735 0 -0.793373
    outer loop
      vertex 52.5 0.5 14.2058
      vertex 54.364 5.5 15.636
      vertex 54.364 0.5 15.636
    endloop
  endfacet
  facet normal 0.608735 0 -0.793373
    outer loop
      vertex 54.364 5.5 15.636
      vertex 52.5 0.5 14.2058
      vertex 52.5 5.5 14.2058
    endloop
  endfacet
  facet normal -0.382686 0 -0.923878
    outer loop
      vertex 43.5 0.5 14.2058
      vertex 45.6706 5.5 13.3067
      vertex 45.6706 0.5 13.3067
    endloop
  endfacet
  facet normal -0.382686 0 -0.923878
    outer loop
      vertex 45.6706 5.5 13.3067
      vertex 43.5 0.5 14.2058
      vertex 43.5 5.5 14.2058
    endloop
  endfacet
  facet normal -0.793373 0 -0.608735
    outer loop
      vertex 41.636 0.5 15.636
      vertex 40.2058 5.5 17.5
      vertex 41.636 5.5 15.636
    endloop
  endfacet
  facet normal -0.793373 -0 -0.608735
    outer loop
      vertex 40.2058 5.5 17.5
      vertex 41.636 0.5 15.636
      vertex 40.2058 0.5 17.5
    endloop
  endfacet
  facet normal -0.991443 0 -0.130538
    outer loop
      vertex 39.3067 0.5 19.6706
      vertex 39 5.5 22
      vertex 39.3067 5.5 19.6706
    endloop
  endfacet
  facet normal -0.991443 -0 -0.130538
    outer loop
      vertex 39 5.5 22
      vertex 39.3067 0.5 19.6706
      vertex 39 0.5 22
    endloop
  endfacet
  facet normal 0.382686 0 -0.923878
    outer loop
      vertex 50.3294 0.5 13.3067
      vertex 52.5 5.5 14.2058
      vertex 52.5 0.5 14.2058
    endloop
  endfacet
  facet normal 0.382686 0 -0.923878
    outer loop
      vertex 52.5 5.5 14.2058
      vertex 50.3294 0.5 13.3067
      vertex 50.3294 5.5 13.3067
    endloop
  endfacet
  facet normal 0.793373 0 -0.608735
    outer loop
      vertex 55.7942 0.5 17.5
      vertex 54.364 5.5 15.636
      vertex 55.7942 5.5 17.5
    endloop
  endfacet
  facet normal 0.793373 0 -0.608735
    outer loop
      vertex 54.364 5.5 15.636
      vertex 55.7942 0.5 17.5
      vertex 54.364 0.5 15.636
    endloop
  endfacet
  facet normal -0.130538 0 -0.991443
    outer loop
      vertex 45.6706 0.5 13.3067
      vertex 48 5.5 13
      vertex 48 0.5 13
    endloop
  endfacet
  facet normal -0.130538 0 -0.991443
    outer loop
      vertex 48 5.5 13
      vertex 45.6706 0.5 13.3067
      vertex 45.6706 5.5 13.3067
    endloop
  endfacet
  facet normal -0.923878 0 -0.382686
    outer loop
      vertex 40.2058 0.5 17.5
      vertex 39.3067 5.5 19.6706
      vertex 40.2058 5.5 17.5
    endloop
  endfacet
  facet normal -0.923878 -0 -0.382686
    outer loop
      vertex 39.3067 5.5 19.6706
      vertex 40.2058 0.5 17.5
      vertex 39.3067 0.5 19.6706
    endloop
  endfacet
  facet normal 0 -1 0
    outer loop
      vertex 42.0658 0.5 22
      vertex 41.636 0.5 28.364
      vertex 40.2058 0.5 26.5
    endloop
  endfacet
  facet normal 0 -1 0
    outer loop
      vertex 42.0658 0.5 22
      vertex 40.2058 0.5 26.5
      vertex 39.3067 0.5 24.3294
    endloop
  endfacet
  facet normal 0 -1 0
    outer loop
      vertex 42.0658 0.5 22
      vertex 39.3067 0.5 24.3294
      vertex 39 0.5 22
    endloop
  endfacet
  facet normal 0 -1 0
    outer loop
      vertex 41.636 0.5 28.364
      vertex 42.0658 0.5 22
      vertex 42.0658 0.5 28.6937
    endloop
  endfacet
  facet normal 0 -1 0
    outer loop
      vertex 39.3067 0.5 19.6706
      vertex 42.0658 0.5 22
      vertex 39 0.5 22
    endloop
  endfacet
  facet normal 0 -1 0
    outer loop
      vertex 42.0658 0.5 22
      vertex 43.1704 0.5 20.7059
      vertex 43 0.5 22
    endloop
  endfacet
  facet normal 0 -1 -0
    outer loop
      vertex 42.0658 0.5 22
      vertex 39.3067 0.5 19.6706
      vertex 43.1704 0.5 20.7059
    endloop
  endfacet
  facet normal 0 -1 0
    outer loop
      vertex 39.3067 0.5 19.6706
      vertex 43.6699 0.5 19.5
      vertex 43.1704 0.5 20.7059
    endloop
  endfacet
  facet normal 0 -1 0
    outer loop
      vertex 40.2058 0.5 17.5
      vertex 43.6699 0.5 19.5
      vertex 39.3067 0.5 19.6706
    endloop
  endfacet
  facet normal 0 -1 -0
    outer loop
      vertex 43.6699 0.5 19.5
      vertex 40.2058 0.5 17.5
      vertex 44.4645 0.5 18.4645
    endloop
  endfacet
  facet normal 0 -1 0
    outer loop
      vertex 41.636 0.5 15.636
      vertex 44.4645 0.5 18.4645
      vertex 40.2058 0.5 17.5
    endloop
  endfacet
  facet normal 0 -1 -0
    outer loop
      vertex 44.4645 0.5 18.4645
      vertex 41.636 0.5 15.636
      vertex 45.5 0.5 17.6699
    endloop
  endfacet
  facet normal 0 -1 0
    outer loop
      vertex 43.5 0.5 14.2058
      vertex 45.5 0.5 17.6699
      vertex 41.636 0.5 15.636
    endloop
  endfacet
  facet normal 0 -1 -0
    outer loop
      vertex 45.5 0.5 17.6699
      vertex 43.5 0.5 14.2058
      vertex 46.7059 0.5 17.1704
    endloop
  endfacet
  facet normal 0 -1 0
    outer loop
      vertex 52.8296 0.5 20.7059
      vertex 53.9342 0.5 22
      vertex 53 0.5 22
    endloop
  endfacet
  facet normal 0 -1 0
    outer loop
      vertex 56.6933 0.5 19.6706
      vertex 53.9342 0.5 22
      vertex 52.8296 0.5 20.7059
    endloop
  endfacet
  facet normal 0 -1 0
    outer loop
      vertex 53.9342 0.5 22
      vertex 56.6933 0.5 19.6706
      vertex 57 0.5 22
    endloop
  endfacet
  facet normal 0 -1 0
    outer loop
      vertex 52.3301 0.5 19.5
      vertex 56.6933 0.5 19.6706
      vertex 52.8296 0.5 20.7059
    endloop
  endfacet
  facet normal 0 -1 0
    outer loop
      vertex 55.7942 0.5 17.5
      vertex 52.3301 0.5 19.5
      vertex 51.5355 0.5 18.4645
    endloop
  endfacet
  facet normal 0 -1 0
    outer loop
      vertex 54.364 0.5 15.636
      vertex 51.5355 0.5 18.4645
      vertex 50.5 0.5 17.6699
    endloop
  endfacet
  facet normal 0 -1 0
    outer loop
      vertex 52.3301 0.5 19.5
      vertex 55.7942 0.5 17.5
      vertex 56.6933 0.5 19.6706
    endloop
  endfacet
  facet normal 0 -1 0
    outer loop
      vertex 52.5 0.5 14.2058
      vertex 50.5 0.5 17.6699
      vertex 49.2941 0.5 17.1704
    endloop
  endfacet
  facet normal 0 -1 0
    outer loop
      vertex 50.3294 0.5 13.3067
      vertex 49.2941 0.5 17.1704
      vertex 48 0.5 17
    endloop
  endfacet
  facet normal 0 -1 0
    outer loop
      vertex 45.6706 0.5 13.3067
      vertex 46.7059 0.5 17.1704
      vertex 43.5 0.5 14.2058
    endloop
  endfacet
  facet normal 0 -1 0
    outer loop
      vertex 51.5355 0.5 18.4645
      vertex 54.364 0.5 15.636
      vertex 55.7942 0.5 17.5
    endloop
  endfacet
  facet normal 0 -1 -0
    outer loop
      vertex 46.7059 0.5 17.1704
      vertex 45.6706 0.5 13.3067
      vertex 48 0.5 17
    endloop
  endfacet
  facet normal 0 -1 0
    outer loop
      vertex 50.5 0.5 17.6699
      vertex 52.5 0.5 14.2058
      vertex 54.364 0.5 15.636
    endloop
  endfacet
  facet normal 0 -1 0
    outer loop
      vertex 48 0.5 13
      vertex 48 0.5 17
      vertex 45.6706 0.5 13.3067
    endloop
  endfacet
  facet normal 0 -1 0
    outer loop
      vertex 49.2941 0.5 17.1704
      vertex 50.3294 0.5 13.3067
      vertex 52.5 0.5 14.2058
    endloop
  endfacet
  facet normal 0 -1 0
    outer loop
      vertex 48 0.5 17
      vertex 48 0.5 13
      vertex 50.3294 0.5 13.3067
    endloop
  endfacet
  facet normal 0 -1 0
    outer loop
      vertex 53.9342 0.5 22
      vertex 54.364 0.5 28.364
      vertex 53.9342 0.5 28.6937
    endloop
  endfacet
  facet normal 0 -1 -0
    outer loop
      vertex 54.364 0.5 28.364
      vertex 53.9342 0.5 22
      vertex 55.7942 0.5 26.5
    endloop
  endfacet
  facet normal 0 -1 -0
    outer loop
      vertex 55.7942 0.5 26.5
      vertex 53.9342 0.5 22
      vertex 56.6933 0.5 24.3294
    endloop
  endfacet
  facet normal 0 -1 -0
    outer loop
      vertex 56.6933 0.5 24.3294
      vertex 53.9342 0.5 22
      vertex 57 0.5 22
    endloop
  endfacet
  facet normal -0.991442 0 -0.130548
    outer loop
      vertex 53 5.5 22
      vertex 52.8296 3.47766 23.2941
      vertex 52.8296 5.5 23.2941
    endloop
  endfacet
  facet normal -0.991442 0 -0.130548
    outer loop
      vertex 52.8296 3.47766 23.2941
      vertex 53 5.5 22
      vertex 53 3.25563 22
    endloop
  endfacet
  facet normal 0.991442 0 -0.130548
    outer loop
      vertex 43.1704 3.47766 23.2941
      vertex 43 5.5 22
      vertex 43.1704 5.5 23.2941
    endloop
  endfacet
  facet normal 0.991442 0 -0.130548
    outer loop
      vertex 43 5.5 22
      vertex 43.1704 3.47766 23.2941
      vertex 43 3.25563 22
    endloop
  endfacet
  facet normal 0.130548 0 0.991442
    outer loop
      vertex 46.7059 5.5 17.1704
      vertex 48 0.5 17
      vertex 48 5.5 17
    endloop
  endfacet
  facet normal 0.130548 0 0.991442
    outer loop
      vertex 48 0.5 17
      vertex 46.7059 5.5 17.1704
      vertex 46.7059 0.5 17.1704
    endloop
  endfacet
  facet normal -0.793341 0 -0.608777
    outer loop
      vertex 52.3301 5.5 24.5
      vertex 51.5355 4.78522 25.5355
      vertex 51.5355 5.5 25.5355
    endloop
  endfacet
  facet normal -0.793346 1.42027e-05 -0.608771
    outer loop
      vertex 52.3301 5.5 24.5
      vertex 52.2426 4.24264 24.614
      vertex 51.5355 4.78522 25.5355
    endloop
  endfacet
  facet normal -0.79327 0 -0.60887
    outer loop
      vertex 52.2426 4.24264 24.614
      vertex 52.3301 5.5 24.5
      vertex 52.3301 4.12863 24.5
    endloop
  endfacet
  facet normal -0.92388 0 -0.382683
    outer loop
      vertex 52.8296 5.5 23.2941
      vertex 52.3301 4.12863 24.5
      vertex 52.3301 5.5 24.5
    endloop
  endfacet
  facet normal -0.92388 0 -0.382683
    outer loop
      vertex 52.3301 4.12863 24.5
      vertex 52.8296 5.5 23.2941
      vertex 52.8296 3.47766 23.2941
    endloop
  endfacet
  facet normal -0.608851 0 -0.793284
    outer loop
      vertex 51 5.19615 25.9465
      vertex 51.5355 5.5 25.5355
      vertex 51.5355 4.78522 25.5355
    endloop
  endfacet
  facet normal -0.608698 -0 -0.793402
    outer loop
      vertex 50.5 5.5 26.3301
      vertex 51 5.19615 25.9465
      vertex 50.5 5.40326 26.3301
    endloop
  endfacet
  facet normal -0.608777 -0.000207263 -0.793341
    outer loop
      vertex 51 5.19615 25.9465
      vertex 50.5 5.5 26.3301
      vertex 51.5355 5.5 25.5355
    endloop
  endfacet
  facet normal 0.608698 0 -0.793402
    outer loop
      vertex 45 5.19615 25.9465
      vertex 45.5 5.5 26.3301
      vertex 45.5 5.40326 26.3301
    endloop
  endfacet
  facet normal 0.608777 -0.000207263 -0.793341
    outer loop
      vertex 45 5.19615 25.9465
      vertex 44.4645 5.5 25.5355
      vertex 45.5 5.5 26.3301
    endloop
  endfacet
  facet normal 0.608851 0 -0.793284
    outer loop
      vertex 44.4645 5.5 25.5355
      vertex 45 5.19615 25.9465
      vertex 44.4645 4.78522 25.5355
    endloop
  endfacet
  facet normal 0.793341 0 -0.608777
    outer loop
      vertex 44.4645 4.78522 25.5355
      vertex 43.6699 5.5 24.5
      vertex 44.4645 5.5 25.5355
    endloop
  endfacet
  facet normal 0.793346 1.42027e-05 -0.608771
    outer loop
      vertex 43.7574 4.24264 24.614
      vertex 43.6699 5.5 24.5
      vertex 44.4645 4.78522 25.5355
    endloop
  endfacet
  facet normal 0.79327 0 -0.60887
    outer loop
      vertex 43.6699 5.5 24.5
      vertex 43.7574 4.24264 24.614
      vertex 43.6699 4.12863 24.5
    endloop
  endfacet
  facet normal 0.382817 0 -0.923824
    outer loop
      vertex 45.5 5.5 26.3301
      vertex 45.7336 5.5 26.4269
      vertex 45.5 5.40326 26.3301
    endloop
  endfacet
  facet normal 0.608777 0 0.793341
    outer loop
      vertex 44.4645 5.5 18.4645
      vertex 45.5 0.5 17.6699
      vertex 45.5 5.5 17.6699
    endloop
  endfacet
  facet normal 0.608777 0 0.793341
    outer loop
      vertex 45.5 0.5 17.6699
      vertex 44.4645 5.5 18.4645
      vertex 44.4645 0.5 18.4645
    endloop
  endfacet
  facet normal -0.382817 -0 -0.923824
    outer loop
      vertex 50.5 5.5 26.3301
      vertex 50.5 5.40326 26.3301
      vertex 50.2664 5.5 26.4269
    endloop
  endfacet
  facet normal 0.92388 0 -0.382683
    outer loop
      vertex 43.6699 4.12863 24.5
      vertex 43.1704 5.5 23.2941
      vertex 43.6699 5.5 24.5
    endloop
  endfacet
  facet normal 0.92388 0 -0.382683
    outer loop
      vertex 43.1704 5.5 23.2941
      vertex 43.6699 4.12863 24.5
      vertex 43.1704 3.47766 23.2941
    endloop
  endfacet
  facet normal -0.991442 0 0.130548
    outer loop
      vertex 52.8296 5.5 20.7059
      vertex 53 3.25563 22
      vertex 53 5.5 22
    endloop
  endfacet
  facet normal -0.991442 0 0.130548
    outer loop
      vertex 52.8296 0.5 20.7059
      vertex 53 3.25563 22
      vertex 52.8296 5.5 20.7059
    endloop
  endfacet
  facet normal -0.991442 0 0.130548
    outer loop
      vertex 53 3.25563 22
      vertex 52.8296 0.5 20.7059
      vertex 53 0.5 22
    endloop
  endfacet
  facet normal -0.130548 0 0.991442
    outer loop
      vertex 48 5.5 17
      vertex 49.2941 0.5 17.1704
      vertex 49.2941 5.5 17.1704
    endloop
  endfacet
  facet normal -0.130548 0 0.991442
    outer loop
      vertex 49.2941 0.5 17.1704
      vertex 48 5.5 17
      vertex 48 0.5 17
    endloop
  endfacet
  facet normal -0.608777 0 0.793341
    outer loop
      vertex 50.5 5.5 17.6699
      vertex 51.5355 0.5 18.4645
      vertex 51.5355 5.5 18.4645
    endloop
  endfacet
  facet normal -0.608777 0 0.793341
    outer loop
      vertex 51.5355 0.5 18.4645
      vertex 50.5 5.5 17.6699
      vertex 50.5 0.5 17.6699
    endloop
  endfacet
  facet normal 0.382683 0 0.92388
    outer loop
      vertex 45.5 5.5 17.6699
      vertex 46.7059 0.5 17.1704
      vertex 46.7059 5.5 17.1704
    endloop
  endfacet
  facet normal 0.382683 0 0.92388
    outer loop
      vertex 46.7059 0.5 17.1704
      vertex 45.5 5.5 17.6699
      vertex 45.5 0.5 17.6699
    endloop
  endfacet
  facet normal 0.793341 -0 0.608777
    outer loop
      vertex 43.6699 0.5 19.5
      vertex 44.4645 5.5 18.4645
      vertex 43.6699 5.5 19.5
    endloop
  endfacet
  facet normal 0.793341 0 0.608777
    outer loop
      vertex 44.4645 5.5 18.4645
      vertex 43.6699 0.5 19.5
      vertex 44.4645 0.5 18.4645
    endloop
  endfacet
  facet normal 0.991442 -0 0.130548
    outer loop
      vertex 43 3.25563 22
      vertex 43.1704 5.5 20.7059
      vertex 43 5.5 22
    endloop
  endfacet
  facet normal 0.991442 0 0.130548
    outer loop
      vertex 43.1704 0.5 20.7059
      vertex 43 3.25563 22
      vertex 43 0.5 22
    endloop
  endfacet
  facet normal 0.991442 0 0.130548
    outer loop
      vertex 43 3.25563 22
      vertex 43.1704 0.5 20.7059
      vertex 43.1704 5.5 20.7059
    endloop
  endfacet
  facet normal -0.382683 0 0.92388
    outer loop
      vertex 49.2941 5.5 17.1704
      vertex 50.5 0.5 17.6699
      vertex 50.5 5.5 17.6699
    endloop
  endfacet
  facet normal -0.382683 0 0.92388
    outer loop
      vertex 50.5 0.5 17.6699
      vertex 49.2941 5.5 17.1704
      vertex 49.2941 0.5 17.1704
    endloop
  endfacet
  facet normal -0.92388 0 0.382683
    outer loop
      vertex 52.3301 0.5 19.5
      vertex 52.8296 5.5 20.7059
      vertex 52.3301 5.5 19.5
    endloop
  endfacet
  facet normal -0.92388 0 0.382683
    outer loop
      vertex 52.8296 5.5 20.7059
      vertex 52.3301 0.5 19.5
      vertex 52.8296 0.5 20.7059
    endloop
  endfacet
  facet normal -0.793341 0 0.608777
    outer loop
      vertex 51.5355 0.5 18.4645
      vertex 52.3301 5.5 19.5
      vertex 51.5355 5.5 18.4645
    endloop
  endfacet
  facet normal -0.793341 0 0.608777
    outer loop
      vertex 52.3301 5.5 19.5
      vertex 51.5355 0.5 18.4645
      vertex 52.3301 0.5 19.5
    endloop
  endfacet
  facet normal 0.92388 -0 0.382683
    outer loop
      vertex 43.1704 0.5 20.7059
      vertex 43.6699 5.5 19.5
      vertex 43.1704 5.5 20.7059
    endloop
  endfacet
  facet normal 0.92388 0 0.382683
    outer loop
      vertex 43.6699 5.5 19.5
      vertex 43.1704 0.5 20.7059
      vertex 43.6699 0.5 19.5
    endloop
  endfacet
  facet normal 0.965914 0 0.258865
    outer loop
      vertex 49.5 -7 32
      vertex 49.299 -5.82898 32.75
      vertex 49.299 -7 32.75
    endloop
  endfacet
  facet normal 0.965914 0 0.258865
    outer loop
      vertex 49.299 -5.82898 32.75
      vertex 49.5 -7 32
      vertex 49.5 -5.80252 32
    endloop
  endfacet
  facet normal 0.965914 -0 0.258865
    outer loop
      vertex 49.299 5.82898 32.75
      vertex 49.5 7 32
      vertex 49.299 7 32.75
    endloop
  endfacet
  facet normal 0.965914 0 0.258865
    outer loop
      vertex 49.5 7 32
      vertex 49.299 5.82898 32.75
      vertex 49.5 5.80252 32
    endloop
  endfacet
  facet normal 0.707107 0 0.707107
    outer loop
      vertex 49.299 -7 32.75
      vertex 48.75 -5.90126 33.299
      vertex 48.75 -7 33.299
    endloop
  endfacet
  facet normal 0.707107 0 0.707107
    outer loop
      vertex 48.75 -5.90126 33.299
      vertex 49.299 -7 32.75
      vertex 49.299 -5.82898 32.75
    endloop
  endfacet
  facet normal 0.707107 -0 0.707107
    outer loop
      vertex 48.75 5.90126 33.299
      vertex 49.299 7 32.75
      vertex 48.75 7 33.299
    endloop
  endfacet
  facet normal 0.707107 0 0.707107
    outer loop
      vertex 49.299 7 32.75
      vertex 48.75 5.90126 33.299
      vertex 49.299 5.82898 32.75
    endloop
  endfacet
  facet normal -0.258865 0 0.965914
    outer loop
      vertex 47.25 -7 33.299
      vertex 48 -6 33.5
      vertex 47.25 -5.90126 33.299
    endloop
  endfacet
  facet normal -0.258865 0 0.965914
    outer loop
      vertex 48 -6 33.5
      vertex 47.25 -7 33.299
      vertex 48 -7 33.5
    endloop
  endfacet
  facet normal -0.258865 0 0.965914
    outer loop
      vertex 47.25 7 33.299
      vertex 48 6 33.5
      vertex 48 7 33.5
    endloop
  endfacet
  facet normal -0.258865 0 0.965914
    outer loop
      vertex 48 6 33.5
      vertex 47.25 7 33.299
      vertex 47.25 5.90126 33.299
    endloop
  endfacet
  facet normal -0.707107 0 -0.707107
    outer loop
      vertex 46.701 -7 31.25
      vertex 47.25 -5.90126 30.701
      vertex 47.25 -7 30.701
    endloop
  endfacet
  facet normal -0.707107 0 -0.707107
    outer loop
      vertex 47.25 -5.90126 30.701
      vertex 46.701 -7 31.25
      vertex 46.701 -5.82898 31.25
    endloop
  endfacet
  facet normal -0.707107 0 -0.707107
    outer loop
      vertex 47.25 5.90126 30.701
      vertex 46.701 7 31.25
      vertex 47.25 7 30.701
    endloop
  endfacet
  facet normal -0.707107 -0 -0.707107
    outer loop
      vertex 46.701 7 31.25
      vertex 47.25 5.90126 30.701
      vertex 46.701 5.82898 31.25
    endloop
  endfacet
  facet normal 0.258865 0 0.965914
    outer loop
      vertex 48 -6 33.5
      vertex 48.75 -7 33.299
      vertex 48.75 -5.90126 33.299
    endloop
  endfacet
  facet normal 0.258865 0 0.965914
    outer loop
      vertex 48.75 -7 33.299
      vertex 48 -6 33.5
      vertex 48 -7 33.5
    endloop
  endfacet
  facet normal 0.258865 -0 0.965914
    outer loop
      vertex 48 6 33.5
      vertex 48.75 7 33.299
      vertex 48 7 33.5
    endloop
  endfacet
  facet normal 0.258865 0 0.965914
    outer loop
      vertex 48.75 7 33.299
      vertex 48 6 33.5
      vertex 48.75 5.90126 33.299
    endloop
  endfacet
  facet normal -0.707107 0 0.707107
    outer loop
      vertex 46.701 -7 32.75
      vertex 47.25 -5.90126 33.299
      vertex 46.701 -5.82898 32.75
    endloop
  endfacet
  facet normal -0.707107 0 0.707107
    outer loop
      vertex 47.25 -5.90126 33.299
      vertex 46.701 -7 32.75
      vertex 47.25 -7 33.299
    endloop
  endfacet
  facet normal -0.707107 0 0.707107
    outer loop
      vertex 46.701 7 32.75
      vertex 47.25 5.90126 33.299
      vertex 47.25 7 33.299
    endloop
  endfacet
  facet normal -0.707107 0 0.707107
    outer loop
      vertex 47.25 5.90126 33.299
      vertex 46.701 7 32.75
      vertex 46.701 5.82898 32.75
    endloop
  endfacet
  facet normal 0 -1 0
    outer loop
      vertex 47.25 -7 33.299
      vertex 48.75 -7 33.299
      vertex 48 -7 33.5
    endloop
  endfacet
  facet normal 0 -1 0
    outer loop
      vertex 46.701 -7 32.75
      vertex 48.75 -7 33.299
      vertex 47.25 -7 33.299
    endloop
  endfacet
  facet normal 0 -1 0
    outer loop
      vertex 46.701 -7 32.75
      vertex 49.299 -7 32.75
      vertex 48.75 -7 33.299
    endloop
  endfacet
  facet normal 0 -1 0
    outer loop
      vertex 46.5 -7 32
      vertex 49.299 -7 32.75
      vertex 46.701 -7 32.75
    endloop
  endfacet
  facet normal 0 -1 0
    outer loop
      vertex 46.5 -7 32
      vertex 49.5 -7 32
      vertex 49.299 -7 32.75
    endloop
  endfacet
  facet normal 0 -1 0
    outer loop
      vertex 46.701 -7 31.25
      vertex 49.5 -7 32
      vertex 46.5 -7 32
    endloop
  endfacet
  facet normal 0 -1 0
    outer loop
      vertex 46.701 -7 31.25
      vertex 49.299 -7 31.25
      vertex 49.5 -7 32
    endloop
  endfacet
  facet normal 0 -1 0
    outer loop
      vertex 47.25 -7 30.701
      vertex 49.299 -7 31.25
      vertex 46.701 -7 31.25
    endloop
  endfacet
  facet normal 0 -1 0
    outer loop
      vertex 47.25 -7 30.701
      vertex 48.75 -7 30.701
      vertex 49.299 -7 31.25
    endloop
  endfacet
  facet normal -0 -1 0
    outer loop
      vertex 48.75 -7 30.701
      vertex 47.25 -7 30.701
      vertex 48 -7 30.5
    endloop
  endfacet
  facet normal -0.965914 0 0.258865
    outer loop
      vertex 46.5 -7 32
      vertex 46.701 -5.82898 32.75
      vertex 46.5 -5.80252 32
    endloop
  endfacet
  facet normal -0.965914 0 0.258865
    outer loop
      vertex 46.701 -5.82898 32.75
      vertex 46.5 -7 32
      vertex 46.701 -7 32.75
    endloop
  endfacet
  facet normal -0.965914 0 0.258865
    outer loop
      vertex 46.5 7 32
      vertex 46.701 5.82898 32.75
      vertex 46.701 7 32.75
    endloop
  endfacet
  facet normal -0.965914 0 0.258865
    outer loop
      vertex 46.701 5.82898 32.75
      vertex 46.5 7 32
      vertex 46.5 5.80252 32
    endloop
  endfacet
  facet normal -0.965914 0 -0.258865
    outer loop
      vertex 46.5 -7 32
      vertex 46.701 -5.82898 31.25
      vertex 46.701 -7 31.25
    endloop
  endfacet
  facet normal -0.965914 0 -0.258865
    outer loop
      vertex 46.701 -5.82898 31.25
      vertex 46.5 -7 32
      vertex 46.5 -5.80252 32
    endloop
  endfacet
  facet normal -0.965914 0 -0.258865
    outer loop
      vertex 46.701 5.82898 31.25
      vertex 46.5 7 32
      vertex 46.701 7 31.25
    endloop
  endfacet
  facet normal -0.965914 -0 -0.258865
    outer loop
      vertex 46.5 7 32
      vertex 46.701 5.82898 31.25
      vertex 46.5 5.80252 32
    endloop
  endfacet
  facet normal 0.707107 0 -0.707107
    outer loop
      vertex 49.299 -7 31.25
      vertex 48.75 -5.90126 30.701
      vertex 49.299 -5.82898 31.25
    endloop
  endfacet
  facet normal 0.707107 0 -0.707107
    outer loop
      vertex 48.75 -5.90126 30.701
      vertex 49.299 -7 31.25
      vertex 48.75 -7 30.701
    endloop
  endfacet
  facet normal 0.707107 0 -0.707107
    outer loop
      vertex 49.299 7 31.25
      vertex 48.75 5.90126 30.701
      vertex 48.75 7 30.701
    endloop
  endfacet
  facet normal 0.707107 0 -0.707107
    outer loop
      vertex 48.75 5.90126 30.701
      vertex 49.299 7 31.25
      vertex 49.299 5.82898 31.25
    endloop
  endfacet
  facet normal 0.965914 0 -0.258865
    outer loop
      vertex 49.5 -7 32
      vertex 49.299 -5.82898 31.25
      vertex 49.5 -5.80252 32
    endloop
  endfacet
  facet normal 0.965914 0 -0.258865
    outer loop
      vertex 49.299 -5.82898 31.25
      vertex 49.5 -7 32
      vertex 49.299 -7 31.25
    endloop
  endfacet
  facet normal 0.965914 0 -0.258865
    outer loop
      vertex 49.5 7 32
      vertex 49.299 5.82898 31.25
      vertex 49.299 7 31.25
    endloop
  endfacet
  facet normal 0.965914 0 -0.258865
    outer loop
      vertex 49.299 5.82898 31.25
      vertex 49.5 7 32
      vertex 49.5 5.80252 32
    endloop
  endfacet
  facet normal -0.258865 0 -0.965914
    outer loop
      vertex 47.25 -7 30.701
      vertex 48 -6 30.5
      vertex 48 -7 30.5
    endloop
  endfacet
  facet normal -0.258865 0 -0.965914
    outer loop
      vertex 48 -6 30.5
      vertex 47.25 -7 30.701
      vertex 47.25 -5.90126 30.701
    endloop
  endfacet
  facet normal -0.258865 -0 -0.965914
    outer loop
      vertex 47.25 7 30.701
      vertex 48 6 30.5
      vertex 47.25 5.90126 30.701
    endloop
  endfacet
  facet normal -0.258865 0 -0.965914
    outer loop
      vertex 48 6 30.5
      vertex 47.25 7 30.701
      vertex 48 7 30.5
    endloop
  endfacet
  facet normal 0.258865 0 -0.965914
    outer loop
      vertex 48 -6 30.5
      vertex 48.75 -7 30.701
      vertex 48 -7 30.5
    endloop
  endfacet
  facet normal 0.258865 0 -0.965914
    outer loop
      vertex 48.75 -7 30.701
      vertex 48 -6 30.5
      vertex 48.75 -5.90126 30.701
    endloop
  endfacet
  facet normal 0.258865 0 -0.965914
    outer loop
      vertex 48 6 30.5
      vertex 48.75 7 30.701
      vertex 48.75 5.90126 30.701
    endloop
  endfacet
  facet normal 0.258865 0 -0.965914
    outer loop
      vertex 48.75 7 30.701
      vertex 48 6 30.5
      vertex 48 7 30.5
    endloop
  endfacet
  facet normal 0 1 0
    outer loop
      vertex 48.75 7 33.299
      vertex 47.25 7 33.299
      vertex 48 7 33.5
    endloop
  endfacet
  facet normal 0 1 0
    outer loop
      vertex 49.299 7 32.75
      vertex 47.25 7 33.299
      vertex 48.75 7 33.299
    endloop
  endfacet
  facet normal 0 1 0
    outer loop
      vertex 49.299 7 32.75
      vertex 46.701 7 32.75
      vertex 47.25 7 33.299
    endloop
  endfacet
  facet normal 0 1 0
    outer loop
      vertex 49.5 7 32
      vertex 46.701 7 32.75
      vertex 49.299 7 32.75
    endloop
  endfacet
  facet normal 0 1 0
    outer loop
      vertex 49.5 7 32
      vertex 46.5 7 32
      vertex 46.701 7 32.75
    endloop
  endfacet
  facet normal 0 1 -0
    outer loop
      vertex 49.299 7 31.25
      vertex 46.5 7 32
      vertex 49.5 7 32
    endloop
  endfacet
  facet normal 0 1 0
    outer loop
      vertex 49.299 7 31.25
      vertex 46.701 7 31.25
      vertex 46.5 7 32
    endloop
  endfacet
  facet normal 0 1 -0
    outer loop
      vertex 48.75 7 30.701
      vertex 46.701 7 31.25
      vertex 49.299 7 31.25
    endloop
  endfacet
  facet normal 0 1 0
    outer loop
      vertex 48.75 7 30.701
      vertex 47.25 7 30.701
      vertex 46.701 7 31.25
    endloop
  endfacet
  facet normal -0 1 0
    outer loop
      vertex 47.25 7 30.701
      vertex 48.75 7 30.701
      vertex 48 7 30.5
    endloop
  endfacet
  facet normal 0.793296 0.608836 0
    outer loop
      vertex 52.3301 4.12863 24.5
      vertex 52.2426 4.24264 22
      vertex 52.2426 4.24264 24.614
    endloop
  endfacet
  facet normal 0.793353 0.608762 -5.34023e-06
    outer loop
      vertex 52.8296 3.47766 23.2941
      vertex 52.2426 4.24264 22
      vertex 52.3301 4.12863 24.5
    endloop
  endfacet
  facet normal 0.793338 0.608782 1.30321e-05
    outer loop
      vertex 52.2426 4.24264 22
      vertex 52.8296 3.47766 23.2941
      vertex 53 3.25563 22
    endloop
  endfacet
  facet normal 0.793326 0.608797 0
    outer loop
      vertex 53.1962 3 46
      vertex 52.2426 4.24264 29.9008
      vertex 52.2426 4.24264 46
    endloop
  endfacet
  facet normal 0.79331 0.608818 2.59497e-06
    outer loop
      vertex 52.2426 4.24264 29.9008
      vertex 53.1962 3 46
      vertex 52.5 3.90724 29.7942
    endloop
  endfacet
  facet normal 0.793332 0.608789 0
    outer loop
      vertex 52.5 3.90724 29.7942
      vertex 53.1962 3 46
      vertex 53.1962 3 29.2601
    endloop
  endfacet
  facet normal 0.991449 0.130498 0
    outer loop
      vertex 54 0 46
      vertex 53.7956 1.55291 28.8001
      vertex 53.7956 1.55291 46
    endloop
  endfacet
  facet normal 0.991447 0.130509 1.00484e-06
    outer loop
      vertex 53.7956 1.55291 28.8001
      vertex 54 0 46
      vertex 53.9342 0.5 28.6937
    endloop
  endfacet
  facet normal 0.991452 0.130475 -0
    outer loop
      vertex 54 0 22
      vertex 53.9342 0.5 28.6937
      vertex 54 0 46
    endloop
  endfacet
  facet normal 0.991452 0.130475 0
    outer loop
      vertex 53.9342 0.5 28.6937
      vertex 54 0 22
      vertex 53.9342 0.5 22
    endloop
  endfacet
  facet normal 0 0 -1
    outer loop
      vertex 42 0 22
      vertex 43 -0.5 22
      vertex 42.0658 -0.5 22
    endloop
  endfacet
  facet normal 0 0 -1
    outer loop
      vertex 43 -0.5 22
      vertex 42 0 22
      vertex 43 0.5 22
    endloop
  endfacet
  facet normal -0 0 -1
    outer loop
      vertex 43 0.5 22
      vertex 42 0 22
      vertex 42.0658 0.5 22
    endloop
  endfacet
  facet normal 0 0 -1
    outer loop
      vertex 52.2426 -4.24264 22
      vertex 53 -0.5 22
      vertex 53 -3.25563 22
    endloop
  endfacet
  facet normal 0 0 -1
    outer loop
      vertex 51 -5.19615 22
      vertex 53 -0.5 22
      vertex 52.2426 -4.24264 22
    endloop
  endfacet
  facet normal 0 0 -1
    outer loop
      vertex 49.5529 -5.79555 22
      vertex 53 -0.5 22
      vertex 51 -5.19615 22
    endloop
  endfacet
  facet normal 0 0 -1
    outer loop
      vertex 43 0.5 22
      vertex 53 0.5 22
      vertex 43 -0.5 22
    endloop
  endfacet
  facet normal 0 0 -1
    outer loop
      vertex 48 -6 22
      vertex 53 -0.5 22
      vertex 49.5529 -5.79555 22
    endloop
  endfacet
  facet normal 0 -0 -1
    outer loop
      vertex 48 6 22
      vertex 53 0.5 22
      vertex 43 0.5 22
    endloop
  endfacet
  facet normal 0 0 -1
    outer loop
      vertex 53 -0.5 22
      vertex 43 -0.5 22
      vertex 53 0.5 22
    endloop
  endfacet
  facet normal 0 0 -1
    outer loop
      vertex 53 0.5 22
      vertex 52.2426 4.24264 22
      vertex 53 3.25563 22
    endloop
  endfacet
  facet normal -0 0 -1
    outer loop
      vertex 53 -0.5 22
      vertex 48 -6 22
      vertex 43 -0.5 22
    endloop
  endfacet
  facet normal 0 0 -1
    outer loop
      vertex 53 0.5 22
      vertex 51 5.19615 22
      vertex 52.2426 4.24264 22
    endloop
  endfacet
  facet normal 0 0 -1
    outer loop
      vertex 43 -0.5 22
      vertex 48 -6 22
      vertex 46.4471 -5.79555 22
    endloop
  endfacet
  facet normal 0 0 -1
    outer loop
      vertex 53 0.5 22
      vertex 49.5529 5.79555 22
      vertex 51 5.19615 22
    endloop
  endfacet
  facet normal 0 0 -1
    outer loop
      vertex 43 -0.5 22
      vertex 46.4471 -5.79555 22
      vertex 45 -5.19615 22
    endloop
  endfacet
  facet normal 0 0 -1
    outer loop
      vertex 53 0.5 22
      vertex 48 6 22
      vertex 49.5529 5.79555 22
    endloop
  endfacet
  facet normal 0 0 -1
    outer loop
      vertex 43 -0.5 22
      vertex 45 -5.19615 22
      vertex 43.7574 -4.24264 22
    endloop
  endfacet
  facet normal 0 0 -1
    outer loop
      vertex 48 6 22
      vertex 43 0.5 22
      vertex 46.4471 5.79555 22
    endloop
  endfacet
  facet normal 0 0 -1
    outer loop
      vertex 43 -0.5 22
      vertex 43.7574 -4.24264 22
      vertex 43 -3.25563 22
    endloop
  endfacet
  facet normal 0 0 -1
    outer loop
      vertex 46.4471 5.79555 22
      vertex 43 0.5 22
      vertex 45 5.19615 22
    endloop
  endfacet
  facet normal 0 0 -1
    outer loop
      vertex 45 5.19615 22
      vertex 43 0.5 22
      vertex 43.7574 4.24264 22
    endloop
  endfacet
  facet normal 0 0 -1
    outer loop
      vertex 43.7574 4.24264 22
      vertex 43 0.5 22
      vertex 43 3.25563 22
    endloop
  endfacet
  facet normal 0 0 -1
    outer loop
      vertex 53 -0.5 22
      vertex 54 0 22
      vertex 53.9342 -0.5 22
    endloop
  endfacet
  facet normal 0 0 -1
    outer loop
      vertex 53 0.5 22
      vertex 54 0 22
      vertex 53 -0.5 22
    endloop
  endfacet
  facet normal 0 0 -1
    outer loop
      vertex 54 0 22
      vertex 53 0.5 22
      vertex 53.9342 0.5 22
    endloop
  endfacet
  facet normal -0.13053 0.991444 0
    outer loop
      vertex 48 6 33.5
      vertex 46.4471 5.79555 46
      vertex 48 6 46
    endloop
  endfacet
  facet normal -0.130527 0.991445 4.25148e-07
    outer loop
      vertex 47.25 5.90126 33.299
      vertex 46.4471 5.79555 46
      vertex 48 6 33.5
    endloop
  endfacet
  facet normal -0.130531 0.991444 1.57537e-07
    outer loop
      vertex 46.701 5.82898 32.75
      vertex 46.4471 5.79555 46
      vertex 47.25 5.90126 33.299
    endloop
  endfacet
  facet normal -0.130517 0.991446 4.29421e-07
    outer loop
      vertex 46.5 5.80252 32
      vertex 46.4471 5.79555 46
      vertex 46.701 5.82898 32.75
    endloop
  endfacet
  facet normal -0.13053 0.991444 0
    outer loop
      vertex 46.4471 5.79555 22
      vertex 48 6 30.5
      vertex 48 6 22
    endloop
  endfacet
  facet normal -0.130527 0.991445 -6.15879e-07
    outer loop
      vertex 48 6 30.5
      vertex 46.4471 5.79555 22
      vertex 47.25 5.90126 30.701
    endloop
  endfacet
  facet normal -0.130531 0.991444 -2.23841e-07
    outer loop
      vertex 47.25 5.90126 30.701
      vertex 46.4471 5.79555 22
      vertex 46.701 5.82898 31.25
    endloop
  endfacet
  facet normal -0.130629 0.991431 0
    outer loop
      vertex 46.5 5.80252 32
      vertex 46.4471 5.79555 22
      vertex 46.4471 5.79555 46
    endloop
  endfacet
  facet normal -0.130518 0.991446 -5.97864e-07
    outer loop
      vertex 46.701 5.82898 31.25
      vertex 46.4471 5.79555 22
      vertex 46.5 5.80252 32
    endloop
  endfacet
  facet normal 0.608767 0.793349 4.50898e-06
    outer loop
      vertex 51 5.19615 22
      vertex 51.5355 4.78522 25.5355
      vertex 52.2426 4.24264 24.614
    endloop
  endfacet
  facet normal 0.608773 0.793344 0
    outer loop
      vertex 51 5.19615 22
      vertex 52.2426 4.24264 24.614
      vertex 52.2426 4.24264 22
    endloop
  endfacet
  facet normal 0.608786 0.793334 0
    outer loop
      vertex 51.5355 4.78522 25.5355
      vertex 51 5.19615 22
      vertex 51 5.19615 25.9465
    endloop
  endfacet
  facet normal 0.608773 0.793344 0
    outer loop
      vertex 52.2426 4.24264 46
      vertex 51 5.19615 30.4155
      vertex 51 5.19615 46
    endloop
  endfacet
  facet normal 0.608773 0.793344 0
    outer loop
      vertex 51 5.19615 30.4155
      vertex 52.2426 4.24264 46
      vertex 52.2426 4.24264 29.9008
    endloop
  endfacet
  facet normal 0.13053 0.991444 0
    outer loop
      vertex 49.5529 5.79555 46
      vertex 48 6 33.5
      vertex 48 6 46
    endloop
  endfacet
  facet normal 0.130527 0.991445 4.25148e-07
    outer loop
      vertex 49.5529 5.79555 46
      vertex 48.75 5.90126 33.299
      vertex 48 6 33.5
    endloop
  endfacet
  facet normal 0.130531 0.991444 1.57537e-07
    outer loop
      vertex 49.5529 5.79555 46
      vertex 49.299 5.82898 32.75
      vertex 48.75 5.90126 33.299
    endloop
  endfacet
  facet normal 0.130517 0.991446 4.29421e-07
    outer loop
      vertex 49.5529 5.79555 46
      vertex 49.5 5.80252 32
      vertex 49.299 5.82898 32.75
    endloop
  endfacet
  facet normal 0.130629 0.991431 -0
    outer loop
      vertex 49.5529 5.79555 22
      vertex 49.5 5.80252 32
      vertex 49.5529 5.79555 46
    endloop
  endfacet
  facet normal 0.130518 0.991446 -5.97864e-07
    outer loop
      vertex 49.5529 5.79555 22
      vertex 49.299 5.82898 31.25
      vertex 49.5 5.80252 32
    endloop
  endfacet
  facet normal 0.130531 0.991444 -2.23841e-07
    outer loop
      vertex 49.5529 5.79555 22
      vertex 48.75 5.90126 30.701
      vertex 49.299 5.82898 31.25
    endloop
  endfacet
  facet normal 0.130527 0.991445 -6.15879e-07
    outer loop
      vertex 49.5529 5.79555 22
      vertex 48 6 30.5
      vertex 48.75 5.90126 30.701
    endloop
  endfacet
  facet normal 0.13053 0.991444 0
    outer loop
      vertex 48 6 30.5
      vertex 49.5529 5.79555 22
      vertex 48 6 22
    endloop
  endfacet
  facet normal -0.608773 0.793344 0
    outer loop
      vertex 45 5.19615 30.4155
      vertex 43.7574 4.24264 46
      vertex 45 5.19615 46
    endloop
  endfacet
  facet normal -0.608773 0.793344 0
    outer loop
      vertex 43.7574 4.24264 46
      vertex 45 5.19615 30.4155
      vertex 43.7574 4.24264 29.9008
    endloop
  endfacet
  facet normal -0.608786 0.793334 0
    outer loop
      vertex 45 5.19615 22
      vertex 44.4645 4.78522 25.5355
      vertex 45 5.19615 25.9465
    endloop
  endfacet
  facet normal -0.608767 0.793349 4.50898e-06
    outer loop
      vertex 44.4645 4.78522 25.5355
      vertex 45 5.19615 22
      vertex 43.7574 4.24264 24.614
    endloop
  endfacet
  facet normal -0.608773 0.793344 0
    outer loop
      vertex 43.7574 4.24264 24.614
      vertex 45 5.19615 22
      vertex 43.7574 4.24264 22
    endloop
  endfacet
  facet normal -0.923881 0.382681 0
    outer loop
      vertex 42.2044 1.55291 46
      vertex 42.8038 3 29.2601
      vertex 42.2044 1.55291 28.8001
    endloop
  endfacet
  facet normal -0.923881 0.382681 0
    outer loop
      vertex 42.8038 3 29.2601
      vertex 42.2044 1.55291 46
      vertex 42.8038 3 46
    endloop
  endfacet
  facet normal -0.79331 0.608818 2.59497e-06
    outer loop
      vertex 42.8038 3 46
      vertex 43.7574 4.24264 29.9008
      vertex 43.5 3.90724 29.7942
    endloop
  endfacet
  facet normal -0.793332 0.608789 0
    outer loop
      vertex 42.8038 3 46
      vertex 43.5 3.90724 29.7942
      vertex 42.8038 3 29.2601
    endloop
  endfacet
  facet normal -0.793326 0.608797 0
    outer loop
      vertex 43.7574 4.24264 29.9008
      vertex 42.8038 3 46
      vertex 43.7574 4.24264 46
    endloop
  endfacet
  facet normal -0.793296 0.608836 0
    outer loop
      vertex 43.7574 4.24264 22
      vertex 43.6699 4.12863 24.5
      vertex 43.7574 4.24264 24.614
    endloop
  endfacet
  facet normal -0.793353 0.608762 -5.34023e-06
    outer loop
      vertex 43.7574 4.24264 22
      vertex 43.1704 3.47766 23.2941
      vertex 43.6699 4.12863 24.5
    endloop
  endfacet
  facet normal -0.793338 0.608782 1.30321e-05
    outer loop
      vertex 43.1704 3.47766 23.2941
      vertex 43.7574 4.24264 22
      vertex 43 3.25563 22
    endloop
  endfacet
  facet normal 0.382679 0.923881 -7.72255e-07
    outer loop
      vertex 51 5.19615 46
      vertex 50.2664 5.5 30.7016
      vertex 49.5529 5.79555 46
    endloop
  endfacet
  facet normal 0.382242 0.924062 2.37559e-05
    outer loop
      vertex 51 5.19615 46
      vertex 50.3294 5.47394 30.6933
      vertex 50.2664 5.5 30.7016
    endloop
  endfacet
  facet normal 0.382705 0.923871 0
    outer loop
      vertex 50.3294 5.47394 30.6933
      vertex 51 5.19615 46
      vertex 51 5.19615 30.4155
    endloop
  endfacet
  facet normal 0.382693 0.923876 0
    outer loop
      vertex 49.5529 5.79555 22
      vertex 50.2664 5.5 30.7016
      vertex 50.2664 5.5 26.4269
    endloop
  endfacet
  facet normal 0.382529 0.923944 -0.000244299
    outer loop
      vertex 51 5.19615 25.9465
      vertex 50.2664 5.5 26.4269
      vertex 50.5 5.40326 26.3301
    endloop
  endfacet
  facet normal 0.382679 0.923881 0
    outer loop
      vertex 49.5529 5.79555 22
      vertex 51 5.19615 25.9465
      vertex 51 5.19615 22
    endloop
  endfacet
  facet normal 0.382693 0.923876 0
    outer loop
      vertex 50.2664 5.5 30.7016
      vertex 49.5529 5.79555 22
      vertex 49.5529 5.79555 46
    endloop
  endfacet
  facet normal 0.382668 0.923886 4.76181e-06
    outer loop
      vertex 51 5.19615 25.9465
      vertex 49.5529 5.79555 22
      vertex 50.2664 5.5 26.4269
    endloop
  endfacet
  facet normal -0.991452 -0.130475 -0
    outer loop
      vertex 42.0658 -0.5 28.6937
      vertex 42 0 22
      vertex 42.0658 -0.5 22
    endloop
  endfacet
  facet normal -0.991452 -0.130475 0
    outer loop
      vertex 42 0 22
      vertex 42.0658 -0.5 28.6937
      vertex 42 0 46
    endloop
  endfacet
  facet normal -0.991447 -0.130509 1.00484e-06
    outer loop
      vertex 42.2044 -1.55291 28.8001
      vertex 42 0 46
      vertex 42.0658 -0.5 28.6937
    endloop
  endfacet
  facet normal -0.991449 -0.130498 0
    outer loop
      vertex 42 0 46
      vertex 42.2044 -1.55291 28.8001
      vertex 42.2044 -1.55291 46
    endloop
  endfacet
  facet normal -0.382679 0.923881 -7.72255e-07
    outer loop
      vertex 46.4471 5.79555 46
      vertex 45.7336 5.5 30.7016
      vertex 45 5.19615 46
    endloop
  endfacet
  facet normal -0.382693 0.923876 0
    outer loop
      vertex 46.4471 5.79555 22
      vertex 45.7336 5.5 30.7016
      vertex 46.4471 5.79555 46
    endloop
  endfacet
  facet normal -0.382529 0.923944 -0.000244299
    outer loop
      vertex 45.7336 5.5 26.4269
      vertex 45 5.19615 25.9465
      vertex 45.5 5.40326 26.3301
    endloop
  endfacet
  facet normal -0.382693 0.923876 0
    outer loop
      vertex 45.7336 5.5 30.7016
      vertex 46.4471 5.79555 22
      vertex 45.7336 5.5 26.4269
    endloop
  endfacet
  facet normal -0.382668 0.923886 4.76181e-06
    outer loop
      vertex 46.4471 5.79555 22
      vertex 45 5.19615 25.9465
      vertex 45.7336 5.5 26.4269
    endloop
  endfacet
  facet normal -0.382679 0.923881 0
    outer loop
      vertex 45 5.19615 25.9465
      vertex 46.4471 5.79555 22
      vertex 45 5.19615 22
    endloop
  endfacet
  facet normal -0.382242 0.924062 2.37559e-05
    outer loop
      vertex 45.6706 5.47394 30.6933
      vertex 45 5.19615 46
      vertex 45.7336 5.5 30.7016
    endloop
  endfacet
  facet normal -0.382705 0.923871 0
    outer loop
      vertex 45 5.19615 46
      vertex 45.6706 5.47394 30.6933
      vertex 45 5.19615 30.4155
    endloop
  endfacet
  facet normal 0.923881 -0.382681 0
    outer loop
      vertex 53.1962 -3 29.2601
      vertex 53.7956 -1.55291 46
      vertex 53.1962 -3 46
    endloop
  endfacet
  facet normal 0.923881 -0.382681 0
    outer loop
      vertex 53.7956 -1.55291 46
      vertex 53.1962 -3 29.2601
      vertex 53.7956 -1.55291 28.8001
    endloop
  endfacet
  facet normal -0.923881 -0.382681 0
    outer loop
      vertex 42.8038 -3 29.2601
      vertex 42.2044 -1.55291 46
      vertex 42.2044 -1.55291 28.8001
    endloop
  endfacet
  facet normal -0.923881 -0.382681 0
    outer loop
      vertex 42.2044 -1.55291 46
      vertex 42.8038 -3 29.2601
      vertex 42.8038 -3 46
    endloop
  endfacet
  facet normal 0.793332 -0.608789 0
    outer loop
      vertex 53.1962 -3 46
      vertex 52.5 -3.90724 29.7942
      vertex 53.1962 -3 29.2601
    endloop
  endfacet
  facet normal 0.793326 -0.608797 0
    outer loop
      vertex 52.2426 -4.24264 29.9008
      vertex 53.1962 -3 46
      vertex 52.2426 -4.24264 46
    endloop
  endfacet
  facet normal 0.79331 -0.608818 2.59497e-06
    outer loop
      vertex 53.1962 -3 46
      vertex 52.2426 -4.24264 29.9008
      vertex 52.5 -3.90724 29.7942
    endloop
  endfacet
  facet normal 0.793353 -0.608762 -5.34023e-06
    outer loop
      vertex 52.2426 -4.24264 22
      vertex 52.8296 -3.47766 23.2941
      vertex 52.3301 -4.12863 24.5
    endloop
  endfacet
  facet normal 0.793296 -0.608836 0
    outer loop
      vertex 52.2426 -4.24264 22
      vertex 52.3301 -4.12863 24.5
      vertex 52.2426 -4.24264 24.614
    endloop
  endfacet
  facet normal 0.793338 -0.608782 1.30321e-05
    outer loop
      vertex 52.8296 -3.47766 23.2941
      vertex 52.2426 -4.24264 22
      vertex 53 -3.25563 22
    endloop
  endfacet
  facet normal 0.991452 -0.130475 0
    outer loop
      vertex 54 0 46
      vertex 53.9342 -0.5 28.6937
      vertex 54 0 22
    endloop
  endfacet
  facet normal 0.991449 -0.130498 0
    outer loop
      vertex 53.7956 -1.55291 28.8001
      vertex 54 0 46
      vertex 53.7956 -1.55291 46
    endloop
  endfacet
  facet normal 0.991447 -0.130509 1.00484e-06
    outer loop
      vertex 54 0 46
      vertex 53.7956 -1.55291 28.8001
      vertex 53.9342 -0.5 28.6937
    endloop
  endfacet
  facet normal 0.991452 -0.130475 0
    outer loop
      vertex 54 0 22
      vertex 53.9342 -0.5 28.6937
      vertex 53.9342 -0.5 22
    endloop
  endfacet
  facet normal 0.923881 0.382681 0
    outer loop
      vertex 53.7956 1.55291 46
      vertex 53.1962 3 29.2601
      vertex 53.1962 3 46
    endloop
  endfacet
  facet normal 0.923881 0.382681 0
    outer loop
      vertex 53.1962 3 29.2601
      vertex 53.7956 1.55291 46
      vertex 53.7956 1.55291 28.8001
    endloop
  endfacet
  facet normal 0 0 -1
    outer loop
      vertex 27 -21 46
      vertex 31 21 46
      vertex 31 -21 46
    endloop
  endfacet
  facet normal -0 0 -1
    outer loop
      vertex 31 21 46
      vertex 27 -21 46
      vertex 27 21 46
    endloop
  endfacet
  facet normal 0 0 -1
    outer loop
      vertex 69 -21 46
      vertex 63.5 0 46
      vertex 69 21 46
    endloop
  endfacet
  facet normal 0 0 -1
    outer loop
      vertex 69 -21 46
      vertex 63.299 -0.75 46
      vertex 63.5 0 46
    endloop
  endfacet
  facet normal 0 0 -1
    outer loop
      vertex 69 -21 46
      vertex 62.75 -1.29904 46
      vertex 63.299 -0.75 46
    endloop
  endfacet
  facet normal 0 0 -1
    outer loop
      vertex 69 -21 46
      vertex 62 -1.5 46
      vertex 62.75 -1.29904 46
    endloop
  endfacet
  facet normal 0 0 -1
    outer loop
      vertex 52.2426 -4.24264 46
      vertex 62 -1.5 46
      vertex 69 -21 46
    endloop
  endfacet
  facet normal -0 0 -1
    outer loop
      vertex 62 -1.5 46
      vertex 52.2426 -4.24264 46
      vertex 61.25 -1.29904 46
    endloop
  endfacet
  facet normal 0 0 -1
    outer loop
      vertex 53.7956 -1.55291 46
      vertex 60.5 0 46
      vertex 60.701 -0.75 46
    endloop
  endfacet
  facet normal 0 -0 -1
    outer loop
      vertex 53.1962 -3 46
      vertex 61.25 -1.29904 46
      vertex 52.2426 -4.24264 46
    endloop
  endfacet
  facet normal -0 0 -1
    outer loop
      vertex 60.5 0 46
      vertex 53.7956 -1.55291 46
      vertex 54 0 46
    endloop
  endfacet
  facet normal 0 0 -1
    outer loop
      vertex 60.701 -0.75 46
      vertex 53.1962 -3 46
      vertex 53.7956 -1.55291 46
    endloop
  endfacet
  facet normal -0 0 -1
    outer loop
      vertex 61.25 -1.29904 46
      vertex 53.1962 -3 46
      vertex 60.701 -0.75 46
    endloop
  endfacet
  facet normal 0 0 -1
    outer loop
      vertex 69 -21 46
      vertex 51 -5.19615 46
      vertex 52.2426 -4.24264 46
    endloop
  endfacet
  facet normal 0 0 -1
    outer loop
      vertex 69 -21 46
      vertex 49.5529 -5.79555 46
      vertex 51 -5.19615 46
    endloop
  endfacet
  facet normal 0 0 -1
    outer loop
      vertex 69 -21 46
      vertex 48 -6 46
      vertex 49.5529 -5.79555 46
    endloop
  endfacet
  facet normal 0 0 -1
    outer loop
      vertex 33 -21 46
      vertex 48 -6 46
      vertex 69 -21 46
    endloop
  endfacet
  facet normal -0 0 -1
    outer loop
      vertex 48 -6 46
      vertex 33 -21 46
      vertex 46.4471 -5.79555 46
    endloop
  endfacet
  facet normal 0 0 -1
    outer loop
      vertex 42.2044 -1.55291 46
      vertex 35.5 0 46
      vertex 42 0 46
    endloop
  endfacet
  facet normal 0 0 -1
    outer loop
      vertex 35.299 -0.75 46
      vertex 42.2044 -1.55291 46
      vertex 42.8038 -3 46
    endloop
  endfacet
  facet normal 0 0 -1
    outer loop
      vertex 34.75 -1.29904 46
      vertex 42.8038 -3 46
      vertex 43.7574 -4.24264 46
    endloop
  endfacet
  facet normal 0 0 -1
    outer loop
      vertex 33 -21 46
      vertex 43.7574 -4.24264 46
      vertex 45 -5.19615 46
    endloop
  endfacet
  facet normal -0 0 -1
    outer loop
      vertex 46.4471 -5.79555 46
      vertex 33 -21 46
      vertex 45 -5.19615 46
    endloop
  endfacet
  facet normal 0 0 -1
    outer loop
      vertex 42.2044 -1.55291 46
      vertex 35.299 -0.75 46
      vertex 35.5 0 46
    endloop
  endfacet
  facet normal -0 0 -1
    outer loop
      vertex 43.7574 -4.24264 46
      vertex 33 -21 46
      vertex 34 -1.5 46
    endloop
  endfacet
  facet normal 0 0 -1
    outer loop
      vertex 42.8038 -3 46
      vertex 34.75 -1.29904 46
      vertex 35.299 -0.75 46
    endloop
  endfacet
  facet normal 0 0 -1
    outer loop
      vertex 43.7574 -4.24264 46
      vertex 34 -1.5 46
      vertex 34.75 -1.29904 46
    endloop
  endfacet
  facet normal -0 0 -1
    outer loop
      vertex 34 -1.5 46
      vertex 33 -21 46
      vertex 33.25 -1.29904 46
    endloop
  endfacet
  facet normal -0 0 -1
    outer loop
      vertex 33.25 -1.29904 46
      vertex 33 -21 46
      vertex 33 -1.04904 46
    endloop
  endfacet
  facet normal 0 0 -1
    outer loop
      vertex 63.299 0.75 46
      vertex 69 21 46
      vertex 63.5 0 46
    endloop
  endfacet
  facet normal 0 0 -1
    outer loop
      vertex 62.75 1.29904 46
      vertex 69 21 46
      vertex 63.299 0.75 46
    endloop
  endfacet
  facet normal 0 0 -1
    outer loop
      vertex 62 1.5 46
      vertex 69 21 46
      vertex 62.75 1.29904 46
    endloop
  endfacet
  facet normal 0 0 -1
    outer loop
      vertex 52.2426 4.24264 46
      vertex 62 1.5 46
      vertex 61.25 1.29904 46
    endloop
  endfacet
  facet normal 0 0 -1
    outer loop
      vertex 53.1962 3 46
      vertex 61.25 1.29904 46
      vertex 60.701 0.75 46
    endloop
  endfacet
  facet normal 0 0 -1
    outer loop
      vertex 53.7956 1.55291 46
      vertex 60.5 0 46
      vertex 54 0 46
    endloop
  endfacet
  facet normal 0 0 -1
    outer loop
      vertex 60.5 0 46
      vertex 53.7956 1.55291 46
      vertex 60.701 0.75 46
    endloop
  endfacet
  facet normal 0 0 -1
    outer loop
      vertex 53.1962 3 46
      vertex 60.701 0.75 46
      vertex 53.7956 1.55291 46
    endloop
  endfacet
  facet normal 0 0 -1
    outer loop
      vertex 61.25 1.29904 46
      vertex 53.1962 3 46
      vertex 52.2426 4.24264 46
    endloop
  endfacet
  facet normal 0 0 -1
    outer loop
      vertex 62 1.5 46
      vertex 52.2426 4.24264 46
      vertex 69 21 46
    endloop
  endfacet
  facet normal 0 0 -1
    outer loop
      vertex 51 5.19615 46
      vertex 69 21 46
      vertex 52.2426 4.24264 46
    endloop
  endfacet
  facet normal 0 0 -1
    outer loop
      vertex 49.5529 5.79555 46
      vertex 69 21 46
      vertex 51 5.19615 46
    endloop
  endfacet
  facet normal 0 0 -1
    outer loop
      vertex 48 6 46
      vertex 69 21 46
      vertex 49.5529 5.79555 46
    endloop
  endfacet
  facet normal 0 0 -1
    outer loop
      vertex 33 21 46
      vertex 48 6 46
      vertex 46.4471 5.79555 46
    endloop
  endfacet
  facet normal 0 0 -1
    outer loop
      vertex 33 21 46
      vertex 46.4471 5.79555 46
      vertex 45 5.19615 46
    endloop
  endfacet
  facet normal 0 0 -1
    outer loop
      vertex 35.5 0 46
      vertex 42.2044 1.55291 46
      vertex 42 0 46
    endloop
  endfacet
  facet normal 0 0 -1
    outer loop
      vertex 35.299 0.75 46
      vertex 42.2044 1.55291 46
      vertex 35.5 0 46
    endloop
  endfacet
  facet normal -0 0 -1
    outer loop
      vertex 42.2044 1.55291 46
      vertex 35.299 0.75 46
      vertex 42.8038 3 46
    endloop
  endfacet
  facet normal 0 0 -1
    outer loop
      vertex 34.75 1.29904 46
      vertex 42.8038 3 46
      vertex 35.299 0.75 46
    endloop
  endfacet
  facet normal -0 0 -1
    outer loop
      vertex 42.8038 3 46
      vertex 34.75 1.29904 46
      vertex 43.7574 4.24264 46
    endloop
  endfacet
  facet normal 0 0 -1
    outer loop
      vertex 34 1.5 46
      vertex 43.7574 4.24264 46
      vertex 34.75 1.29904 46
    endloop
  endfacet
  facet normal 0 0 -1
    outer loop
      vertex 33 21 46
      vertex 43.7574 4.24264 46
      vertex 34 1.5 46
    endloop
  endfacet
  facet normal 0 0 -1
    outer loop
      vertex 43.7574 4.24264 46
      vertex 33 21 46
      vertex 45 5.19615 46
    endloop
  endfacet
  facet normal 0 0 -1
    outer loop
      vertex 33 21 46
      vertex 34 1.5 46
      vertex 33.25 1.29904 46
    endloop
  endfacet
  facet normal 0 0 -1
    outer loop
      vertex 48 6 46
      vertex 33 21 46
      vertex 69 21 46
    endloop
  endfacet
  facet normal 0 0 -1
    outer loop
      vertex 33 21 46
      vertex 33.25 1.29904 46
      vertex 33 1.04904 46
    endloop
  endfacet
  facet normal -0.991452 0.130475 0
    outer loop
      vertex 42.0658 0.5 22
      vertex 42 0 22
      vertex 42.0658 0.5 28.6937
    endloop
  endfacet
  facet normal -0.991447 0.130509 1.00484e-06
    outer loop
      vertex 42 0 46
      vertex 42.2044 1.55291 28.8001
      vertex 42.0658 0.5 28.6937
    endloop
  endfacet
  facet normal -0.991452 0.130475 0
    outer loop
      vertex 42 0 46
      vertex 42.0658 0.5 28.6937
      vertex 42 0 22
    endloop
  endfacet
  facet normal -0.991449 0.130498 0
    outer loop
      vertex 42.2044 1.55291 28.8001
      vertex 42 0 46
      vertex 42.2044 1.55291 46
    endloop
  endfacet
  facet normal -0.608767 -0.793349 4.50898e-06
    outer loop
      vertex 45 -5.19615 22
      vertex 44.4645 -4.78522 25.5355
      vertex 43.7574 -4.24264 24.614
    endloop
  endfacet
  facet normal -0.608773 -0.793344 0
    outer loop
      vertex 45 -5.19615 22
      vertex 43.7574 -4.24264 24.614
      vertex 43.7574 -4.24264 22
    endloop
  endfacet
  facet normal -0.608786 -0.793334 0
    outer loop
      vertex 44.4645 -4.78522 25.5355
      vertex 45 -5.19615 22
      vertex 45 -5.19615 25.9465
    endloop
  endfacet
  facet normal -0.608773 -0.793344 0
    outer loop
      vertex 43.7574 -4.24264 46
      vertex 45 -5.19615 30.4155
      vertex 45 -5.19615 46
    endloop
  endfacet
  facet normal -0.608773 -0.793344 0
    outer loop
      vertex 45 -5.19615 30.4155
      vertex 43.7574 -4.24264 46
      vertex 43.7574 -4.24264 29.9008
    endloop
  endfacet
  facet normal 0.13053 -0.991444 0
    outer loop
      vertex 48 -6 33.5
      vertex 49.5529 -5.79555 46
      vertex 48 -6 46
    endloop
  endfacet
  facet normal 0.130527 -0.991445 4.25148e-07
    outer loop
      vertex 48.75 -5.90126 33.299
      vertex 49.5529 -5.79555 46
      vertex 48 -6 33.5
    endloop
  endfacet
  facet normal 0.130531 -0.991444 1.57537e-07
    outer loop
      vertex 49.299 -5.82898 32.75
      vertex 49.5529 -5.79555 46
      vertex 48.75 -5.90126 33.299
    endloop
  endfacet
  facet normal 0.130517 -0.991446 4.29421e-07
    outer loop
      vertex 49.5 -5.80252 32
      vertex 49.5529 -5.79555 46
      vertex 49.299 -5.82898 32.75
    endloop
  endfacet
  facet normal 0.13053 -0.991444 0
    outer loop
      vertex 49.5529 -5.79555 22
      vertex 48 -6 30.5
      vertex 48 -6 22
    endloop
  endfacet
  facet normal 0.130527 -0.991445 -6.15879e-07
    outer loop
      vertex 48 -6 30.5
      vertex 49.5529 -5.79555 22
      vertex 48.75 -5.90126 30.701
    endloop
  endfacet
  facet normal 0.130531 -0.991444 -2.23841e-07
    outer loop
      vertex 48.75 -5.90126 30.701
      vertex 49.5529 -5.79555 22
      vertex 49.299 -5.82898 31.25
    endloop
  endfacet
  facet normal 0.130629 -0.991431 0
    outer loop
      vertex 49.5 -5.80252 32
      vertex 49.5529 -5.79555 22
      vertex 49.5529 -5.79555 46
    endloop
  endfacet
  facet normal 0.130518 -0.991446 -5.97864e-07
    outer loop
      vertex 49.299 -5.82898 31.25
      vertex 49.5529 -5.79555 22
      vertex 49.5 -5.80252 32
    endloop
  endfacet
  facet normal 0.382679 -0.923881 -7.72255e-07
    outer loop
      vertex 49.5529 -5.79555 46
      vertex 50.2664 -5.5 30.7016
      vertex 51 -5.19615 46
    endloop
  endfacet
  facet normal 0.382693 -0.923876 0
    outer loop
      vertex 49.5529 -5.79555 22
      vertex 50.2664 -5.5 30.7016
      vertex 49.5529 -5.79555 46
    endloop
  endfacet
  facet normal 0.382529 -0.923944 -0.000244299
    outer loop
      vertex 50.2664 -5.5 26.4269
      vertex 51 -5.19615 25.9465
      vertex 50.5 -5.40326 26.3301
    endloop
  endfacet
  facet normal 0.382693 -0.923876 0
    outer loop
      vertex 50.2664 -5.5 30.7016
      vertex 49.5529 -5.79555 22
      vertex 50.2664 -5.5 26.4269
    endloop
  endfacet
  facet normal 0.382668 -0.923886 4.76181e-06
    outer loop
      vertex 49.5529 -5.79555 22
      vertex 51 -5.19615 25.9465
      vertex 50.2664 -5.5 26.4269
    endloop
  endfacet
  facet normal 0.382679 -0.923881 0
    outer loop
      vertex 51 -5.19615 25.9465
      vertex 49.5529 -5.79555 22
      vertex 51 -5.19615 22
    endloop
  endfacet
  facet normal 0.382242 -0.924062 2.37559e-05
    outer loop
      vertex 50.3294 -5.47394 30.6933
      vertex 51 -5.19615 46
      vertex 50.2664 -5.5 30.7016
    endloop
  endfacet
  facet normal 0.382705 -0.923871 0
    outer loop
      vertex 51 -5.19615 46
      vertex 50.3294 -5.47394 30.6933
      vertex 51 -5.19615 30.4155
    endloop
  endfacet
  facet normal 0.608786 -0.793334 0
    outer loop
      vertex 51 -5.19615 22
      vertex 51.5355 -4.78522 25.5355
      vertex 51 -5.19615 25.9465
    endloop
  endfacet
  facet normal 0.608767 -0.793349 4.50898e-06
    outer loop
      vertex 51.5355 -4.78522 25.5355
      vertex 51 -5.19615 22
      vertex 52.2426 -4.24264 24.614
    endloop
  endfacet
  facet normal 0.608773 -0.793344 0
    outer loop
      vertex 52.2426 -4.24264 24.614
      vertex 51 -5.19615 22
      vertex 52.2426 -4.24264 22
    endloop
  endfacet
  facet normal 0.608773 -0.793344 0
    outer loop
      vertex 51 -5.19615 30.4155
      vertex 52.2426 -4.24264 46
      vertex 51 -5.19615 46
    endloop
  endfacet
  facet normal 0.608773 -0.793344 0
    outer loop
      vertex 52.2426 -4.24264 46
      vertex 51 -5.19615 30.4155
      vertex 52.2426 -4.24264 29.9008
    endloop
  endfacet
  facet normal -0.793332 -0.608789 0
    outer loop
      vertex 43.5 -3.90724 29.7942
      vertex 42.8038 -3 46
      vertex 42.8038 -3 29.2601
    endloop
  endfacet
  facet normal -0.79331 -0.608818 2.59497e-06
    outer loop
      vertex 43.7574 -4.24264 29.9008
      vertex 42.8038 -3 46
      vertex 43.5 -3.90724 29.7942
    endloop
  endfacet
  facet normal -0.793326 -0.608797 0
    outer loop
      vertex 42.8038 -3 46
      vertex 43.7574 -4.24264 29.9008
      vertex 43.7574 -4.24264 46
    endloop
  endfacet
  facet normal -0.793338 -0.608782 1.30321e-05
    outer loop
      vertex 43.7574 -4.24264 22
      vertex 43.1704 -3.47766 23.2941
      vertex 43 -3.25563 22
    endloop
  endfacet
  facet normal -0.793353 -0.608762 -5.34023e-06
    outer loop
      vertex 43.1704 -3.47766 23.2941
      vertex 43.7574 -4.24264 22
      vertex 43.6699 -4.12863 24.5
    endloop
  endfacet
  facet normal -0.793296 -0.608836 0
    outer loop
      vertex 43.6699 -4.12863 24.5
      vertex 43.7574 -4.24264 22
      vertex 43.7574 -4.24264 24.614
    endloop
  endfacet
  facet normal -0.382679 -0.923881 -7.72255e-07
    outer loop
      vertex 45 -5.19615 46
      vertex 45.7336 -5.5 30.7016
      vertex 46.4471 -5.79555 46
    endloop
  endfacet
  facet normal -0.382242 -0.924062 2.37559e-05
    outer loop
      vertex 45 -5.19615 46
      vertex 45.6706 -5.47394 30.6933
      vertex 45.7336 -5.5 30.7016
    endloop
  endfacet
  facet normal -0.382705 -0.923871 0
    outer loop
      vertex 45.6706 -5.47394 30.6933
      vertex 45 -5.19615 46
      vertex 45 -5.19615 30.4155
    endloop
  endfacet
  facet normal -0.382693 -0.923876 0
    outer loop
      vertex 46.4471 -5.79555 22
      vertex 45.7336 -5.5 30.7016
      vertex 45.7336 -5.5 26.4269
    endloop
  endfacet
  facet normal -0.382529 -0.923944 -0.000244299
    outer loop
      vertex 45 -5.19615 25.9465
      vertex 45.7336 -5.5 26.4269
      vertex 45.5 -5.40326 26.3301
    endloop
  endfacet
  facet normal -0.382679 -0.923881 0
    outer loop
      vertex 46.4471 -5.79555 22
      vertex 45 -5.19615 25.9465
      vertex 45 -5.19615 22
    endloop
  endfacet
  facet normal -0.382693 -0.923876 0
    outer loop
      vertex 45.7336 -5.5 30.7016
      vertex 46.4471 -5.79555 22
      vertex 46.4471 -5.79555 46
    endloop
  endfacet
  facet normal -0.382668 -0.923886 4.76181e-06
    outer loop
      vertex 45 -5.19615 25.9465
      vertex 46.4471 -5.79555 22
      vertex 45.7336 -5.5 26.4269
    endloop
  endfacet
  facet normal -0.13053 -0.991444 0
    outer loop
      vertex 46.4471 -5.79555 46
      vertex 48 -6 33.5
      vertex 48 -6 46
    endloop
  endfacet
  facet normal -0.130527 -0.991445 4.25148e-07
    outer loop
      vertex 46.4471 -5.79555 46
      vertex 47.25 -5.90126 33.299
      vertex 48 -6 33.5
    endloop
  endfacet
  facet normal -0.130531 -0.991444 1.57537e-07
    outer loop
      vertex 46.4471 -5.79555 46
      vertex 46.701 -5.82898 32.75
      vertex 47.25 -5.90126 33.299
    endloop
  endfacet
  facet normal -0.130517 -0.991446 4.29421e-07
    outer loop
      vertex 46.4471 -5.79555 46
      vertex 46.5 -5.80252 32
      vertex 46.701 -5.82898 32.75
    endloop
  endfacet
  facet normal -0.130629 -0.991431 0
    outer loop
      vertex 46.4471 -5.79555 22
      vertex 46.5 -5.80252 32
      vertex 46.4471 -5.79555 46
    endloop
  endfacet
  facet normal -0.130518 -0.991446 -5.97864e-07
    outer loop
      vertex 46.4471 -5.79555 22
      vertex 46.701 -5.82898 31.25
      vertex 46.5 -5.80252 32
    endloop
  endfacet
  facet normal -0.130531 -0.991444 -2.23841e-07
    outer loop
      vertex 46.4471 -5.79555 22
      vertex 47.25 -5.90126 30.701
      vertex 46.701 -5.82898 31.25
    endloop
  endfacet
  facet normal -0.130527 -0.991445 -6.15879e-07
    outer loop
      vertex 46.4471 -5.79555 22
      vertex 48 -6 30.5
      vertex 47.25 -5.90126 30.701
    endloop
  endfacet
  facet normal -0.13053 -0.991444 -0
    outer loop
      vertex 48 -6 30.5
      vertex 46.4471 -5.79555 22
      vertex 48 -6 22
    endloop
  endfacet
  facet normal -1 0 0
    outer loop
      vertex 27 -21 46
      vertex 27 21 47.5
      vertex 27 21 46
    endloop
  endfacet
  facet normal -1 -0 0
    outer loop
      vertex 27 21 47.5
      vertex 27 -21 46
      vertex 27 -21 47.5
    endloop
  endfacet
  facet normal 0 0 1
    outer loop
      vertex 69 21 51
      vertex 63.5 0 51
      vertex 69 -21 51
    endloop
  endfacet
  facet normal 0 0 1
    outer loop
      vertex 69 21 51
      vertex 63.299 0.75 51
      vertex 63.5 0 51
    endloop
  endfacet
  facet normal 0 0 1
    outer loop
      vertex 69 21 51
      vertex 62.75 1.29904 51
      vertex 63.299 0.75 51
    endloop
  endfacet
  facet normal 0 0 1
    outer loop
      vertex 69 21 51
      vertex 62 1.5 51
      vertex 62.75 1.29904 51
    endloop
  endfacet
  facet normal 0 0 1
    outer loop
      vertex 69 21 51
      vertex 61.25 1.29904 51
      vertex 62 1.5 51
    endloop
  endfacet
  facet normal -0 0 1
    outer loop
      vertex 34 21 51
      vertex 61.25 1.29904 51
      vertex 69 21 51
    endloop
  endfacet
  facet normal 0 0 1
    outer loop
      vertex 60.701 0.75 51
      vertex 35.5 0 51
      vertex 60.5 0 51
    endloop
  endfacet
  facet normal 0 0 1
    outer loop
      vertex 61.25 1.29904 51
      vertex 34 21 51
      vertex 60.701 0.75 51
    endloop
  endfacet
  facet normal 0 0 1
    outer loop
      vertex 60.701 0.75 51
      vertex 35.299 0.75 51
      vertex 35.5 0 51
    endloop
  endfacet
  facet normal 0 0 1
    outer loop
      vertex 60.701 0.75 51
      vertex 34 21 51
      vertex 35.299 0.75 51
    endloop
  endfacet
  facet normal 0 0 1
    outer loop
      vertex 35.299 0.75 51
      vertex 34 21 51
      vertex 34.75 1.29904 51
    endloop
  endfacet
  facet normal 0 0 1
    outer loop
      vertex 34.75 1.29904 51
      vertex 34 21 51
      vertex 34 1.5 51
    endloop
  endfacet
  facet normal -0 0 1
    outer loop
      vertex 63.299 -0.75 51
      vertex 69 -21 51
      vertex 63.5 0 51
    endloop
  endfacet
  facet normal -0 0 1
    outer loop
      vertex 62.75 -1.29904 51
      vertex 69 -21 51
      vertex 63.299 -0.75 51
    endloop
  endfacet
  facet normal -0 0 1
    outer loop
      vertex 62 -1.5 51
      vertex 69 -21 51
      vertex 62.75 -1.29904 51
    endloop
  endfacet
  facet normal 0 0 1
    outer loop
      vertex 61.25 -1.29904 51
      vertex 69 -21 51
      vertex 62 -1.5 51
    endloop
  endfacet
  facet normal 0 0 1
    outer loop
      vertex 34 -21 51
      vertex 61.25 -1.29904 51
      vertex 60.701 -0.75 51
    endloop
  endfacet
  facet normal -0 0 1
    outer loop
      vertex 35.5 0 51
      vertex 60.701 -0.75 51
      vertex 60.5 0 51
    endloop
  endfacet
  facet normal 0 0 1
    outer loop
      vertex 35.299 -0.75 51
      vertex 60.701 -0.75 51
      vertex 35.5 0 51
    endloop
  endfacet
  facet normal 0 0 1
    outer loop
      vertex 34 -21 51
      vertex 60.701 -0.75 51
      vertex 35.299 -0.75 51
    endloop
  endfacet
  facet normal 0 0 1
    outer loop
      vertex 34 -21 51
      vertex 35.299 -0.75 51
      vertex 34.75 -1.29904 51
    endloop
  endfacet
  facet normal 0 0 1
    outer loop
      vertex 34 -21 51
      vertex 34.75 -1.29904 51
      vertex 34 -1.5 51
    endloop
  endfacet
  facet normal 0 0 1
    outer loop
      vertex 61.25 -1.29904 51
      vertex 34 -21 51
      vertex 69 -21 51
    endloop
  endfacet
  facet normal 1 -0 0
    outer loop
      vertex 69 -21 51
      vertex 69 21 46
      vertex 69 21 51
    endloop
  endfacet
  facet normal 1 0 0
    outer loop
      vertex 69 21 46
      vertex 69 -21 51
      vertex 69 -21 46
    endloop
  endfacet
  facet normal 0 1 0
    outer loop
      vertex 69 21 51
      vertex 34 21 47.5
      vertex 34 21 51
    endloop
  endfacet
  facet normal 0 1 -0
    outer loop
      vertex 69 21 46
      vertex 34 21 47.5
      vertex 69 21 51
    endloop
  endfacet
  facet normal 0 1 0
    outer loop
      vertex 33 21 46
      vertex 34 21 47.5
      vertex 69 21 46
    endloop
  endfacet
  facet normal 0 1 0
    outer loop
      vertex 34 21 47.5
      vertex 33 21 46
      vertex 33 21 47.5
    endloop
  endfacet
  facet normal 0 1 -0
    outer loop
      vertex 31 21 46
      vertex 27 21 47.5
      vertex 31 21 47.5
    endloop
  endfacet
  facet normal 0 1 0
    outer loop
      vertex 27 21 47.5
      vertex 31 21 46
      vertex 27 21 46
    endloop
  endfacet
  facet normal 0 -1 0
    outer loop
      vertex 33 -21 47.5
      vertex 33 -21 46
      vertex 34 -21 47.5
    endloop
  endfacet
  facet normal 0 -1 0
    outer loop
      vertex 34 -21 47.5
      vertex 69 -21 51
      vertex 34 -21 51
    endloop
  endfacet
  facet normal 0 -1 0
    outer loop
      vertex 69 -21 46
      vertex 34 -21 47.5
      vertex 33 -21 46
    endloop
  endfacet
  facet normal 0 -1 0
    outer loop
      vertex 34 -21 47.5
      vertex 69 -21 46
      vertex 69 -21 51
    endloop
  endfacet
  facet normal 0 -1 0
    outer loop
      vertex 27 -21 46
      vertex 31 -21 47.5
      vertex 27 -21 47.5
    endloop
  endfacet
  facet normal 0 -1 -0
    outer loop
      vertex 31 -21 47.5
      vertex 27 -21 46
      vertex 31 -21 46
    endloop
  endfacet
  facet normal -1 0 0
    outer loop
      vertex -38 -36 47.5
      vertex -38 36 54.5
      vertex -38 36 47.5
    endloop
  endfacet
  facet normal -1 -0 0
    outer loop
      vertex -38 36 54.5
      vertex -38 -36 47.5
      vertex -38 -36 54.5
    endloop
  endfacet
  facet normal 0 0 1
    outer loop
      vertex 31 36 54.5
      vertex 29 31 54.5
      vertex 31 -36 54.5
    endloop
  endfacet
  facet normal 0 0 1
    outer loop
      vertex 31 36 54.5
      vertex -33 31 54.5
      vertex 29 31 54.5
    endloop
  endfacet
  facet normal 0 0 1
    outer loop
      vertex -33 31 54.5
      vertex -38 36 54.5
      vertex -33 -31 54.5
    endloop
  endfacet
  facet normal -0 0 1
    outer loop
      vertex -38 36 54.5
      vertex -33 31 54.5
      vertex 31 36 54.5
    endloop
  endfacet
  facet normal -0 0 1
    outer loop
      vertex 29 -31 54.5
      vertex 31 -36 54.5
      vertex 29 31 54.5
    endloop
  endfacet
  facet normal -0 0 1
    outer loop
      vertex -33 -31 54.5
      vertex 31 -36 54.5
      vertex 29 -31 54.5
    endloop
  endfacet
  facet normal 0 0 1
    outer loop
      vertex -33 -31 54.5
      vertex -38 -36 54.5
      vertex 31 -36 54.5
    endloop
  endfacet
  facet normal 0 0 1
    outer loop
      vertex -38 -36 54.5
      vertex -33 -31 54.5
      vertex -38 36 54.5
    endloop
  endfacet
  facet normal -0 0 1
    outer loop
      vertex 33 31 54.5
      vertex 34 -31 54.5
      vertex 34 31 54.5
    endloop
  endfacet
  facet normal 0 0 1
    outer loop
      vertex 34 -31 54.5
      vertex 33 31 54.5
      vertex 33 -31 54.5
    endloop
  endfacet
  facet normal 1 0 0
    outer loop
      vertex 34 31 54.5
      vertex 34 21 51
      vertex 34 31 47.5
    endloop
  endfacet
  facet normal 1 0 0
    outer loop
      vertex 34 31 54.5
      vertex 34 1.5 51.5
      vertex 34 21 51
    endloop
  endfacet
  facet normal 1 0 0
    outer loop
      vertex 34 31 54.5
      vertex 34 -1.5 51.5
      vertex 34 1.5 51.5
    endloop
  endfacet
  facet normal 1 0 0
    outer loop
      vertex 34 -1.5 51.5
      vertex 34 -21 51
      vertex 34 -1.5 51
    endloop
  endfacet
  facet normal 1 -0 0
    outer loop
      vertex 34 -31 54.5
      vertex 34 -1.5 51.5
      vertex 34 31 54.5
    endloop
  endfacet
  facet normal 1 0 0
    outer loop
      vertex 34 -1.5 51.5
      vertex 34 -31 54.5
      vertex 34 -21 51
    endloop
  endfacet
  facet normal 1 0 0
    outer loop
      vertex 34 -31 47.5
      vertex 34 -21 51
      vertex 34 -31 54.5
    endloop
  endfacet
  facet normal 1 0 0
    outer loop
      vertex 34 -21 51
      vertex 34 -31 47.5
      vertex 34 -21 47.5
    endloop
  endfacet
  facet normal 1 0 0
    outer loop
      vertex 34 31 47.5
      vertex 34 21 51
      vertex 34 21 47.5
    endloop
  endfacet
  facet normal 1 0 0
    outer loop
      vertex 34 21 51
      vertex 34 1.5 51.5
      vertex 34 1.5 51
    endloop
  endfacet
  facet normal 0 1 0
    outer loop
      vertex 37 36 92.5
      vertex 31 36 54.5
      vertex 31 36 92.5
    endloop
  endfacet
  facet normal 0 1 0
    outer loop
      vertex 31 36 54.5
      vertex 31 36 47.5
      vertex -38 36 54.5
    endloop
  endfacet
  facet normal 0 1 -0
    outer loop
      vertex 37 36 16.5
      vertex 31 36 54.5
      vertex 37 36 92.5
    endloop
  endfacet
  facet normal 0 1 0
    outer loop
      vertex 31 36 54.5
      vertex 37 36 16.5
      vertex 31 36 47.5
    endloop
  endfacet
  facet normal 0 1 0
    outer loop
      vertex 31 36 47.5
      vertex 37 36 16.5
      vertex 31 36 16.5
    endloop
  endfacet
  facet normal 0 1 0
    outer loop
      vertex -38 36 54.5
      vertex 31 36 47.5
      vertex -38 36 47.5
    endloop
  endfacet
  facet normal 0 0 -1
    outer loop
      vertex 31 -36 47.5
      vertex 27 -21 47.5
      vertex 31 -21 47.5
    endloop
  endfacet
  facet normal -0 0 -1
    outer loop
      vertex 27 -21 47.5
      vertex -38 -36 47.5
      vertex 27 21 47.5
    endloop
  endfacet
  facet normal 0 0 -1
    outer loop
      vertex -38 -36 47.5
      vertex 27 -21 47.5
      vertex 31 -36 47.5
    endloop
  endfacet
  facet normal 0 0 -1
    outer loop
      vertex 27 21 47.5
      vertex 31 36 47.5
      vertex 31 21 47.5
    endloop
  endfacet
  facet normal 0 0 -1
    outer loop
      vertex -38 36 47.5
      vertex 27 21 47.5
      vertex -38 -36 47.5
    endloop
  endfacet
  facet normal 0 0 -1
    outer loop
      vertex 27 21 47.5
      vertex -38 36 47.5
      vertex 31 36 47.5
    endloop
  endfacet
  facet normal 0 0 -1
    outer loop
      vertex 33 21 47.5
      vertex 34 31 47.5
      vertex 34 21 47.5
    endloop
  endfacet
  facet normal -0 0 -1
    outer loop
      vertex 34 31 47.5
      vertex 33 21 47.5
      vertex 33 31 47.5
    endloop
  endfacet
  facet normal 0 0 -1
    outer loop
      vertex 33 -31 47.5
      vertex 34 -21 47.5
      vertex 34 -31 47.5
    endloop
  endfacet
  facet normal -0 0 -1
    outer loop
      vertex 34 -21 47.5
      vertex 33 -31 47.5
      vertex 33 -21 47.5
    endloop
  endfacet
  facet normal 0 -1 0
    outer loop
      vertex -38 -36 54.5
      vertex -38 -36 47.5
      vertex 31 -36 54.5
    endloop
  endfacet
  facet normal 0 -1 0
    outer loop
      vertex 31 -36 54.5
      vertex 37 -36 92.5
      vertex 31 -36 92.5
    endloop
  endfacet
  facet normal 0 -1 0
    outer loop
      vertex 31 -36 47.5
      vertex 31 -36 54.5
      vertex -38 -36 47.5
    endloop
  endfacet
  facet normal 0 -1 0
    outer loop
      vertex 37 -36 16.5
      vertex 31 -36 54.5
      vertex 31 -36 47.5
    endloop
  endfacet
  facet normal 0 -1 0
    outer loop
      vertex 37 -36 16.5
      vertex 31 -36 47.5
      vertex 31 -36 16.5
    endloop
  endfacet
  facet normal 0 -1 0
    outer loop
      vertex 31 -36 54.5
      vertex 37 -36 16.5
      vertex 37 -36 92.5
    endloop
  endfacet
  facet normal 1 -0 0
    outer loop
      vertex -33 -31 54.5
      vertex -33 31 52.5
      vertex -33 31 54.5
    endloop
  endfacet
  facet normal 1 0 0
    outer loop
      vertex -33 31 52.5
      vertex -33 -31 54.5
      vertex -33 -31 52.5
    endloop
  endfacet
  facet normal -1 0 0
    outer loop
      vertex 29 -31 52.5
      vertex 29 31 54.5
      vertex 29 31 52.5
    endloop
  endfacet
  facet normal -1 -0 0
    outer loop
      vertex 29 31 54.5
      vertex 29 -31 52.5
      vertex 29 -31 54.5
    endloop
  endfacet
  facet normal 0 -1 0
    outer loop
      vertex -33 31 52.5
      vertex 29 31 54.5
      vertex -33 31 54.5
    endloop
  endfacet
  facet normal 0 -1 -0
    outer loop
      vertex 29 31 54.5
      vertex -33 31 52.5
      vertex 29 31 52.5
    endloop
  endfacet
  facet normal -0 0 1
    outer loop
      vertex -33 31 52.5
      vertex 29 -31 52.5
      vertex 29 31 52.5
    endloop
  endfacet
  facet normal 0 0 1
    outer loop
      vertex 29 -31 52.5
      vertex -33 31 52.5
      vertex -33 -31 52.5
    endloop
  endfacet
  facet normal 0 1 -0
    outer loop
      vertex 29 -31 52.5
      vertex -33 -31 54.5
      vertex 29 -31 54.5
    endloop
  endfacet
  facet normal 0 1 0
    outer loop
      vertex -33 -31 54.5
      vertex 29 -31 52.5
      vertex -33 -31 52.5
    endloop
  endfacet
  facet normal -1 0 0
    outer loop
      vertex 31 36 16.5
      vertex 31 21 46
      vertex 31 36 47.5
    endloop
  endfacet
  facet normal -1 0 0
    outer loop
      vertex 31 36 16.5
      vertex 31 -21 46
      vertex 31 21 46
    endloop
  endfacet
  facet normal -1 0 0
    outer loop
      vertex 31 -36 16.5
      vertex 31 -21 46
      vertex 31 36 16.5
    endloop
  endfacet
  facet normal -1 0 0
    outer loop
      vertex 31 -36 47.5
      vertex 31 -21 46
      vertex 31 -36 16.5
    endloop
  endfacet
  facet normal -1 0 0
    outer loop
      vertex 31 -21 46
      vertex 31 -36 47.5
      vertex 31 -21 47.5
    endloop
  endfacet
  facet normal -1 -0 0
    outer loop
      vertex 31 36 47.5
      vertex 31 21 46
      vertex 31 21 47.5
    endloop
  endfacet
  facet normal -1 0 0
    outer loop
      vertex 31 36 54.5
      vertex 31 31 92.5
      vertex 31 36 92.5
    endloop
  endfacet
  facet normal -1 0 0
    outer loop
      vertex 31 36 54.5
      vertex 31 -31 92.5
      vertex 31 31 92.5
    endloop
  endfacet
  facet normal -1 0 0
    outer loop
      vertex 31 -36 54.5
      vertex 31 -31 92.5
      vertex 31 36 54.5
    endloop
  endfacet
  facet normal -1 -0 0
    outer loop
      vertex 31 -31 92.5
      vertex 31 -36 54.5
      vertex 31 -36 92.5
    endloop
  endfacet
  facet normal -0 0 1
    outer loop
      vertex 33 -31 92.5
      vertex 37 -36 92.5
      vertex 37 -31 92.5
    endloop
  endfacet
  facet normal 0 0 1
    outer loop
      vertex 31 -36 92.5
      vertex 33 -31 92.5
      vertex 31 -31 92.5
    endloop
  endfacet
  facet normal 0 0 1
    outer loop
      vertex 33 -31 92.5
      vertex 31 -36 92.5
      vertex 37 -36 92.5
    endloop
  endfacet
  facet normal 0 0 1
    outer loop
      vertex 37 36 92.5
      vertex 33 31 92.5
      vertex 37 31 92.5
    endloop
  endfacet
  facet normal -0 0 1
    outer loop
      vertex 31 36 92.5
      vertex 33 31 92.5
      vertex 37 36 92.5
    endloop
  endfacet
  facet normal 0 0 1
    outer loop
      vertex 33 31 92.5
      vertex 31 36 92.5
      vertex 31 31 92.5
    endloop
  endfacet
  facet normal 0 0 -1
    outer loop
      vertex 33 -31 92.5
      vertex 37 -28 92.5
      vertex 37 -31 92.5
    endloop
  endfacet
  facet normal -0 0 -1
    outer loop
      vertex 37 -28 92.5
      vertex 33 -31 92.5
      vertex 33 -28 92.5
    endloop
  endfacet
  facet normal 0 0 -1
    outer loop
      vertex 33 28 92.5
      vertex 37 31 92.5
      vertex 37 28 92.5
    endloop
  endfacet
  facet normal -0 0 -1
    outer loop
      vertex 37 31 92.5
      vertex 33 28 92.5
      vertex 33 31 92.5
    endloop
  endfacet
  facet normal 0 0 -1
    outer loop
      vertex 29 -31 92.5
      vertex 31 31 92.5
      vertex 31 -31 92.5
    endloop
  endfacet
  facet normal -0 0 -1
    outer loop
      vertex 31 31 92.5
      vertex 29 -31 92.5
      vertex 29 31 92.5
    endloop
  endfacet
  facet normal 1 0 0
    outer loop
      vertex 37 -31 92.5
      vertex 37 -36 92.5
      vertex 37 -31 20.5
    endloop
  endfacet
  facet normal 1 0 0
    outer loop
      vertex 37 31 20.5
      vertex 37 36 92.5
      vertex 37 31 92.5
    endloop
  endfacet
  facet normal 1 0 0
    outer loop
      vertex 37 36 92.5
      vertex 37 31 20.5
      vertex 37 36 16.5
    endloop
  endfacet
  facet normal 1 -0 0
    outer loop
      vertex 37 -31 20.5
      vertex 37 36 16.5
      vertex 37 31 20.5
    endloop
  endfacet
  facet normal 1 0 0
    outer loop
      vertex 37 -31 20.5
      vertex 37 -36 16.5
      vertex 37 36 16.5
    endloop
  endfacet
  facet normal 1 0 0
    outer loop
      vertex 37 -36 16.5
      vertex 37 -31 20.5
      vertex 37 -36 92.5
    endloop
  endfacet
  facet normal 0 0 -1
    outer loop
      vertex 31 -36 16.5
      vertex 37 36 16.5
      vertex 37 -36 16.5
    endloop
  endfacet
  facet normal -0 0 -1
    outer loop
      vertex 37 36 16.5
      vertex 31 -36 16.5
      vertex 31 36 16.5
    endloop
  endfacet
  facet normal 1 0 0
    outer loop
      vertex 33 -21 47.5
      vertex 33 -31 47.5
      vertex 33 -21 46
    endloop
  endfacet
  facet normal 1 0 0
    outer loop
      vertex 33 -1.04904 46
      vertex 33 -21 46
      vertex 33 -1.04904 45.5
    endloop
  endfacet
  facet normal 1 0 0
    outer loop
      vertex 33 21 46
      vertex 33 31 47.5
      vertex 33 21 47.5
    endloop
  endfacet
  facet normal 1 0 0
    outer loop
      vertex 33 31 47.5
      vertex 33 21 46
      vertex 33 31 20.5
    endloop
  endfacet
  facet normal 1 0 0
    outer loop
      vertex 33 1.04904 45.5
      vertex 33 21 46
      vertex 33 1.04904 46
    endloop
  endfacet
  facet normal 1 0 0
    outer loop
      vertex 33 21 46
      vertex 33 1.04904 45.5
      vertex 33 31 20.5
    endloop
  endfacet
  facet normal 1 -0 0
    outer loop
      vertex 33 -1.04904 45.5
      vertex 33 31 20.5
      vertex 33 1.04904 45.5
    endloop
  endfacet
  facet normal 1 0 0
    outer loop
      vertex 33 -31 20.5
      vertex 33 -1.04904 45.5
      vertex 33 -21 46
    endloop
  endfacet
  facet normal 1 0 0
    outer loop
      vertex 33 -31 20.5
      vertex 33 -21 46
      vertex 33 -31 47.5
    endloop
  endfacet
  facet normal 1 0 0
    outer loop
      vertex 33 -1.04904 45.5
      vertex 33 -31 20.5
      vertex 33 31 20.5
    endloop
  endfacet
  facet normal 1 0 0
    outer loop
      vertex 33 28 110.5
      vertex 33 -28 110.5
      vertex 33 28 92.5
    endloop
  endfacet
  facet normal 1 -0 0
    outer loop
      vertex 33 28 92.5
      vertex 33 31 54.5
      vertex 33 31 92.5
    endloop
  endfacet
  facet normal 1 0 0
    outer loop
      vertex 33 -28 92.5
      vertex 33 28 92.5
      vertex 33 -28 110.5
    endloop
  endfacet
  facet normal 1 0 0
    outer loop
      vertex 33 28 92.5
      vertex 33 -28 92.5
      vertex 33 31 54.5
    endloop
  endfacet
  facet normal 1 0 0
    outer loop
      vertex 33 -31 54.5
      vertex 33 -28 92.5
      vertex 33 -31 92.5
    endloop
  endfacet
  facet normal 1 0 0
    outer loop
      vertex 33 -28 92.5
      vertex 33 -31 54.5
      vertex 33 31 54.5
    endloop
  endfacet
  facet normal 0 -1 0
    outer loop
      vertex 33 31 47.5
      vertex 33 31 20.5
      vertex 34 31 47.5
    endloop
  endfacet
  facet normal 0 -1 0
    outer loop
      vertex 34 31 54.5
      vertex 33 31 92.5
      vertex 33 31 54.5
    endloop
  endfacet
  facet normal 0 -1 0
    outer loop
      vertex 33 31 92.5
      vertex 34 31 54.5
      vertex 37 31 92.5
    endloop
  endfacet
  facet normal 0 -1 0
    outer loop
      vertex 37 31 20.5
      vertex 34 31 54.5
      vertex 34 31 47.5
    endloop
  endfacet
  facet normal 0 -1 0
    outer loop
      vertex 37 31 20.5
      vertex 34 31 47.5
      vertex 33 31 20.5
    endloop
  endfacet
  facet normal 0 -1 0
    outer loop
      vertex 34 31 54.5
      vertex 37 31 20.5
      vertex 37 31 92.5
    endloop
  endfacet
  facet normal -0 0 1
    outer loop
      vertex 33 31 20.5
      vertex 37 -31 20.5
      vertex 37 31 20.5
    endloop
  endfacet
  facet normal 0 0 1
    outer loop
      vertex 37 -31 20.5
      vertex 33 31 20.5
      vertex 33 -31 20.5
    endloop
  endfacet
  facet normal 0 1 0
    outer loop
      vertex 37 -31 92.5
      vertex 34 -31 54.5
      vertex 33 -31 92.5
    endloop
  endfacet
  facet normal 0 1 -0
    outer loop
      vertex 37 -31 20.5
      vertex 34 -31 54.5
      vertex 37 -31 92.5
    endloop
  endfacet
  facet normal 0 1 0
    outer loop
      vertex 34 -31 54.5
      vertex 37 -31 20.5
      vertex 34 -31 47.5
    endloop
  endfacet
  facet normal 0 1 0
    outer loop
      vertex 33 -31 20.5
      vertex 34 -31 47.5
      vertex 37 -31 20.5
    endloop
  endfacet
  facet normal 0 1 0
    outer loop
      vertex 34 -31 47.5
      vertex 33 -31 20.5
      vertex 33 -31 47.5
    endloop
  endfacet
  facet normal 0 1 0
    outer loop
      vertex 33 -31 92.5
      vertex 34 -31 54.5
      vertex 33 -31 54.5
    endloop
  endfacet
  facet normal 1 -0 0
    outer loop
      vertex 37 -31 110.5
      vertex 37 -28 92.5
      vertex 37 -28 110.5
    endloop
  endfacet
  facet normal 1 0 0
    outer loop
      vertex 37 -28 92.5
      vertex 37 -31 110.5
      vertex 37 -31 92.5
    endloop
  endfacet
  facet normal 1 -0 0
    outer loop
      vertex 37 28 110.5
      vertex 37 31 92.5
      vertex 37 31 110.5
    endloop
  endfacet
  facet normal 1 0 0
    outer loop
      vertex 37 31 92.5
      vertex 37 28 110.5
      vertex 37 28 92.5
    endloop
  endfacet
  facet normal -1 0 0
    outer loop
      vertex 26 -29 96.5
      vertex 26 29 110.5
      vertex 26 29 96.5
    endloop
  endfacet
  facet normal -1 -0 0
    outer loop
      vertex 26 29 110.5
      vertex 26 -29 96.5
      vertex 26 -29 110.5
    endloop
  endfacet
  facet normal 0 1 0
    outer loop
      vertex 33 31 92.5
      vertex 37 31 110.5
      vertex 37 31 92.5
    endloop
  endfacet
  facet normal 0 1 0
    outer loop
      vertex 37 31 110.5
      vertex 33 31 92.5
      vertex 29 31 110.5
    endloop
  endfacet
  facet normal 0 1 -0
    outer loop
      vertex 31 31 92.5
      vertex 29 31 110.5
      vertex 33 31 92.5
    endloop
  endfacet
  facet normal 0 1 0
    outer loop
      vertex 29 31 110.5
      vertex 31 31 92.5
      vertex 29 31 92.5
    endloop
  endfacet
  facet normal -0.8 0 -0.6
    outer loop
      vertex 29 31 92.5
      vertex 26 -29 96.5
      vertex 26 29 96.5
    endloop
  endfacet
  facet normal -0.8 0 -0.6
    outer loop
      vertex 26 -29 96.5
      vertex 29 31 92.5
      vertex 29 -31 92.5
    endloop
  endfacet
  facet normal 0 0 1
    outer loop
      vertex 37 31 110.5
      vertex 33 28 110.5
      vertex 37 28 110.5
    endloop
  endfacet
  facet normal -0 0 1
    outer loop
      vertex 26 29 110.5
      vertex 33 28 110.5
      vertex 29 31 110.5
    endloop
  endfacet
  facet normal -0 0 1
    outer loop
      vertex 29 31 110.5
      vertex 33 28 110.5
      vertex 37 31 110.5
    endloop
  endfacet
  facet normal -0 0 1
    outer loop
      vertex 33 -28 110.5
      vertex 37 -31 110.5
      vertex 37 -28 110.5
    endloop
  endfacet
  facet normal 0 0 1
    outer loop
      vertex 33 -28 110.5
      vertex 29 -31 110.5
      vertex 37 -31 110.5
    endloop
  endfacet
  facet normal 0 0 1
    outer loop
      vertex 33 28 110.5
      vertex 26 29 110.5
      vertex 33 -28 110.5
    endloop
  endfacet
  facet normal 0 0 1
    outer loop
      vertex 26 -29 110.5
      vertex 33 -28 110.5
      vertex 26 29 110.5
    endloop
  endfacet
  facet normal 0 0 1
    outer loop
      vertex 33 -28 110.5
      vertex 26 -29 110.5
      vertex 29 -31 110.5
    endloop
  endfacet
  facet normal -0.5547 0.83205 0
    outer loop
      vertex 29 31 110.5
      vertex 26 29 96.5
      vertex 26 29 110.5
    endloop
  endfacet
  facet normal -0.5547 0.83205 0
    outer loop
      vertex 26 29 96.5
      vertex 29 31 110.5
      vertex 29 31 92.5
    endloop
  endfacet
  facet normal -0.5547 -0.83205 0
    outer loop
      vertex 26 -29 96.5
      vertex 29 -31 110.5
      vertex 26 -29 110.5
    endloop
  endfacet
  facet normal -0.5547 -0.83205 -0
    outer loop
      vertex 29 -31 110.5
      vertex 26 -29 96.5
      vertex 29 -31 92.5
    endloop
  endfacet
  facet normal 0 -1 0
    outer loop
      vertex 31 -31 92.5
      vertex 29 -31 110.5
      vertex 29 -31 92.5
    endloop
  endfacet
  facet normal 0 -1 0
    outer loop
      vertex 33 -31 92.5
      vertex 29 -31 110.5
      vertex 31 -31 92.5
    endloop
  endfacet
  facet normal 0 -1 0
    outer loop
      vertex 29 -31 110.5
      vertex 33 -31 92.5
      vertex 37 -31 110.5
    endloop
  endfacet
  facet normal 0 -1 -0
    outer loop
      vertex 37 -31 110.5
      vertex 33 -31 92.5
      vertex 37 -31 92.5
    endloop
  endfacet
  facet normal 0 -1 0
    outer loop
      vertex 33 28 92.5
      vertex 37 28 110.5
      vertex 33 28 110.5
    endloop
  endfacet
  facet normal 0 -1 -0
    outer loop
      vertex 37 28 110.5
      vertex 33 28 92.5
      vertex 37 28 92.5
    endloop
  endfacet
  facet normal 0 1 -0
    outer loop
      vertex 37 -28 92.5
      vertex 33 -28 110.5
      vertex 37 -28 110.5
    endloop
  endfacet
  facet normal 0 1 0
    outer loop
      vertex 33 -28 110.5
      vertex 37 -28 92.5
      vertex 33 -28 92.5
    endloop
  endfacet
  facet normal 0.965914 0.258865 0
    outer loop
      vertex 35.5 0 51.5
      vertex 35.299 0.75 51
      vertex 35.299 0.75 51.5
    endloop
  endfacet
  facet normal 0.965914 0.258865 0
    outer loop
      vertex 35.299 0.75 51
      vertex 35.5 0 51.5
      vertex 35.5 0 51
    endloop
  endfacet
  facet normal 0.965914 0.258865 0
    outer loop
      vertex 35.5 0 46
      vertex 35.299 0.75 45.5
      vertex 35.299 0.75 46
    endloop
  endfacet
  facet normal 0.965914 0.258865 0
    outer loop
      vertex 35.299 0.75 45.5
      vertex 35.5 0 46
      vertex 35.5 0 45.5
    endloop
  endfacet
  facet normal -0.258817 0.965926 0
    outer loop
      vertex 34 1.5 45.5
      vertex 33.25 1.29904 46
      vertex 34 1.5 46
    endloop
  endfacet
  facet normal -0.258817 0.965926 0
    outer loop
      vertex 33.25 1.29904 46
      vertex 34 1.5 45.5
      vertex 33.25 1.29904 45.5
    endloop
  endfacet
  facet normal -0.707107 0.707107 0
    outer loop
      vertex 33.25 1.29904 45.5
      vertex 33 1.04904 46
      vertex 33.25 1.29904 46
    endloop
  endfacet
  facet normal -0.707107 0.707107 0
    outer loop
      vertex 33 1.04904 46
      vertex 33.25 1.29904 45.5
      vertex 33 1.04904 45.5
    endloop
  endfacet
  facet normal 0.965914 -0.258865 0
    outer loop
      vertex 35.299 -0.75 46
      vertex 35.5 0 45.5
      vertex 35.5 0 46
    endloop
  endfacet
  facet normal 0.965914 -0.258865 0
    outer loop
      vertex 35.5 0 45.5
      vertex 35.299 -0.75 46
      vertex 35.299 -0.75 45.5
    endloop
  endfacet
  facet normal 0.965914 -0.258865 0
    outer loop
      vertex 35.299 -0.75 51.5
      vertex 35.5 0 51
      vertex 35.5 0 51.5
    endloop
  endfacet
  facet normal 0.965914 -0.258865 0
    outer loop
      vertex 35.5 0 51
      vertex 35.299 -0.75 51.5
      vertex 35.299 -0.75 51
    endloop
  endfacet
  facet normal 0.258817 0.965926 -0
    outer loop
      vertex 34.75 1.29904 51
      vertex 34 1.5 51.5
      vertex 34.75 1.29904 51.5
    endloop
  endfacet
  facet normal 0.258817 0.965926 0
    outer loop
      vertex 34 1.5 51.5
      vertex 34.75 1.29904 51
      vertex 34 1.5 51
    endloop
  endfacet
  facet normal 0.258817 0.965926 -0
    outer loop
      vertex 34.75 1.29904 45.5
      vertex 34 1.5 46
      vertex 34.75 1.29904 46
    endloop
  endfacet
  facet normal 0.258817 0.965926 0
    outer loop
      vertex 34 1.5 46
      vertex 34.75 1.29904 45.5
      vertex 34 1.5 45.5
    endloop
  endfacet
  facet normal 0.707133 0.707081 0
    outer loop
      vertex 35.299 0.75 51.5
      vertex 34.75 1.29904 51
      vertex 34.75 1.29904 51.5
    endloop
  endfacet
  facet normal 0.707133 0.707081 0
    outer loop
      vertex 34.75 1.29904 51
      vertex 35.299 0.75 51.5
      vertex 35.299 0.75 51
    endloop
  endfacet
  facet normal 0.707133 0.707081 0
    outer loop
      vertex 35.299 0.75 46
      vertex 34.75 1.29904 45.5
      vertex 34.75 1.29904 46
    endloop
  endfacet
  facet normal 0.707133 0.707081 0
    outer loop
      vertex 34.75 1.29904 45.5
      vertex 35.299 0.75 46
      vertex 35.299 0.75 45.5
    endloop
  endfacet
  facet normal 0 0 -1
    outer loop
      vertex 33 -1.04904 45.5
      vertex 35.5 0 45.5
      vertex 35.299 -0.75 45.5
    endloop
  endfacet
  facet normal 0 0 -1
    outer loop
      vertex 33 -1.04904 45.5
      vertex 35.299 -0.75 45.5
      vertex 34.75 -1.29904 45.5
    endloop
  endfacet
  facet normal -0 0 -1
    outer loop
      vertex 35.5 0 45.5
      vertex 33 -1.04904 45.5
      vertex 35.299 0.75 45.5
    endloop
  endfacet
  facet normal 0 0 -1
    outer loop
      vertex 33 -1.04904 45.5
      vertex 34.75 -1.29904 45.5
      vertex 34 -1.5 45.5
    endloop
  endfacet
  facet normal 0 0 -1
    outer loop
      vertex 33 1.04904 45.5
      vertex 35.299 0.75 45.5
      vertex 33 -1.04904 45.5
    endloop
  endfacet
  facet normal 0 0 -1
    outer loop
      vertex 33 -1.04904 45.5
      vertex 34 -1.5 45.5
      vertex 33.25 -1.29904 45.5
    endloop
  endfacet
  facet normal 0 0 -1
    outer loop
      vertex 35.299 0.75 45.5
      vertex 33 1.04904 45.5
      vertex 34.75 1.29904 45.5
    endloop
  endfacet
  facet normal -0 0 -1
    outer loop
      vertex 34.75 1.29904 45.5
      vertex 33 1.04904 45.5
      vertex 34 1.5 45.5
    endloop
  endfacet
  facet normal 0 0 -1
    outer loop
      vertex 34 1.5 45.5
      vertex 33 1.04904 45.5
      vertex 33.25 1.29904 45.5
    endloop
  endfacet
  facet normal -0.707107 -0.707107 0
    outer loop
      vertex 33 -1.04904 45.5
      vertex 33.25 -1.29904 46
      vertex 33 -1.04904 46
    endloop
  endfacet
  facet normal -0.707107 -0.707107 -0
    outer loop
      vertex 33.25 -1.29904 46
      vertex 33 -1.04904 45.5
      vertex 33.25 -1.29904 45.5
    endloop
  endfacet
  facet normal 0.258817 -0.965926 0
    outer loop
      vertex 34 -1.5 45.5
      vertex 34.75 -1.29904 46
      vertex 34 -1.5 46
    endloop
  endfacet
  facet normal 0.258817 -0.965926 0
    outer loop
      vertex 34.75 -1.29904 46
      vertex 34 -1.5 45.5
      vertex 34.75 -1.29904 45.5
    endloop
  endfacet
  facet normal 0.258817 -0.965926 0
    outer loop
      vertex 34 -1.5 51
      vertex 34.75 -1.29904 51.5
      vertex 34 -1.5 51.5
    endloop
  endfacet
  facet normal 0.258817 -0.965926 0
    outer loop
      vertex 34.75 -1.29904 51.5
      vertex 34 -1.5 51
      vertex 34.75 -1.29904 51
    endloop
  endfacet
  facet normal 0.707133 -0.707081 0
    outer loop
      vertex 34.75 -1.29904 51.5
      vertex 35.299 -0.75 51
      vertex 35.299 -0.75 51.5
    endloop
  endfacet
  facet normal 0.707133 -0.707081 0
    outer loop
      vertex 35.299 -0.75 51
      vertex 34.75 -1.29904 51.5
      vertex 34.75 -1.29904 51
    endloop
  endfacet
  facet normal 0.707133 -0.707081 0
    outer loop
      vertex 34.75 -1.29904 46
      vertex 35.299 -0.75 45.5
      vertex 35.299 -0.75 46
    endloop
  endfacet
  facet normal 0.707133 -0.707081 0
    outer loop
      vertex 35.299 -0.75 45.5
      vertex 34.75 -1.29904 46
      vertex 34.75 -1.29904 45.5
    endloop
  endfacet
  facet normal 0 0 1
    outer loop
      vertex 35.299 0.75 51.5
      vertex 35.299 -0.75 51.5
      vertex 35.5 0 51.5
    endloop
  endfacet
  facet normal 0 0 1
    outer loop
      vertex 34.75 1.29904 51.5
      vertex 35.299 -0.75 51.5
      vertex 35.299 0.75 51.5
    endloop
  endfacet
  facet normal 0 0 1
    outer loop
      vertex 34.75 1.29904 51.5
      vertex 34.75 -1.29904 51.5
      vertex 35.299 -0.75 51.5
    endloop
  endfacet
  facet normal 0 0 1
    outer loop
      vertex 34 1.5 51.5
      vertex 34.75 -1.29904 51.5
      vertex 34.75 1.29904 51.5
    endloop
  endfacet
  facet normal 0 0 1
    outer loop
      vertex 34.75 -1.29904 51.5
      vertex 34 1.5 51.5
      vertex 34 -1.5 51.5
    endloop
  endfacet
  facet normal -0.258817 -0.965926 0
    outer loop
      vertex 33.25 -1.29904 45.5
      vertex 34 -1.5 46
      vertex 33.25 -1.29904 46
    endloop
  endfacet
  facet normal -0.258817 -0.965926 -0
    outer loop
      vertex 34 -1.5 46
      vertex 33.25 -1.29904 45.5
      vertex 34 -1.5 45.5
    endloop
  endfacet
  facet normal 0.965914 0.258865 0
    outer loop
      vertex 63.5 0 46
      vertex 63.299 0.75 45.5
      vertex 63.299 0.75 46
    endloop
  endfacet
  facet normal 0.965914 0.258865 0
    outer loop
      vertex 63.299 0.75 45.5
      vertex 63.5 0 46
      vertex 63.5 0 45.5
    endloop
  endfacet
  facet normal 0.965914 0.258865 0
    outer loop
      vertex 63.5 0 51.5
      vertex 63.299 0.75 51
      vertex 63.299 0.75 51.5
    endloop
  endfacet
  facet normal 0.965914 0.258865 0
    outer loop
      vertex 63.299 0.75 51
      vertex 63.5 0 51.5
      vertex 63.5 0 51
    endloop
  endfacet
  facet normal -0.258817 0.965926 0
    outer loop
      vertex 62 1.5 51
      vertex 61.25 1.29904 51.5
      vertex 62 1.5 51.5
    endloop
  endfacet
  facet normal -0.258817 0.965926 0
    outer loop
      vertex 61.25 1.29904 51.5
      vertex 62 1.5 51
      vertex 61.25 1.29904 51
    endloop
  endfacet
  facet normal -0.258817 0.965926 0
    outer loop
      vertex 62 1.5 45.5
      vertex 61.25 1.29904 46
      vertex 62 1.5 46
    endloop
  endfacet
  facet normal -0.258817 0.965926 0
    outer loop
      vertex 61.25 1.29904 46
      vertex 62 1.5 45.5
      vertex 61.25 1.29904 45.5
    endloop
  endfacet
  facet normal -0.965914 -0.258865 0
    outer loop
      vertex 60.701 -0.75 45.5
      vertex 60.5 0 46
      vertex 60.5 0 45.5
    endloop
  endfacet
  facet normal -0.965914 -0.258865 0
    outer loop
      vertex 60.5 0 46
      vertex 60.701 -0.75 45.5
      vertex 60.701 -0.75 46
    endloop
  endfacet
  facet normal -0.965914 -0.258865 0
    outer loop
      vertex 60.701 -0.75 51
      vertex 60.5 0 51.5
      vertex 60.5 0 51
    endloop
  endfacet
  facet normal -0.965914 -0.258865 0
    outer loop
      vertex 60.5 0 51.5
      vertex 60.701 -0.75 51
      vertex 60.701 -0.75 51.5
    endloop
  endfacet
  facet normal -0.707133 0.707081 0
    outer loop
      vertex 60.701 0.75 51
      vertex 61.25 1.29904 51.5
      vertex 61.25 1.29904 51
    endloop
  endfacet
  facet normal -0.707133 0.707081 0
    outer loop
      vertex 61.25 1.29904 51.5
      vertex 60.701 0.75 51
      vertex 60.701 0.75 51.5
    endloop
  endfacet
  facet normal -0.707133 0.707081 0
    outer loop
      vertex 60.701 0.75 45.5
      vertex 61.25 1.29904 46
      vertex 61.25 1.29904 45.5
    endloop
  endfacet
  facet normal -0.707133 0.707081 0
    outer loop
      vertex 61.25 1.29904 46
      vertex 60.701 0.75 45.5
      vertex 60.701 0.75 46
    endloop
  endfacet
  facet normal 0.965914 -0.258865 0
    outer loop
      vertex 63.299 -0.75 51.5
      vertex 63.5 0 51
      vertex 63.5 0 51.5
    endloop
  endfacet
  facet normal 0.965914 -0.258865 0
    outer loop
      vertex 63.5 0 51
      vertex 63.299 -0.75 51.5
      vertex 63.299 -0.75 51
    endloop
  endfacet
  facet normal 0.965914 -0.258865 0
    outer loop
      vertex 63.299 -0.75 46
      vertex 63.5 0 45.5
      vertex 63.5 0 46
    endloop
  endfacet
  facet normal 0.965914 -0.258865 0
    outer loop
      vertex 63.5 0 45.5
      vertex 63.299 -0.75 46
      vertex 63.299 -0.75 45.5
    endloop
  endfacet
  facet normal 0.258817 0.965926 -0
    outer loop
      vertex 62.75 1.29904 45.5
      vertex 62 1.5 46
      vertex 62.75 1.29904 46
    endloop
  endfacet
  facet normal 0.258817 0.965926 0
    outer loop
      vertex 62 1.5 46
      vertex 62.75 1.29904 45.5
      vertex 62 1.5 45.5
    endloop
  endfacet
  facet normal 0.258817 0.965926 -0
    outer loop
      vertex 62.75 1.29904 51
      vertex 62 1.5 51.5
      vertex 62.75 1.29904 51.5
    endloop
  endfacet
  facet normal 0.258817 0.965926 0
    outer loop
      vertex 62 1.5 51.5
      vertex 62.75 1.29904 51
      vertex 62 1.5 51
    endloop
  endfacet
  facet normal 0.707133 0.707081 0
    outer loop
      vertex 63.299 0.75 46
      vertex 62.75 1.29904 45.5
      vertex 62.75 1.29904 46
    endloop
  endfacet
  facet normal 0.707133 0.707081 0
    outer loop
      vertex 62.75 1.29904 45.5
      vertex 63.299 0.75 46
      vertex 63.299 0.75 45.5
    endloop
  endfacet
  facet normal 0.707133 0.707081 0
    outer loop
      vertex 63.299 0.75 51.5
      vertex 62.75 1.29904 51
      vertex 62.75 1.29904 51.5
    endloop
  endfacet
  facet normal 0.707133 0.707081 0
    outer loop
      vertex 62.75 1.29904 51
      vertex 63.299 0.75 51.5
      vertex 63.299 0.75 51
    endloop
  endfacet
  facet normal 0 0 -1
    outer loop
      vertex 63.299 -0.75 45.5
      vertex 63.299 0.75 45.5
      vertex 63.5 0 45.5
    endloop
  endfacet
  facet normal 0 0 -1
    outer loop
      vertex 62.75 -1.29904 45.5
      vertex 63.299 0.75 45.5
      vertex 63.299 -0.75 45.5
    endloop
  endfacet
  facet normal 0 0 -1
    outer loop
      vertex 62.75 -1.29904 45.5
      vertex 62.75 1.29904 45.5
      vertex 63.299 0.75 45.5
    endloop
  endfacet
  facet normal 0 0 -1
    outer loop
      vertex 62 -1.5 45.5
      vertex 62.75 1.29904 45.5
      vertex 62.75 -1.29904 45.5
    endloop
  endfacet
  facet normal 0 0 -1
    outer loop
      vertex 62 -1.5 45.5
      vertex 62 1.5 45.5
      vertex 62.75 1.29904 45.5
    endloop
  endfacet
  facet normal 0 0 -1
    outer loop
      vertex 61.25 -1.29904 45.5
      vertex 62 1.5 45.5
      vertex 62 -1.5 45.5
    endloop
  endfacet
  facet normal 0 0 -1
    outer loop
      vertex 61.25 -1.29904 45.5
      vertex 61.25 1.29904 45.5
      vertex 62 1.5 45.5
    endloop
  endfacet
  facet normal 0 0 -1
    outer loop
      vertex 60.701 -0.75 45.5
      vertex 61.25 1.29904 45.5
      vertex 61.25 -1.29904 45.5
    endloop
  endfacet
  facet normal 0 0 -1
    outer loop
      vertex 60.701 -0.75 45.5
      vertex 60.701 0.75 45.5
      vertex 61.25 1.29904 45.5
    endloop
  endfacet
  facet normal 0 -0 -1
    outer loop
      vertex 60.701 0.75 45.5
      vertex 60.701 -0.75 45.5
      vertex 60.5 0 45.5
    endloop
  endfacet
  facet normal -0.707133 -0.707081 0
    outer loop
      vertex 61.25 -1.29904 45.5
      vertex 60.701 -0.75 46
      vertex 60.701 -0.75 45.5
    endloop
  endfacet
  facet normal -0.707133 -0.707081 0
    outer loop
      vertex 60.701 -0.75 46
      vertex 61.25 -1.29904 45.5
      vertex 61.25 -1.29904 46
    endloop
  endfacet
  facet normal -0.707133 -0.707081 0
    outer loop
      vertex 61.25 -1.29904 51
      vertex 60.701 -0.75 51.5
      vertex 60.701 -0.75 51
    endloop
  endfacet
  facet normal -0.707133 -0.707081 0
    outer loop
      vertex 60.701 -0.75 51.5
      vertex 61.25 -1.29904 51
      vertex 61.25 -1.29904 51.5
    endloop
  endfacet
  facet normal 0.258817 -0.965926 0
    outer loop
      vertex 62 -1.5 45.5
      vertex 62.75 -1.29904 46
      vertex 62 -1.5 46
    endloop
  endfacet
  facet normal 0.258817 -0.965926 0
    outer loop
      vertex 62.75 -1.29904 46
      vertex 62 -1.5 45.5
      vertex 62.75 -1.29904 45.5
    endloop
  endfacet
  facet normal 0.258817 -0.965926 0
    outer loop
      vertex 62 -1.5 51
      vertex 62.75 -1.29904 51.5
      vertex 62 -1.5 51.5
    endloop
  endfacet
  facet normal 0.258817 -0.965926 0
    outer loop
      vertex 62.75 -1.29904 51.5
      vertex 62 -1.5 51
      vertex 62.75 -1.29904 51
    endloop
  endfacet
  facet normal 0.707133 -0.707081 0
    outer loop
      vertex 62.75 -1.29904 51.5
      vertex 63.299 -0.75 51
      vertex 63.299 -0.75 51.5
    endloop
  endfacet
  facet normal 0.707133 -0.707081 0
    outer loop
      vertex 63.299 -0.75 51
      vertex 62.75 -1.29904 51.5
      vertex 62.75 -1.29904 51
    endloop
  endfacet
  facet normal 0.707133 -0.707081 0
    outer loop
      vertex 62.75 -1.29904 46
      vertex 63.299 -0.75 45.5
      vertex 63.299 -0.75 46
    endloop
  endfacet
  facet normal 0.707133 -0.707081 0
    outer loop
      vertex 63.299 -0.75 45.5
      vertex 62.75 -1.29904 46
      vertex 62.75 -1.29904 45.5
    endloop
  endfacet
  facet normal 0 0 1
    outer loop
      vertex 63.299 0.75 51.5
      vertex 63.299 -0.75 51.5
      vertex 63.5 0 51.5
    endloop
  endfacet
  facet normal 0 0 1
    outer loop
      vertex 62.75 1.29904 51.5
      vertex 63.299 -0.75 51.5
      vertex 63.299 0.75 51.5
    endloop
  endfacet
  facet normal 0 0 1
    outer loop
      vertex 62.75 1.29904 51.5
      vertex 62.75 -1.29904 51.5
      vertex 63.299 -0.75 51.5
    endloop
  endfacet
  facet normal 0 0 1
    outer loop
      vertex 62 1.5 51.5
      vertex 62.75 -1.29904 51.5
      vertex 62.75 1.29904 51.5
    endloop
  endfacet
  facet normal 0 0 1
    outer loop
      vertex 62 1.5 51.5
      vertex 62 -1.5 51.5
      vertex 62.75 -1.29904 51.5
    endloop
  endfacet
  facet normal -0 0 1
    outer loop
      vertex 61.25 1.29904 51.5
      vertex 62 -1.5 51.5
      vertex 62 1.5 51.5
    endloop
  endfacet
  facet normal 0 0 1
    outer loop
      vertex 61.25 1.29904 51.5
      vertex 61.25 -1.29904 51.5
      vertex 62 -1.5 51.5
    endloop
  endfacet
  facet normal -0 0 1
    outer loop
      vertex 60.701 0.75 51.5
      vertex 61.25 -1.29904 51.5
      vertex 61.25 1.29904 51.5
    endloop
  endfacet
  facet normal 0 0 1
    outer loop
      vertex 60.701 0.75 51.5
      vertex 60.701 -0.75 51.5
      vertex 61.25 -1.29904 51.5
    endloop
  endfacet
  facet normal 0 -0 1
    outer loop
      vertex 60.701 -0.75 51.5
      vertex 60.701 0.75 51.5
      vertex 60.5 0 51.5
    endloop
  endfacet
  facet normal -0.965914 0.258865 0
    outer loop
      vertex 60.5 0 45.5
      vertex 60.701 0.75 46
      vertex 60.701 0.75 45.5
    endloop
  endfacet
  facet normal -0.965914 0.258865 0
    outer loop
      vertex 60.701 0.75 46
      vertex 60.5 0 45.5
      vertex 60.5 0 46
    endloop
  endfacet
  facet normal -0.965914 0.258865 0
    outer loop
      vertex 60.5 0 51
      vertex 60.701 0.75 51.5
      vertex 60.701 0.75 51
    endloop
  endfacet
  facet normal -0.965914 0.258865 0
    outer loop
      vertex 60.701 0.75 51.5
      vertex 60.5 0 51
      vertex 60.5 0 51.5
    endloop
  endfacet
  facet normal -0.258817 -0.965926 0
    outer loop
      vertex 61.25 -1.29904 45.5
      vertex 62 -1.5 46
      vertex 61.25 -1.29904 46
    endloop
  endfacet
  facet normal -0.258817 -0.965926 -0
    outer loop
      vertex 62 -1.5 46
      vertex 61.25 -1.29904 45.5
      vertex 62 -1.5 45.5
    endloop
  endfacet
  facet normal -0.258817 -0.965926 0
    outer loop
      vertex 61.25 -1.29904 51
      vertex 62 -1.5 51.5
      vertex 61.25 -1.29904 51.5
    endloop
  endfacet
  facet normal -0.258817 -0.965926 -0
    outer loop
      vertex 62 -1.5 51.5
      vertex 61.25 -1.29904 51
      vertex 62 -1.5 51
    endloop
  endfacet
endsolid OpenSCAD_Model
