solid OpenSCAD_Model
  facet normal 0.997859 -0 0.0654083
    outer loop
      vertex -19.077 20 17.1747
      vertex -19 36 16
      vertex -19.077 36 17.1747
    endloop
  endfacet
  facet normal 0.997859 0 0.0654083
    outer loop
      vertex -19 36 16
      vertex -19.077 20 17.1747
      vertex -19 20 16
    endloop
  endfacet
  facet normal -0.997859 0 0.0654083
    outer loop
      vertex -37 20 16
      vertex -36.923 36 17.1747
      vertex -37 36 16
    endloop
  endfacet
  facet normal -0.997859 0 0.0654083
    outer loop
      vertex -36.923 36 17.1747
      vertex -37 20 16
      vertex -36.923 20 17.1747
    endloop
  endfacet
  facet normal 0.0654083 0 0.997859
    outer loop
      vertex -28 36 25
      vertex -26.8253 20 24.923
      vertex -26.8253 36 24.923
    endloop
  endfacet
  facet normal 0.0654083 0 0.997859
    outer loop
      vertex -26.8253 20 24.923
      vertex -28 36 25
      vertex -28 20 25
    endloop
  endfacet
  facet normal 0.65934 0 0.751845
    outer loop
      vertex -22.5211 36 23.1402
      vertex -21.636 20 22.364
      vertex -21.636 36 22.364
    endloop
  endfacet
  facet normal 0.65934 0 0.751845
    outer loop
      vertex -21.636 20 22.364
      vertex -22.5211 36 23.1402
      vertex -22.5211 20 23.1402
    endloop
  endfacet
  facet normal -0.65934 0 0.751845
    outer loop
      vertex -34.364 36 22.364
      vertex -33.4789 20 23.1402
      vertex -33.4789 36 23.1402
    endloop
  endfacet
  facet normal -0.65934 0 0.751845
    outer loop
      vertex -33.4789 20 23.1402
      vertex -34.364 36 22.364
      vertex -34.364 20 22.364
    endloop
  endfacet
  facet normal -0.321447 0 0.946927
    outer loop
      vertex -31.4441 36 24.3149
      vertex -30.3294 20 24.6933
      vertex -30.3294 36 24.6933
    endloop
  endfacet
  facet normal -0.321447 0 0.946927
    outer loop
      vertex -30.3294 20 24.6933
      vertex -31.4441 36 24.3149
      vertex -31.4441 20 24.3149
    endloop
  endfacet
  facet normal -0.980783 0 -0.195103
    outer loop
      vertex -36.6933 20 13.6706
      vertex -36.923 36 14.8253
      vertex -36.6933 36 13.6706
    endloop
  endfacet
  facet normal -0.980783 -0 -0.195103
    outer loop
      vertex -36.923 36 14.8253
      vertex -36.6933 20 13.6706
      vertex -36.923 20 14.8253
    endloop
  endfacet
  facet normal 0 1 0
    outer loop
      vertex -28 36 22.5
      vertex -28 36 25
      vertex -26.8253 36 24.923
    endloop
  endfacet
  facet normal 0 1 0
    outer loop
      vertex -27.1516 36 22.4444
      vertex -26.8253 36 24.923
      vertex -25.6706 36 24.6933
    endloop
  endfacet
  facet normal 0 1 0
    outer loop
      vertex -28 36 25
      vertex -28 36 22.5
      vertex -29.1747 36 24.923
    endloop
  endfacet
  facet normal 0 1 0
    outer loop
      vertex -26.3177 36 22.2785
      vertex -25.6706 36 24.6933
      vertex -24.5559 36 24.3149
    endloop
  endfacet
  facet normal 0 1 -0
    outer loop
      vertex -28.8484 36 22.4444
      vertex -29.1747 36 24.923
      vertex -28 36 22.5
    endloop
  endfacet
  facet normal 0 1 0
    outer loop
      vertex -25.5126 36 22.0052
      vertex -24.5559 36 24.3149
      vertex -23.5 36 23.7942
    endloop
  endfacet
  facet normal 0 1 0
    outer loop
      vertex -29.1747 36 24.923
      vertex -28.8484 36 22.4444
      vertex -30.3294 36 24.6933
    endloop
  endfacet
  facet normal 0 1 0
    outer loop
      vertex -24.75 36 21.6292
      vertex -23.5 36 23.7942
      vertex -22.5211 36 23.1402
    endloop
  endfacet
  facet normal 0 1 -0
    outer loop
      vertex -29.6823 36 22.2785
      vertex -30.3294 36 24.6933
      vertex -28.8484 36 22.4444
    endloop
  endfacet
  facet normal 0 1 0
    outer loop
      vertex -30.3294 36 24.6933
      vertex -29.6823 36 22.2785
      vertex -31.4441 36 24.3149
    endloop
  endfacet
  facet normal 0 1 0
    outer loop
      vertex -26.8253 36 24.923
      vertex -27.1516 36 22.4444
      vertex -28 36 22.5
    endloop
  endfacet
  facet normal 0 1 0
    outer loop
      vertex -24.0431 36 21.1568
      vertex -22.5211 36 23.1402
      vertex -21.636 36 22.364
    endloop
  endfacet
  facet normal 0 1 0
    outer loop
      vertex -25.6706 36 24.6933
      vertex -26.3177 36 22.2785
      vertex -27.1516 36 22.4444
    endloop
  endfacet
  facet normal 0 1 0
    outer loop
      vertex -24.5559 36 24.3149
      vertex -25.5126 36 22.0052
      vertex -26.3177 36 22.2785
    endloop
  endfacet
  facet normal 0 1 0
    outer loop
      vertex -23.5 36 23.7942
      vertex -24.75 36 21.6292
      vertex -25.5126 36 22.0052
    endloop
  endfacet
  facet normal 0 1 0
    outer loop
      vertex -23.4038 36 20.5962
      vertex -21.636 36 22.364
      vertex -20.8598 36 21.4789
    endloop
  endfacet
  facet normal 0 1 0
    outer loop
      vertex -22.5211 36 23.1402
      vertex -24.0431 36 21.1568
      vertex -24.75 36 21.6292
    endloop
  endfacet
  facet normal 0 1 0
    outer loop
      vertex -21.636 36 22.364
      vertex -23.4038 36 20.5962
      vertex -24.0431 36 21.1568
    endloop
  endfacet
  facet normal 0 1 0
    outer loop
      vertex -22.8432 36 19.9569
      vertex -20.8598 36 21.4789
      vertex -20.2058 36 20.5
    endloop
  endfacet
  facet normal 0 1 0
    outer loop
      vertex -20.8598 36 21.4789
      vertex -22.8432 36 19.9569
      vertex -23.4038 36 20.5962
    endloop
  endfacet
  facet normal 0 1 0
    outer loop
      vertex -22.3708 36 19.25
      vertex -20.2058 36 20.5
      vertex -19.6851 36 19.4441
    endloop
  endfacet
  facet normal 0 1 0
    outer loop
      vertex -20.2058 36 20.5
      vertex -22.3708 36 19.25
      vertex -22.8432 36 19.9569
    endloop
  endfacet
  facet normal 0 1 0
    outer loop
      vertex -19.6851 36 19.4441
      vertex -21.9948 36 18.4874
      vertex -22.3708 36 19.25
    endloop
  endfacet
  facet normal 0 1 0
    outer loop
      vertex -19.3067 36 18.3294
      vertex -21.9948 36 18.4874
      vertex -19.6851 36 19.4441
    endloop
  endfacet
  facet normal 0 1 0
    outer loop
      vertex -19.3067 36 18.3294
      vertex -21.7215 36 17.6823
      vertex -21.9948 36 18.4874
    endloop
  endfacet
  facet normal 0 1 0
    outer loop
      vertex -19.077 36 17.1747
      vertex -21.7215 36 17.6823
      vertex -19.3067 36 18.3294
    endloop
  endfacet
  facet normal 0 1 0
    outer loop
      vertex -19.077 36 17.1747
      vertex -21.5556 36 16.8484
      vertex -21.7215 36 17.6823
    endloop
  endfacet
  facet normal 0 1 0
    outer loop
      vertex -19 36 16
      vertex -21.5556 36 16.8484
      vertex -19.077 36 17.1747
    endloop
  endfacet
  facet normal 0 1 0
    outer loop
      vertex -19 36 16
      vertex -21.5 36 16
      vertex -21.5556 36 16.8484
    endloop
  endfacet
  facet normal 0 1 0
    outer loop
      vertex -19 36 16
      vertex -21.5556 36 15.1516
      vertex -21.5 36 16
    endloop
  endfacet
  facet normal 0 1 -0
    outer loop
      vertex -19.077 36 14.8253
      vertex -21.5556 36 15.1516
      vertex -19 36 16
    endloop
  endfacet
  facet normal 0 1 0
    outer loop
      vertex -19.077 36 14.8253
      vertex -21.7215 36 14.3177
      vertex -21.5556 36 15.1516
    endloop
  endfacet
  facet normal 0 1 -0
    outer loop
      vertex -19.3067 36 13.6706
      vertex -21.7215 36 14.3177
      vertex -19.077 36 14.8253
    endloop
  endfacet
  facet normal 0 1 0
    outer loop
      vertex -19.3067 36 13.6706
      vertex -21.9948 36 13.5126
      vertex -21.7215 36 14.3177
    endloop
  endfacet
  facet normal 0 1 -0
    outer loop
      vertex -19.6851 36 12.5559
      vertex -21.9948 36 13.5126
      vertex -19.3067 36 13.6706
    endloop
  endfacet
  facet normal 0 1 0
    outer loop
      vertex -21.9948 36 13.5126
      vertex -19.6851 36 12.5559
      vertex -22.3708 36 12.75
    endloop
  endfacet
  facet normal 0 1 -0
    outer loop
      vertex -20.2058 36 11.5
      vertex -22.3708 36 12.75
      vertex -19.6851 36 12.5559
    endloop
  endfacet
  facet normal 0 1 0
    outer loop
      vertex -22.3708 36 12.75
      vertex -20.2058 36 11.5
      vertex -22.8432 36 12.0431
    endloop
  endfacet
  facet normal 0 1 -0
    outer loop
      vertex -20.8598 36 10.5211
      vertex -22.8432 36 12.0431
      vertex -20.2058 36 11.5
    endloop
  endfacet
  facet normal 0 1 0
    outer loop
      vertex -22.8432 36 12.0431
      vertex -20.8598 36 10.5211
      vertex -23.4038 36 11.4038
    endloop
  endfacet
  facet normal 0 1 -0
    outer loop
      vertex -21.636 36 9.63604
      vertex -23.4038 36 11.4038
      vertex -20.8598 36 10.5211
    endloop
  endfacet
  facet normal 0 1 0
    outer loop
      vertex -23.4038 36 11.4038
      vertex -21.636 36 9.63604
      vertex -24.0431 36 10.8432
    endloop
  endfacet
  facet normal 0 1 -0
    outer loop
      vertex -22.5211 36 8.85982
      vertex -24.0431 36 10.8432
      vertex -21.636 36 9.63604
    endloop
  endfacet
  facet normal 0 1 0
    outer loop
      vertex -24.0431 36 10.8432
      vertex -22.5211 36 8.85982
      vertex -24.75 36 10.3708
    endloop
  endfacet
  facet normal 0 1 -0
    outer loop
      vertex -23.5 36 8.20577
      vertex -24.75 36 10.3708
      vertex -22.5211 36 8.85982
    endloop
  endfacet
  facet normal 0 1 -0
    outer loop
      vertex -23.9173 36 8
      vertex -24.75 36 10.3708
      vertex -23.5 36 8.20577
    endloop
  endfacet
  facet normal 0 1 0
    outer loop
      vertex -24.75 36 10.3708
      vertex -23.9173 36 8
      vertex -25.5126 36 9.99478
    endloop
  endfacet
  facet normal 0 1 0
    outer loop
      vertex -25.5126 36 9.99478
      vertex -23.9173 36 8
      vertex -26.3177 36 9.72148
    endloop
  endfacet
  facet normal 0 1 -0
    outer loop
      vertex -30.4874 36 22.0052
      vertex -31.4441 36 24.3149
      vertex -29.6823 36 22.2785
    endloop
  endfacet
  facet normal 0 1 0
    outer loop
      vertex -31.4441 36 24.3149
      vertex -30.4874 36 22.0052
      vertex -32.5 36 23.7942
    endloop
  endfacet
  facet normal 0 1 -0
    outer loop
      vertex -31.25 36 21.6292
      vertex -32.5 36 23.7942
      vertex -30.4874 36 22.0052
    endloop
  endfacet
  facet normal 0 1 0
    outer loop
      vertex -32.5 36 23.7942
      vertex -31.25 36 21.6292
      vertex -33.4789 36 23.1402
    endloop
  endfacet
  facet normal 0 1 -0
    outer loop
      vertex -31.9569 36 21.1568
      vertex -33.4789 36 23.1402
      vertex -31.25 36 21.6292
    endloop
  endfacet
  facet normal 0 1 0
    outer loop
      vertex -33.4789 36 23.1402
      vertex -31.9569 36 21.1568
      vertex -34.364 36 22.364
    endloop
  endfacet
  facet normal 0 1 -0
    outer loop
      vertex -32.5962 36 20.5962
      vertex -34.364 36 22.364
      vertex -31.9569 36 21.1568
    endloop
  endfacet
  facet normal 0 1 0
    outer loop
      vertex -34.364 36 22.364
      vertex -32.5962 36 20.5962
      vertex -35.1402 36 21.4789
    endloop
  endfacet
  facet normal 0 1 -0
    outer loop
      vertex -33.1568 36 19.9569
      vertex -35.1402 36 21.4789
      vertex -32.5962 36 20.5962
    endloop
  endfacet
  facet normal 0 1 0
    outer loop
      vertex -35.1402 36 21.4789
      vertex -33.1568 36 19.9569
      vertex -35.7942 36 20.5
    endloop
  endfacet
  facet normal 0 1 -0
    outer loop
      vertex -33.6292 36 19.25
      vertex -35.7942 36 20.5
      vertex -33.1568 36 19.9569
    endloop
  endfacet
  facet normal 0 1 0
    outer loop
      vertex -35.7942 36 20.5
      vertex -33.6292 36 19.25
      vertex -36.2891 36 19.4966
    endloop
  endfacet
  facet normal 0 1 0
    outer loop
      vertex -48 36 31.5
      vertex -48 36 34
      vertex -46.4337 36 33.8973
    endloop
  endfacet
  facet normal 0 1 0
    outer loop
      vertex -46.76 36 31.4187
      vertex -46.4337 36 33.8973
      vertex -44.8942 36 33.5911
    endloop
  endfacet
  facet normal 0 1 0
    outer loop
      vertex -48 36 34
      vertex -48 36 31.5
      vertex -49.5663 36 33.8973
    endloop
  endfacet
  facet normal 0 1 0
    outer loop
      vertex -45.5412 36 31.1763
      vertex -44.8942 36 33.5911
      vertex -43.4078 36 33.0866
    endloop
  endfacet
  facet normal 0 1 -0
    outer loop
      vertex -49.24 36 31.4187
      vertex -49.5663 36 33.8973
      vertex -48 36 31.5
    endloop
  endfacet
  facet normal 0 1 0
    outer loop
      vertex -44.3645 36 30.7769
      vertex -43.4078 36 33.0866
      vertex -42 36 32.3923
    endloop
  endfacet
  facet normal 0 1 0
    outer loop
      vertex -49.5663 36 33.8973
      vertex -49.24 36 31.4187
      vertex -51.1058 36 33.5911
    endloop
  endfacet
  facet normal 0 1 0
    outer loop
      vertex -43.25 36 30.2272
      vertex -42 36 32.3923
      vertex -40.6949 36 31.5202
    endloop
  endfacet
  facet normal 0 1 -0
    outer loop
      vertex -50.4588 36 31.1763
      vertex -51.1058 36 33.5911
      vertex -49.24 36 31.4187
    endloop
  endfacet
  facet normal 0 1 0
    outer loop
      vertex -51.1058 36 33.5911
      vertex -50.4588 36 31.1763
      vertex -52.5922 36 33.0866
    endloop
  endfacet
  facet normal 0 1 0
    outer loop
      vertex -46.4337 36 33.8973
      vertex -46.76 36 31.4187
      vertex -48 36 31.5
    endloop
  endfacet
  facet normal 0 1 0
    outer loop
      vertex -44.8942 36 33.5911
      vertex -45.5412 36 31.1763
      vertex -46.76 36 31.4187
    endloop
  endfacet
  facet normal 0 1 0
    outer loop
      vertex -43.4078 36 33.0866
      vertex -44.3645 36 30.7769
      vertex -45.5412 36 31.1763
    endloop
  endfacet
  facet normal 0 1 0
    outer loop
      vertex -42.2168 36 29.5369
      vertex -40.6949 36 31.5202
      vertex -39.5147 36 30.4853
    endloop
  endfacet
  facet normal 0 1 0
    outer loop
      vertex -42 36 32.3923
      vertex -43.25 36 30.2272
      vertex -44.3645 36 30.7769
    endloop
  endfacet
  facet normal 0 1 0
    outer loop
      vertex -40.6949 36 31.5202
      vertex -42.2168 36 29.5369
      vertex -43.25 36 30.2272
    endloop
  endfacet
  facet normal 0 1 0
    outer loop
      vertex -41.2825 36 28.7175
      vertex -39.5147 36 30.4853
      vertex -38.4798 36 29.3051
    endloop
  endfacet
  facet normal 0 1 0
    outer loop
      vertex -39.5147 36 30.4853
      vertex -41.2825 36 28.7175
      vertex -42.2168 36 29.5369
    endloop
  endfacet
  facet normal 0 1 0
    outer loop
      vertex -40.4631 36 27.7832
      vertex -38.4798 36 29.3051
      vertex -37.6077 36 28
    endloop
  endfacet
  facet normal 0 1 0
    outer loop
      vertex -38.4798 36 29.3051
      vertex -40.4631 36 27.7832
      vertex -41.2825 36 28.7175
    endloop
  endfacet
  facet normal 0 1 0
    outer loop
      vertex -37.6077 36 28
      vertex -39.7728 36 26.75
      vertex -40.4631 36 27.7832
    endloop
  endfacet
  facet normal 0 1 0
    outer loop
      vertex -36.9134 36 26.5922
      vertex -39.7728 36 26.75
      vertex -37.6077 36 28
    endloop
  endfacet
  facet normal 0 1 0
    outer loop
      vertex -36.9134 36 26.5922
      vertex -39.2231 36 25.6355
      vertex -39.7728 36 26.75
    endloop
  endfacet
  facet normal 0 1 0
    outer loop
      vertex -36.4089 36 25.1058
      vertex -39.2231 36 25.6355
      vertex -36.9134 36 26.5922
    endloop
  endfacet
  facet normal 0 1 0
    outer loop
      vertex -36.4089 36 25.1058
      vertex -38.8237 36 24.4588
      vertex -39.2231 36 25.6355
    endloop
  endfacet
  facet normal 0 1 0
    outer loop
      vertex -36.1027 36 23.5663
      vertex -38.8237 36 24.4588
      vertex -36.4089 36 25.1058
    endloop
  endfacet
  facet normal 0 1 0
    outer loop
      vertex -36.1027 36 23.5663
      vertex -38.5813 36 23.24
      vertex -38.8237 36 24.4588
    endloop
  endfacet
  facet normal 0 1 0
    outer loop
      vertex -36 36 22
      vertex -38.5813 36 23.24
      vertex -36.1027 36 23.5663
    endloop
  endfacet
  facet normal 0 1 0
    outer loop
      vertex -36 36 22
      vertex -38.5 36 22
      vertex -38.5813 36 23.24
    endloop
  endfacet
  facet normal 0 1 0
    outer loop
      vertex -36 36 22
      vertex -38.5813 36 20.76
      vertex -38.5 36 22
    endloop
  endfacet
  facet normal 0 1 -0
    outer loop
      vertex -36.1027 36 20.4337
      vertex -38.5813 36 20.76
      vertex -36 36 22
    endloop
  endfacet
  facet normal 0 1 -0
    outer loop
      vertex -36.2891 36 19.4966
      vertex -38.5813 36 20.76
      vertex -36.1027 36 20.4337
    endloop
  endfacet
  facet normal 0 1 0
    outer loop
      vertex -38.5813 36 20.76
      vertex -36.2891 36 19.4966
      vertex -38.8237 36 19.5412
    endloop
  endfacet
  facet normal 0 1 -0
    outer loop
      vertex -34.0052 36 18.4874
      vertex -36.2891 36 19.4966
      vertex -33.6292 36 19.25
    endloop
  endfacet
  facet normal 0 1 -0
    outer loop
      vertex -34.2785 36 17.6823
      vertex -36.2891 36 19.4966
      vertex -34.0052 36 18.4874
    endloop
  endfacet
  facet normal 0 1 0
    outer loop
      vertex -36.2891 36 19.4966
      vertex -36.8246 36 17.6697
      vertex -38.8237 36 19.5412
    endloop
  endfacet
  facet normal 0 1 0
    outer loop
      vertex -36.2891 36 19.4966
      vertex -34.2785 36 17.6823
      vertex -36.8246 36 17.6697
    endloop
  endfacet
  facet normal 0 1 0
    outer loop
      vertex -38.8237 36 19.5412
      vertex -36.8246 36 17.6697
      vertex -39.2231 36 18.3645
    endloop
  endfacet
  facet normal 0 1 -0
    outer loop
      vertex -36.9134 36 17.4078
      vertex -39.2231 36 18.3645
      vertex -36.8246 36 17.6697
    endloop
  endfacet
  facet normal 0 1 0
    outer loop
      vertex -36.9134 36 17.4078
      vertex -39.7728 36 17.25
      vertex -39.2231 36 18.3645
    endloop
  endfacet
  facet normal 0 1 -0
    outer loop
      vertex -37.6077 36 16
      vertex -39.7728 36 17.25
      vertex -36.9134 36 17.4078
    endloop
  endfacet
  facet normal 0 1 0
    outer loop
      vertex -39.7728 36 17.25
      vertex -37.6077 36 16
      vertex -40.4631 36 16.2168
    endloop
  endfacet
  facet normal 0 1 -0
    outer loop
      vertex -38.4798 36 14.6949
      vertex -40.4631 36 16.2168
      vertex -37.6077 36 16
    endloop
  endfacet
  facet normal 0 1 0
    outer loop
      vertex -40.4631 36 16.2168
      vertex -38.4798 36 14.6949
      vertex -41.2825 36 15.2825
    endloop
  endfacet
  facet normal 0 1 -0
    outer loop
      vertex -39.5147 36 13.5147
      vertex -41.2825 36 15.2825
      vertex -38.4798 36 14.6949
    endloop
  endfacet
  facet normal 0 1 0
    outer loop
      vertex -41.2825 36 15.2825
      vertex -39.5147 36 13.5147
      vertex -42.2168 36 14.4631
    endloop
  endfacet
  facet normal 0 1 -0
    outer loop
      vertex -40.6949 36 12.4798
      vertex -42.2168 36 14.4631
      vertex -39.5147 36 13.5147
    endloop
  endfacet
  facet normal 0 1 0
    outer loop
      vertex -42.2168 36 14.4631
      vertex -40.6949 36 12.4798
      vertex -43.25 36 13.7728
    endloop
  endfacet
  facet normal 0 1 -0
    outer loop
      vertex -42 36 11.6077
      vertex -43.25 36 13.7728
      vertex -40.6949 36 12.4798
    endloop
  endfacet
  facet normal 0 1 0
    outer loop
      vertex -43.25 36 13.7728
      vertex -42 36 11.6077
      vertex -44.3645 36 13.2231
    endloop
  endfacet
  facet normal 0 1 0
    outer loop
      vertex -44.3645 36 13.2231
      vertex -43.4078 36 10.9134
      vertex -45.5412 36 12.8237
    endloop
  endfacet
  facet normal 0 1 -0
    outer loop
      vertex -43.4078 36 10.9134
      vertex -44.3645 36 13.2231
      vertex -42 36 11.6077
    endloop
  endfacet
  facet normal 0 1 -0
    outer loop
      vertex -51.6355 36 30.7769
      vertex -52.5922 36 33.0866
      vertex -50.4588 36 31.1763
    endloop
  endfacet
  facet normal 0 1 0
    outer loop
      vertex -52.5922 36 33.0866
      vertex -51.6355 36 30.7769
      vertex -54 36 32.3923
    endloop
  endfacet
  facet normal 0 1 -0
    outer loop
      vertex -52.75 36 30.2272
      vertex -54 36 32.3923
      vertex -51.6355 36 30.7769
    endloop
  endfacet
  facet normal 0 1 0
    outer loop
      vertex -54 36 32.3923
      vertex -52.75 36 30.2272
      vertex -55.3051 36 31.5202
    endloop
  endfacet
  facet normal 0 1 -0
    outer loop
      vertex -53.7832 36 29.5369
      vertex -55.3051 36 31.5202
      vertex -52.75 36 30.2272
    endloop
  endfacet
  facet normal 0 1 0
    outer loop
      vertex -55.3051 36 31.5202
      vertex -53.7832 36 29.5369
      vertex -56.4853 36 30.4853
    endloop
  endfacet
  facet normal 0 1 -0
    outer loop
      vertex -54.7175 36 28.7175
      vertex -56.4853 36 30.4853
      vertex -53.7832 36 29.5369
    endloop
  endfacet
  facet normal 0 1 0
    outer loop
      vertex -56.4853 36 30.4853
      vertex -54.7175 36 28.7175
      vertex -57.5202 36 29.3051
    endloop
  endfacet
  facet normal 0 1 -0
    outer loop
      vertex -55.5369 36 27.7832
      vertex -57.5202 36 29.3051
      vertex -54.7175 36 28.7175
    endloop
  endfacet
  facet normal 0 1 0
    outer loop
      vertex -57.5202 36 29.3051
      vertex -55.5369 36 27.7832
      vertex -58.3923 36 28
    endloop
  endfacet
  facet normal 0 1 -0
    outer loop
      vertex -56.2272 36 26.75
      vertex -58.3923 36 28
      vertex -55.5369 36 27.7832
    endloop
  endfacet
  facet normal 0 1 0
    outer loop
      vertex -56.2272 36 26.75
      vertex -59.0866 36 26.5922
      vertex -58.3923 36 28
    endloop
  endfacet
  facet normal 0 1 -0
    outer loop
      vertex -56.7769 36 25.6355
      vertex -59.0866 36 26.5922
      vertex -56.2272 36 26.75
    endloop
  endfacet
  facet normal 0 1 0
    outer loop
      vertex -56.7769 36 25.6355
      vertex -59.5911 36 25.1058
      vertex -59.0866 36 26.5922
    endloop
  endfacet
  facet normal 0 1 -0
    outer loop
      vertex -57.1763 36 24.4588
      vertex -59.5911 36 25.1058
      vertex -56.7769 36 25.6355
    endloop
  endfacet
  facet normal 0 1 0
    outer loop
      vertex -57.1763 36 24.4588
      vertex -59.8973 36 23.5663
      vertex -59.5911 36 25.1058
    endloop
  endfacet
  facet normal 0 1 -0
    outer loop
      vertex -57.4187 36 23.24
      vertex -59.8973 36 23.5663
      vertex -57.1763 36 24.4588
    endloop
  endfacet
  facet normal 0 1 -0
    outer loop
      vertex -57.5 36 22
      vertex -59.8973 36 23.5663
      vertex -57.4187 36 23.24
    endloop
  endfacet
  facet normal 0 1 0
    outer loop
      vertex -57.5 36 22
      vertex -60 36 22
      vertex -59.8973 36 23.5663
    endloop
  endfacet
  facet normal 0 1 0
    outer loop
      vertex -57.4187 36 20.76
      vertex -60 36 22
      vertex -57.5 36 22
    endloop
  endfacet
  facet normal 0 1 0
    outer loop
      vertex -57.4187 36 20.76
      vertex -59.8973 36 20.4337
      vertex -60 36 22
    endloop
  endfacet
  facet normal 0 1 0
    outer loop
      vertex -57.1763 36 19.5412
      vertex -59.8973 36 20.4337
      vertex -57.4187 36 20.76
    endloop
  endfacet
  facet normal 0 1 0
    outer loop
      vertex -57.1763 36 19.5412
      vertex -59.5911 36 18.8942
      vertex -59.8973 36 20.4337
    endloop
  endfacet
  facet normal 0 1 0
    outer loop
      vertex -56.7769 36 18.3645
      vertex -59.5911 36 18.8942
      vertex -57.1763 36 19.5412
    endloop
  endfacet
  facet normal 0 1 0
    outer loop
      vertex -56.7769 36 18.3645
      vertex -59.0866 36 17.4078
      vertex -59.5911 36 18.8942
    endloop
  endfacet
  facet normal 0 1 0
    outer loop
      vertex -56.2272 36 17.25
      vertex -59.0866 36 17.4078
      vertex -56.7769 36 18.3645
    endloop
  endfacet
  facet normal 0 1 0
    outer loop
      vertex -58.3923 36 16
      vertex -56.2272 36 17.25
      vertex -55.5369 36 16.2168
    endloop
  endfacet
  facet normal 0 1 0
    outer loop
      vertex -56.2272 36 17.25
      vertex -58.3923 36 16
      vertex -59.0866 36 17.4078
    endloop
  endfacet
  facet normal 0 1 0
    outer loop
      vertex -57.5202 36 14.6949
      vertex -55.5369 36 16.2168
      vertex -54.7175 36 15.2825
    endloop
  endfacet
  facet normal 0 1 0
    outer loop
      vertex -55.5369 36 16.2168
      vertex -57.5202 36 14.6949
      vertex -58.3923 36 16
    endloop
  endfacet
  facet normal 0 1 0
    outer loop
      vertex -56.4853 36 13.5147
      vertex -54.7175 36 15.2825
      vertex -53.7832 36 14.4631
    endloop
  endfacet
  facet normal 0 1 0
    outer loop
      vertex -55.3051 36 12.4798
      vertex -53.7832 36 14.4631
      vertex -52.75 36 13.7728
    endloop
  endfacet
  facet normal 0 1 0
    outer loop
      vertex -54.7175 36 15.2825
      vertex -56.4853 36 13.5147
      vertex -57.5202 36 14.6949
    endloop
  endfacet
  facet normal 0 1 0
    outer loop
      vertex -54 36 11.6077
      vertex -52.75 36 13.7728
      vertex -51.6355 36 13.2231
    endloop
  endfacet
  facet normal 0 1 0
    outer loop
      vertex -52.5922 36 10.9134
      vertex -51.6355 36 13.2231
      vertex -50.4588 36 12.8237
    endloop
  endfacet
  facet normal 0 1 0
    outer loop
      vertex -51.1058 36 10.4089
      vertex -50.4588 36 12.8237
      vertex -49.24 36 12.5813
    endloop
  endfacet
  facet normal 0 1 0
    outer loop
      vertex -53.7832 36 14.4631
      vertex -55.3051 36 12.4798
      vertex -56.4853 36 13.5147
    endloop
  endfacet
  facet normal 0 1 0
    outer loop
      vertex -49.5663 36 10.1027
      vertex -49.24 36 12.5813
      vertex -48 36 12.5
    endloop
  endfacet
  facet normal 0 1 -0
    outer loop
      vertex -44.8942 36 10.4089
      vertex -45.5412 36 12.8237
      vertex -43.4078 36 10.9134
    endloop
  endfacet
  facet normal 0 1 0
    outer loop
      vertex -45.5412 36 12.8237
      vertex -44.8942 36 10.4089
      vertex -46.76 36 12.5813
    endloop
  endfacet
  facet normal 0 1 0
    outer loop
      vertex -52.75 36 13.7728
      vertex -54 36 11.6077
      vertex -55.3051 36 12.4798
    endloop
  endfacet
  facet normal 0 1 -0
    outer loop
      vertex -46.4337 36 10.1027
      vertex -46.76 36 12.5813
      vertex -44.8942 36 10.4089
    endloop
  endfacet
  facet normal 0 1 0
    outer loop
      vertex -51.6355 36 13.2231
      vertex -52.5922 36 10.9134
      vertex -54 36 11.6077
    endloop
  endfacet
  facet normal 0 1 0
    outer loop
      vertex -46.76 36 12.5813
      vertex -46.4337 36 10.1027
      vertex -48 36 12.5
    endloop
  endfacet
  facet normal 0 1 0
    outer loop
      vertex -50.4588 36 12.8237
      vertex -51.1058 36 10.4089
      vertex -52.5922 36 10.9134
    endloop
  endfacet
  facet normal 0 1 0
    outer loop
      vertex -48 36 10
      vertex -48 36 12.5
      vertex -46.4337 36 10.1027
    endloop
  endfacet
  facet normal 0 1 0
    outer loop
      vertex -49.24 36 12.5813
      vertex -49.5663 36 10.1027
      vertex -51.1058 36 10.4089
    endloop
  endfacet
  facet normal 0 1 0
    outer loop
      vertex -48 36 12.5
      vertex -48 36 10
      vertex -49.5663 36 10.1027
    endloop
  endfacet
  facet normal 0 1 -0
    outer loop
      vertex -34.4444 36 16.8484
      vertex -36.8246 36 17.6697
      vertex -34.2785 36 17.6823
    endloop
  endfacet
  facet normal 0 1 0
    outer loop
      vertex -36.8246 36 17.6697
      vertex -34.4444 36 16.8484
      vertex -36.923 36 17.1747
    endloop
  endfacet
  facet normal 0 1 -0
    outer loop
      vertex -34.5 36 16
      vertex -36.923 36 17.1747
      vertex -34.4444 36 16.8484
    endloop
  endfacet
  facet normal 0 1 0
    outer loop
      vertex -34.5 36 16
      vertex -37 36 16
      vertex -36.923 36 17.1747
    endloop
  endfacet
  facet normal 0 1 0
    outer loop
      vertex -34.4444 36 15.1516
      vertex -37 36 16
      vertex -34.5 36 16
    endloop
  endfacet
  facet normal 0 1 0
    outer loop
      vertex -34.4444 36 15.1516
      vertex -36.923 36 14.8253
      vertex -37 36 16
    endloop
  endfacet
  facet normal 0 1 0
    outer loop
      vertex -34.2785 36 14.3177
      vertex -36.923 36 14.8253
      vertex -34.4444 36 15.1516
    endloop
  endfacet
  facet normal 0 1 0
    outer loop
      vertex -34.2785 36 14.3177
      vertex -36.6933 36 13.6706
      vertex -36.923 36 14.8253
    endloop
  endfacet
  facet normal 0 1 0
    outer loop
      vertex -34.0052 36 13.5126
      vertex -36.6933 36 13.6706
      vertex -34.2785 36 14.3177
    endloop
  endfacet
  facet normal 0 1 0
    outer loop
      vertex -36.3149 36 12.5559
      vertex -34.0052 36 13.5126
      vertex -33.6292 36 12.75
    endloop
  endfacet
  facet normal 0 1 0
    outer loop
      vertex -34.0052 36 13.5126
      vertex -36.3149 36 12.5559
      vertex -36.6933 36 13.6706
    endloop
  endfacet
  facet normal 0 1 0
    outer loop
      vertex -35.7942 36 11.5
      vertex -33.6292 36 12.75
      vertex -33.1568 36 12.0431
    endloop
  endfacet
  facet normal 0 1 0
    outer loop
      vertex -33.6292 36 12.75
      vertex -35.7942 36 11.5
      vertex -36.3149 36 12.5559
    endloop
  endfacet
  facet normal 0 1 0
    outer loop
      vertex -35.1402 36 10.5211
      vertex -33.1568 36 12.0431
      vertex -32.5962 36 11.4038
    endloop
  endfacet
  facet normal 0 1 0
    outer loop
      vertex -34.364 36 9.63604
      vertex -32.5962 36 11.4038
      vertex -31.9569 36 10.8432
    endloop
  endfacet
  facet normal 0 1 0
    outer loop
      vertex -33.1568 36 12.0431
      vertex -35.1402 36 10.5211
      vertex -35.7942 36 11.5
    endloop
  endfacet
  facet normal 0 1 0
    outer loop
      vertex -33.4789 36 8.85982
      vertex -31.9569 36 10.8432
      vertex -31.25 36 10.3708
    endloop
  endfacet
  facet normal 0 1 0
    outer loop
      vertex -32.0827 36 8
      vertex -31.25 36 10.3708
      vertex -30.4874 36 9.99478
    endloop
  endfacet
  facet normal 0 1 0
    outer loop
      vertex -32.0827 36 8
      vertex -30.4874 36 9.99478
      vertex -29.6823 36 9.72148
    endloop
  endfacet
  facet normal 0 1 0
    outer loop
      vertex -32.5962 36 11.4038
      vertex -34.364 36 9.63604
      vertex -35.1402 36 10.5211
    endloop
  endfacet
  facet normal 0 1 0
    outer loop
      vertex -32.0827 36 8
      vertex -29.6823 36 9.72148
      vertex -28.8484 36 9.55561
    endloop
  endfacet
  facet normal 0 1 0
    outer loop
      vertex -32.0827 36 8
      vertex -28.8484 36 9.55561
      vertex -28 36 9.5
    endloop
  endfacet
  facet normal 0 1 0
    outer loop
      vertex -26.3177 36 9.72148
      vertex -23.9173 36 8
      vertex -27.1516 36 9.55561
    endloop
  endfacet
  facet normal 0 1 0
    outer loop
      vertex -32.0827 36 8
      vertex -28 36 9.5
      vertex -23.9173 36 8
    endloop
  endfacet
  facet normal 0 1 0
    outer loop
      vertex -27.1516 36 9.55561
      vertex -23.9173 36 8
      vertex -28 36 9.5
    endloop
  endfacet
  facet normal 0 1 0
    outer loop
      vertex -31.25 36 10.3708
      vertex -32.0827 36 8
      vertex -32.5 36 8.20577
    endloop
  endfacet
  facet normal 0 1 0
    outer loop
      vertex -31.9569 36 10.8432
      vertex -33.4789 36 8.85982
      vertex -34.364 36 9.63604
    endloop
  endfacet
  facet normal 0 1 0
    outer loop
      vertex -31.25 36 10.3708
      vertex -32.5 36 8.20577
      vertex -33.4789 36 8.85982
    endloop
  endfacet
  facet normal 0.896877 -0 0.44228
    outer loop
      vertex -20.2058 20 20.5
      vertex -19.6851 36 19.4441
      vertex -20.2058 36 20.5
    endloop
  endfacet
  facet normal 0.896877 0 0.44228
    outer loop
      vertex -19.6851 36 19.4441
      vertex -20.2058 20 20.5
      vertex -19.6851 20 19.4441
    endloop
  endfacet
  facet normal 0.831501 -0 0.555523
    outer loop
      vertex -20.8598 20 21.4789
      vertex -20.2058 36 20.5
      vertex -20.8598 36 21.4789
    endloop
  endfacet
  facet normal 0.831501 0 0.555523
    outer loop
      vertex -20.2058 36 20.5
      vertex -20.8598 20 21.4789
      vertex -20.2058 20 20.5
    endloop
  endfacet
  facet normal 0.44228 0 0.896877
    outer loop
      vertex -24.5559 36 24.3149
      vertex -23.5 20 23.7942
      vertex -23.5 36 23.7942
    endloop
  endfacet
  facet normal 0.44228 0 0.896877
    outer loop
      vertex -23.5 20 23.7942
      vertex -24.5559 36 24.3149
      vertex -24.5559 20 24.3149
    endloop
  endfacet
  facet normal 0.555523 0 0.831501
    outer loop
      vertex -23.5 36 23.7942
      vertex -22.5211 20 23.1402
      vertex -22.5211 36 23.1402
    endloop
  endfacet
  facet normal 0.555523 0 0.831501
    outer loop
      vertex -22.5211 20 23.1402
      vertex -23.5 36 23.7942
      vertex -23.5 20 23.7942
    endloop
  endfacet
  facet normal -0.896845 0 0.442345
    outer loop
      vertex -36.2891 20 19.4966
      vertex -35.7942 36 20.5
      vertex -36.2891 36 19.4966
    endloop
  endfacet
  facet normal -0.896845 0 0.442345
    outer loop
      vertex -35.7942 36 20.5
      vertex -36.2891 20 19.4966
      vertex -35.7942 20 20.5
    endloop
  endfacet
  facet normal -0.831501 0 0.555523
    outer loop
      vertex -35.7942 20 20.5
      vertex -35.1402 36 21.4789
      vertex -35.7942 36 20.5
    endloop
  endfacet
  facet normal -0.831501 0 0.555523
    outer loop
      vertex -35.1402 36 21.4789
      vertex -35.7942 20 20.5
      vertex -35.1402 20 21.4789
    endloop
  endfacet
  facet normal 0 -1 0
    outer loop
      vertex -48 20 31.5
      vertex -48 20 34
      vertex -49.5663 20 33.8973
    endloop
  endfacet
  facet normal 0 -1 0
    outer loop
      vertex -49.24 20 31.4187
      vertex -49.5663 20 33.8973
      vertex -51.1058 20 33.5911
    endloop
  endfacet
  facet normal 0 -1 0
    outer loop
      vertex -48 20 34
      vertex -48 20 31.5
      vertex -46.4337 20 33.8973
    endloop
  endfacet
  facet normal 0 -1 0
    outer loop
      vertex -50.4588 20 31.1763
      vertex -51.1058 20 33.5911
      vertex -52.5922 20 33.0866
    endloop
  endfacet
  facet normal 0 -1 0
    outer loop
      vertex -46.76 20 31.4187
      vertex -46.4337 20 33.8973
      vertex -48 20 31.5
    endloop
  endfacet
  facet normal 0 -1 0
    outer loop
      vertex -51.6355 20 30.7769
      vertex -52.5922 20 33.0866
      vertex -54 20 32.3923
    endloop
  endfacet
  facet normal 0 -1 -0
    outer loop
      vertex -46.4337 20 33.8973
      vertex -46.76 20 31.4187
      vertex -44.8942 20 33.5911
    endloop
  endfacet
  facet normal 0 -1 0
    outer loop
      vertex -52.75 20 30.2272
      vertex -54 20 32.3923
      vertex -55.3051 20 31.5202
    endloop
  endfacet
  facet normal 0 -1 0
    outer loop
      vertex -45.5412 20 31.1763
      vertex -44.8942 20 33.5911
      vertex -46.76 20 31.4187
    endloop
  endfacet
  facet normal 0 -1 -0
    outer loop
      vertex -44.8942 20 33.5911
      vertex -45.5412 20 31.1763
      vertex -43.4078 20 33.0866
    endloop
  endfacet
  facet normal 0 -1 0
    outer loop
      vertex -49.5663 20 33.8973
      vertex -49.24 20 31.4187
      vertex -48 20 31.5
    endloop
  endfacet
  facet normal 0 -1 0
    outer loop
      vertex -51.1058 20 33.5911
      vertex -50.4588 20 31.1763
      vertex -49.24 20 31.4187
    endloop
  endfacet
  facet normal 0 -1 0
    outer loop
      vertex -52.5922 20 33.0866
      vertex -51.6355 20 30.7769
      vertex -50.4588 20 31.1763
    endloop
  endfacet
  facet normal 0 -1 0
    outer loop
      vertex -53.7832 20 29.5369
      vertex -55.3051 20 31.5202
      vertex -56.4853 20 30.4853
    endloop
  endfacet
  facet normal 0 -1 0
    outer loop
      vertex -54 20 32.3923
      vertex -52.75 20 30.2272
      vertex -51.6355 20 30.7769
    endloop
  endfacet
  facet normal 0 -1 0
    outer loop
      vertex -55.3051 20 31.5202
      vertex -53.7832 20 29.5369
      vertex -52.75 20 30.2272
    endloop
  endfacet
  facet normal 0 -1 0
    outer loop
      vertex -54.7175 20 28.7175
      vertex -56.4853 20 30.4853
      vertex -57.5202 20 29.3051
    endloop
  endfacet
  facet normal 0 -1 0
    outer loop
      vertex -56.4853 20 30.4853
      vertex -54.7175 20 28.7175
      vertex -53.7832 20 29.5369
    endloop
  endfacet
  facet normal 0 -1 0
    outer loop
      vertex -55.5369 20 27.7832
      vertex -57.5202 20 29.3051
      vertex -58.3923 20 28
    endloop
  endfacet
  facet normal 0 -1 0
    outer loop
      vertex -57.5202 20 29.3051
      vertex -55.5369 20 27.7832
      vertex -54.7175 20 28.7175
    endloop
  endfacet
  facet normal 0 -1 0
    outer loop
      vertex -58.3923 20 28
      vertex -56.2272 20 26.75
      vertex -55.5369 20 27.7832
    endloop
  endfacet
  facet normal 0 -1 0
    outer loop
      vertex -59.0866 20 26.5922
      vertex -56.2272 20 26.75
      vertex -58.3923 20 28
    endloop
  endfacet
  facet normal 0 -1 0
    outer loop
      vertex -59.0866 20 26.5922
      vertex -56.7769 20 25.6355
      vertex -56.2272 20 26.75
    endloop
  endfacet
  facet normal 0 -1 0
    outer loop
      vertex -59.5911 20 25.1058
      vertex -56.7769 20 25.6355
      vertex -59.0866 20 26.5922
    endloop
  endfacet
  facet normal 0 -1 0
    outer loop
      vertex -59.5911 20 25.1058
      vertex -57.1763 20 24.4588
      vertex -56.7769 20 25.6355
    endloop
  endfacet
  facet normal 0 -1 0
    outer loop
      vertex -59.8973 20 23.5663
      vertex -57.1763 20 24.4588
      vertex -59.5911 20 25.1058
    endloop
  endfacet
  facet normal 0 -1 0
    outer loop
      vertex -59.8973 20 23.5663
      vertex -57.4187 20 23.24
      vertex -57.1763 20 24.4588
    endloop
  endfacet
  facet normal 0 -1 0
    outer loop
      vertex -60 20 22
      vertex -57.4187 20 23.24
      vertex -59.8973 20 23.5663
    endloop
  endfacet
  facet normal 0 -1 0
    outer loop
      vertex -60 20 22
      vertex -57.5 20 22
      vertex -57.4187 20 23.24
    endloop
  endfacet
  facet normal 0 -1 0
    outer loop
      vertex -60 20 22
      vertex -57.4187 20 20.76
      vertex -57.5 20 22
    endloop
  endfacet
  facet normal 0 -1 0
    outer loop
      vertex -59.8973 20 20.4337
      vertex -57.4187 20 20.76
      vertex -60 20 22
    endloop
  endfacet
  facet normal 0 -1 0
    outer loop
      vertex -59.8973 20 20.4337
      vertex -57.1763 20 19.5412
      vertex -57.4187 20 20.76
    endloop
  endfacet
  facet normal 0 -1 0
    outer loop
      vertex -59.5911 20 18.8942
      vertex -57.1763 20 19.5412
      vertex -59.8973 20 20.4337
    endloop
  endfacet
  facet normal 0 -1 0
    outer loop
      vertex -59.5911 20 18.8942
      vertex -56.7769 20 18.3645
      vertex -57.1763 20 19.5412
    endloop
  endfacet
  facet normal 0 -1 0
    outer loop
      vertex -59.0866 20 17.4078
      vertex -56.7769 20 18.3645
      vertex -59.5911 20 18.8942
    endloop
  endfacet
  facet normal 0 -1 0
    outer loop
      vertex -59.0866 20 17.4078
      vertex -56.2272 20 17.25
      vertex -56.7769 20 18.3645
    endloop
  endfacet
  facet normal 0 -1 0
    outer loop
      vertex -58.3923 20 16
      vertex -56.2272 20 17.25
      vertex -59.0866 20 17.4078
    endloop
  endfacet
  facet normal 0 -1 -0
    outer loop
      vertex -56.2272 20 17.25
      vertex -58.3923 20 16
      vertex -55.5369 20 16.2168
    endloop
  endfacet
  facet normal 0 -1 0
    outer loop
      vertex -57.5202 20 14.6949
      vertex -55.5369 20 16.2168
      vertex -58.3923 20 16
    endloop
  endfacet
  facet normal 0 -1 -0
    outer loop
      vertex -55.5369 20 16.2168
      vertex -57.5202 20 14.6949
      vertex -54.7175 20 15.2825
    endloop
  endfacet
  facet normal 0 -1 0
    outer loop
      vertex -56.4853 20 13.5147
      vertex -54.7175 20 15.2825
      vertex -57.5202 20 14.6949
    endloop
  endfacet
  facet normal 0 -1 -0
    outer loop
      vertex -54.7175 20 15.2825
      vertex -56.4853 20 13.5147
      vertex -53.7832 20 14.4631
    endloop
  endfacet
  facet normal 0 -1 0
    outer loop
      vertex -55.3051 20 12.4798
      vertex -53.7832 20 14.4631
      vertex -56.4853 20 13.5147
    endloop
  endfacet
  facet normal 0 -1 -0
    outer loop
      vertex -53.7832 20 14.4631
      vertex -55.3051 20 12.4798
      vertex -52.75 20 13.7728
    endloop
  endfacet
  facet normal 0 -1 0
    outer loop
      vertex -54 20 11.6077
      vertex -52.75 20 13.7728
      vertex -55.3051 20 12.4798
    endloop
  endfacet
  facet normal 0 -1 -0
    outer loop
      vertex -52.75 20 13.7728
      vertex -54 20 11.6077
      vertex -51.6355 20 13.2231
    endloop
  endfacet
  facet normal 0 -1 -0
    outer loop
      vertex -51.6355 20 13.2231
      vertex -52.5922 20 10.9134
      vertex -50.4588 20 12.8237
    endloop
  endfacet
  facet normal 0 -1 0
    outer loop
      vertex -52.5922 20 10.9134
      vertex -51.6355 20 13.2231
      vertex -54 20 11.6077
    endloop
  endfacet
  facet normal 0 -1 0
    outer loop
      vertex -44.3645 20 30.7769
      vertex -43.4078 20 33.0866
      vertex -45.5412 20 31.1763
    endloop
  endfacet
  facet normal 0 -1 -0
    outer loop
      vertex -43.4078 20 33.0866
      vertex -44.3645 20 30.7769
      vertex -42 20 32.3923
    endloop
  endfacet
  facet normal 0 -1 0
    outer loop
      vertex -43.25 20 30.2272
      vertex -42 20 32.3923
      vertex -44.3645 20 30.7769
    endloop
  endfacet
  facet normal 0 -1 -0
    outer loop
      vertex -42 20 32.3923
      vertex -43.25 20 30.2272
      vertex -40.6949 20 31.5202
    endloop
  endfacet
  facet normal 0 -1 0
    outer loop
      vertex -42.2168 20 29.5369
      vertex -40.6949 20 31.5202
      vertex -43.25 20 30.2272
    endloop
  endfacet
  facet normal 0 -1 -0
    outer loop
      vertex -40.6949 20 31.5202
      vertex -42.2168 20 29.5369
      vertex -39.5147 20 30.4853
    endloop
  endfacet
  facet normal 0 -1 0
    outer loop
      vertex -41.2825 20 28.7175
      vertex -39.5147 20 30.4853
      vertex -42.2168 20 29.5369
    endloop
  endfacet
  facet normal 0 -1 -0
    outer loop
      vertex -39.5147 20 30.4853
      vertex -41.2825 20 28.7175
      vertex -38.4798 20 29.3051
    endloop
  endfacet
  facet normal 0 -1 0
    outer loop
      vertex -40.4631 20 27.7832
      vertex -38.4798 20 29.3051
      vertex -41.2825 20 28.7175
    endloop
  endfacet
  facet normal 0 -1 -0
    outer loop
      vertex -38.4798 20 29.3051
      vertex -40.4631 20 27.7832
      vertex -37.6077 20 28
    endloop
  endfacet
  facet normal 0 -1 0
    outer loop
      vertex -39.7728 20 26.75
      vertex -37.6077 20 28
      vertex -40.4631 20 27.7832
    endloop
  endfacet
  facet normal 0 -1 0
    outer loop
      vertex -39.7728 20 26.75
      vertex -36.9134 20 26.5922
      vertex -37.6077 20 28
    endloop
  endfacet
  facet normal 0 -1 0
    outer loop
      vertex -39.2231 20 25.6355
      vertex -36.9134 20 26.5922
      vertex -39.7728 20 26.75
    endloop
  endfacet
  facet normal 0 -1 0
    outer loop
      vertex -39.2231 20 25.6355
      vertex -36.4089 20 25.1058
      vertex -36.9134 20 26.5922
    endloop
  endfacet
  facet normal 0 -1 0
    outer loop
      vertex -38.8237 20 24.4588
      vertex -36.4089 20 25.1058
      vertex -39.2231 20 25.6355
    endloop
  endfacet
  facet normal 0 -1 0
    outer loop
      vertex -38.8237 20 24.4588
      vertex -36.1027 20 23.5663
      vertex -36.4089 20 25.1058
    endloop
  endfacet
  facet normal 0 -1 0
    outer loop
      vertex -38.5813 20 23.24
      vertex -36.1027 20 23.5663
      vertex -38.8237 20 24.4588
    endloop
  endfacet
  facet normal 0 -1 0
    outer loop
      vertex -38.5 20 22
      vertex -36.1027 20 23.5663
      vertex -38.5813 20 23.24
    endloop
  endfacet
  facet normal 0 -1 0
    outer loop
      vertex -38.5 20 22
      vertex -36 20 22
      vertex -36.1027 20 23.5663
    endloop
  endfacet
  facet normal 0 -1 0
    outer loop
      vertex -38.5813 20 20.76
      vertex -36 20 22
      vertex -38.5 20 22
    endloop
  endfacet
  facet normal 0 -1 0
    outer loop
      vertex -38.5813 20 20.76
      vertex -36.1027 20 20.4337
      vertex -36 20 22
    endloop
  endfacet
  facet normal 0 -1 0
    outer loop
      vertex -36.2891 20 19.4966
      vertex -38.5813 20 20.76
      vertex -38.8237 20 19.5412
    endloop
  endfacet
  facet normal 0 -1 0
    outer loop
      vertex -38.5813 20 20.76
      vertex -36.2891 20 19.4966
      vertex -36.1027 20 20.4337
    endloop
  endfacet
  facet normal 0 -1 0
    outer loop
      vertex -36.8246 20 17.6697
      vertex -36.2891 20 19.4966
      vertex -38.8237 20 19.5412
    endloop
  endfacet
  facet normal -0 -1 0
    outer loop
      vertex -34.2785 20 17.6823
      vertex -36.2891 20 19.4966
      vertex -36.8246 20 17.6697
    endloop
  endfacet
  facet normal 0 -1 0
    outer loop
      vertex -36.8246 20 17.6697
      vertex -38.8237 20 19.5412
      vertex -39.2231 20 18.3645
    endloop
  endfacet
  facet normal 0 -1 0
    outer loop
      vertex -36.2891 20 19.4966
      vertex -34.0052 20 18.4874
      vertex -33.6292 20 19.25
    endloop
  endfacet
  facet normal 0 -1 0
    outer loop
      vertex -36.2891 20 19.4966
      vertex -34.2785 20 17.6823
      vertex -34.0052 20 18.4874
    endloop
  endfacet
  facet normal 0 -1 0
    outer loop
      vertex -39.2231 20 18.3645
      vertex -36.9134 20 17.4078
      vertex -36.8246 20 17.6697
    endloop
  endfacet
  facet normal 0 -1 0
    outer loop
      vertex -39.7728 20 17.25
      vertex -36.9134 20 17.4078
      vertex -39.2231 20 18.3645
    endloop
  endfacet
  facet normal 0 -1 0
    outer loop
      vertex -37.6077 20 16
      vertex -39.7728 20 17.25
      vertex -40.4631 20 16.2168
    endloop
  endfacet
  facet normal 0 -1 0
    outer loop
      vertex -39.7728 20 17.25
      vertex -37.6077 20 16
      vertex -36.9134 20 17.4078
    endloop
  endfacet
  facet normal 0 -1 0
    outer loop
      vertex -38.4798 20 14.6949
      vertex -40.4631 20 16.2168
      vertex -41.2825 20 15.2825
    endloop
  endfacet
  facet normal 0 -1 0
    outer loop
      vertex -40.4631 20 16.2168
      vertex -38.4798 20 14.6949
      vertex -37.6077 20 16
    endloop
  endfacet
  facet normal 0 -1 0
    outer loop
      vertex -39.5147 20 13.5147
      vertex -41.2825 20 15.2825
      vertex -42.2168 20 14.4631
    endloop
  endfacet
  facet normal 0 -1 0
    outer loop
      vertex -40.6949 20 12.4798
      vertex -42.2168 20 14.4631
      vertex -43.25 20 13.7728
    endloop
  endfacet
  facet normal 0 -1 0
    outer loop
      vertex -41.2825 20 15.2825
      vertex -39.5147 20 13.5147
      vertex -38.4798 20 14.6949
    endloop
  endfacet
  facet normal 0 -1 0
    outer loop
      vertex -42 20 11.6077
      vertex -43.25 20 13.7728
      vertex -44.3645 20 13.2231
    endloop
  endfacet
  facet normal 0 -1 0
    outer loop
      vertex -43.4078 20 10.9134
      vertex -44.3645 20 13.2231
      vertex -45.5412 20 12.8237
    endloop
  endfacet
  facet normal 0 -1 0
    outer loop
      vertex -44.8942 20 10.4089
      vertex -45.5412 20 12.8237
      vertex -46.76 20 12.5813
    endloop
  endfacet
  facet normal 0 -1 0
    outer loop
      vertex -42.2168 20 14.4631
      vertex -40.6949 20 12.4798
      vertex -39.5147 20 13.5147
    endloop
  endfacet
  facet normal 0 -1 0
    outer loop
      vertex -46.4337 20 10.1027
      vertex -46.76 20 12.5813
      vertex -48 20 12.5
    endloop
  endfacet
  facet normal 0 -1 0
    outer loop
      vertex -51.1058 20 10.4089
      vertex -50.4588 20 12.8237
      vertex -52.5922 20 10.9134
    endloop
  endfacet
  facet normal 0 -1 -0
    outer loop
      vertex -50.4588 20 12.8237
      vertex -51.1058 20 10.4089
      vertex -49.24 20 12.5813
    endloop
  endfacet
  facet normal 0 -1 0
    outer loop
      vertex -43.25 20 13.7728
      vertex -42 20 11.6077
      vertex -40.6949 20 12.4798
    endloop
  endfacet
  facet normal 0 -1 0
    outer loop
      vertex -49.5663 20 10.1027
      vertex -49.24 20 12.5813
      vertex -51.1058 20 10.4089
    endloop
  endfacet
  facet normal 0 -1 0
    outer loop
      vertex -44.3645 20 13.2231
      vertex -43.4078 20 10.9134
      vertex -42 20 11.6077
    endloop
  endfacet
  facet normal 0 -1 -0
    outer loop
      vertex -49.24 20 12.5813
      vertex -49.5663 20 10.1027
      vertex -48 20 12.5
    endloop
  endfacet
  facet normal 0 -1 0
    outer loop
      vertex -45.5412 20 12.8237
      vertex -44.8942 20 10.4089
      vertex -43.4078 20 10.9134
    endloop
  endfacet
  facet normal 0 -1 0
    outer loop
      vertex -48 20 10
      vertex -48 20 12.5
      vertex -49.5663 20 10.1027
    endloop
  endfacet
  facet normal 0 -1 0
    outer loop
      vertex -46.76 20 12.5813
      vertex -46.4337 20 10.1027
      vertex -44.8942 20 10.4089
    endloop
  endfacet
  facet normal 0 -1 0
    outer loop
      vertex -48 20 12.5
      vertex -48 20 10
      vertex -46.4337 20 10.1027
    endloop
  endfacet
  facet normal 0 -1 0
    outer loop
      vertex -28 20 22.5
      vertex -28 20 25
      vertex -29.1747 20 24.923
    endloop
  endfacet
  facet normal 0 -1 0
    outer loop
      vertex -28.8484 20 22.4444
      vertex -29.1747 20 24.923
      vertex -30.3294 20 24.6933
    endloop
  endfacet
  facet normal 0 -1 0
    outer loop
      vertex -28 20 25
      vertex -28 20 22.5
      vertex -26.8253 20 24.923
    endloop
  endfacet
  facet normal 0 -1 0
    outer loop
      vertex -29.6823 20 22.2785
      vertex -30.3294 20 24.6933
      vertex -31.4441 20 24.3149
    endloop
  endfacet
  facet normal 0 -1 0
    outer loop
      vertex -27.1516 20 22.4444
      vertex -26.8253 20 24.923
      vertex -28 20 22.5
    endloop
  endfacet
  facet normal 0 -1 0
    outer loop
      vertex -30.4874 20 22.0052
      vertex -31.4441 20 24.3149
      vertex -32.5 20 23.7942
    endloop
  endfacet
  facet normal 0 -1 -0
    outer loop
      vertex -26.8253 20 24.923
      vertex -27.1516 20 22.4444
      vertex -25.6706 20 24.6933
    endloop
  endfacet
  facet normal 0 -1 0
    outer loop
      vertex -31.25 20 21.6292
      vertex -32.5 20 23.7942
      vertex -33.4789 20 23.1402
    endloop
  endfacet
  facet normal 0 -1 0
    outer loop
      vertex -26.3177 20 22.2785
      vertex -25.6706 20 24.6933
      vertex -27.1516 20 22.4444
    endloop
  endfacet
  facet normal 0 -1 -0
    outer loop
      vertex -25.6706 20 24.6933
      vertex -26.3177 20 22.2785
      vertex -24.5559 20 24.3149
    endloop
  endfacet
  facet normal 0 -1 0
    outer loop
      vertex -29.1747 20 24.923
      vertex -28.8484 20 22.4444
      vertex -28 20 22.5
    endloop
  endfacet
  facet normal 0 -1 0
    outer loop
      vertex -31.9569 20 21.1568
      vertex -33.4789 20 23.1402
      vertex -34.364 20 22.364
    endloop
  endfacet
  facet normal 0 -1 0
    outer loop
      vertex -30.3294 20 24.6933
      vertex -29.6823 20 22.2785
      vertex -28.8484 20 22.4444
    endloop
  endfacet
  facet normal 0 -1 0
    outer loop
      vertex -31.4441 20 24.3149
      vertex -30.4874 20 22.0052
      vertex -29.6823 20 22.2785
    endloop
  endfacet
  facet normal 0 -1 0
    outer loop
      vertex -32.5 20 23.7942
      vertex -31.25 20 21.6292
      vertex -30.4874 20 22.0052
    endloop
  endfacet
  facet normal 0 -1 0
    outer loop
      vertex -32.5962 20 20.5962
      vertex -34.364 20 22.364
      vertex -35.1402 20 21.4789
    endloop
  endfacet
  facet normal 0 -1 0
    outer loop
      vertex -33.4789 20 23.1402
      vertex -31.9569 20 21.1568
      vertex -31.25 20 21.6292
    endloop
  endfacet
  facet normal 0 -1 0
    outer loop
      vertex -34.364 20 22.364
      vertex -32.5962 20 20.5962
      vertex -31.9569 20 21.1568
    endloop
  endfacet
  facet normal 0 -1 0
    outer loop
      vertex -33.1568 20 19.9569
      vertex -35.1402 20 21.4789
      vertex -35.7942 20 20.5
    endloop
  endfacet
  facet normal 0 -1 0
    outer loop
      vertex -35.1402 20 21.4789
      vertex -33.1568 20 19.9569
      vertex -32.5962 20 20.5962
    endloop
  endfacet
  facet normal 0 -1 0
    outer loop
      vertex -33.6292 20 19.25
      vertex -35.7942 20 20.5
      vertex -36.2891 20 19.4966
    endloop
  endfacet
  facet normal 0 -1 0
    outer loop
      vertex -35.7942 20 20.5
      vertex -33.6292 20 19.25
      vertex -33.1568 20 19.9569
    endloop
  endfacet
  facet normal 0 -1 0
    outer loop
      vertex -25.5126 20 22.0052
      vertex -24.5559 20 24.3149
      vertex -26.3177 20 22.2785
    endloop
  endfacet
  facet normal 0 -1 -0
    outer loop
      vertex -24.5559 20 24.3149
      vertex -25.5126 20 22.0052
      vertex -23.5 20 23.7942
    endloop
  endfacet
  facet normal 0 -1 0
    outer loop
      vertex -24.75 20 21.6292
      vertex -23.5 20 23.7942
      vertex -25.5126 20 22.0052
    endloop
  endfacet
  facet normal 0 -1 -0
    outer loop
      vertex -23.5 20 23.7942
      vertex -24.75 20 21.6292
      vertex -22.5211 20 23.1402
    endloop
  endfacet
  facet normal 0 -1 0
    outer loop
      vertex -24.0431 20 21.1568
      vertex -22.5211 20 23.1402
      vertex -24.75 20 21.6292
    endloop
  endfacet
  facet normal 0 -1 -0
    outer loop
      vertex -22.5211 20 23.1402
      vertex -24.0431 20 21.1568
      vertex -21.636 20 22.364
    endloop
  endfacet
  facet normal 0 -1 0
    outer loop
      vertex -23.4038 20 20.5962
      vertex -21.636 20 22.364
      vertex -24.0431 20 21.1568
    endloop
  endfacet
  facet normal 0 -1 -0
    outer loop
      vertex -21.636 20 22.364
      vertex -23.4038 20 20.5962
      vertex -20.8598 20 21.4789
    endloop
  endfacet
  facet normal 0 -1 0
    outer loop
      vertex -22.8432 20 19.9569
      vertex -20.8598 20 21.4789
      vertex -23.4038 20 20.5962
    endloop
  endfacet
  facet normal 0 -1 -0
    outer loop
      vertex -20.8598 20 21.4789
      vertex -22.8432 20 19.9569
      vertex -20.2058 20 20.5
    endloop
  endfacet
  facet normal 0 -1 0
    outer loop
      vertex -22.3708 20 19.25
      vertex -20.2058 20 20.5
      vertex -22.8432 20 19.9569
    endloop
  endfacet
  facet normal 0 -1 -0
    outer loop
      vertex -20.2058 20 20.5
      vertex -22.3708 20 19.25
      vertex -19.6851 20 19.4441
    endloop
  endfacet
  facet normal 0 -1 0
    outer loop
      vertex -21.9948 20 18.4874
      vertex -19.6851 20 19.4441
      vertex -22.3708 20 19.25
    endloop
  endfacet
  facet normal 0 -1 0
    outer loop
      vertex -21.9948 20 18.4874
      vertex -19.3067 20 18.3294
      vertex -19.6851 20 19.4441
    endloop
  endfacet
  facet normal 0 -1 0
    outer loop
      vertex -21.7215 20 17.6823
      vertex -19.3067 20 18.3294
      vertex -21.9948 20 18.4874
    endloop
  endfacet
  facet normal 0 -1 0
    outer loop
      vertex -21.7215 20 17.6823
      vertex -19.077 20 17.1747
      vertex -19.3067 20 18.3294
    endloop
  endfacet
  facet normal 0 -1 0
    outer loop
      vertex -21.5556 20 16.8484
      vertex -19.077 20 17.1747
      vertex -21.7215 20 17.6823
    endloop
  endfacet
  facet normal 0 -1 0
    outer loop
      vertex -21.5 20 16
      vertex -19.077 20 17.1747
      vertex -21.5556 20 16.8484
    endloop
  endfacet
  facet normal 0 -1 0
    outer loop
      vertex -21.5 20 16
      vertex -19 20 16
      vertex -19.077 20 17.1747
    endloop
  endfacet
  facet normal 0 -1 0
    outer loop
      vertex -21.5556 20 15.1516
      vertex -19 20 16
      vertex -21.5 20 16
    endloop
  endfacet
  facet normal 0 -1 0
    outer loop
      vertex -21.5556 20 15.1516
      vertex -19.077 20 14.8253
      vertex -19 20 16
    endloop
  endfacet
  facet normal 0 -1 0
    outer loop
      vertex -21.7215 20 14.3177
      vertex -19.077 20 14.8253
      vertex -21.5556 20 15.1516
    endloop
  endfacet
  facet normal 0 -1 0
    outer loop
      vertex -21.7215 20 14.3177
      vertex -19.3067 20 13.6706
      vertex -19.077 20 14.8253
    endloop
  endfacet
  facet normal 0 -1 0
    outer loop
      vertex -21.9948 20 13.5126
      vertex -19.3067 20 13.6706
      vertex -21.7215 20 14.3177
    endloop
  endfacet
  facet normal 0 -1 0
    outer loop
      vertex -19.6851 20 12.5559
      vertex -21.9948 20 13.5126
      vertex -22.3708 20 12.75
    endloop
  endfacet
  facet normal 0 -1 0
    outer loop
      vertex -21.9948 20 13.5126
      vertex -19.6851 20 12.5559
      vertex -19.3067 20 13.6706
    endloop
  endfacet
  facet normal 0 -1 0
    outer loop
      vertex -20.2058 20 11.5
      vertex -22.3708 20 12.75
      vertex -22.8432 20 12.0431
    endloop
  endfacet
  facet normal 0 -1 0
    outer loop
      vertex -22.3708 20 12.75
      vertex -20.2058 20 11.5
      vertex -19.6851 20 12.5559
    endloop
  endfacet
  facet normal 0 -1 0
    outer loop
      vertex -20.8598 20 10.5211
      vertex -22.8432 20 12.0431
      vertex -23.4038 20 11.4038
    endloop
  endfacet
  facet normal 0 -1 0
    outer loop
      vertex -21.636 20 9.63604
      vertex -23.4038 20 11.4038
      vertex -24.0431 20 10.8432
    endloop
  endfacet
  facet normal 0 -1 0
    outer loop
      vertex -22.8432 20 12.0431
      vertex -20.8598 20 10.5211
      vertex -20.2058 20 11.5
    endloop
  endfacet
  facet normal 0 -1 0
    outer loop
      vertex -22.5211 20 8.85982
      vertex -24.0431 20 10.8432
      vertex -24.75 20 10.3708
    endloop
  endfacet
  facet normal 0 -1 0
    outer loop
      vertex -23.9173 20 8
      vertex -24.75 20 10.3708
      vertex -25.5126 20 9.99478
    endloop
  endfacet
  facet normal 0 -1 0
    outer loop
      vertex -23.9173 20 8
      vertex -25.5126 20 9.99478
      vertex -26.3177 20 9.72148
    endloop
  endfacet
  facet normal 0 -1 0
    outer loop
      vertex -23.4038 20 11.4038
      vertex -21.636 20 9.63604
      vertex -20.8598 20 10.5211
    endloop
  endfacet
  facet normal 0 -1 0
    outer loop
      vertex -23.9173 20 8
      vertex -26.3177 20 9.72148
      vertex -27.1516 20 9.55561
    endloop
  endfacet
  facet normal 0 -1 0
    outer loop
      vertex -23.9173 20 8
      vertex -27.1516 20 9.55561
      vertex -28 20 9.5
    endloop
  endfacet
  facet normal 0 -1 -0
    outer loop
      vertex -29.6823 20 9.72148
      vertex -32.0827 20 8
      vertex -28.8484 20 9.55561
    endloop
  endfacet
  facet normal 0 -1 0
    outer loop
      vertex -23.9173 20 8
      vertex -28 20 9.5
      vertex -32.0827 20 8
    endloop
  endfacet
  facet normal 0 -1 -0
    outer loop
      vertex -28.8484 20 9.55561
      vertex -32.0827 20 8
      vertex -28 20 9.5
    endloop
  endfacet
  facet normal 0 -1 0
    outer loop
      vertex -24.75 20 10.3708
      vertex -23.9173 20 8
      vertex -23.5 20 8.20577
    endloop
  endfacet
  facet normal 0 -1 0
    outer loop
      vertex -24.0431 20 10.8432
      vertex -22.5211 20 8.85982
      vertex -21.636 20 9.63604
    endloop
  endfacet
  facet normal 0 -1 0
    outer loop
      vertex -24.75 20 10.3708
      vertex -23.5 20 8.20577
      vertex -22.5211 20 8.85982
    endloop
  endfacet
  facet normal 0 -1 0
    outer loop
      vertex -34.4444 20 16.8484
      vertex -36.8246 20 17.6697
      vertex -36.923 20 17.1747
    endloop
  endfacet
  facet normal 0 -1 0
    outer loop
      vertex -36.8246 20 17.6697
      vertex -34.4444 20 16.8484
      vertex -34.2785 20 17.6823
    endloop
  endfacet
  facet normal 0 -1 0
    outer loop
      vertex -37 20 16
      vertex -34.4444 20 16.8484
      vertex -36.923 20 17.1747
    endloop
  endfacet
  facet normal 0 -1 0
    outer loop
      vertex -37 20 16
      vertex -34.5 20 16
      vertex -34.4444 20 16.8484
    endloop
  endfacet
  facet normal 0 -1 0
    outer loop
      vertex -37 20 16
      vertex -34.4444 20 15.1516
      vertex -34.5 20 16
    endloop
  endfacet
  facet normal 0 -1 0
    outer loop
      vertex -36.923 20 14.8253
      vertex -34.4444 20 15.1516
      vertex -37 20 16
    endloop
  endfacet
  facet normal 0 -1 0
    outer loop
      vertex -36.923 20 14.8253
      vertex -34.2785 20 14.3177
      vertex -34.4444 20 15.1516
    endloop
  endfacet
  facet normal 0 -1 0
    outer loop
      vertex -36.6933 20 13.6706
      vertex -34.2785 20 14.3177
      vertex -36.923 20 14.8253
    endloop
  endfacet
  facet normal 0 -1 0
    outer loop
      vertex -36.6933 20 13.6706
      vertex -34.0052 20 13.5126
      vertex -34.2785 20 14.3177
    endloop
  endfacet
  facet normal 0 -1 0
    outer loop
      vertex -36.3149 20 12.5559
      vertex -34.0052 20 13.5126
      vertex -36.6933 20 13.6706
    endloop
  endfacet
  facet normal 0 -1 -0
    outer loop
      vertex -34.0052 20 13.5126
      vertex -36.3149 20 12.5559
      vertex -33.6292 20 12.75
    endloop
  endfacet
  facet normal 0 -1 0
    outer loop
      vertex -35.7942 20 11.5
      vertex -33.6292 20 12.75
      vertex -36.3149 20 12.5559
    endloop
  endfacet
  facet normal 0 -1 -0
    outer loop
      vertex -33.6292 20 12.75
      vertex -35.7942 20 11.5
      vertex -33.1568 20 12.0431
    endloop
  endfacet
  facet normal 0 -1 0
    outer loop
      vertex -35.1402 20 10.5211
      vertex -33.1568 20 12.0431
      vertex -35.7942 20 11.5
    endloop
  endfacet
  facet normal 0 -1 -0
    outer loop
      vertex -33.1568 20 12.0431
      vertex -35.1402 20 10.5211
      vertex -32.5962 20 11.4038
    endloop
  endfacet
  facet normal 0 -1 0
    outer loop
      vertex -34.364 20 9.63604
      vertex -32.5962 20 11.4038
      vertex -35.1402 20 10.5211
    endloop
  endfacet
  facet normal 0 -1 -0
    outer loop
      vertex -32.5962 20 11.4038
      vertex -34.364 20 9.63604
      vertex -31.9569 20 10.8432
    endloop
  endfacet
  facet normal 0 -1 0
    outer loop
      vertex -33.4789 20 8.85982
      vertex -31.9569 20 10.8432
      vertex -34.364 20 9.63604
    endloop
  endfacet
  facet normal 0 -1 -0
    outer loop
      vertex -31.9569 20 10.8432
      vertex -33.4789 20 8.85982
      vertex -31.25 20 10.3708
    endloop
  endfacet
  facet normal 0 -1 0
    outer loop
      vertex -32.5 20 8.20577
      vertex -31.25 20 10.3708
      vertex -33.4789 20 8.85982
    endloop
  endfacet
  facet normal 0 -1 0
    outer loop
      vertex -32.0827 20 8
      vertex -31.25 20 10.3708
      vertex -32.5 20 8.20577
    endloop
  endfacet
  facet normal 0 -1 -0
    outer loop
      vertex -31.25 20 10.3708
      vertex -32.0827 20 8
      vertex -30.4874 20 9.99478
    endloop
  endfacet
  facet normal 0 -1 -0
    outer loop
      vertex -30.4874 20 9.99478
      vertex -32.0827 20 8
      vertex -29.6823 20 9.72148
    endloop
  endfacet
  facet normal -0.44228 0 0.896877
    outer loop
      vertex -32.5 36 23.7942
      vertex -31.4441 20 24.3149
      vertex -31.4441 36 24.3149
    endloop
  endfacet
  facet normal -0.44228 0 0.896877
    outer loop
      vertex -31.4441 20 24.3149
      vertex -32.5 36 23.7942
      vertex -32.5 20 23.7942
    endloop
  endfacet
  facet normal -0.0654083 0 0.997859
    outer loop
      vertex -29.1747 36 24.923
      vertex -28 20 25
      vertex -28 36 25
    endloop
  endfacet
  facet normal -0.0654083 0 0.997859
    outer loop
      vertex -28 20 25
      vertex -29.1747 36 24.923
      vertex -29.1747 20 24.923
    endloop
  endfacet
  facet normal 0.75183 -6.11345e-06 -0.659357
    outer loop
      vertex -20.8598 36 10.5211
      vertex -21.5 31 9.79116
      vertex -21.636 36 9.63604
    endloop
  endfacet
  facet normal 0.751809 0 -0.659381
    outer loop
      vertex -20.8598 36 10.5211
      vertex -21.5 25 9.79116
      vertex -21.5 31 9.79116
    endloop
  endfacet
  facet normal 0.751809 0 -0.659381
    outer loop
      vertex -20.8598 20 10.5211
      vertex -21.5 25 9.79116
      vertex -20.8598 36 10.5211
    endloop
  endfacet
  facet normal 0.75183 6.11345e-06 -0.659357
    outer loop
      vertex -21.636 20 9.63604
      vertex -21.5 25 9.79116
      vertex -20.8598 20 10.5211
    endloop
  endfacet
  facet normal 0.751928 0 -0.659246
    outer loop
      vertex -21.5 25 9.79116
      vertex -21.636 20 9.63604
      vertex -21.636 25 9.63604
    endloop
  endfacet
  facet normal 0.751928 0 -0.659246
    outer loop
      vertex -21.636 36 9.63604
      vertex -21.5 31 9.79116
      vertex -21.636 31 9.63604
    endloop
  endfacet
  facet normal 0.555553 0 -0.831481
    outer loop
      vertex -23.5 20 8.20577
      vertex -22.5211 25 8.85982
      vertex -22.5211 20 8.85982
    endloop
  endfacet
  facet normal 0.555553 0 -0.831481
    outer loop
      vertex -22.5211 25 8.85982
      vertex -23.5 20 8.20577
      vertex -23.5 25 8.20577
    endloop
  endfacet
  facet normal 0.555553 0 -0.831481
    outer loop
      vertex -23.5 31 8.20577
      vertex -22.5211 36 8.85982
      vertex -22.5211 31 8.85982
    endloop
  endfacet
  facet normal 0.555553 0 -0.831481
    outer loop
      vertex -22.5211 36 8.85982
      vertex -23.5 31 8.20577
      vertex -23.5 36 8.20577
    endloop
  endfacet
  facet normal 0.831501 0 -0.555523
    outer loop
      vertex -20.2058 20 11.5
      vertex -20.8598 36 10.5211
      vertex -20.2058 36 11.5
    endloop
  endfacet
  facet normal 0.831501 0 -0.555523
    outer loop
      vertex -20.8598 36 10.5211
      vertex -20.2058 20 11.5
      vertex -20.8598 20 10.5211
    endloop
  endfacet
  facet normal 0.896877 0 -0.44228
    outer loop
      vertex -19.6851 20 12.5559
      vertex -20.2058 36 11.5
      vertex -19.6851 36 12.5559
    endloop
  endfacet
  facet normal 0.896877 0 -0.44228
    outer loop
      vertex -20.2058 36 11.5
      vertex -19.6851 20 12.5559
      vertex -20.2058 20 11.5
    endloop
  endfacet
  facet normal 0.980783 0 -0.195103
    outer loop
      vertex -19.077 20 14.8253
      vertex -19.3067 36 13.6706
      vertex -19.077 36 14.8253
    endloop
  endfacet
  facet normal 0.980783 0 -0.195103
    outer loop
      vertex -19.3067 36 13.6706
      vertex -19.077 20 14.8253
      vertex -19.3067 20 13.6706
    endloop
  endfacet
  facet normal -0.442255 -0 -0.896889
    outer loop
      vertex -32.5 25 8.20577
      vertex -32.0827 20 8
      vertex -32.5 20 8.20577
    endloop
  endfacet
  facet normal -0.442255 0 -0.896889
    outer loop
      vertex -32.0827 20 8
      vertex -32.5 25 8.20577
      vertex -32.0827 36 8
    endloop
  endfacet
  facet normal -0.442255 -0 -0.896889
    outer loop
      vertex -32.5 31 8.20577
      vertex -32.0827 36 8
      vertex -32.5 25 8.20577
    endloop
  endfacet
  facet normal -0.442255 0 -0.896889
    outer loop
      vertex -32.0827 36 8
      vertex -32.5 31 8.20577
      vertex -32.5 36 8.20577
    endloop
  endfacet
  facet normal -0.896877 0 -0.44228
    outer loop
      vertex -35.7942 20 11.5
      vertex -36.3149 36 12.5559
      vertex -35.7942 36 11.5
    endloop
  endfacet
  facet normal -0.896877 -0 -0.44228
    outer loop
      vertex -36.3149 36 12.5559
      vertex -35.7942 20 11.5
      vertex -36.3149 20 12.5559
    endloop
  endfacet
  facet normal -0.831542 -0 -0.555461
    outer loop
      vertex -35.1402 25 10.5211
      vertex -35.1402 20 10.5211
      vertex -35.4601 25 11
    endloop
  endfacet
  facet normal -0.831542 0 -0.555461
    outer loop
      vertex -35.4601 31 11
      vertex -35.1402 36 10.5211
      vertex -35.1402 31 10.5211
    endloop
  endfacet
  facet normal -0.831501 -8.57748e-06 -0.555523
    outer loop
      vertex -35.1402 36 10.5211
      vertex -35.4601 31 11
      vertex -35.7942 36 11.5
    endloop
  endfacet
  facet normal -0.831461 0 -0.555583
    outer loop
      vertex -35.4601 25 11
      vertex -35.7942 36 11.5
      vertex -35.4601 31 11
    endloop
  endfacet
  facet normal -0.831461 0 -0.555583
    outer loop
      vertex -35.4601 25 11
      vertex -35.7942 20 11.5
      vertex -35.7942 36 11.5
    endloop
  endfacet
  facet normal -0.831501 8.57748e-06 -0.555523
    outer loop
      vertex -35.7942 20 11.5
      vertex -35.4601 25 11
      vertex -35.1402 20 10.5211
    endloop
  endfacet
  facet normal -0.997859 0 -0.0654083
    outer loop
      vertex -36.923 20 14.8253
      vertex -37 36 16
      vertex -36.923 36 14.8253
    endloop
  endfacet
  facet normal -0.997859 -0 -0.0654083
    outer loop
      vertex -37 36 16
      vertex -36.923 20 14.8253
      vertex -37 20 16
    endloop
  endfacet
  facet normal 0.946927 -0 0.321447
    outer loop
      vertex -19.6851 20 19.4441
      vertex -19.3067 36 18.3294
      vertex -19.6851 36 19.4441
    endloop
  endfacet
  facet normal 0.946927 0 0.321447
    outer loop
      vertex -19.3067 36 18.3294
      vertex -19.6851 20 19.4441
      vertex -19.3067 20 18.3294
    endloop
  endfacet
  facet normal 0.980783 -0 0.195103
    outer loop
      vertex -19.3067 20 18.3294
      vertex -19.077 36 17.1747
      vertex -19.3067 36 18.3294
    endloop
  endfacet
  facet normal 0.980783 0 0.195103
    outer loop
      vertex -19.077 36 17.1747
      vertex -19.3067 20 18.3294
      vertex -19.077 20 17.1747
    endloop
  endfacet
  facet normal 0.321447 0 0.946927
    outer loop
      vertex -25.6706 36 24.6933
      vertex -24.5559 20 24.3149
      vertex -24.5559 36 24.3149
    endloop
  endfacet
  facet normal 0.321447 0 0.946927
    outer loop
      vertex -24.5559 20 24.3149
      vertex -25.6706 36 24.6933
      vertex -25.6706 20 24.6933
    endloop
  endfacet
  facet normal 0.195103 0 0.980783
    outer loop
      vertex -26.8253 36 24.923
      vertex -25.6706 20 24.6933
      vertex -25.6706 36 24.6933
    endloop
  endfacet
  facet normal 0.195103 0 0.980783
    outer loop
      vertex -25.6706 20 24.6933
      vertex -26.8253 36 24.923
      vertex -26.8253 20 24.923
    endloop
  endfacet
  facet normal -0.751845 0 0.65934
    outer loop
      vertex -35.1402 20 21.4789
      vertex -34.364 36 22.364
      vertex -35.1402 36 21.4789
    endloop
  endfacet
  facet normal -0.751845 0 0.65934
    outer loop
      vertex -34.364 36 22.364
      vertex -35.1402 20 21.4789
      vertex -34.364 20 22.364
    endloop
  endfacet
  facet normal -0.980809 0 0.194973
    outer loop
      vertex -36.923 20 17.1747
      vertex -36.8246 36 17.6697
      vertex -36.923 36 17.1747
    endloop
  endfacet
  facet normal -0.980809 0 0.194973
    outer loop
      vertex -36.8246 36 17.6697
      vertex -36.923 20 17.1747
      vertex -36.8246 20 17.6697
    endloop
  endfacet
  facet normal 0.997859 0 -0.0654083
    outer loop
      vertex -19 20 16
      vertex -19.077 36 14.8253
      vertex -19 36 16
    endloop
  endfacet
  facet normal 0.997859 0 -0.0654083
    outer loop
      vertex -19.077 36 14.8253
      vertex -19 20 16
      vertex -19.077 20 14.8253
    endloop
  endfacet
  facet normal 0.65935 0 -0.751836
    outer loop
      vertex -22.5211 31 8.85982
      vertex -21.636 36 9.63604
      vertex -21.636 31 9.63604
    endloop
  endfacet
  facet normal 0.65935 0 -0.751836
    outer loop
      vertex -21.636 36 9.63604
      vertex -22.5211 31 8.85982
      vertex -22.5211 36 8.85982
    endloop
  endfacet
  facet normal 0.65935 0 -0.751836
    outer loop
      vertex -22.5211 20 8.85982
      vertex -21.636 25 9.63604
      vertex -21.636 20 9.63604
    endloop
  endfacet
  facet normal 0.65935 0 -0.751836
    outer loop
      vertex -21.636 25 9.63604
      vertex -22.5211 20 8.85982
      vertex -22.5211 25 8.85982
    endloop
  endfacet
  facet normal -0.65935 0 -0.751836
    outer loop
      vertex -34.364 31 9.63604
      vertex -33.4789 36 8.85982
      vertex -33.4789 31 8.85982
    endloop
  endfacet
  facet normal -0.65935 0 -0.751836
    outer loop
      vertex -33.4789 36 8.85982
      vertex -34.364 31 9.63604
      vertex -34.364 36 9.63604
    endloop
  endfacet
  facet normal -0.65935 0 -0.751836
    outer loop
      vertex -34.364 20 9.63604
      vertex -33.4789 25 8.85982
      vertex -33.4789 20 8.85982
    endloop
  endfacet
  facet normal -0.65935 0 -0.751836
    outer loop
      vertex -33.4789 25 8.85982
      vertex -34.364 20 9.63604
      vertex -34.364 25 9.63604
    endloop
  endfacet
  facet normal -0.555553 0 -0.831481
    outer loop
      vertex -33.4789 31 8.85982
      vertex -32.5 36 8.20577
      vertex -32.5 31 8.20577
    endloop
  endfacet
  facet normal -0.555553 0 -0.831481
    outer loop
      vertex -32.5 36 8.20577
      vertex -33.4789 31 8.85982
      vertex -33.4789 36 8.85982
    endloop
  endfacet
  facet normal -0.555553 0 -0.831481
    outer loop
      vertex -33.4789 20 8.85982
      vertex -32.5 25 8.20577
      vertex -32.5 20 8.20577
    endloop
  endfacet
  facet normal -0.555553 0 -0.831481
    outer loop
      vertex -32.5 25 8.20577
      vertex -33.4789 20 8.85982
      vertex -33.4789 25 8.85982
    endloop
  endfacet
  facet normal -0.75183 0 -0.659357
    outer loop
      vertex -34.364 31 9.63604
      vertex -35.1402 36 10.5211
      vertex -34.364 36 9.63604
    endloop
  endfacet
  facet normal -0.75183 -0 -0.659357
    outer loop
      vertex -35.1402 36 10.5211
      vertex -34.364 31 9.63604
      vertex -35.1402 31 10.5211
    endloop
  endfacet
  facet normal -0.75183 0 -0.659357
    outer loop
      vertex -34.364 20 9.63604
      vertex -35.1402 25 10.5211
      vertex -34.364 25 9.63604
    endloop
  endfacet
  facet normal -0.75183 -0 -0.659357
    outer loop
      vertex -35.1402 25 10.5211
      vertex -34.364 20 9.63604
      vertex -35.1402 20 10.5211
    endloop
  endfacet
  facet normal 0.751845 -0 0.65934
    outer loop
      vertex -21.636 20 22.364
      vertex -20.8598 36 21.4789
      vertex -21.636 36 22.364
    endloop
  endfacet
  facet normal 0.751845 0 0.65934
    outer loop
      vertex -20.8598 36 21.4789
      vertex -21.636 20 22.364
      vertex -20.8598 20 21.4789
    endloop
  endfacet
  facet normal -0.555523 0 0.831501
    outer loop
      vertex -33.4789 36 23.1402
      vertex -32.5 20 23.7942
      vertex -32.5 36 23.7942
    endloop
  endfacet
  facet normal -0.555523 0 0.831501
    outer loop
      vertex -32.5 20 23.7942
      vertex -33.4789 36 23.1402
      vertex -33.4789 20 23.1402
    endloop
  endfacet
  facet normal -0.195103 0 0.980783
    outer loop
      vertex -30.3294 36 24.6933
      vertex -29.1747 20 24.923
      vertex -29.1747 36 24.923
    endloop
  endfacet
  facet normal -0.195103 0 0.980783
    outer loop
      vertex -29.1747 20 24.923
      vertex -30.3294 36 24.6933
      vertex -30.3294 20 24.6933
    endloop
  endfacet
  facet normal 0.442255 0 -0.896889
    outer loop
      vertex -23.9173 20 8
      vertex -23.5 25 8.20577
      vertex -23.5 20 8.20577
    endloop
  endfacet
  facet normal 0.442255 0 -0.896889
    outer loop
      vertex -23.5 25 8.20577
      vertex -23.9173 20 8
      vertex -23.9173 25 8
    endloop
  endfacet
  facet normal 0.442255 0 -0.896889
    outer loop
      vertex -23.9173 31 8
      vertex -23.5 36 8.20577
      vertex -23.5 31 8.20577
    endloop
  endfacet
  facet normal 0.442255 0 -0.896889
    outer loop
      vertex -23.5 36 8.20577
      vertex -23.9173 31 8
      vertex -23.9173 36 8
    endloop
  endfacet
  facet normal 0.946927 0 -0.321447
    outer loop
      vertex -19.3067 20 13.6706
      vertex -19.6851 36 12.5559
      vertex -19.3067 36 13.6706
    endloop
  endfacet
  facet normal 0.946927 0 -0.321447
    outer loop
      vertex -19.6851 36 12.5559
      vertex -19.3067 20 13.6706
      vertex -19.6851 20 12.5559
    endloop
  endfacet
  facet normal -0.946927 0 -0.321447
    outer loop
      vertex -36.3149 20 12.5559
      vertex -36.6933 36 13.6706
      vertex -36.3149 36 12.5559
    endloop
  endfacet
  facet normal -0.946927 -0 -0.321447
    outer loop
      vertex -36.6933 36 13.6706
      vertex -36.3149 20 12.5559
      vertex -36.6933 20 13.6706
    endloop
  endfacet
  facet normal -0.997859 0 -0.0653948
    outer loop
      vertex -21.5 20 16
      vertex -21.5556 36 16.8484
      vertex -21.5 36 16
    endloop
  endfacet
  facet normal -0.997859 -0 -0.0653948
    outer loop
      vertex -21.5556 36 16.8484
      vertex -21.5 20 16
      vertex -21.5556 20 16.8484
    endloop
  endfacet
  facet normal 0.997859 0 -0.0653948
    outer loop
      vertex -34.4444 20 16.8484
      vertex -34.5 36 16
      vertex -34.4444 36 16.8484
    endloop
  endfacet
  facet normal 0.997859 0 -0.0653948
    outer loop
      vertex -34.5 36 16
      vertex -34.4444 20 16.8484
      vertex -34.5 20 16
    endloop
  endfacet
  facet normal -0.0653948 0 -0.997859
    outer loop
      vertex -28 20 22.5
      vertex -27.1516 36 22.4444
      vertex -27.1516 20 22.4444
    endloop
  endfacet
  facet normal -0.0653948 0 -0.997859
    outer loop
      vertex -27.1516 36 22.4444
      vertex -28 20 22.5
      vertex -28 36 22.5
    endloop
  endfacet
  facet normal 0.0654066 0 0.997859
    outer loop
      vertex -28.8484 36 9.55561
      vertex -28 31 9.5
      vertex -28 36 9.5
    endloop
  endfacet
  facet normal 0.0654066 0 0.997859
    outer loop
      vertex -28 31 9.5
      vertex -28.8484 36 9.55561
      vertex -28.8484 31 9.55561
    endloop
  endfacet
  facet normal 0.0654066 0 0.997859
    outer loop
      vertex -28.8484 25 9.55561
      vertex -28 20 9.5
      vertex -28 25 9.5
    endloop
  endfacet
  facet normal 0.0654066 0 0.997859
    outer loop
      vertex -28 20 9.5
      vertex -28.8484 25 9.55561
      vertex -28.8484 20 9.55561
    endloop
  endfacet
  facet normal -0.659312 0 -0.75187
    outer loop
      vertex -24.0431 20 21.1568
      vertex -23.4038 36 20.5962
      vertex -23.4038 20 20.5962
    endloop
  endfacet
  facet normal -0.659312 0 -0.75187
    outer loop
      vertex -23.4038 36 20.5962
      vertex -24.0431 20 21.1568
      vertex -24.0431 36 21.1568
    endloop
  endfacet
  facet normal 0.659312 0 -0.75187
    outer loop
      vertex -32.5962 20 20.5962
      vertex -31.9569 36 21.1568
      vertex -31.9569 20 21.1568
    endloop
  endfacet
  facet normal 0.659312 0 -0.75187
    outer loop
      vertex -31.9569 36 21.1568
      vertex -32.5962 20 20.5962
      vertex -32.5962 36 20.5962
    endloop
  endfacet
  facet normal 0.321445 0 -0.946928
    outer loop
      vertex -30.4874 20 22.0052
      vertex -29.6823 36 22.2785
      vertex -29.6823 20 22.2785
    endloop
  endfacet
  facet normal 0.321445 0 -0.946928
    outer loop
      vertex -29.6823 36 22.2785
      vertex -30.4874 20 22.0052
      vertex -30.4874 36 22.0052
    endloop
  endfacet
  facet normal -0.75187 0 0.659312
    outer loop
      vertex -23.4038 20 11.4038
      vertex -22.8432 36 12.0431
      vertex -23.4038 36 11.4038
    endloop
  endfacet
  facet normal -0.75187 0 0.659312
    outer loop
      vertex -22.8432 36 12.0431
      vertex -23.4038 20 11.4038
      vertex -22.8432 20 12.0431
    endloop
  endfacet
  facet normal -0.896907 0 -0.44222
    outer loop
      vertex -21.9948 20 18.4874
      vertex -22.3708 36 19.25
      vertex -21.9948 36 18.4874
    endloop
  endfacet
  facet normal -0.896907 -0 -0.44222
    outer loop
      vertex -22.3708 36 19.25
      vertex -21.9948 20 18.4874
      vertex -22.3708 20 19.25
    endloop
  endfacet
  facet normal -0.980779 0 -0.195121
    outer loop
      vertex -21.5556 20 16.8484
      vertex -21.7215 36 17.6823
      vertex -21.5556 36 16.8484
    endloop
  endfacet
  facet normal -0.980779 -0 -0.195121
    outer loop
      vertex -21.7215 36 17.6823
      vertex -21.5556 20 16.8484
      vertex -21.7215 20 17.6823
    endloop
  endfacet
  facet normal -0.831435 0 -0.555623
    outer loop
      vertex -22.3708 20 19.25
      vertex -22.8432 36 19.9569
      vertex -22.3708 36 19.25
    endloop
  endfacet
  facet normal -0.831435 -0 -0.555623
    outer loop
      vertex -22.8432 36 19.9569
      vertex -22.3708 20 19.25
      vertex -22.8432 20 19.9569
    endloop
  endfacet
  facet normal -0.321445 0 -0.946928
    outer loop
      vertex -26.3177 20 22.2785
      vertex -25.5126 36 22.0052
      vertex -25.5126 20 22.0052
    endloop
  endfacet
  facet normal -0.321445 0 -0.946928
    outer loop
      vertex -25.5126 36 22.0052
      vertex -26.3177 20 22.2785
      vertex -26.3177 36 22.2785
    endloop
  endfacet
  facet normal -0.195121 0 -0.980779
    outer loop
      vertex -27.1516 20 22.4444
      vertex -26.3177 36 22.2785
      vertex -26.3177 20 22.2785
    endloop
  endfacet
  facet normal -0.195121 0 -0.980779
    outer loop
      vertex -26.3177 36 22.2785
      vertex -27.1516 20 22.4444
      vertex -27.1516 36 22.4444
    endloop
  endfacet
  facet normal -0.555623 0 -0.831435
    outer loop
      vertex -24.75 20 21.6292
      vertex -24.0431 36 21.1568
      vertex -24.0431 20 21.1568
    endloop
  endfacet
  facet normal -0.555623 0 -0.831435
    outer loop
      vertex -24.0431 36 21.1568
      vertex -24.75 20 21.6292
      vertex -24.75 36 21.6292
    endloop
  endfacet
  facet normal 0.896907 0 -0.44222
    outer loop
      vertex -33.6292 20 19.25
      vertex -34.0052 36 18.4874
      vertex -33.6292 36 19.25
    endloop
  endfacet
  facet normal 0.896907 0 -0.44222
    outer loop
      vertex -34.0052 36 18.4874
      vertex -33.6292 20 19.25
      vertex -34.0052 20 18.4874
    endloop
  endfacet
  facet normal 0.75187 0 -0.659312
    outer loop
      vertex -32.5962 20 20.5962
      vertex -33.1568 36 19.9569
      vertex -32.5962 36 20.5962
    endloop
  endfacet
  facet normal 0.75187 0 -0.659312
    outer loop
      vertex -33.1568 36 19.9569
      vertex -32.5962 20 20.5962
      vertex -33.1568 20 19.9569
    endloop
  endfacet
  facet normal 0.946928 0 -0.321445
    outer loop
      vertex -34.0052 20 18.4874
      vertex -34.2785 36 17.6823
      vertex -34.0052 36 18.4874
    endloop
  endfacet
  facet normal 0.946928 0 -0.321445
    outer loop
      vertex -34.2785 36 17.6823
      vertex -34.0052 20 18.4874
      vertex -34.2785 20 17.6823
    endloop
  endfacet
  facet normal 0.195121 0 -0.980779
    outer loop
      vertex -29.6823 20 22.2785
      vertex -28.8484 36 22.4444
      vertex -28.8484 20 22.4444
    endloop
  endfacet
  facet normal 0.195121 0 -0.980779
    outer loop
      vertex -28.8484 36 22.4444
      vertex -29.6823 20 22.2785
      vertex -29.6823 36 22.2785
    endloop
  endfacet
  facet normal -0.442239 0 0.896897
    outer loop
      vertex -25.5126 36 9.99478
      vertex -24.75 31 10.3708
      vertex -24.75 36 10.3708
    endloop
  endfacet
  facet normal -0.442239 0 0.896897
    outer loop
      vertex -24.75 31 10.3708
      vertex -25.5126 36 9.99478
      vertex -25.5126 31 9.99478
    endloop
  endfacet
  facet normal -0.442239 0 0.896897
    outer loop
      vertex -25.5126 25 9.99478
      vertex -24.75 20 10.3708
      vertex -24.75 25 10.3708
    endloop
  endfacet
  facet normal -0.442239 0 0.896897
    outer loop
      vertex -24.75 20 10.3708
      vertex -25.5126 25 9.99478
      vertex -25.5126 20 9.99478
    endloop
  endfacet
  facet normal -0.555623 0 0.831435
    outer loop
      vertex -24.75 36 10.3708
      vertex -24.0431 31 10.8432
      vertex -24.0431 36 10.8432
    endloop
  endfacet
  facet normal -0.555623 0 0.831435
    outer loop
      vertex -24.0431 31 10.8432
      vertex -24.75 36 10.3708
      vertex -24.75 31 10.3708
    endloop
  endfacet
  facet normal -0.555623 0 0.831435
    outer loop
      vertex -24.75 25 10.3708
      vertex -24.0431 20 10.8432
      vertex -24.0431 25 10.8432
    endloop
  endfacet
  facet normal -0.555623 0 0.831435
    outer loop
      vertex -24.0431 20 10.8432
      vertex -24.75 25 10.3708
      vertex -24.75 20 10.3708
    endloop
  endfacet
  facet normal 0.442653 0 0.896693
    outer loop
      vertex -30.4874 36 9.99478
      vertex -30.5 31 10.001
      vertex -30.4874 31 9.99478
    endloop
  endfacet
  facet normal 0.442232 0 0.896901
    outer loop
      vertex -30.5 31 10.001
      vertex -31.25 36 10.3708
      vertex -30.5 25 10.001
    endloop
  endfacet
  facet normal 0.442239 1.29842e-06 0.896897
    outer loop
      vertex -31.25 36 10.3708
      vertex -30.5 31 10.001
      vertex -30.4874 36 9.99478
    endloop
  endfacet
  facet normal 0.442653 0 0.896693
    outer loop
      vertex -30.5 25 10.001
      vertex -30.4874 20 9.99478
      vertex -30.4874 25 9.99478
    endloop
  endfacet
  facet normal 0.442232 -0 0.896901
    outer loop
      vertex -31.25 20 10.3708
      vertex -30.5 25 10.001
      vertex -31.25 36 10.3708
    endloop
  endfacet
  facet normal 0.442239 -1.29842e-06 0.896897
    outer loop
      vertex -30.5 25 10.001
      vertex -31.25 20 10.3708
      vertex -30.4874 20 9.99478
    endloop
  endfacet
  facet normal 0.659312 0 0.75187
    outer loop
      vertex -32.5962 36 11.4038
      vertex -31.9569 20 10.8432
      vertex -31.9569 36 10.8432
    endloop
  endfacet
  facet normal 0.659312 0 0.75187
    outer loop
      vertex -31.9569 20 10.8432
      vertex -32.5962 36 11.4038
      vertex -32.5962 20 11.4038
    endloop
  endfacet
  facet normal 0.321445 0 0.946928
    outer loop
      vertex -30.4874 36 9.99478
      vertex -29.6823 31 9.72148
      vertex -29.6823 36 9.72148
    endloop
  endfacet
  facet normal 0.321445 0 0.946928
    outer loop
      vertex -29.6823 31 9.72148
      vertex -30.4874 36 9.99478
      vertex -30.4874 31 9.99478
    endloop
  endfacet
  facet normal 0.321445 0 0.946928
    outer loop
      vertex -30.4874 25 9.99478
      vertex -29.6823 20 9.72148
      vertex -29.6823 25 9.72148
    endloop
  endfacet
  facet normal 0.321445 0 0.946928
    outer loop
      vertex -29.6823 20 9.72148
      vertex -30.4874 25 9.99478
      vertex -30.4874 20 9.99478
    endloop
  endfacet
  facet normal -0.946928 0 -0.321445
    outer loop
      vertex -21.7215 20 17.6823
      vertex -21.9948 36 18.4874
      vertex -21.7215 36 17.6823
    endloop
  endfacet
  facet normal -0.946928 -0 -0.321445
    outer loop
      vertex -21.9948 36 18.4874
      vertex -21.7215 20 17.6823
      vertex -21.9948 20 18.4874
    endloop
  endfacet
  facet normal -0.75187 0 -0.659312
    outer loop
      vertex -22.8432 20 19.9569
      vertex -23.4038 36 20.5962
      vertex -22.8432 36 19.9569
    endloop
  endfacet
  facet normal -0.75187 -0 -0.659312
    outer loop
      vertex -23.4038 36 20.5962
      vertex -22.8432 20 19.9569
      vertex -23.4038 20 20.5962
    endloop
  endfacet
  facet normal -0.44222 0 -0.896907
    outer loop
      vertex -25.5126 20 22.0052
      vertex -24.75 36 21.6292
      vertex -24.75 20 21.6292
    endloop
  endfacet
  facet normal -0.44222 0 -0.896907
    outer loop
      vertex -24.75 36 21.6292
      vertex -25.5126 20 22.0052
      vertex -25.5126 36 22.0052
    endloop
  endfacet
  facet normal 0.831435 0 -0.555623
    outer loop
      vertex -33.1568 20 19.9569
      vertex -33.6292 36 19.25
      vertex -33.1568 36 19.9569
    endloop
  endfacet
  facet normal 0.831435 0 -0.555623
    outer loop
      vertex -33.6292 36 19.25
      vertex -33.1568 20 19.9569
      vertex -33.6292 20 19.25
    endloop
  endfacet
  facet normal 0.980779 0 -0.195121
    outer loop
      vertex -34.2785 20 17.6823
      vertex -34.4444 36 16.8484
      vertex -34.2785 36 17.6823
    endloop
  endfacet
  facet normal 0.980779 0 -0.195121
    outer loop
      vertex -34.4444 36 16.8484
      vertex -34.2785 20 17.6823
      vertex -34.4444 20 16.8484
    endloop
  endfacet
  facet normal 0.44222 0 -0.896907
    outer loop
      vertex -31.25 20 21.6292
      vertex -30.4874 36 22.0052
      vertex -30.4874 20 22.0052
    endloop
  endfacet
  facet normal 0.44222 0 -0.896907
    outer loop
      vertex -30.4874 36 22.0052
      vertex -31.25 20 21.6292
      vertex -31.25 36 21.6292
    endloop
  endfacet
  facet normal 0.555623 0 -0.831435
    outer loop
      vertex -31.9569 20 21.1568
      vertex -31.25 36 21.6292
      vertex -31.25 20 21.6292
    endloop
  endfacet
  facet normal 0.555623 0 -0.831435
    outer loop
      vertex -31.25 36 21.6292
      vertex -31.9569 20 21.1568
      vertex -31.9569 36 21.1568
    endloop
  endfacet
  facet normal 0.0653948 0 -0.997859
    outer loop
      vertex -28.8484 20 22.4444
      vertex -28 36 22.5
      vertex -28 20 22.5
    endloop
  endfacet
  facet normal 0.0653948 0 -0.997859
    outer loop
      vertex -28 36 22.5
      vertex -28.8484 20 22.4444
      vertex -28.8484 36 22.4444
    endloop
  endfacet
  facet normal -0.997859 0 0.0653948
    outer loop
      vertex -21.5556 20 15.1516
      vertex -21.5 36 16
      vertex -21.5556 36 15.1516
    endloop
  endfacet
  facet normal -0.997859 0 0.0653948
    outer loop
      vertex -21.5 36 16
      vertex -21.5556 20 15.1516
      vertex -21.5 20 16
    endloop
  endfacet
  facet normal -0.0654066 0 0.997859
    outer loop
      vertex -28 36 9.5
      vertex -27.1516 31 9.55561
      vertex -27.1516 36 9.55561
    endloop
  endfacet
  facet normal -0.0654066 0 0.997859
    outer loop
      vertex -27.1516 31 9.55561
      vertex -28 36 9.5
      vertex -28 31 9.5
    endloop
  endfacet
  facet normal -0.0654066 0 0.997859
    outer loop
      vertex -28 25 9.5
      vertex -27.1516 20 9.55561
      vertex -27.1516 25 9.55561
    endloop
  endfacet
  facet normal -0.0654066 0 0.997859
    outer loop
      vertex -27.1516 20 9.55561
      vertex -28 25 9.5
      vertex -28 20 9.5
    endloop
  endfacet
  facet normal -0.321445 0 0.946928
    outer loop
      vertex -26.3177 36 9.72148
      vertex -25.5126 31 9.99478
      vertex -25.5126 36 9.99478
    endloop
  endfacet
  facet normal -0.321445 0 0.946928
    outer loop
      vertex -25.5126 31 9.99478
      vertex -26.3177 36 9.72148
      vertex -26.3177 31 9.72148
    endloop
  endfacet
  facet normal -0.321445 0 0.946928
    outer loop
      vertex -26.3177 25 9.72148
      vertex -25.5126 20 9.99478
      vertex -25.5126 25 9.99478
    endloop
  endfacet
  facet normal -0.321445 0 0.946928
    outer loop
      vertex -25.5126 20 9.99478
      vertex -26.3177 25 9.72148
      vertex -26.3177 20 9.72148
    endloop
  endfacet
  facet normal -0.659302 0 0.751878
    outer loop
      vertex -23.4038 36 11.4038
      vertex -23.8643 31 11
      vertex -23.4038 20 11.4038
    endloop
  endfacet
  facet normal -0.659312 1.63711e-06 0.75187
    outer loop
      vertex -24.0431 36 10.8432
      vertex -23.8643 31 11
      vertex -23.4038 36 11.4038
    endloop
  endfacet
  facet normal -0.659338 0 0.751847
    outer loop
      vertex -23.8643 31 11
      vertex -24.0431 36 10.8432
      vertex -24.0431 31 10.8432
    endloop
  endfacet
  facet normal -0.659302 0 0.751878
    outer loop
      vertex -23.8643 25 11
      vertex -23.4038 20 11.4038
      vertex -23.8643 31 11
    endloop
  endfacet
  facet normal -0.659338 0 0.751847
    outer loop
      vertex -24.0431 20 10.8432
      vertex -23.8643 25 11
      vertex -24.0431 25 10.8432
    endloop
  endfacet
  facet normal -0.659312 -1.63711e-06 0.75187
    outer loop
      vertex -23.8643 25 11
      vertex -24.0431 20 10.8432
      vertex -23.4038 20 11.4038
    endloop
  endfacet
  facet normal -0.831435 0 0.555623
    outer loop
      vertex -22.8432 20 12.0431
      vertex -22.3708 36 12.75
      vertex -22.8432 36 12.0431
    endloop
  endfacet
  facet normal -0.831435 0 0.555623
    outer loop
      vertex -22.3708 36 12.75
      vertex -22.8432 20 12.0431
      vertex -22.3708 20 12.75
    endloop
  endfacet
  facet normal -0.980779 0 0.195121
    outer loop
      vertex -21.7215 20 14.3177
      vertex -21.5556 36 15.1516
      vertex -21.7215 36 14.3177
    endloop
  endfacet
  facet normal -0.980779 0 0.195121
    outer loop
      vertex -21.5556 36 15.1516
      vertex -21.7215 20 14.3177
      vertex -21.5556 20 15.1516
    endloop
  endfacet
  facet normal 0.555623 0 0.831435
    outer loop
      vertex -31.9569 36 10.8432
      vertex -31.25 20 10.3708
      vertex -31.25 36 10.3708
    endloop
  endfacet
  facet normal 0.555623 0 0.831435
    outer loop
      vertex -31.25 20 10.3708
      vertex -31.9569 36 10.8432
      vertex -31.9569 20 10.8432
    endloop
  endfacet
  facet normal 0.195087 0 0.980786
    outer loop
      vertex -29.6823 36 9.72148
      vertex -28.8484 31 9.55561
      vertex -28.8484 36 9.55561
    endloop
  endfacet
  facet normal 0.195087 0 0.980786
    outer loop
      vertex -28.8484 31 9.55561
      vertex -29.6823 36 9.72148
      vertex -29.6823 31 9.72148
    endloop
  endfacet
  facet normal 0.195087 0 0.980786
    outer loop
      vertex -29.6823 25 9.72148
      vertex -28.8484 20 9.55561
      vertex -28.8484 25 9.55561
    endloop
  endfacet
  facet normal 0.195087 0 0.980786
    outer loop
      vertex -28.8484 20 9.55561
      vertex -29.6823 25 9.72148
      vertex -29.6823 20 9.72148
    endloop
  endfacet
  facet normal 0.896907 -0 0.44222
    outer loop
      vertex -34.0052 20 13.5126
      vertex -33.6292 36 12.75
      vertex -34.0052 36 13.5126
    endloop
  endfacet
  facet normal 0.896907 0 0.44222
    outer loop
      vertex -33.6292 36 12.75
      vertex -34.0052 20 13.5126
      vertex -33.6292 20 12.75
    endloop
  endfacet
  facet normal 0.75187 -0 0.659312
    outer loop
      vertex -33.1568 20 12.0431
      vertex -32.5962 36 11.4038
      vertex -33.1568 36 12.0431
    endloop
  endfacet
  facet normal 0.75187 0 0.659312
    outer loop
      vertex -32.5962 36 11.4038
      vertex -33.1568 20 12.0431
      vertex -32.5962 20 11.4038
    endloop
  endfacet
  facet normal 0.946928 -0 0.321445
    outer loop
      vertex -34.2785 20 14.3177
      vertex -34.0052 36 13.5126
      vertex -34.2785 36 14.3177
    endloop
  endfacet
  facet normal 0.946928 0 0.321445
    outer loop
      vertex -34.0052 36 13.5126
      vertex -34.2785 20 14.3177
      vertex -34.0052 20 13.5126
    endloop
  endfacet
  facet normal 0.997859 -0 0.0653948
    outer loop
      vertex -34.5 20 16
      vertex -34.4444 36 15.1516
      vertex -34.5 36 16
    endloop
  endfacet
  facet normal 0.997859 0 0.0653948
    outer loop
      vertex -34.4444 36 15.1516
      vertex -34.5 20 16
      vertex -34.4444 20 15.1516
    endloop
  endfacet
  facet normal -0.195087 0 0.980786
    outer loop
      vertex -27.1516 36 9.55561
      vertex -26.3177 31 9.72148
      vertex -26.3177 36 9.72148
    endloop
  endfacet
  facet normal -0.195087 0 0.980786
    outer loop
      vertex -26.3177 31 9.72148
      vertex -27.1516 36 9.55561
      vertex -27.1516 31 9.55561
    endloop
  endfacet
  facet normal -0.195087 0 0.980786
    outer loop
      vertex -27.1516 25 9.55561
      vertex -26.3177 20 9.72148
      vertex -26.3177 25 9.72148
    endloop
  endfacet
  facet normal -0.195087 0 0.980786
    outer loop
      vertex -26.3177 20 9.72148
      vertex -27.1516 25 9.55561
      vertex -27.1516 20 9.55561
    endloop
  endfacet
  facet normal -0.896907 0 0.44222
    outer loop
      vertex -22.3708 20 12.75
      vertex -21.9948 36 13.5126
      vertex -22.3708 36 12.75
    endloop
  endfacet
  facet normal -0.896907 0 0.44222
    outer loop
      vertex -21.9948 36 13.5126
      vertex -22.3708 20 12.75
      vertex -21.9948 20 13.5126
    endloop
  endfacet
  facet normal 0.831435 -0 0.555623
    outer loop
      vertex -33.6292 20 12.75
      vertex -33.1568 36 12.0431
      vertex -33.6292 36 12.75
    endloop
  endfacet
  facet normal 0.831435 0 0.555623
    outer loop
      vertex -33.1568 36 12.0431
      vertex -33.6292 20 12.75
      vertex -33.1568 20 12.0431
    endloop
  endfacet
  facet normal 0.980779 -0 0.195121
    outer loop
      vertex -34.4444 20 15.1516
      vertex -34.2785 36 14.3177
      vertex -34.4444 36 15.1516
    endloop
  endfacet
  facet normal 0.980779 0 0.195121
    outer loop
      vertex -34.2785 36 14.3177
      vertex -34.4444 20 15.1516
      vertex -34.2785 20 14.3177
    endloop
  endfacet
  facet normal -0.946928 0 0.321445
    outer loop
      vertex -21.9948 20 13.5126
      vertex -21.7215 36 14.3177
      vertex -21.9948 36 13.5126
    endloop
  endfacet
  facet normal -0.946928 0 0.321445
    outer loop
      vertex -21.7215 36 14.3177
      vertex -21.9948 20 13.5126
      vertex -21.7215 20 14.3177
    endloop
  endfacet
  facet normal 0.995183 -0 0.0980305
    outer loop
      vertex -22.1153 21 17.1705
      vertex -22 35 16
      vertex -22.1153 35 17.1705
    endloop
  endfacet
  facet normal 0.995183 0 0.0980305
    outer loop
      vertex -22 35 16
      vertex -22.1153 21 17.1705
      vertex -22 21 16
    endloop
  endfacet
  facet normal -0.995183 0 0.0980305
    outer loop
      vertex -34 21 16
      vertex -33.8847 35 17.1705
      vertex -34 35 16
    endloop
  endfacet
  facet normal -0.995183 0 0.0980305
    outer loop
      vertex -33.8847 35 17.1705
      vertex -34 21 16
      vertex -33.8847 21 17.1705
    endloop
  endfacet
  facet normal 0.0980305 0 0.995183
    outer loop
      vertex -28 35 22
      vertex -26.8295 21 21.8847
      vertex -26.8295 35 21.8847
    endloop
  endfacet
  facet normal 0.0980305 0 0.995183
    outer loop
      vertex -26.8295 21 21.8847
      vertex -28 35 22
      vertex -28 21 22
    endloop
  endfacet
  facet normal 0.772994 -0 0.634413
    outer loop
      vertex -23.7574 21 20.2426
      vertex -23.0112 35 19.3334
      vertex -23.7574 35 20.2426
    endloop
  endfacet
  facet normal 0.772994 0 0.634413
    outer loop
      vertex -23.0112 35 19.3334
      vertex -23.7574 21 20.2426
      vertex -23.0112 21 19.3334
    endloop
  endfacet
  facet normal -0.634413 0 0.772994
    outer loop
      vertex -32.2426 35 20.2426
      vertex -31.3334 21 20.9888
      vertex -31.3334 35 20.9888
    endloop
  endfacet
  facet normal -0.634413 0 0.772994
    outer loop
      vertex -31.3334 21 20.9888
      vertex -32.2426 35 20.2426
      vertex -32.2426 21 20.2426
    endloop
  endfacet
  facet normal -0.290248 0 0.956951
    outer loop
      vertex -30.2961 35 21.5433
      vertex -29.1705 21 21.8847
      vertex -29.1705 35 21.8847
    endloop
  endfacet
  facet normal -0.290248 0 0.956951
    outer loop
      vertex -29.1705 21 21.8847
      vertex -30.2961 35 21.5433
      vertex -30.2961 21 21.5433
    endloop
  endfacet
  facet normal 0.634413 0 -0.772994
    outer loop
      vertex -24.6666 21 11.0112
      vertex -23.7574 35 11.7574
      vertex -23.7574 21 11.7574
    endloop
  endfacet
  facet normal 0.634413 0 -0.772994
    outer loop
      vertex -23.7574 35 11.7574
      vertex -24.6666 21 11.0112
      vertex -24.6666 35 11.0112
    endloop
  endfacet
  facet normal 0 1 0
    outer loop
      vertex -28 35 20.5
      vertex -28 35 22
      vertex -26.8295 35 21.8847
    endloop
  endfacet
  facet normal 0 1 0
    outer loop
      vertex -26.8353 35 20.3467
      vertex -26.8295 35 21.8847
      vertex -25.7039 35 21.5433
    endloop
  endfacet
  facet normal 0 1 0
    outer loop
      vertex -28 35 22
      vertex -28 35 20.5
      vertex -29.1705 35 21.8847
    endloop
  endfacet
  facet normal 0 1 0
    outer loop
      vertex -25.75 35 19.8971
      vertex -25.7039 35 21.5433
      vertex -24.6666 35 20.9888
    endloop
  endfacet
  facet normal 0 1 -0
    outer loop
      vertex -29.1647 35 20.3467
      vertex -29.1705 35 21.8847
      vertex -28 35 20.5
    endloop
  endfacet
  facet normal 0 1 0
    outer loop
      vertex -29.1705 35 21.8847
      vertex -29.1647 35 20.3467
      vertex -30.2961 35 21.5433
    endloop
  endfacet
  facet normal 0 1 0
    outer loop
      vertex -26.8295 35 21.8847
      vertex -26.8353 35 20.3467
      vertex -28 35 20.5
    endloop
  endfacet
  facet normal 0 1 0
    outer loop
      vertex -24.818 35 19.182
      vertex -24.6666 35 20.9888
      vertex -23.7574 35 20.2426
    endloop
  endfacet
  facet normal 0 1 0
    outer loop
      vertex -25.7039 35 21.5433
      vertex -25.75 35 19.8971
      vertex -26.8353 35 20.3467
    endloop
  endfacet
  facet normal 0 1 0
    outer loop
      vertex -24.818 35 19.182
      vertex -23.7574 35 20.2426
      vertex -23.0112 35 19.3334
    endloop
  endfacet
  facet normal 0 1 0
    outer loop
      vertex -24.6666 35 20.9888
      vertex -24.818 35 19.182
      vertex -25.75 35 19.8971
    endloop
  endfacet
  facet normal 0 1 0
    outer loop
      vertex -24.1029 35 18.25
      vertex -23.0112 35 19.3334
      vertex -22.4567 35 18.2961
    endloop
  endfacet
  facet normal 0 1 0
    outer loop
      vertex -23.0112 35 19.3334
      vertex -24.1029 35 18.25
      vertex -24.818 35 19.182
    endloop
  endfacet
  facet normal 0 1 0
    outer loop
      vertex -23.6533 35 17.1647
      vertex -22.4567 35 18.2961
      vertex -22.1153 35 17.1705
    endloop
  endfacet
  facet normal 0 1 0
    outer loop
      vertex -22.4567 35 18.2961
      vertex -23.6533 35 17.1647
      vertex -24.1029 35 18.25
    endloop
  endfacet
  facet normal 0 1 0
    outer loop
      vertex -23.5 35 16
      vertex -22.1153 35 17.1705
      vertex -22 35 16
    endloop
  endfacet
  facet normal 0 1 0
    outer loop
      vertex -22.1153 35 17.1705
      vertex -23.5 35 16
      vertex -23.6533 35 17.1647
    endloop
  endfacet
  facet normal 0 1 -0
    outer loop
      vertex -22.1153 35 14.8295
      vertex -23.5 35 16
      vertex -22 35 16
    endloop
  endfacet
  facet normal 0 1 0
    outer loop
      vertex -23.5 35 16
      vertex -22.1153 35 14.8295
      vertex -23.6533 35 14.8353
    endloop
  endfacet
  facet normal 0 1 -0
    outer loop
      vertex -22.4567 35 13.7039
      vertex -23.6533 35 14.8353
      vertex -22.1153 35 14.8295
    endloop
  endfacet
  facet normal 0 1 0
    outer loop
      vertex -23.6533 35 14.8353
      vertex -22.4567 35 13.7039
      vertex -24.1029 35 13.75
    endloop
  endfacet
  facet normal 0 1 -0
    outer loop
      vertex -23.0112 35 12.6666
      vertex -24.1029 35 13.75
      vertex -22.4567 35 13.7039
    endloop
  endfacet
  facet normal 0 1 0
    outer loop
      vertex -24.1029 35 13.75
      vertex -23.0112 35 12.6666
      vertex -24.818 35 12.818
    endloop
  endfacet
  facet normal 0 1 -0
    outer loop
      vertex -23.7574 35 11.7574
      vertex -24.818 35 12.818
      vertex -23.0112 35 12.6666
    endloop
  endfacet
  facet normal 0 1 -0
    outer loop
      vertex -24.6666 35 11.0112
      vertex -24.818 35 12.818
      vertex -23.7574 35 11.7574
    endloop
  endfacet
  facet normal 0 1 0
    outer loop
      vertex -24.818 35 12.818
      vertex -24.6666 35 11.0112
      vertex -25.75 35 12.1029
    endloop
  endfacet
  facet normal 0 1 -0
    outer loop
      vertex -25.7039 35 10.4567
      vertex -25.75 35 12.1029
      vertex -24.6666 35 11.0112
    endloop
  endfacet
  facet normal 0 1 0
    outer loop
      vertex -25.75 35 12.1029
      vertex -25.7039 35 10.4567
      vertex -26.8353 35 11.6533
    endloop
  endfacet
  facet normal 0 1 -0
    outer loop
      vertex -30.25 35 19.8971
      vertex -30.2961 35 21.5433
      vertex -29.1647 35 20.3467
    endloop
  endfacet
  facet normal 0 1 0
    outer loop
      vertex -30.2961 35 21.5433
      vertex -30.25 35 19.8971
      vertex -31.3334 35 20.9888
    endloop
  endfacet
  facet normal 0 1 -0
    outer loop
      vertex -31.182 35 19.182
      vertex -31.3334 35 20.9888
      vertex -30.25 35 19.8971
    endloop
  endfacet
  facet normal 0 1 0
    outer loop
      vertex -31.3334 35 20.9888
      vertex -31.182 35 19.182
      vertex -32.2426 35 20.2426
    endloop
  endfacet
  facet normal 0 1 0
    outer loop
      vertex -32.2426 35 20.2426
      vertex -31.182 35 19.182
      vertex -32.9888 35 19.3334
    endloop
  endfacet
  facet normal 0 1 -0
    outer loop
      vertex -31.8971 35 18.25
      vertex -32.9888 35 19.3334
      vertex -31.182 35 19.182
    endloop
  endfacet
  facet normal 0 1 0
    outer loop
      vertex -32.9888 35 19.3334
      vertex -31.8971 35 18.25
      vertex -33.5433 35 18.2961
    endloop
  endfacet
  facet normal 0 1 -0
    outer loop
      vertex -32.3467 35 17.1647
      vertex -33.5433 35 18.2961
      vertex -31.8971 35 18.25
    endloop
  endfacet
  facet normal 0 1 0
    outer loop
      vertex -33.5433 35 18.2961
      vertex -32.3467 35 17.1647
      vertex -33.8847 35 17.1705
    endloop
  endfacet
  facet normal 0 1 -0
    outer loop
      vertex -32.5 35 16
      vertex -33.8847 35 17.1705
      vertex -32.3467 35 17.1647
    endloop
  endfacet
  facet normal 0 1 0
    outer loop
      vertex -32.5 35 16
      vertex -34 35 16
      vertex -33.8847 35 17.1705
    endloop
  endfacet
  facet normal 0 1 0
    outer loop
      vertex -33.8847 35 14.8295
      vertex -32.5 35 16
      vertex -32.3467 35 14.8353
    endloop
  endfacet
  facet normal 0 1 0
    outer loop
      vertex -32.5 35 16
      vertex -33.8847 35 14.8295
      vertex -34 35 16
    endloop
  endfacet
  facet normal 0 1 0
    outer loop
      vertex -33.5433 35 13.7039
      vertex -32.3467 35 14.8353
      vertex -31.8971 35 13.75
    endloop
  endfacet
  facet normal 0 1 0
    outer loop
      vertex -32.3467 35 14.8353
      vertex -33.5433 35 13.7039
      vertex -33.8847 35 14.8295
    endloop
  endfacet
  facet normal 0 1 0
    outer loop
      vertex -32.9888 35 12.6666
      vertex -31.8971 35 13.75
      vertex -31.182 35 12.818
    endloop
  endfacet
  facet normal 0 1 0
    outer loop
      vertex -31.8971 35 13.75
      vertex -32.9888 35 12.6666
      vertex -33.5433 35 13.7039
    endloop
  endfacet
  facet normal 0 1 0
    outer loop
      vertex -31.3334 35 11.0112
      vertex -31.182 35 12.818
      vertex -30.25 35 12.1029
    endloop
  endfacet
  facet normal 0 1 0
    outer loop
      vertex -31.182 35 12.818
      vertex -32.2426 35 11.7574
      vertex -32.9888 35 12.6666
    endloop
  endfacet
  facet normal 0 1 0
    outer loop
      vertex -30.2961 35 10.4567
      vertex -30.25 35 12.1029
      vertex -29.1647 35 11.6533
    endloop
  endfacet
  facet normal 0 1 0
    outer loop
      vertex -29.1705 35 10.1153
      vertex -29.1647 35 11.6533
      vertex -28 35 11.5
    endloop
  endfacet
  facet normal 0 1 -0
    outer loop
      vertex -26.8295 35 10.1153
      vertex -26.8353 35 11.6533
      vertex -25.7039 35 10.4567
    endloop
  endfacet
  facet normal 0 1 0
    outer loop
      vertex -31.182 35 12.818
      vertex -31.3334 35 11.0112
      vertex -32.2426 35 11.7574
    endloop
  endfacet
  facet normal 0 1 0
    outer loop
      vertex -26.8353 35 11.6533
      vertex -26.8295 35 10.1153
      vertex -28 35 11.5
    endloop
  endfacet
  facet normal 0 1 0
    outer loop
      vertex -30.25 35 12.1029
      vertex -30.2961 35 10.4567
      vertex -31.3334 35 11.0112
    endloop
  endfacet
  facet normal 0 1 0
    outer loop
      vertex -28 35 10
      vertex -28 35 11.5
      vertex -26.8295 35 10.1153
    endloop
  endfacet
  facet normal 0 1 0
    outer loop
      vertex -29.1647 35 11.6533
      vertex -29.1705 35 10.1153
      vertex -30.2961 35 10.4567
    endloop
  endfacet
  facet normal 0 1 0
    outer loop
      vertex -28 35 11.5
      vertex -28 35 10
      vertex -29.1705 35 10.1153
    endloop
  endfacet
  facet normal 0.881903 -0 0.471431
    outer loop
      vertex -23.0112 21 19.3334
      vertex -22.4567 35 18.2961
      vertex -23.0112 35 19.3334
    endloop
  endfacet
  facet normal 0.881903 0 0.471431
    outer loop
      vertex -22.4567 35 18.2961
      vertex -23.0112 21 19.3334
      vertex -22.4567 21 18.2961
    endloop
  endfacet
  facet normal 0.956951 -0 0.290248
    outer loop
      vertex -22.4567 21 18.2961
      vertex -22.1153 35 17.1705
      vertex -22.4567 35 18.2961
    endloop
  endfacet
  facet normal 0.956951 0 0.290248
    outer loop
      vertex -22.1153 35 17.1705
      vertex -22.4567 21 18.2961
      vertex -22.1153 21 17.1705
    endloop
  endfacet
  facet normal 0.471431 0 0.881903
    outer loop
      vertex -25.7039 35 21.5433
      vertex -24.6666 21 20.9888
      vertex -24.6666 35 20.9888
    endloop
  endfacet
  facet normal 0.471431 0 0.881903
    outer loop
      vertex -24.6666 21 20.9888
      vertex -25.7039 35 21.5433
      vertex -25.7039 21 21.5433
    endloop
  endfacet
  facet normal 0.290248 0 0.956951
    outer loop
      vertex -26.8295 35 21.8847
      vertex -25.7039 21 21.5433
      vertex -25.7039 35 21.5433
    endloop
  endfacet
  facet normal 0.290248 0 0.956951
    outer loop
      vertex -25.7039 21 21.5433
      vertex -26.8295 35 21.8847
      vertex -26.8295 21 21.8847
    endloop
  endfacet
  facet normal 0.634413 0 0.772994
    outer loop
      vertex -24.6666 35 20.9888
      vertex -23.7574 21 20.2426
      vertex -23.7574 35 20.2426
    endloop
  endfacet
  facet normal 0.634413 0 0.772994
    outer loop
      vertex -23.7574 21 20.2426
      vertex -24.6666 35 20.9888
      vertex -24.6666 21 20.9888
    endloop
  endfacet
  facet normal -0.881903 0 0.471431
    outer loop
      vertex -33.5433 21 18.2961
      vertex -32.9888 35 19.3334
      vertex -33.5433 35 18.2961
    endloop
  endfacet
  facet normal -0.881903 0 0.471431
    outer loop
      vertex -32.9888 35 19.3334
      vertex -33.5433 21 18.2961
      vertex -32.9888 21 19.3334
    endloop
  endfacet
  facet normal -0.772994 0 0.634413
    outer loop
      vertex -32.9888 21 19.3334
      vertex -32.2426 35 20.2426
      vertex -32.9888 35 19.3334
    endloop
  endfacet
  facet normal -0.772994 0 0.634413
    outer loop
      vertex -32.2426 35 20.2426
      vertex -32.9888 21 19.3334
      vertex -32.2426 21 20.2426
    endloop
  endfacet
  facet normal -0.956951 0 0.290248
    outer loop
      vertex -33.8847 21 17.1705
      vertex -33.5433 35 18.2961
      vertex -33.8847 35 17.1705
    endloop
  endfacet
  facet normal -0.956951 0 0.290248
    outer loop
      vertex -33.5433 35 18.2961
      vertex -33.8847 21 17.1705
      vertex -33.5433 21 18.2961
    endloop
  endfacet
  facet normal 0 -1 0
    outer loop
      vertex -28 21 20.5
      vertex -28 21 22
      vertex -29.1705 21 21.8847
    endloop
  endfacet
  facet normal 0 -1 0
    outer loop
      vertex -29.1647 21 20.3467
      vertex -29.1705 21 21.8847
      vertex -30.2961 21 21.5433
    endloop
  endfacet
  facet normal 0 -1 0
    outer loop
      vertex -28 21 22
      vertex -28 21 20.5
      vertex -26.8295 21 21.8847
    endloop
  endfacet
  facet normal 0 -1 0
    outer loop
      vertex -30.25 21 19.8971
      vertex -30.2961 21 21.5433
      vertex -31.3334 21 20.9888
    endloop
  endfacet
  facet normal 0 -1 0
    outer loop
      vertex -26.8353 21 20.3467
      vertex -26.8295 21 21.8847
      vertex -28 21 20.5
    endloop
  endfacet
  facet normal 0 -1 -0
    outer loop
      vertex -26.8295 21 21.8847
      vertex -26.8353 21 20.3467
      vertex -25.7039 21 21.5433
    endloop
  endfacet
  facet normal 0 -1 0
    outer loop
      vertex -29.1705 21 21.8847
      vertex -29.1647 21 20.3467
      vertex -28 21 20.5
    endloop
  endfacet
  facet normal 0 -1 0
    outer loop
      vertex -31.182 21 19.182
      vertex -31.3334 21 20.9888
      vertex -32.2426 21 20.2426
    endloop
  endfacet
  facet normal 0 -1 0
    outer loop
      vertex -30.2961 21 21.5433
      vertex -30.25 21 19.8971
      vertex -29.1647 21 20.3467
    endloop
  endfacet
  facet normal 0 -1 0
    outer loop
      vertex -31.182 21 19.182
      vertex -32.2426 21 20.2426
      vertex -32.9888 21 19.3334
    endloop
  endfacet
  facet normal 0 -1 0
    outer loop
      vertex -31.3334 21 20.9888
      vertex -31.182 21 19.182
      vertex -30.25 21 19.8971
    endloop
  endfacet
  facet normal 0 -1 0
    outer loop
      vertex -31.8971 21 18.25
      vertex -32.9888 21 19.3334
      vertex -33.5433 21 18.2961
    endloop
  endfacet
  facet normal 0 -1 0
    outer loop
      vertex -32.9888 21 19.3334
      vertex -31.8971 21 18.25
      vertex -31.182 21 19.182
    endloop
  endfacet
  facet normal 0 -1 0
    outer loop
      vertex -32.3467 21 17.1647
      vertex -33.5433 21 18.2961
      vertex -33.8847 21 17.1705
    endloop
  endfacet
  facet normal 0 -1 0
    outer loop
      vertex -33.5433 21 18.2961
      vertex -32.3467 21 17.1647
      vertex -31.8971 21 18.25
    endloop
  endfacet
  facet normal 0 -1 0
    outer loop
      vertex -32.5 21 16
      vertex -33.8847 21 17.1705
      vertex -34 21 16
    endloop
  endfacet
  facet normal 0 -1 0
    outer loop
      vertex -33.8847 21 17.1705
      vertex -32.5 21 16
      vertex -32.3467 21 17.1647
    endloop
  endfacet
  facet normal 0 -1 0
    outer loop
      vertex -33.8847 21 14.8295
      vertex -32.5 21 16
      vertex -34 21 16
    endloop
  endfacet
  facet normal 0 -1 -0
    outer loop
      vertex -32.5 21 16
      vertex -33.8847 21 14.8295
      vertex -32.3467 21 14.8353
    endloop
  endfacet
  facet normal 0 -1 0
    outer loop
      vertex -33.5433 21 13.7039
      vertex -32.3467 21 14.8353
      vertex -33.8847 21 14.8295
    endloop
  endfacet
  facet normal 0 -1 -0
    outer loop
      vertex -32.3467 21 14.8353
      vertex -33.5433 21 13.7039
      vertex -31.8971 21 13.75
    endloop
  endfacet
  facet normal 0 -1 0
    outer loop
      vertex -32.9888 21 12.6666
      vertex -31.8971 21 13.75
      vertex -33.5433 21 13.7039
    endloop
  endfacet
  facet normal 0 -1 -0
    outer loop
      vertex -31.8971 21 13.75
      vertex -32.9888 21 12.6666
      vertex -31.182 21 12.818
    endloop
  endfacet
  facet normal 0 -1 0
    outer loop
      vertex -32.2426 21 11.7574
      vertex -31.182 21 12.818
      vertex -32.9888 21 12.6666
    endloop
  endfacet
  facet normal 0 -1 0
    outer loop
      vertex -31.3334 21 11.0112
      vertex -31.182 21 12.818
      vertex -32.2426 21 11.7574
    endloop
  endfacet
  facet normal 0 -1 -0
    outer loop
      vertex -31.182 21 12.818
      vertex -31.3334 21 11.0112
      vertex -30.25 21 12.1029
    endloop
  endfacet
  facet normal 0 -1 0
    outer loop
      vertex -30.2961 21 10.4567
      vertex -30.25 21 12.1029
      vertex -31.3334 21 11.0112
    endloop
  endfacet
  facet normal 0 -1 -0
    outer loop
      vertex -30.25 21 12.1029
      vertex -30.2961 21 10.4567
      vertex -29.1647 21 11.6533
    endloop
  endfacet
  facet normal 0 -1 0
    outer loop
      vertex -25.75 21 19.8971
      vertex -25.7039 21 21.5433
      vertex -26.8353 21 20.3467
    endloop
  endfacet
  facet normal 0 -1 -0
    outer loop
      vertex -25.7039 21 21.5433
      vertex -25.75 21 19.8971
      vertex -24.6666 21 20.9888
    endloop
  endfacet
  facet normal 0 -1 0
    outer loop
      vertex -24.818 21 19.182
      vertex -24.6666 21 20.9888
      vertex -25.75 21 19.8971
    endloop
  endfacet
  facet normal 0 -1 -0
    outer loop
      vertex -24.6666 21 20.9888
      vertex -24.818 21 19.182
      vertex -23.7574 21 20.2426
    endloop
  endfacet
  facet normal 0 -1 -0
    outer loop
      vertex -23.7574 21 20.2426
      vertex -24.818 21 19.182
      vertex -23.0112 21 19.3334
    endloop
  endfacet
  facet normal 0 -1 0
    outer loop
      vertex -24.1029 21 18.25
      vertex -23.0112 21 19.3334
      vertex -24.818 21 19.182
    endloop
  endfacet
  facet normal 0 -1 -0
    outer loop
      vertex -23.0112 21 19.3334
      vertex -24.1029 21 18.25
      vertex -22.4567 21 18.2961
    endloop
  endfacet
  facet normal 0 -1 0
    outer loop
      vertex -23.6533 21 17.1647
      vertex -22.4567 21 18.2961
      vertex -24.1029 21 18.25
    endloop
  endfacet
  facet normal 0 -1 -0
    outer loop
      vertex -22.4567 21 18.2961
      vertex -23.6533 21 17.1647
      vertex -22.1153 21 17.1705
    endloop
  endfacet
  facet normal 0 -1 0
    outer loop
      vertex -23.5 21 16
      vertex -22.1153 21 17.1705
      vertex -23.6533 21 17.1647
    endloop
  endfacet
  facet normal 0 -1 0
    outer loop
      vertex -23.5 21 16
      vertex -22 21 16
      vertex -22.1153 21 17.1705
    endloop
  endfacet
  facet normal 0 -1 0
    outer loop
      vertex -22.1153 21 14.8295
      vertex -23.5 21 16
      vertex -23.6533 21 14.8353
    endloop
  endfacet
  facet normal 0 -1 0
    outer loop
      vertex -23.5 21 16
      vertex -22.1153 21 14.8295
      vertex -22 21 16
    endloop
  endfacet
  facet normal 0 -1 0
    outer loop
      vertex -22.4567 21 13.7039
      vertex -23.6533 21 14.8353
      vertex -24.1029 21 13.75
    endloop
  endfacet
  facet normal 0 -1 0
    outer loop
      vertex -23.6533 21 14.8353
      vertex -22.4567 21 13.7039
      vertex -22.1153 21 14.8295
    endloop
  endfacet
  facet normal 0 -1 0
    outer loop
      vertex -23.0112 21 12.6666
      vertex -24.1029 21 13.75
      vertex -24.818 21 12.818
    endloop
  endfacet
  facet normal 0 -1 0
    outer loop
      vertex -24.1029 21 13.75
      vertex -23.0112 21 12.6666
      vertex -22.4567 21 13.7039
    endloop
  endfacet
  facet normal 0 -1 0
    outer loop
      vertex -24.6666 21 11.0112
      vertex -24.818 21 12.818
      vertex -25.75 21 12.1029
    endloop
  endfacet
  facet normal 0 -1 0
    outer loop
      vertex -24.818 21 12.818
      vertex -23.7574 21 11.7574
      vertex -23.0112 21 12.6666
    endloop
  endfacet
  facet normal 0 -1 0
    outer loop
      vertex -25.7039 21 10.4567
      vertex -25.75 21 12.1029
      vertex -26.8353 21 11.6533
    endloop
  endfacet
  facet normal 0 -1 0
    outer loop
      vertex -26.8295 21 10.1153
      vertex -26.8353 21 11.6533
      vertex -28 21 11.5
    endloop
  endfacet
  facet normal 0 -1 0
    outer loop
      vertex -29.1705 21 10.1153
      vertex -29.1647 21 11.6533
      vertex -30.2961 21 10.4567
    endloop
  endfacet
  facet normal 0 -1 0
    outer loop
      vertex -24.818 21 12.818
      vertex -24.6666 21 11.0112
      vertex -23.7574 21 11.7574
    endloop
  endfacet
  facet normal 0 -1 -0
    outer loop
      vertex -29.1647 21 11.6533
      vertex -29.1705 21 10.1153
      vertex -28 21 11.5
    endloop
  endfacet
  facet normal 0 -1 0
    outer loop
      vertex -25.75 21 12.1029
      vertex -25.7039 21 10.4567
      vertex -24.6666 21 11.0112
    endloop
  endfacet
  facet normal 0 -1 0
    outer loop
      vertex -28 21 10
      vertex -28 21 11.5
      vertex -29.1705 21 10.1153
    endloop
  endfacet
  facet normal 0 -1 0
    outer loop
      vertex -26.8353 21 11.6533
      vertex -26.8295 21 10.1153
      vertex -25.7039 21 10.4567
    endloop
  endfacet
  facet normal 0 -1 0
    outer loop
      vertex -28 21 11.5
      vertex -28 21 10
      vertex -26.8295 21 10.1153
    endloop
  endfacet
  facet normal -0.471431 0 0.881903
    outer loop
      vertex -31.3334 35 20.9888
      vertex -30.2961 21 21.5433
      vertex -30.2961 35 21.5433
    endloop
  endfacet
  facet normal -0.471431 0 0.881903
    outer loop
      vertex -30.2961 21 21.5433
      vertex -31.3334 35 20.9888
      vertex -31.3334 21 20.9888
    endloop
  endfacet
  facet normal -0.0980305 0 0.995183
    outer loop
      vertex -29.1705 35 21.8847
      vertex -28 21 22
      vertex -28 35 22
    endloop
  endfacet
  facet normal -0.0980305 0 0.995183
    outer loop
      vertex -28 21 22
      vertex -29.1705 35 21.8847
      vertex -29.1705 21 21.8847
    endloop
  endfacet
  facet normal 0.995183 0 -0.0980305
    outer loop
      vertex -22 21 16
      vertex -22.1153 35 14.8295
      vertex -22 35 16
    endloop
  endfacet
  facet normal 0.995183 0 -0.0980305
    outer loop
      vertex -22.1153 35 14.8295
      vertex -22 21 16
      vertex -22.1153 21 14.8295
    endloop
  endfacet
  facet normal 0.0980305 0 -0.995183
    outer loop
      vertex -28 31 10
      vertex -26.8295 35 10.1153
      vertex -26.8295 31 10.1153
    endloop
  endfacet
  facet normal 0.0980305 0 -0.995183
    outer loop
      vertex -26.8295 35 10.1153
      vertex -28 31 10
      vertex -28 35 10
    endloop
  endfacet
  facet normal 0.0980305 0 -0.995183
    outer loop
      vertex -28 21 10
      vertex -26.8295 25 10.1153
      vertex -26.8295 21 10.1153
    endloop
  endfacet
  facet normal 0.0980305 0 -0.995183
    outer loop
      vertex -26.8295 25 10.1153
      vertex -28 21 10
      vertex -28 25 10
    endloop
  endfacet
  facet normal 0.472338 0 -0.881417
    outer loop
      vertex -24.6666 21 11.0112
      vertex -24.6875 25 11
      vertex -24.6666 35 11.0112
    endloop
  endfacet
  facet normal 0.471431 -6.10225e-06 -0.881903
    outer loop
      vertex -25.7039 21 10.4567
      vertex -24.6875 25 11
      vertex -24.6666 21 11.0112
    endloop
  endfacet
  facet normal 0.471412 0 -0.881913
    outer loop
      vertex -24.6875 25 11
      vertex -25.7039 21 10.4567
      vertex -25.7039 25 10.4567
    endloop
  endfacet
  facet normal 0.472338 0 -0.881417
    outer loop
      vertex -24.6875 31 11
      vertex -24.6666 35 11.0112
      vertex -24.6875 25 11
    endloop
  endfacet
  facet normal 0.471412 6.22779e-06 -0.881913
    outer loop
      vertex -25.7039 31 10.4567
      vertex -24.6666 35 11.0112
      vertex -24.6875 31 11
    endloop
  endfacet
  facet normal 0.471431 0 -0.881903
    outer loop
      vertex -24.6666 35 11.0112
      vertex -25.7039 31 10.4567
      vertex -25.7039 35 10.4567
    endloop
  endfacet
  facet normal -0.634413 0 -0.772994
    outer loop
      vertex -32.2426 21 11.7574
      vertex -31.3334 35 11.0112
      vertex -31.3334 21 11.0112
    endloop
  endfacet
  facet normal -0.634413 0 -0.772994
    outer loop
      vertex -31.3334 35 11.0112
      vertex -32.2426 21 11.7574
      vertex -32.2426 35 11.7574
    endloop
  endfacet
  facet normal -0.290248 0 -0.956951
    outer loop
      vertex -30.2961 31 10.4567
      vertex -29.1705 35 10.1153
      vertex -29.1705 31 10.1153
    endloop
  endfacet
  facet normal -0.290248 0 -0.956951
    outer loop
      vertex -29.1705 35 10.1153
      vertex -30.2961 31 10.4567
      vertex -30.2961 35 10.4567
    endloop
  endfacet
  facet normal -0.290248 0 -0.956951
    outer loop
      vertex -30.2961 21 10.4567
      vertex -29.1705 25 10.1153
      vertex -29.1705 21 10.1153
    endloop
  endfacet
  facet normal -0.290248 0 -0.956951
    outer loop
      vertex -29.1705 25 10.1153
      vertex -30.2961 21 10.4567
      vertex -30.2961 25 10.4567
    endloop
  endfacet
  facet normal -0.881903 0 -0.471431
    outer loop
      vertex -32.9888 21 12.6666
      vertex -33.5433 35 13.7039
      vertex -32.9888 35 12.6666
    endloop
  endfacet
  facet normal -0.881903 -0 -0.471431
    outer loop
      vertex -33.5433 35 13.7039
      vertex -32.9888 21 12.6666
      vertex -33.5433 21 13.7039
    endloop
  endfacet
  facet normal -0.995183 0 -0.0980305
    outer loop
      vertex -33.8847 21 14.8295
      vertex -34 35 16
      vertex -33.8847 35 14.8295
    endloop
  endfacet
  facet normal -0.995183 -0 -0.0980305
    outer loop
      vertex -34 35 16
      vertex -33.8847 21 14.8295
      vertex -34 21 16
    endloop
  endfacet
  facet normal 0.290248 0 -0.956951
    outer loop
      vertex -26.8295 31 10.1153
      vertex -25.7039 35 10.4567
      vertex -25.7039 31 10.4567
    endloop
  endfacet
  facet normal 0.290248 0 -0.956951
    outer loop
      vertex -25.7039 35 10.4567
      vertex -26.8295 31 10.1153
      vertex -26.8295 35 10.1153
    endloop
  endfacet
  facet normal 0.290248 0 -0.956951
    outer loop
      vertex -26.8295 21 10.1153
      vertex -25.7039 25 10.4567
      vertex -25.7039 21 10.4567
    endloop
  endfacet
  facet normal 0.290248 0 -0.956951
    outer loop
      vertex -25.7039 25 10.4567
      vertex -26.8295 21 10.1153
      vertex -26.8295 25 10.1153
    endloop
  endfacet
  facet normal 0.772994 0 -0.634413
    outer loop
      vertex -23.0112 21 12.6666
      vertex -23.7574 35 11.7574
      vertex -23.0112 35 12.6666
    endloop
  endfacet
  facet normal 0.772994 0 -0.634413
    outer loop
      vertex -23.7574 35 11.7574
      vertex -23.0112 21 12.6666
      vertex -23.7574 21 11.7574
    endloop
  endfacet
  facet normal -0.471441 0 -0.881898
    outer loop
      vertex -30.2961 21 10.4567
      vertex -30.5 25 10.5657
      vertex -30.2961 25 10.4567
    endloop
  endfacet
  facet normal -0.471428 0 -0.881904
    outer loop
      vertex -30.5 25 10.5657
      vertex -31.3334 21 11.0112
      vertex -30.5 31 10.5657
    endloop
  endfacet
  facet normal -0.471431 6.69525e-07 -0.881903
    outer loop
      vertex -31.3334 21 11.0112
      vertex -30.5 25 10.5657
      vertex -30.2961 21 10.4567
    endloop
  endfacet
  facet normal -0.471441 0 -0.881898
    outer loop
      vertex -30.5 31 10.5657
      vertex -30.2961 35 10.4567
      vertex -30.2961 31 10.4567
    endloop
  endfacet
  facet normal -0.471428 -0 -0.881904
    outer loop
      vertex -31.3334 35 11.0112
      vertex -30.5 31 10.5657
      vertex -31.3334 21 11.0112
    endloop
  endfacet
  facet normal -0.471431 -6.69525e-07 -0.881903
    outer loop
      vertex -30.5 31 10.5657
      vertex -31.3334 35 11.0112
      vertex -30.2961 35 10.4567
    endloop
  endfacet
  facet normal -0.0980305 0 -0.995183
    outer loop
      vertex -29.1705 31 10.1153
      vertex -28 35 10
      vertex -28 31 10
    endloop
  endfacet
  facet normal -0.0980305 0 -0.995183
    outer loop
      vertex -28 35 10
      vertex -29.1705 31 10.1153
      vertex -29.1705 35 10.1153
    endloop
  endfacet
  facet normal -0.0980305 0 -0.995183
    outer loop
      vertex -29.1705 21 10.1153
      vertex -28 25 10
      vertex -28 21 10
    endloop
  endfacet
  facet normal -0.0980305 0 -0.995183
    outer loop
      vertex -28 25 10
      vertex -29.1705 21 10.1153
      vertex -29.1705 25 10.1153
    endloop
  endfacet
  facet normal -0.772994 0 -0.634413
    outer loop
      vertex -32.2426 21 11.7574
      vertex -32.9888 35 12.6666
      vertex -32.2426 35 11.7574
    endloop
  endfacet
  facet normal -0.772994 -0 -0.634413
    outer loop
      vertex -32.9888 35 12.6666
      vertex -32.2426 21 11.7574
      vertex -32.9888 21 12.6666
    endloop
  endfacet
  facet normal -0.956951 0 -0.290248
    outer loop
      vertex -33.5433 21 13.7039
      vertex -33.8847 35 14.8295
      vertex -33.5433 35 13.7039
    endloop
  endfacet
  facet normal -0.956951 -0 -0.290248
    outer loop
      vertex -33.8847 35 14.8295
      vertex -33.5433 21 13.7039
      vertex -33.8847 21 14.8295
    endloop
  endfacet
  facet normal 0.881903 0 -0.471431
    outer loop
      vertex -22.4567 21 13.7039
      vertex -23.0112 35 12.6666
      vertex -22.4567 35 13.7039
    endloop
  endfacet
  facet normal 0.881903 0 -0.471431
    outer loop
      vertex -23.0112 35 12.6666
      vertex -22.4567 21 13.7039
      vertex -23.0112 21 12.6666
    endloop
  endfacet
  facet normal 0.956951 0 -0.290248
    outer loop
      vertex -22.1153 21 14.8295
      vertex -22.4567 35 13.7039
      vertex -22.1153 35 14.8295
    endloop
  endfacet
  facet normal 0.956951 0 -0.290248
    outer loop
      vertex -22.4567 35 13.7039
      vertex -22.1153 21 14.8295
      vertex -22.4567 21 13.7039
    endloop
  endfacet
  facet normal 0.991449 -0 0.130496
    outer loop
      vertex -23.6533 35 17.1647
      vertex -23.5 37.5 16
      vertex -23.6533 37.5 17.1647
    endloop
  endfacet
  facet normal 0.991449 0 0.130496
    outer loop
      vertex -23.5 37.5 16
      vertex -23.6533 35 17.1647
      vertex -23.5 35 16
    endloop
  endfacet
  facet normal 0.991449 -0 0.130496
    outer loop
      vertex -23.6533 18.5 17.1647
      vertex -23.5 21 16
      vertex -23.6533 21 17.1647
    endloop
  endfacet
  facet normal 0.991449 0 0.130496
    outer loop
      vertex -23.5 21 16
      vertex -23.6533 18.5 17.1647
      vertex -23.5 18.5 16
    endloop
  endfacet
  facet normal 0.608735 0 0.793373
    outer loop
      vertex -25.75 37.5 19.8971
      vertex -24.818 35 19.182
      vertex -24.818 37.5 19.182
    endloop
  endfacet
  facet normal 0.608735 0 0.793373
    outer loop
      vertex -24.818 35 19.182
      vertex -25.75 37.5 19.8971
      vertex -25.75 35 19.8971
    endloop
  endfacet
  facet normal 0.608735 0 0.793373
    outer loop
      vertex -25.75 21 19.8971
      vertex -24.818 18.5 19.182
      vertex -24.818 21 19.182
    endloop
  endfacet
  facet normal 0.608735 0 0.793373
    outer loop
      vertex -24.818 18.5 19.182
      vertex -25.75 21 19.8971
      vertex -25.75 18.5 19.8971
    endloop
  endfacet
  facet normal -0.382723 0 -0.923863
    outer loop
      vertex -30.25 35 12.1029
      vertex -29.1647 37.5 11.6533
      vertex -29.1647 35 11.6533
    endloop
  endfacet
  facet normal -0.382723 0 -0.923863
    outer loop
      vertex -29.1647 37.5 11.6533
      vertex -30.25 35 12.1029
      vertex -30.25 37.5 12.1029
    endloop
  endfacet
  facet normal -0.382723 0 -0.923863
    outer loop
      vertex -30.25 18.5 12.1029
      vertex -29.1647 21 11.6533
      vertex -29.1647 18.5 11.6533
    endloop
  endfacet
  facet normal -0.382723 0 -0.923863
    outer loop
      vertex -29.1647 21 11.6533
      vertex -30.25 18.5 12.1029
      vertex -30.25 21 12.1029
    endloop
  endfacet
  facet normal 0.793373 -0 0.608735
    outer loop
      vertex -24.818 18.5 19.182
      vertex -24.1029 21 18.25
      vertex -24.818 21 19.182
    endloop
  endfacet
  facet normal 0.793373 0 0.608735
    outer loop
      vertex -24.1029 21 18.25
      vertex -24.818 18.5 19.182
      vertex -24.1029 18.5 18.25
    endloop
  endfacet
  facet normal 0.793373 -0 0.608735
    outer loop
      vertex -24.818 35 19.182
      vertex -24.1029 37.5 18.25
      vertex -24.818 37.5 19.182
    endloop
  endfacet
  facet normal 0.793373 0 0.608735
    outer loop
      vertex -24.1029 37.5 18.25
      vertex -24.818 35 19.182
      vertex -24.1029 35 18.25
    endloop
  endfacet
  facet normal 0.923863 -0 0.382723
    outer loop
      vertex -24.1029 35 18.25
      vertex -23.6533 37.5 17.1647
      vertex -24.1029 37.5 18.25
    endloop
  endfacet
  facet normal 0.923863 0 0.382723
    outer loop
      vertex -23.6533 37.5 17.1647
      vertex -24.1029 35 18.25
      vertex -23.6533 35 17.1647
    endloop
  endfacet
  facet normal 0.923863 -0 0.382723
    outer loop
      vertex -24.1029 18.5 18.25
      vertex -23.6533 21 17.1647
      vertex -24.1029 21 18.25
    endloop
  endfacet
  facet normal 0.923863 0 0.382723
    outer loop
      vertex -23.6533 21 17.1647
      vertex -24.1029 18.5 18.25
      vertex -23.6533 18.5 17.1647
    endloop
  endfacet
  facet normal -0.382723 0 0.923863
    outer loop
      vertex -30.25 21 19.8971
      vertex -29.1647 18.5 20.3467
      vertex -29.1647 21 20.3467
    endloop
  endfacet
  facet normal -0.382723 0 0.923863
    outer loop
      vertex -29.1647 18.5 20.3467
      vertex -30.25 21 19.8971
      vertex -30.25 18.5 19.8971
    endloop
  endfacet
  facet normal -0.382723 0 0.923863
    outer loop
      vertex -30.25 37.5 19.8971
      vertex -29.1647 35 20.3467
      vertex -29.1647 37.5 20.3467
    endloop
  endfacet
  facet normal -0.382723 0 0.923863
    outer loop
      vertex -29.1647 35 20.3467
      vertex -30.25 37.5 19.8971
      vertex -30.25 35 19.8971
    endloop
  endfacet
  facet normal -0.608735 0 0.793373
    outer loop
      vertex -31.182 21 19.182
      vertex -30.25 18.5 19.8971
      vertex -30.25 21 19.8971
    endloop
  endfacet
  facet normal -0.608735 0 0.793373
    outer loop
      vertex -30.25 18.5 19.8971
      vertex -31.182 21 19.182
      vertex -31.182 18.5 19.182
    endloop
  endfacet
  facet normal -0.608735 0 0.793373
    outer loop
      vertex -31.182 37.5 19.182
      vertex -30.25 35 19.8971
      vertex -30.25 37.5 19.8971
    endloop
  endfacet
  facet normal -0.608735 0 0.793373
    outer loop
      vertex -30.25 35 19.8971
      vertex -31.182 37.5 19.182
      vertex -31.182 35 19.182
    endloop
  endfacet
  facet normal 0.608735 0 -0.793373
    outer loop
      vertex -25.75 35 12.1029
      vertex -24.818 37.5 12.818
      vertex -24.818 35 12.818
    endloop
  endfacet
  facet normal 0.608735 0 -0.793373
    outer loop
      vertex -24.818 37.5 12.818
      vertex -25.75 35 12.1029
      vertex -25.75 37.5 12.1029
    endloop
  endfacet
  facet normal 0.608735 0 -0.793373
    outer loop
      vertex -25.75 18.5 12.1029
      vertex -24.818 21 12.818
      vertex -24.818 18.5 12.818
    endloop
  endfacet
  facet normal 0.608735 0 -0.793373
    outer loop
      vertex -24.818 21 12.818
      vertex -25.75 18.5 12.1029
      vertex -25.75 21 12.1029
    endloop
  endfacet
  facet normal -0.923863 0 -0.382723
    outer loop
      vertex -31.8971 18.5 13.75
      vertex -32.3467 21 14.8353
      vertex -31.8971 21 13.75
    endloop
  endfacet
  facet normal -0.923863 -0 -0.382723
    outer loop
      vertex -32.3467 21 14.8353
      vertex -31.8971 18.5 13.75
      vertex -32.3467 18.5 14.8353
    endloop
  endfacet
  facet normal -0.923863 0 -0.382723
    outer loop
      vertex -31.8971 35 13.75
      vertex -32.3467 37.5 14.8353
      vertex -31.8971 37.5 13.75
    endloop
  endfacet
  facet normal -0.923863 -0 -0.382723
    outer loop
      vertex -32.3467 37.5 14.8353
      vertex -31.8971 35 13.75
      vertex -32.3467 35 14.8353
    endloop
  endfacet
  facet normal -0.608735 0 -0.793373
    outer loop
      vertex -31.182 35 12.818
      vertex -30.25 37.5 12.1029
      vertex -30.25 35 12.1029
    endloop
  endfacet
  facet normal -0.608735 0 -0.793373
    outer loop
      vertex -30.25 37.5 12.1029
      vertex -31.182 35 12.818
      vertex -31.182 37.5 12.818
    endloop
  endfacet
  facet normal -0.608735 0 -0.793373
    outer loop
      vertex -31.182 18.5 12.818
      vertex -30.25 21 12.1029
      vertex -30.25 18.5 12.1029
    endloop
  endfacet
  facet normal -0.608735 0 -0.793373
    outer loop
      vertex -30.25 21 12.1029
      vertex -31.182 18.5 12.818
      vertex -31.182 21 12.818
    endloop
  endfacet
  facet normal 0 1 0
    outer loop
      vertex -26.8353 37.5 20.3467
      vertex -29.1647 37.5 20.3467
      vertex -28 37.5 20.5
    endloop
  endfacet
  facet normal 0 1 0
    outer loop
      vertex -25.75 37.5 19.8971
      vertex -29.1647 37.5 20.3467
      vertex -26.8353 37.5 20.3467
    endloop
  endfacet
  facet normal 0 1 0
    outer loop
      vertex -25.75 37.5 19.8971
      vertex -30.25 37.5 19.8971
      vertex -29.1647 37.5 20.3467
    endloop
  endfacet
  facet normal 0 1 0
    outer loop
      vertex -24.818 37.5 19.182
      vertex -30.25 37.5 19.8971
      vertex -25.75 37.5 19.8971
    endloop
  endfacet
  facet normal 0 1 0
    outer loop
      vertex -24.818 37.5 19.182
      vertex -31.182 37.5 19.182
      vertex -30.25 37.5 19.8971
    endloop
  endfacet
  facet normal 0 1 0
    outer loop
      vertex -24.1029 37.5 18.25
      vertex -31.182 37.5 19.182
      vertex -24.818 37.5 19.182
    endloop
  endfacet
  facet normal 0 1 0
    outer loop
      vertex -24.1029 37.5 18.25
      vertex -31.8971 37.5 18.25
      vertex -31.182 37.5 19.182
    endloop
  endfacet
  facet normal 0 1 0
    outer loop
      vertex -23.6533 37.5 17.1647
      vertex -31.8971 37.5 18.25
      vertex -24.1029 37.5 18.25
    endloop
  endfacet
  facet normal 0 1 0
    outer loop
      vertex -23.6533 37.5 17.1647
      vertex -32.3467 37.5 17.1647
      vertex -31.8971 37.5 18.25
    endloop
  endfacet
  facet normal 0 1 0
    outer loop
      vertex -23.5 37.5 16
      vertex -32.3467 37.5 17.1647
      vertex -23.6533 37.5 17.1647
    endloop
  endfacet
  facet normal 0 1 0
    outer loop
      vertex -23.5 37.5 16
      vertex -32.5 37.5 16
      vertex -32.3467 37.5 17.1647
    endloop
  endfacet
  facet normal 0 1 -0
    outer loop
      vertex -23.6533 37.5 14.8353
      vertex -32.5 37.5 16
      vertex -23.5 37.5 16
    endloop
  endfacet
  facet normal 0 1 0
    outer loop
      vertex -23.6533 37.5 14.8353
      vertex -32.3467 37.5 14.8353
      vertex -32.5 37.5 16
    endloop
  endfacet
  facet normal 0 1 -0
    outer loop
      vertex -24.1029 37.5 13.75
      vertex -32.3467 37.5 14.8353
      vertex -23.6533 37.5 14.8353
    endloop
  endfacet
  facet normal 0 1 0
    outer loop
      vertex -24.1029 37.5 13.75
      vertex -31.8971 37.5 13.75
      vertex -32.3467 37.5 14.8353
    endloop
  endfacet
  facet normal 0 1 -0
    outer loop
      vertex -24.818 37.5 12.818
      vertex -31.8971 37.5 13.75
      vertex -24.1029 37.5 13.75
    endloop
  endfacet
  facet normal 0 1 0
    outer loop
      vertex -24.818 37.5 12.818
      vertex -31.182 37.5 12.818
      vertex -31.8971 37.5 13.75
    endloop
  endfacet
  facet normal 0 1 -0
    outer loop
      vertex -25.75 37.5 12.1029
      vertex -31.182 37.5 12.818
      vertex -24.818 37.5 12.818
    endloop
  endfacet
  facet normal 0 1 0
    outer loop
      vertex -25.75 37.5 12.1029
      vertex -30.25 37.5 12.1029
      vertex -31.182 37.5 12.818
    endloop
  endfacet
  facet normal 0 1 -0
    outer loop
      vertex -26.8353 37.5 11.6533
      vertex -30.25 37.5 12.1029
      vertex -25.75 37.5 12.1029
    endloop
  endfacet
  facet normal 0 1 0
    outer loop
      vertex -26.8353 37.5 11.6533
      vertex -29.1647 37.5 11.6533
      vertex -30.25 37.5 12.1029
    endloop
  endfacet
  facet normal -0 1 0
    outer loop
      vertex -29.1647 37.5 11.6533
      vertex -26.8353 37.5 11.6533
      vertex -28 37.5 11.5
    endloop
  endfacet
  facet normal -0.793373 0 -0.608735
    outer loop
      vertex -31.182 18.5 12.818
      vertex -31.8971 21 13.75
      vertex -31.182 21 12.818
    endloop
  endfacet
  facet normal -0.793373 -0 -0.608735
    outer loop
      vertex -31.8971 21 13.75
      vertex -31.182 18.5 12.818
      vertex -31.8971 18.5 13.75
    endloop
  endfacet
  facet normal -0.793373 0 -0.608735
    outer loop
      vertex -31.182 35 12.818
      vertex -31.8971 37.5 13.75
      vertex -31.182 37.5 12.818
    endloop
  endfacet
  facet normal -0.793373 -0 -0.608735
    outer loop
      vertex -31.8971 37.5 13.75
      vertex -31.182 35 12.818
      vertex -31.8971 35 13.75
    endloop
  endfacet
  facet normal 0.130496 0 0.991449
    outer loop
      vertex -28 37.5 20.5
      vertex -26.8353 35 20.3467
      vertex -26.8353 37.5 20.3467
    endloop
  endfacet
  facet normal 0.130496 0 0.991449
    outer loop
      vertex -26.8353 35 20.3467
      vertex -28 37.5 20.5
      vertex -28 35 20.5
    endloop
  endfacet
  facet normal 0.130496 0 0.991449
    outer loop
      vertex -28 21 20.5
      vertex -26.8353 18.5 20.3467
      vertex -26.8353 21 20.3467
    endloop
  endfacet
  facet normal 0.130496 0 0.991449
    outer loop
      vertex -26.8353 18.5 20.3467
      vertex -28 21 20.5
      vertex -28 18.5 20.5
    endloop
  endfacet
  facet normal -0.991449 0 0.130496
    outer loop
      vertex -32.5 35 16
      vertex -32.3467 37.5 17.1647
      vertex -32.5 37.5 16
    endloop
  endfacet
  facet normal -0.991449 0 0.130496
    outer loop
      vertex -32.3467 37.5 17.1647
      vertex -32.5 35 16
      vertex -32.3467 35 17.1647
    endloop
  endfacet
  facet normal -0.991449 0 0.130496
    outer loop
      vertex -32.5 18.5 16
      vertex -32.3467 21 17.1647
      vertex -32.5 21 16
    endloop
  endfacet
  facet normal -0.991449 0 0.130496
    outer loop
      vertex -32.3467 21 17.1647
      vertex -32.5 18.5 16
      vertex -32.3467 18.5 17.1647
    endloop
  endfacet
  facet normal -0.793373 0 0.608735
    outer loop
      vertex -31.8971 35 18.25
      vertex -31.182 37.5 19.182
      vertex -31.8971 37.5 18.25
    endloop
  endfacet
  facet normal -0.793373 0 0.608735
    outer loop
      vertex -31.182 37.5 19.182
      vertex -31.8971 35 18.25
      vertex -31.182 35 19.182
    endloop
  endfacet
  facet normal -0.793373 0 0.608735
    outer loop
      vertex -31.8971 18.5 18.25
      vertex -31.182 21 19.182
      vertex -31.8971 21 18.25
    endloop
  endfacet
  facet normal -0.793373 0 0.608735
    outer loop
      vertex -31.182 21 19.182
      vertex -31.8971 18.5 18.25
      vertex -31.182 18.5 19.182
    endloop
  endfacet
  facet normal -0.130496 0 0.991449
    outer loop
      vertex -29.1647 37.5 20.3467
      vertex -28 35 20.5
      vertex -28 37.5 20.5
    endloop
  endfacet
  facet normal -0.130496 0 0.991449
    outer loop
      vertex -28 35 20.5
      vertex -29.1647 37.5 20.3467
      vertex -29.1647 35 20.3467
    endloop
  endfacet
  facet normal -0.130496 0 0.991449
    outer loop
      vertex -29.1647 21 20.3467
      vertex -28 18.5 20.5
      vertex -28 21 20.5
    endloop
  endfacet
  facet normal -0.130496 0 0.991449
    outer loop
      vertex -28 18.5 20.5
      vertex -29.1647 21 20.3467
      vertex -29.1647 18.5 20.3467
    endloop
  endfacet
  facet normal 0.923863 0 -0.382723
    outer loop
      vertex -23.6533 35 14.8353
      vertex -24.1029 37.5 13.75
      vertex -23.6533 37.5 14.8353
    endloop
  endfacet
  facet normal 0.923863 0 -0.382723
    outer loop
      vertex -24.1029 37.5 13.75
      vertex -23.6533 35 14.8353
      vertex -24.1029 35 13.75
    endloop
  endfacet
  facet normal 0.923863 0 -0.382723
    outer loop
      vertex -23.6533 18.5 14.8353
      vertex -24.1029 21 13.75
      vertex -23.6533 21 14.8353
    endloop
  endfacet
  facet normal 0.923863 0 -0.382723
    outer loop
      vertex -24.1029 21 13.75
      vertex -23.6533 18.5 14.8353
      vertex -24.1029 18.5 13.75
    endloop
  endfacet
  facet normal 0.130496 0 -0.991449
    outer loop
      vertex -28 35 11.5
      vertex -26.8353 37.5 11.6533
      vertex -26.8353 35 11.6533
    endloop
  endfacet
  facet normal 0.130496 0 -0.991449
    outer loop
      vertex -26.8353 37.5 11.6533
      vertex -28 35 11.5
      vertex -28 37.5 11.5
    endloop
  endfacet
  facet normal 0.130496 0 -0.991449
    outer loop
      vertex -28 18.5 11.5
      vertex -26.8353 21 11.6533
      vertex -26.8353 18.5 11.6533
    endloop
  endfacet
  facet normal 0.130496 0 -0.991449
    outer loop
      vertex -26.8353 21 11.6533
      vertex -28 18.5 11.5
      vertex -28 21 11.5
    endloop
  endfacet
  facet normal 0.382723 0 -0.923863
    outer loop
      vertex -26.8353 35 11.6533
      vertex -25.75 37.5 12.1029
      vertex -25.75 35 12.1029
    endloop
  endfacet
  facet normal 0.382723 0 -0.923863
    outer loop
      vertex -25.75 37.5 12.1029
      vertex -26.8353 35 11.6533
      vertex -26.8353 37.5 11.6533
    endloop
  endfacet
  facet normal 0.382723 0 -0.923863
    outer loop
      vertex -26.8353 18.5 11.6533
      vertex -25.75 21 12.1029
      vertex -25.75 18.5 12.1029
    endloop
  endfacet
  facet normal 0.382723 0 -0.923863
    outer loop
      vertex -25.75 21 12.1029
      vertex -26.8353 18.5 11.6533
      vertex -26.8353 21 11.6533
    endloop
  endfacet
  facet normal -0.130496 0 -0.991449
    outer loop
      vertex -29.1647 35 11.6533
      vertex -28 37.5 11.5
      vertex -28 35 11.5
    endloop
  endfacet
  facet normal -0.130496 0 -0.991449
    outer loop
      vertex -28 37.5 11.5
      vertex -29.1647 35 11.6533
      vertex -29.1647 37.5 11.6533
    endloop
  endfacet
  facet normal -0.130496 0 -0.991449
    outer loop
      vertex -29.1647 18.5 11.6533
      vertex -28 21 11.5
      vertex -28 18.5 11.5
    endloop
  endfacet
  facet normal -0.130496 0 -0.991449
    outer loop
      vertex -28 21 11.5
      vertex -29.1647 18.5 11.6533
      vertex -29.1647 21 11.6533
    endloop
  endfacet
  facet normal -0.991449 0 -0.130496
    outer loop
      vertex -32.3467 35 14.8353
      vertex -32.5 37.5 16
      vertex -32.3467 37.5 14.8353
    endloop
  endfacet
  facet normal -0.991449 -0 -0.130496
    outer loop
      vertex -32.5 37.5 16
      vertex -32.3467 35 14.8353
      vertex -32.5 35 16
    endloop
  endfacet
  facet normal -0.991449 0 -0.130496
    outer loop
      vertex -32.3467 18.5 14.8353
      vertex -32.5 21 16
      vertex -32.3467 21 14.8353
    endloop
  endfacet
  facet normal -0.991449 -0 -0.130496
    outer loop
      vertex -32.5 21 16
      vertex -32.3467 18.5 14.8353
      vertex -32.5 18.5 16
    endloop
  endfacet
  facet normal 0.382723 0 0.923863
    outer loop
      vertex -26.8353 37.5 20.3467
      vertex -25.75 35 19.8971
      vertex -25.75 37.5 19.8971
    endloop
  endfacet
  facet normal 0.382723 0 0.923863
    outer loop
      vertex -25.75 35 19.8971
      vertex -26.8353 37.5 20.3467
      vertex -26.8353 35 20.3467
    endloop
  endfacet
  facet normal 0.382723 0 0.923863
    outer loop
      vertex -26.8353 21 20.3467
      vertex -25.75 18.5 19.8971
      vertex -25.75 21 19.8971
    endloop
  endfacet
  facet normal 0.382723 0 0.923863
    outer loop
      vertex -25.75 18.5 19.8971
      vertex -26.8353 21 20.3467
      vertex -26.8353 18.5 20.3467
    endloop
  endfacet
  facet normal 0 -1 0
    outer loop
      vertex -29.1647 18.5 20.3467
      vertex -26.8353 18.5 20.3467
      vertex -28 18.5 20.5
    endloop
  endfacet
  facet normal 0 -1 0
    outer loop
      vertex -30.25 18.5 19.8971
      vertex -26.8353 18.5 20.3467
      vertex -29.1647 18.5 20.3467
    endloop
  endfacet
  facet normal 0 -1 0
    outer loop
      vertex -30.25 18.5 19.8971
      vertex -25.75 18.5 19.8971
      vertex -26.8353 18.5 20.3467
    endloop
  endfacet
  facet normal 0 -1 0
    outer loop
      vertex -31.182 18.5 19.182
      vertex -25.75 18.5 19.8971
      vertex -30.25 18.5 19.8971
    endloop
  endfacet
  facet normal 0 -1 0
    outer loop
      vertex -31.182 18.5 19.182
      vertex -24.818 18.5 19.182
      vertex -25.75 18.5 19.8971
    endloop
  endfacet
  facet normal 0 -1 0
    outer loop
      vertex -31.8971 18.5 18.25
      vertex -24.818 18.5 19.182
      vertex -31.182 18.5 19.182
    endloop
  endfacet
  facet normal 0 -1 0
    outer loop
      vertex -31.8971 18.5 18.25
      vertex -24.1029 18.5 18.25
      vertex -24.818 18.5 19.182
    endloop
  endfacet
  facet normal 0 -1 0
    outer loop
      vertex -32.3467 18.5 17.1647
      vertex -24.1029 18.5 18.25
      vertex -31.8971 18.5 18.25
    endloop
  endfacet
  facet normal 0 -1 0
    outer loop
      vertex -32.3467 18.5 17.1647
      vertex -23.6533 18.5 17.1647
      vertex -24.1029 18.5 18.25
    endloop
  endfacet
  facet normal 0 -1 0
    outer loop
      vertex -32.5 18.5 16
      vertex -23.6533 18.5 17.1647
      vertex -32.3467 18.5 17.1647
    endloop
  endfacet
  facet normal 0 -1 0
    outer loop
      vertex -32.5 18.5 16
      vertex -23.5 18.5 16
      vertex -23.6533 18.5 17.1647
    endloop
  endfacet
  facet normal 0 -1 0
    outer loop
      vertex -32.3467 18.5 14.8353
      vertex -23.5 18.5 16
      vertex -32.5 18.5 16
    endloop
  endfacet
  facet normal 0 -1 0
    outer loop
      vertex -32.3467 18.5 14.8353
      vertex -23.6533 18.5 14.8353
      vertex -23.5 18.5 16
    endloop
  endfacet
  facet normal 0 -1 0
    outer loop
      vertex -31.8971 18.5 13.75
      vertex -23.6533 18.5 14.8353
      vertex -32.3467 18.5 14.8353
    endloop
  endfacet
  facet normal 0 -1 0
    outer loop
      vertex -31.8971 18.5 13.75
      vertex -24.1029 18.5 13.75
      vertex -23.6533 18.5 14.8353
    endloop
  endfacet
  facet normal 0 -1 0
    outer loop
      vertex -31.182 18.5 12.818
      vertex -24.1029 18.5 13.75
      vertex -31.8971 18.5 13.75
    endloop
  endfacet
  facet normal 0 -1 0
    outer loop
      vertex -31.182 18.5 12.818
      vertex -24.818 18.5 12.818
      vertex -24.1029 18.5 13.75
    endloop
  endfacet
  facet normal 0 -1 0
    outer loop
      vertex -30.25 18.5 12.1029
      vertex -24.818 18.5 12.818
      vertex -31.182 18.5 12.818
    endloop
  endfacet
  facet normal 0 -1 0
    outer loop
      vertex -30.25 18.5 12.1029
      vertex -25.75 18.5 12.1029
      vertex -24.818 18.5 12.818
    endloop
  endfacet
  facet normal 0 -1 0
    outer loop
      vertex -29.1647 18.5 11.6533
      vertex -25.75 18.5 12.1029
      vertex -30.25 18.5 12.1029
    endloop
  endfacet
  facet normal 0 -1 0
    outer loop
      vertex -29.1647 18.5 11.6533
      vertex -26.8353 18.5 11.6533
      vertex -25.75 18.5 12.1029
    endloop
  endfacet
  facet normal -0 -1 0
    outer loop
      vertex -26.8353 18.5 11.6533
      vertex -29.1647 18.5 11.6533
      vertex -28 18.5 11.5
    endloop
  endfacet
  facet normal -0.923863 0 0.382723
    outer loop
      vertex -32.3467 35 17.1647
      vertex -31.8971 37.5 18.25
      vertex -32.3467 37.5 17.1647
    endloop
  endfacet
  facet normal -0.923863 0 0.382723
    outer loop
      vertex -31.8971 37.5 18.25
      vertex -32.3467 35 17.1647
      vertex -31.8971 35 18.25
    endloop
  endfacet
  facet normal -0.923863 0 0.382723
    outer loop
      vertex -32.3467 18.5 17.1647
      vertex -31.8971 21 18.25
      vertex -32.3467 21 17.1647
    endloop
  endfacet
  facet normal -0.923863 0 0.382723
    outer loop
      vertex -31.8971 21 18.25
      vertex -32.3467 18.5 17.1647
      vertex -31.8971 18.5 18.25
    endloop
  endfacet
  facet normal 0.991449 0 -0.130496
    outer loop
      vertex -23.5 35 16
      vertex -23.6533 37.5 14.8353
      vertex -23.5 37.5 16
    endloop
  endfacet
  facet normal 0.991449 0 -0.130496
    outer loop
      vertex -23.6533 37.5 14.8353
      vertex -23.5 35 16
      vertex -23.6533 35 14.8353
    endloop
  endfacet
  facet normal 0.991449 0 -0.130496
    outer loop
      vertex -23.5 18.5 16
      vertex -23.6533 21 14.8353
      vertex -23.5 21 16
    endloop
  endfacet
  facet normal 0.991449 0 -0.130496
    outer loop
      vertex -23.6533 21 14.8353
      vertex -23.5 18.5 16
      vertex -23.6533 18.5 14.8353
    endloop
  endfacet
  facet normal 0.793373 0 -0.608735
    outer loop
      vertex -24.1029 18.5 13.75
      vertex -24.818 21 12.818
      vertex -24.1029 21 13.75
    endloop
  endfacet
  facet normal 0.793373 0 -0.608735
    outer loop
      vertex -24.818 21 12.818
      vertex -24.1029 18.5 13.75
      vertex -24.818 18.5 12.818
    endloop
  endfacet
  facet normal 0.793373 0 -0.608735
    outer loop
      vertex -24.1029 35 13.75
      vertex -24.818 37.5 12.818
      vertex -24.1029 37.5 13.75
    endloop
  endfacet
  facet normal 0.793373 0 -0.608735
    outer loop
      vertex -24.818 37.5 12.818
      vertex -24.1029 35 13.75
      vertex -24.818 35 12.818
    endloop
  endfacet
  facet normal -0.997859 0 0.0654083
    outer loop
      vertex -17 20 16
      vertex -16.923 36 17.1747
      vertex -17 36 16
    endloop
  endfacet
  facet normal -0.997859 0 0.0654083
    outer loop
      vertex -16.923 36 17.1747
      vertex -17 20 16
      vertex -16.923 20 17.1747
    endloop
  endfacet
  facet normal 0.0654061 0 0.997859
    outer loop
      vertex -8 36 25
      vertex -6.82526 20 24.923
      vertex -6.82526 36 24.923
    endloop
  endfacet
  facet normal 0.0654061 0 0.997859
    outer loop
      vertex -6.82526 20 24.923
      vertex -8 36 25
      vertex -8 20 25
    endloop
  endfacet
  facet normal 0.659336 0 0.751848
    outer loop
      vertex -2.52115 36 23.1402
      vertex -1.63604 20 22.364
      vertex -1.63604 36 22.364
    endloop
  endfacet
  facet normal 0.659336 0 0.751848
    outer loop
      vertex -1.63604 20 22.364
      vertex -2.52115 36 23.1402
      vertex -2.52115 20 23.1402
    endloop
  endfacet
  facet normal -0.65934 0 0.751845
    outer loop
      vertex -14.364 36 22.364
      vertex -13.4789 20 23.1402
      vertex -13.4789 36 23.1402
    endloop
  endfacet
  facet normal -0.65934 0 0.751845
    outer loop
      vertex -13.4789 20 23.1402
      vertex -14.364 36 22.364
      vertex -14.364 20 22.364
    endloop
  endfacet
  facet normal -0.321447 0 0.946927
    outer loop
      vertex -11.4441 36 24.3149
      vertex -10.3294 20 24.6933
      vertex -10.3294 36 24.6933
    endloop
  endfacet
  facet normal -0.321447 0 0.946927
    outer loop
      vertex -10.3294 20 24.6933
      vertex -11.4441 36 24.3149
      vertex -11.4441 20 24.3149
    endloop
  endfacet
  facet normal -0.980783 0 -0.195103
    outer loop
      vertex -16.6933 20 13.6706
      vertex -16.923 36 14.8253
      vertex -16.6933 36 13.6706
    endloop
  endfacet
  facet normal -0.980783 -0 -0.195103
    outer loop
      vertex -16.923 36 14.8253
      vertex -16.6933 20 13.6706
      vertex -16.923 20 14.8253
    endloop
  endfacet
  facet normal 0 1 0
    outer loop
      vertex 8 36 22.5
      vertex 8 36 25
      vertex 9.17474 36 24.923
    endloop
  endfacet
  facet normal 0 1 0
    outer loop
      vertex 8.84842 36 22.4444
      vertex 9.17474 36 24.923
      vertex 10.3294 36 24.6933
    endloop
  endfacet
  facet normal 0 1 0
    outer loop
      vertex 8 36 25
      vertex 8 36 22.5
      vertex 6.82526 36 24.923
    endloop
  endfacet
  facet normal 0 1 0
    outer loop
      vertex 9.68232 36 22.2785
      vertex 10.3294 36 24.6933
      vertex 11.4441 36 24.3149
    endloop
  endfacet
  facet normal 0 1 -0
    outer loop
      vertex 7.15158 36 22.4444
      vertex 6.82526 36 24.923
      vertex 8 36 22.5
    endloop
  endfacet
  facet normal 0 1 0
    outer loop
      vertex 10.4874 36 22.0052
      vertex 11.4441 36 24.3149
      vertex 12.5 36 23.7942
    endloop
  endfacet
  facet normal 0 1 0
    outer loop
      vertex 6.82526 36 24.923
      vertex 7.15158 36 22.4444
      vertex 5.67063 36 24.6933
    endloop
  endfacet
  facet normal 0 1 0
    outer loop
      vertex 11.25 36 21.6292
      vertex 12.5 36 23.7942
      vertex 13.4789 36 23.1402
    endloop
  endfacet
  facet normal 0 1 -0
    outer loop
      vertex 6.31768 36 22.2785
      vertex 5.67063 36 24.6933
      vertex 7.15158 36 22.4444
    endloop
  endfacet
  facet normal 0 1 0
    outer loop
      vertex 5.67063 36 24.6933
      vertex 6.31768 36 22.2785
      vertex 4.55585 36 24.3149
    endloop
  endfacet
  facet normal 0 1 0
    outer loop
      vertex 9.17474 36 24.923
      vertex 8.84842 36 22.4444
      vertex 8 36 22.5
    endloop
  endfacet
  facet normal 0 1 0
    outer loop
      vertex 11.9569 36 21.1568
      vertex 13.4789 36 23.1402
      vertex 14.364 36 22.364
    endloop
  endfacet
  facet normal 0 1 0
    outer loop
      vertex 10.3294 36 24.6933
      vertex 9.68232 36 22.2785
      vertex 8.84842 36 22.4444
    endloop
  endfacet
  facet normal 0 1 0
    outer loop
      vertex 11.4441 36 24.3149
      vertex 10.4874 36 22.0052
      vertex 9.68232 36 22.2785
    endloop
  endfacet
  facet normal 0 1 0
    outer loop
      vertex 12.5 36 23.7942
      vertex 11.25 36 21.6292
      vertex 10.4874 36 22.0052
    endloop
  endfacet
  facet normal 0 1 0
    outer loop
      vertex 12.5962 36 20.5962
      vertex 14.364 36 22.364
      vertex 15.1402 36 21.4789
    endloop
  endfacet
  facet normal 0 1 0
    outer loop
      vertex 13.4789 36 23.1402
      vertex 11.9569 36 21.1568
      vertex 11.25 36 21.6292
    endloop
  endfacet
  facet normal 0 1 0
    outer loop
      vertex 14.364 36 22.364
      vertex 12.5962 36 20.5962
      vertex 11.9569 36 21.1568
    endloop
  endfacet
  facet normal 0 1 0
    outer loop
      vertex 13.1568 36 19.9569
      vertex 15.1402 36 21.4789
      vertex 15.7942 36 20.5
    endloop
  endfacet
  facet normal 0 1 0
    outer loop
      vertex 15.1402 36 21.4789
      vertex 13.1568 36 19.9569
      vertex 12.5962 36 20.5962
    endloop
  endfacet
  facet normal 0 1 0
    outer loop
      vertex 13.6292 36 19.25
      vertex 15.7942 36 20.5
      vertex 16.3149 36 19.4441
    endloop
  endfacet
  facet normal 0 1 0
    outer loop
      vertex 15.7942 36 20.5
      vertex 13.6292 36 19.25
      vertex 13.1568 36 19.9569
    endloop
  endfacet
  facet normal 0 1 0
    outer loop
      vertex 16.3149 36 19.4441
      vertex 14.0052 36 18.4874
      vertex 13.6292 36 19.25
    endloop
  endfacet
  facet normal 0 1 0
    outer loop
      vertex 16.6933 36 18.3294
      vertex 14.0052 36 18.4874
      vertex 16.3149 36 19.4441
    endloop
  endfacet
  facet normal 0 1 0
    outer loop
      vertex 16.6933 36 18.3294
      vertex 14.2785 36 17.6823
      vertex 14.0052 36 18.4874
    endloop
  endfacet
  facet normal 0 1 0
    outer loop
      vertex 16.923 36 17.1747
      vertex 14.2785 36 17.6823
      vertex 16.6933 36 18.3294
    endloop
  endfacet
  facet normal 0 1 0
    outer loop
      vertex 16.923 36 17.1747
      vertex 14.4444 36 16.8484
      vertex 14.2785 36 17.6823
    endloop
  endfacet
  facet normal 0 1 0
    outer loop
      vertex 17 36 16
      vertex 14.4444 36 16.8484
      vertex 16.923 36 17.1747
    endloop
  endfacet
  facet normal 0 1 0
    outer loop
      vertex 17 36 16
      vertex 14.5 36 16
      vertex 14.4444 36 16.8484
    endloop
  endfacet
  facet normal 0 1 0
    outer loop
      vertex 17 36 16
      vertex 14.4444 36 15.1516
      vertex 14.5 36 16
    endloop
  endfacet
  facet normal 0 1 -0
    outer loop
      vertex 16.923 36 14.8253
      vertex 14.4444 36 15.1516
      vertex 17 36 16
    endloop
  endfacet
  facet normal 0 1 0
    outer loop
      vertex 16.923 36 14.8253
      vertex 14.2785 36 14.3177
      vertex 14.4444 36 15.1516
    endloop
  endfacet
  facet normal 0 1 -0
    outer loop
      vertex 16.6933 36 13.6706
      vertex 14.2785 36 14.3177
      vertex 16.923 36 14.8253
    endloop
  endfacet
  facet normal 0 1 0
    outer loop
      vertex 16.6933 36 13.6706
      vertex 14.0052 36 13.5126
      vertex 14.2785 36 14.3177
    endloop
  endfacet
  facet normal 0 1 -0
    outer loop
      vertex 16.3149 36 12.5559
      vertex 14.0052 36 13.5126
      vertex 16.6933 36 13.6706
    endloop
  endfacet
  facet normal 0 1 0
    outer loop
      vertex 14.0052 36 13.5126
      vertex 16.3149 36 12.5559
      vertex 13.6292 36 12.75
    endloop
  endfacet
  facet normal 0 1 -0
    outer loop
      vertex 15.7942 36 11.5
      vertex 13.6292 36 12.75
      vertex 16.3149 36 12.5559
    endloop
  endfacet
  facet normal 0 1 0
    outer loop
      vertex 13.6292 36 12.75
      vertex 15.7942 36 11.5
      vertex 13.1568 36 12.0431
    endloop
  endfacet
  facet normal 0 1 -0
    outer loop
      vertex 15.1402 36 10.5211
      vertex 13.1568 36 12.0431
      vertex 15.7942 36 11.5
    endloop
  endfacet
  facet normal 0 1 0
    outer loop
      vertex 13.1568 36 12.0431
      vertex 15.1402 36 10.5211
      vertex 12.5962 36 11.4038
    endloop
  endfacet
  facet normal 0 1 -0
    outer loop
      vertex 14.364 36 9.63604
      vertex 12.5962 36 11.4038
      vertex 15.1402 36 10.5211
    endloop
  endfacet
  facet normal 0 1 0
    outer loop
      vertex 12.5962 36 11.4038
      vertex 14.364 36 9.63604
      vertex 11.9569 36 10.8432
    endloop
  endfacet
  facet normal 0 1 -0
    outer loop
      vertex 13.4789 36 8.85982
      vertex 11.9569 36 10.8432
      vertex 14.364 36 9.63604
    endloop
  endfacet
  facet normal 0 1 0
    outer loop
      vertex 11.9569 36 10.8432
      vertex 13.4789 36 8.85982
      vertex 11.25 36 10.3708
    endloop
  endfacet
  facet normal 0 1 -0
    outer loop
      vertex 12.5 36 8.20577
      vertex 11.25 36 10.3708
      vertex 13.4789 36 8.85982
    endloop
  endfacet
  facet normal 0 1 -0
    outer loop
      vertex 12.0827 36 8
      vertex 11.25 36 10.3708
      vertex 12.5 36 8.20577
    endloop
  endfacet
  facet normal 0 1 0
    outer loop
      vertex 11.25 36 10.3708
      vertex 12.0827 36 8
      vertex 10.4874 36 9.99478
    endloop
  endfacet
  facet normal 0 1 0
    outer loop
      vertex 10.4874 36 9.99478
      vertex 12.0827 36 8
      vertex 9.68232 36 9.72148
    endloop
  endfacet
  facet normal 0 1 -0
    outer loop
      vertex 5.51256 36 22.0052
      vertex 4.55585 36 24.3149
      vertex 6.31768 36 22.2785
    endloop
  endfacet
  facet normal 0 1 0
    outer loop
      vertex 4.55585 36 24.3149
      vertex 5.51256 36 22.0052
      vertex 3.5 36 23.7942
    endloop
  endfacet
  facet normal 0 1 -0
    outer loop
      vertex 4.75 36 21.6292
      vertex 3.5 36 23.7942
      vertex 5.51256 36 22.0052
    endloop
  endfacet
  facet normal 0 1 0
    outer loop
      vertex 3.5 36 23.7942
      vertex 4.75 36 21.6292
      vertex 2.52115 36 23.1402
    endloop
  endfacet
  facet normal 0 1 -0
    outer loop
      vertex 4.04305 36 21.1568
      vertex 2.52115 36 23.1402
      vertex 4.75 36 21.6292
    endloop
  endfacet
  facet normal 0 1 0
    outer loop
      vertex 2.52115 36 23.1402
      vertex 4.04305 36 21.1568
      vertex 1.63604 36 22.364
    endloop
  endfacet
  facet normal 0 1 -0
    outer loop
      vertex 3.40381 36 20.5962
      vertex 1.63604 36 22.364
      vertex 4.04305 36 21.1568
    endloop
  endfacet
  facet normal 0 1 0
    outer loop
      vertex 1.63604 36 22.364
      vertex 3.40381 36 20.5962
      vertex 0.85982 36 21.4789
    endloop
  endfacet
  facet normal 0 1 -0
    outer loop
      vertex 2.8432 36 19.9569
      vertex 0.85982 36 21.4789
      vertex 3.40381 36 20.5962
    endloop
  endfacet
  facet normal 0 1 0
    outer loop
      vertex 0.85982 36 21.4789
      vertex 2.8432 36 19.9569
      vertex 0.205771 36 20.5
    endloop
  endfacet
  facet normal 0 1 -0
    outer loop
      vertex 2.37084 36 19.25
      vertex 0.205771 36 20.5
      vertex 2.8432 36 19.9569
    endloop
  endfacet
  facet normal 0 1 0
    outer loop
      vertex -8 36 22.5
      vertex -8 36 25
      vertex -6.82526 36 24.923
    endloop
  endfacet
  facet normal 0 1 0
    outer loop
      vertex -7.15158 36 22.4444
      vertex -6.82526 36 24.923
      vertex -5.67063 36 24.6933
    endloop
  endfacet
  facet normal 0 1 0
    outer loop
      vertex -8 36 25
      vertex -8 36 22.5
      vertex -9.17474 36 24.923
    endloop
  endfacet
  facet normal 0 1 0
    outer loop
      vertex -6.31768 36 22.2785
      vertex -5.67063 36 24.6933
      vertex -4.55585 36 24.3149
    endloop
  endfacet
  facet normal 0 1 -0
    outer loop
      vertex -8.84842 36 22.4444
      vertex -9.17474 36 24.923
      vertex -8 36 22.5
    endloop
  endfacet
  facet normal 0 1 0
    outer loop
      vertex -5.51256 36 22.0052
      vertex -4.55585 36 24.3149
      vertex -3.5 36 23.7942
    endloop
  endfacet
  facet normal 0 1 0
    outer loop
      vertex -9.17474 36 24.923
      vertex -8.84842 36 22.4444
      vertex -10.3294 36 24.6933
    endloop
  endfacet
  facet normal 0 1 0
    outer loop
      vertex -4.75 36 21.6292
      vertex -3.5 36 23.7942
      vertex -2.52115 36 23.1402
    endloop
  endfacet
  facet normal 0 1 -0
    outer loop
      vertex -9.68232 36 22.2785
      vertex -10.3294 36 24.6933
      vertex -8.84842 36 22.4444
    endloop
  endfacet
  facet normal 0 1 0
    outer loop
      vertex -10.3294 36 24.6933
      vertex -9.68232 36 22.2785
      vertex -11.4441 36 24.3149
    endloop
  endfacet
  facet normal 0 1 0
    outer loop
      vertex -6.82526 36 24.923
      vertex -7.15158 36 22.4444
      vertex -8 36 22.5
    endloop
  endfacet
  facet normal 0 1 0
    outer loop
      vertex -4.04305 36 21.1568
      vertex -2.52115 36 23.1402
      vertex -1.63604 36 22.364
    endloop
  endfacet
  facet normal 0 1 0
    outer loop
      vertex -5.67063 36 24.6933
      vertex -6.31768 36 22.2785
      vertex -7.15158 36 22.4444
    endloop
  endfacet
  facet normal 0 1 0
    outer loop
      vertex -4.55585 36 24.3149
      vertex -5.51256 36 22.0052
      vertex -6.31768 36 22.2785
    endloop
  endfacet
  facet normal 0 1 0
    outer loop
      vertex -3.5 36 23.7942
      vertex -4.75 36 21.6292
      vertex -5.51256 36 22.0052
    endloop
  endfacet
  facet normal 0 1 0
    outer loop
      vertex -3.40381 36 20.5962
      vertex -1.63604 36 22.364
      vertex -0.85982 36 21.4789
    endloop
  endfacet
  facet normal 0 1 0
    outer loop
      vertex -2.52115 36 23.1402
      vertex -4.04305 36 21.1568
      vertex -4.75 36 21.6292
    endloop
  endfacet
  facet normal 0 1 0
    outer loop
      vertex -1.63604 36 22.364
      vertex -3.40381 36 20.5962
      vertex -4.04305 36 21.1568
    endloop
  endfacet
  facet normal 0 1 0
    outer loop
      vertex -2.8432 36 19.9569
      vertex -0.85982 36 21.4789
      vertex -0.205771 36 20.5
    endloop
  endfacet
  facet normal 0 1 0
    outer loop
      vertex -2.37084 36 19.25
      vertex -0.205771 36 20.5
      vertex 0 36 20.0827
    endloop
  endfacet
  facet normal 0 1 0
    outer loop
      vertex -0.85982 36 21.4789
      vertex -2.8432 36 19.9569
      vertex -3.40381 36 20.5962
    endloop
  endfacet
  facet normal 0 1 0
    outer loop
      vertex 0.205771 36 20.5
      vertex 2.37084 36 19.25
      vertex 0 36 20.0827
    endloop
  endfacet
  facet normal 0 1 -0
    outer loop
      vertex 1.99478 36 18.4874
      vertex 0 36 20.0827
      vertex 2.37084 36 19.25
    endloop
  endfacet
  facet normal 0 1 0
    outer loop
      vertex -0.205771 36 20.5
      vertex -2.37084 36 19.25
      vertex -2.8432 36 19.9569
    endloop
  endfacet
  facet normal 0 1 -0
    outer loop
      vertex 1.72148 36 17.6823
      vertex 0 36 20.0827
      vertex 1.99478 36 18.4874
    endloop
  endfacet
  facet normal 0 1 0
    outer loop
      vertex 0 36 20.0827
      vertex -1.99478 36 18.4874
      vertex -2.37084 36 19.25
    endloop
  endfacet
  facet normal 0 1 0
    outer loop
      vertex -1.72148 36 17.6823
      vertex 0 36 20.0827
      vertex 1.72148 36 17.6823
    endloop
  endfacet
  facet normal 0 1 0
    outer loop
      vertex 0 36 20.0827
      vertex -1.72148 36 17.6823
      vertex -1.99478 36 18.4874
    endloop
  endfacet
  facet normal 0 1 -0
    outer loop
      vertex 1.55561 36 16.8484
      vertex -1.72148 36 17.6823
      vertex 1.72148 36 17.6823
    endloop
  endfacet
  facet normal 0 1 0
    outer loop
      vertex 1.55561 36 16.8484
      vertex -1.55561 36 16.8484
      vertex -1.72148 36 17.6823
    endloop
  endfacet
  facet normal 0 1 -0
    outer loop
      vertex 1.5 36 16
      vertex -1.55561 36 16.8484
      vertex 1.55561 36 16.8484
    endloop
  endfacet
  facet normal 0 1 0
    outer loop
      vertex 1.5 36 16
      vertex -1.5 36 16
      vertex -1.55561 36 16.8484
    endloop
  endfacet
  facet normal 0 1 0
    outer loop
      vertex 1.55561 36 15.1516
      vertex -1.5 36 16
      vertex 1.5 36 16
    endloop
  endfacet
  facet normal 0 1 0
    outer loop
      vertex 1.55561 36 15.1516
      vertex -1.55561 36 15.1516
      vertex -1.5 36 16
    endloop
  endfacet
  facet normal 0 1 0
    outer loop
      vertex 1.72148 36 14.3177
      vertex -1.55561 36 15.1516
      vertex 1.55561 36 15.1516
    endloop
  endfacet
  facet normal 0 1 0
    outer loop
      vertex 1.72148 36 14.3177
      vertex -1.72148 36 14.3177
      vertex -1.55561 36 15.1516
    endloop
  endfacet
  facet normal 0 1 0
    outer loop
      vertex 0 36 11.9173
      vertex 1.72148 36 14.3177
      vertex 1.99478 36 13.5126
    endloop
  endfacet
  facet normal 0 1 0
    outer loop
      vertex 1.72148 36 14.3177
      vertex 0 36 11.9173
      vertex -1.72148 36 14.3177
    endloop
  endfacet
  facet normal 0 1 0
    outer loop
      vertex 0 36 11.9173
      vertex 1.99478 36 13.5126
      vertex 2.37084 36 12.75
    endloop
  endfacet
  facet normal 0 1 0
    outer loop
      vertex -1.72148 36 14.3177
      vertex 0 36 11.9173
      vertex -1.99478 36 13.5126
    endloop
  endfacet
  facet normal 0 1 0
    outer loop
      vertex 0.205771 36 11.5
      vertex 2.37084 36 12.75
      vertex 2.8432 36 12.0431
    endloop
  endfacet
  facet normal 0 1 0
    outer loop
      vertex -1.99478 36 13.5126
      vertex 0 36 11.9173
      vertex -2.37084 36 12.75
    endloop
  endfacet
  facet normal 0 1 -0
    outer loop
      vertex -0.205771 36 11.5
      vertex -2.37084 36 12.75
      vertex 0 36 11.9173
    endloop
  endfacet
  facet normal 0 1 0
    outer loop
      vertex 2.37084 36 12.75
      vertex 0.205771 36 11.5
      vertex 0 36 11.9173
    endloop
  endfacet
  facet normal 0 1 0
    outer loop
      vertex 0.85982 36 10.5211
      vertex 2.8432 36 12.0431
      vertex 3.40381 36 11.4038
    endloop
  endfacet
  facet normal 0 1 0
    outer loop
      vertex 1.63604 36 9.63604
      vertex 3.40381 36 11.4038
      vertex 4.04305 36 10.8432
    endloop
  endfacet
  facet normal 0 1 0
    outer loop
      vertex 2.8432 36 12.0431
      vertex 0.85982 36 10.5211
      vertex 0.205771 36 11.5
    endloop
  endfacet
  facet normal 0 1 0
    outer loop
      vertex 2.52115 36 8.85982
      vertex 4.04305 36 10.8432
      vertex 4.75 36 10.3708
    endloop
  endfacet
  facet normal 0 1 0
    outer loop
      vertex 3.91726 36 8
      vertex 4.75 36 10.3708
      vertex 5.51256 36 9.99478
    endloop
  endfacet
  facet normal 0 1 0
    outer loop
      vertex 3.91726 36 8
      vertex 5.51256 36 9.99478
      vertex 6.31768 36 9.72148
    endloop
  endfacet
  facet normal 0 1 0
    outer loop
      vertex 3.40381 36 11.4038
      vertex 1.63604 36 9.63604
      vertex 0.85982 36 10.5211
    endloop
  endfacet
  facet normal 0 1 0
    outer loop
      vertex 3.91726 36 8
      vertex 6.31768 36 9.72148
      vertex 7.15158 36 9.55561
    endloop
  endfacet
  facet normal 0 1 0
    outer loop
      vertex 3.91726 36 8
      vertex 7.15158 36 9.55561
      vertex 8 36 9.5
    endloop
  endfacet
  facet normal 0 1 0
    outer loop
      vertex 9.68232 36 9.72148
      vertex 12.0827 36 8
      vertex 8.84842 36 9.55561
    endloop
  endfacet
  facet normal 0 1 0
    outer loop
      vertex 3.91726 36 8
      vertex 8 36 9.5
      vertex 12.0827 36 8
    endloop
  endfacet
  facet normal 0 1 0
    outer loop
      vertex 8.84842 36 9.55561
      vertex 12.0827 36 8
      vertex 8 36 9.5
    endloop
  endfacet
  facet normal 0 1 0
    outer loop
      vertex 4.75 36 10.3708
      vertex 3.91726 36 8
      vertex 3.5 36 8.20577
    endloop
  endfacet
  facet normal 0 1 0
    outer loop
      vertex 4.04305 36 10.8432
      vertex 2.52115 36 8.85982
      vertex 1.63604 36 9.63604
    endloop
  endfacet
  facet normal 0 1 0
    outer loop
      vertex 4.75 36 10.3708
      vertex 3.5 36 8.20577
      vertex 2.52115 36 8.85982
    endloop
  endfacet
  facet normal 0 1 -0
    outer loop
      vertex -10.4874 36 22.0052
      vertex -11.4441 36 24.3149
      vertex -9.68232 36 22.2785
    endloop
  endfacet
  facet normal 0 1 0
    outer loop
      vertex -11.4441 36 24.3149
      vertex -10.4874 36 22.0052
      vertex -12.5 36 23.7942
    endloop
  endfacet
  facet normal 0 1 -0
    outer loop
      vertex -11.25 36 21.6292
      vertex -12.5 36 23.7942
      vertex -10.4874 36 22.0052
    endloop
  endfacet
  facet normal 0 1 0
    outer loop
      vertex -12.5 36 23.7942
      vertex -11.25 36 21.6292
      vertex -13.4789 36 23.1402
    endloop
  endfacet
  facet normal 0 1 -0
    outer loop
      vertex -11.9569 36 21.1568
      vertex -13.4789 36 23.1402
      vertex -11.25 36 21.6292
    endloop
  endfacet
  facet normal 0 1 0
    outer loop
      vertex -13.4789 36 23.1402
      vertex -11.9569 36 21.1568
      vertex -14.364 36 22.364
    endloop
  endfacet
  facet normal 0 1 -0
    outer loop
      vertex -12.5962 36 20.5962
      vertex -14.364 36 22.364
      vertex -11.9569 36 21.1568
    endloop
  endfacet
  facet normal 0 1 0
    outer loop
      vertex -14.364 36 22.364
      vertex -12.5962 36 20.5962
      vertex -15.1402 36 21.4789
    endloop
  endfacet
  facet normal 0 1 -0
    outer loop
      vertex -13.1568 36 19.9569
      vertex -15.1402 36 21.4789
      vertex -12.5962 36 20.5962
    endloop
  endfacet
  facet normal 0 1 0
    outer loop
      vertex -15.1402 36 21.4789
      vertex -13.1568 36 19.9569
      vertex -15.7942 36 20.5
    endloop
  endfacet
  facet normal 0 1 -0
    outer loop
      vertex -13.6292 36 19.25
      vertex -15.7942 36 20.5
      vertex -13.1568 36 19.9569
    endloop
  endfacet
  facet normal 0 1 0
    outer loop
      vertex -15.7942 36 20.5
      vertex -13.6292 36 19.25
      vertex -16.3149 36 19.4441
    endloop
  endfacet
  facet normal 0 1 -0
    outer loop
      vertex -14.0052 36 18.4874
      vertex -16.3149 36 19.4441
      vertex -13.6292 36 19.25
    endloop
  endfacet
  facet normal 0 1 0
    outer loop
      vertex -14.0052 36 18.4874
      vertex -16.6933 36 18.3294
      vertex -16.3149 36 19.4441
    endloop
  endfacet
  facet normal 0 1 -0
    outer loop
      vertex -14.2785 36 17.6823
      vertex -16.6933 36 18.3294
      vertex -14.0052 36 18.4874
    endloop
  endfacet
  facet normal 0 1 0
    outer loop
      vertex -14.2785 36 17.6823
      vertex -16.923 36 17.1747
      vertex -16.6933 36 18.3294
    endloop
  endfacet
  facet normal 0 1 -0
    outer loop
      vertex -14.4444 36 16.8484
      vertex -16.923 36 17.1747
      vertex -14.2785 36 17.6823
    endloop
  endfacet
  facet normal 0 1 -0
    outer loop
      vertex -14.5 36 16
      vertex -16.923 36 17.1747
      vertex -14.4444 36 16.8484
    endloop
  endfacet
  facet normal 0 1 0
    outer loop
      vertex -14.5 36 16
      vertex -17 36 16
      vertex -16.923 36 17.1747
    endloop
  endfacet
  facet normal 0 1 0
    outer loop
      vertex -14.4444 36 15.1516
      vertex -17 36 16
      vertex -14.5 36 16
    endloop
  endfacet
  facet normal 0 1 0
    outer loop
      vertex -14.4444 36 15.1516
      vertex -16.923 36 14.8253
      vertex -17 36 16
    endloop
  endfacet
  facet normal 0 1 0
    outer loop
      vertex -14.2785 36 14.3177
      vertex -16.923 36 14.8253
      vertex -14.4444 36 15.1516
    endloop
  endfacet
  facet normal 0 1 0
    outer loop
      vertex -14.2785 36 14.3177
      vertex -16.6933 36 13.6706
      vertex -16.923 36 14.8253
    endloop
  endfacet
  facet normal 0 1 0
    outer loop
      vertex -14.0052 36 13.5126
      vertex -16.6933 36 13.6706
      vertex -14.2785 36 14.3177
    endloop
  endfacet
  facet normal 0 1 0
    outer loop
      vertex -16.3149 36 12.5559
      vertex -14.0052 36 13.5126
      vertex -13.6292 36 12.75
    endloop
  endfacet
  facet normal 0 1 0
    outer loop
      vertex -14.0052 36 13.5126
      vertex -16.3149 36 12.5559
      vertex -16.6933 36 13.6706
    endloop
  endfacet
  facet normal 0 1 0
    outer loop
      vertex -15.7942 36 11.5
      vertex -13.6292 36 12.75
      vertex -13.1568 36 12.0431
    endloop
  endfacet
  facet normal 0 1 0
    outer loop
      vertex -13.6292 36 12.75
      vertex -15.7942 36 11.5
      vertex -16.3149 36 12.5559
    endloop
  endfacet
  facet normal 0 1 0
    outer loop
      vertex -15.1402 36 10.5211
      vertex -13.1568 36 12.0431
      vertex -12.5962 36 11.4038
    endloop
  endfacet
  facet normal 0 1 0
    outer loop
      vertex -14.364 36 9.63604
      vertex -12.5962 36 11.4038
      vertex -11.9569 36 10.8432
    endloop
  endfacet
  facet normal 0 1 0
    outer loop
      vertex -13.1568 36 12.0431
      vertex -15.1402 36 10.5211
      vertex -15.7942 36 11.5
    endloop
  endfacet
  facet normal 0 1 0
    outer loop
      vertex -13.4789 36 8.85982
      vertex -11.9569 36 10.8432
      vertex -11.25 36 10.3708
    endloop
  endfacet
  facet normal 0 1 0
    outer loop
      vertex -12.0827 36 8
      vertex -11.25 36 10.3708
      vertex -10.4874 36 9.99478
    endloop
  endfacet
  facet normal 0 1 0
    outer loop
      vertex -12.0827 36 8
      vertex -10.4874 36 9.99478
      vertex -9.68232 36 9.72148
    endloop
  endfacet
  facet normal 0 1 0
    outer loop
      vertex -12.5962 36 11.4038
      vertex -14.364 36 9.63604
      vertex -15.1402 36 10.5211
    endloop
  endfacet
  facet normal 0 1 0
    outer loop
      vertex -12.0827 36 8
      vertex -9.68232 36 9.72148
      vertex -8.84842 36 9.55561
    endloop
  endfacet
  facet normal 0 1 0
    outer loop
      vertex -12.0827 36 8
      vertex -8.84842 36 9.55561
      vertex -8 36 9.5
    endloop
  endfacet
  facet normal 0 1 0
    outer loop
      vertex -6.31768 36 9.72148
      vertex -3.91726 36 8
      vertex -7.15158 36 9.55561
    endloop
  endfacet
  facet normal 0 1 0
    outer loop
      vertex -12.0827 36 8
      vertex -8 36 9.5
      vertex -3.91726 36 8
    endloop
  endfacet
  facet normal 0 1 0
    outer loop
      vertex -7.15158 36 9.55561
      vertex -3.91726 36 8
      vertex -8 36 9.5
    endloop
  endfacet
  facet normal 0 1 0
    outer loop
      vertex -11.25 36 10.3708
      vertex -12.0827 36 8
      vertex -12.5 36 8.20577
    endloop
  endfacet
  facet normal 0 1 0
    outer loop
      vertex -11.9569 36 10.8432
      vertex -13.4789 36 8.85982
      vertex -14.364 36 9.63604
    endloop
  endfacet
  facet normal 0 1 0
    outer loop
      vertex -11.25 36 10.3708
      vertex -12.5 36 8.20577
      vertex -13.4789 36 8.85982
    endloop
  endfacet
  facet normal 0 1 0
    outer loop
      vertex -2.37084 36 12.75
      vertex -0.205771 36 11.5
      vertex -2.8432 36 12.0431
    endloop
  endfacet
  facet normal 0 1 -0
    outer loop
      vertex -0.85982 36 10.5211
      vertex -2.8432 36 12.0431
      vertex -0.205771 36 11.5
    endloop
  endfacet
  facet normal 0 1 0
    outer loop
      vertex -2.8432 36 12.0431
      vertex -0.85982 36 10.5211
      vertex -3.40381 36 11.4038
    endloop
  endfacet
  facet normal 0 1 -0
    outer loop
      vertex -1.63604 36 9.63604
      vertex -3.40381 36 11.4038
      vertex -0.85982 36 10.5211
    endloop
  endfacet
  facet normal 0 1 0
    outer loop
      vertex -3.40381 36 11.4038
      vertex -1.63604 36 9.63604
      vertex -4.04305 36 10.8432
    endloop
  endfacet
  facet normal 0 1 -0
    outer loop
      vertex -2.52115 36 8.85982
      vertex -4.04305 36 10.8432
      vertex -1.63604 36 9.63604
    endloop
  endfacet
  facet normal 0 1 0
    outer loop
      vertex -4.04305 36 10.8432
      vertex -2.52115 36 8.85982
      vertex -4.75 36 10.3708
    endloop
  endfacet
  facet normal 0 1 -0
    outer loop
      vertex -3.5 36 8.20577
      vertex -4.75 36 10.3708
      vertex -2.52115 36 8.85982
    endloop
  endfacet
  facet normal 0 1 -0
    outer loop
      vertex -3.91726 36 8
      vertex -4.75 36 10.3708
      vertex -3.5 36 8.20577
    endloop
  endfacet
  facet normal 0 1 0
    outer loop
      vertex -4.75 36 10.3708
      vertex -3.91726 36 8
      vertex -5.51256 36 9.99478
    endloop
  endfacet
  facet normal 0 1 0
    outer loop
      vertex -5.51256 36 9.99478
      vertex -3.91726 36 8
      vertex -6.31768 36 9.72148
    endloop
  endfacet
  facet normal 0.896889 -0 0.442257
    outer loop
      vertex -0.205771 20 20.5
      vertex 0 36 20.0827
      vertex -0.205771 36 20.5
    endloop
  endfacet
  facet normal 0.896889 0 0.442257
    outer loop
      vertex 0 36 20.0827
      vertex -0.205771 20 20.5
      vertex 0 20 20.0827
    endloop
  endfacet
  facet normal 0.831482 -0 0.555552
    outer loop
      vertex -0.85982 20 21.4789
      vertex -0.205771 36 20.5
      vertex -0.85982 36 21.4789
    endloop
  endfacet
  facet normal 0.831482 0 0.555552
    outer loop
      vertex -0.205771 36 20.5
      vertex -0.85982 20 21.4789
      vertex -0.205771 20 20.5
    endloop
  endfacet
  facet normal 0.442297 0 0.896869
    outer loop
      vertex -4.55585 36 24.3149
      vertex -3.5 20 23.7942
      vertex -3.5 36 23.7942
    endloop
  endfacet
  facet normal 0.442297 0 0.896869
    outer loop
      vertex -3.5 20 23.7942
      vertex -4.55585 36 24.3149
      vertex -4.55585 20 24.3149
    endloop
  endfacet
  facet normal 0.555543 0 0.831488
    outer loop
      vertex -3.5 36 23.7942
      vertex -2.52115 20 23.1402
      vertex -2.52115 36 23.1402
    endloop
  endfacet
  facet normal 0.555543 0 0.831488
    outer loop
      vertex -2.52115 20 23.1402
      vertex -3.5 36 23.7942
      vertex -3.5 20 23.7942
    endloop
  endfacet
  facet normal -0.896877 0 0.44228
    outer loop
      vertex -16.3149 20 19.4441
      vertex -15.7942 36 20.5
      vertex -16.3149 36 19.4441
    endloop
  endfacet
  facet normal -0.896877 0 0.44228
    outer loop
      vertex -15.7942 36 20.5
      vertex -16.3149 20 19.4441
      vertex -15.7942 20 20.5
    endloop
  endfacet
  facet normal -0.831501 0 0.555523
    outer loop
      vertex -15.7942 20 20.5
      vertex -15.1402 36 21.4789
      vertex -15.7942 36 20.5
    endloop
  endfacet
  facet normal -0.831501 0 0.555523
    outer loop
      vertex -15.1402 36 21.4789
      vertex -15.7942 20 20.5
      vertex -15.1402 20 21.4789
    endloop
  endfacet
  facet normal 0 -1 0
    outer loop
      vertex -8 20 22.5
      vertex -8 20 25
      vertex -9.17474 20 24.923
    endloop
  endfacet
  facet normal 0 -1 0
    outer loop
      vertex -8.84842 20 22.4444
      vertex -9.17474 20 24.923
      vertex -10.3294 20 24.6933
    endloop
  endfacet
  facet normal 0 -1 0
    outer loop
      vertex -8 20 25
      vertex -8 20 22.5
      vertex -6.82526 20 24.923
    endloop
  endfacet
  facet normal 0 -1 0
    outer loop
      vertex -9.68232 20 22.2785
      vertex -10.3294 20 24.6933
      vertex -11.4441 20 24.3149
    endloop
  endfacet
  facet normal 0 -1 0
    outer loop
      vertex -7.15158 20 22.4444
      vertex -6.82526 20 24.923
      vertex -8 20 22.5
    endloop
  endfacet
  facet normal 0 -1 0
    outer loop
      vertex -10.4874 20 22.0052
      vertex -11.4441 20 24.3149
      vertex -12.5 20 23.7942
    endloop
  endfacet
  facet normal 0 -1 -0
    outer loop
      vertex -6.82526 20 24.923
      vertex -7.15158 20 22.4444
      vertex -5.67063 20 24.6933
    endloop
  endfacet
  facet normal 0 -1 0
    outer loop
      vertex -11.25 20 21.6292
      vertex -12.5 20 23.7942
      vertex -13.4789 20 23.1402
    endloop
  endfacet
  facet normal 0 -1 0
    outer loop
      vertex -6.31768 20 22.2785
      vertex -5.67063 20 24.6933
      vertex -7.15158 20 22.4444
    endloop
  endfacet
  facet normal 0 -1 -0
    outer loop
      vertex -5.67063 20 24.6933
      vertex -6.31768 20 22.2785
      vertex -4.55585 20 24.3149
    endloop
  endfacet
  facet normal 0 -1 0
    outer loop
      vertex -9.17474 20 24.923
      vertex -8.84842 20 22.4444
      vertex -8 20 22.5
    endloop
  endfacet
  facet normal 0 -1 0
    outer loop
      vertex -11.9569 20 21.1568
      vertex -13.4789 20 23.1402
      vertex -14.364 20 22.364
    endloop
  endfacet
  facet normal 0 -1 0
    outer loop
      vertex -10.3294 20 24.6933
      vertex -9.68232 20 22.2785
      vertex -8.84842 20 22.4444
    endloop
  endfacet
  facet normal 0 -1 0
    outer loop
      vertex -11.4441 20 24.3149
      vertex -10.4874 20 22.0052
      vertex -9.68232 20 22.2785
    endloop
  endfacet
  facet normal 0 -1 0
    outer loop
      vertex -12.5 20 23.7942
      vertex -11.25 20 21.6292
      vertex -10.4874 20 22.0052
    endloop
  endfacet
  facet normal 0 -1 0
    outer loop
      vertex -12.5962 20 20.5962
      vertex -14.364 20 22.364
      vertex -15.1402 20 21.4789
    endloop
  endfacet
  facet normal 0 -1 0
    outer loop
      vertex -13.4789 20 23.1402
      vertex -11.9569 20 21.1568
      vertex -11.25 20 21.6292
    endloop
  endfacet
  facet normal 0 -1 0
    outer loop
      vertex -14.364 20 22.364
      vertex -12.5962 20 20.5962
      vertex -11.9569 20 21.1568
    endloop
  endfacet
  facet normal 0 -1 0
    outer loop
      vertex -13.1568 20 19.9569
      vertex -15.1402 20 21.4789
      vertex -15.7942 20 20.5
    endloop
  endfacet
  facet normal 0 -1 0
    outer loop
      vertex -15.1402 20 21.4789
      vertex -13.1568 20 19.9569
      vertex -12.5962 20 20.5962
    endloop
  endfacet
  facet normal 0 -1 0
    outer loop
      vertex -13.6292 20 19.25
      vertex -15.7942 20 20.5
      vertex -16.3149 20 19.4441
    endloop
  endfacet
  facet normal 0 -1 0
    outer loop
      vertex -15.7942 20 20.5
      vertex -13.6292 20 19.25
      vertex -13.1568 20 19.9569
    endloop
  endfacet
  facet normal 0 -1 0
    outer loop
      vertex -16.3149 20 19.4441
      vertex -14.0052 20 18.4874
      vertex -13.6292 20 19.25
    endloop
  endfacet
  facet normal 0 -1 0
    outer loop
      vertex -16.6933 20 18.3294
      vertex -14.0052 20 18.4874
      vertex -16.3149 20 19.4441
    endloop
  endfacet
  facet normal 0 -1 0
    outer loop
      vertex -16.6933 20 18.3294
      vertex -14.2785 20 17.6823
      vertex -14.0052 20 18.4874
    endloop
  endfacet
  facet normal 0 -1 0
    outer loop
      vertex -16.923 20 17.1747
      vertex -14.2785 20 17.6823
      vertex -16.6933 20 18.3294
    endloop
  endfacet
  facet normal 0 -1 0
    outer loop
      vertex -16.923 20 17.1747
      vertex -14.4444 20 16.8484
      vertex -14.2785 20 17.6823
    endloop
  endfacet
  facet normal 0 -1 0
    outer loop
      vertex -17 20 16
      vertex -14.4444 20 16.8484
      vertex -16.923 20 17.1747
    endloop
  endfacet
  facet normal 0 -1 0
    outer loop
      vertex -17 20 16
      vertex -14.5 20 16
      vertex -14.4444 20 16.8484
    endloop
  endfacet
  facet normal 0 -1 0
    outer loop
      vertex -17 20 16
      vertex -14.4444 20 15.1516
      vertex -14.5 20 16
    endloop
  endfacet
  facet normal 0 -1 0
    outer loop
      vertex -16.923 20 14.8253
      vertex -14.4444 20 15.1516
      vertex -17 20 16
    endloop
  endfacet
  facet normal 0 -1 0
    outer loop
      vertex -16.923 20 14.8253
      vertex -14.2785 20 14.3177
      vertex -14.4444 20 15.1516
    endloop
  endfacet
  facet normal 0 -1 0
    outer loop
      vertex -16.6933 20 13.6706
      vertex -14.2785 20 14.3177
      vertex -16.923 20 14.8253
    endloop
  endfacet
  facet normal 0 -1 0
    outer loop
      vertex -16.6933 20 13.6706
      vertex -14.0052 20 13.5126
      vertex -14.2785 20 14.3177
    endloop
  endfacet
  facet normal 0 -1 0
    outer loop
      vertex -16.3149 20 12.5559
      vertex -14.0052 20 13.5126
      vertex -16.6933 20 13.6706
    endloop
  endfacet
  facet normal 0 -1 -0
    outer loop
      vertex -14.0052 20 13.5126
      vertex -16.3149 20 12.5559
      vertex -13.6292 20 12.75
    endloop
  endfacet
  facet normal 0 -1 0
    outer loop
      vertex -15.7942 20 11.5
      vertex -13.6292 20 12.75
      vertex -16.3149 20 12.5559
    endloop
  endfacet
  facet normal 0 -1 -0
    outer loop
      vertex -13.6292 20 12.75
      vertex -15.7942 20 11.5
      vertex -13.1568 20 12.0431
    endloop
  endfacet
  facet normal 0 -1 0
    outer loop
      vertex -15.1402 20 10.5211
      vertex -13.1568 20 12.0431
      vertex -15.7942 20 11.5
    endloop
  endfacet
  facet normal 0 -1 -0
    outer loop
      vertex -13.1568 20 12.0431
      vertex -15.1402 20 10.5211
      vertex -12.5962 20 11.4038
    endloop
  endfacet
  facet normal 0 -1 0
    outer loop
      vertex -14.364 20 9.63604
      vertex -12.5962 20 11.4038
      vertex -15.1402 20 10.5211
    endloop
  endfacet
  facet normal 0 -1 -0
    outer loop
      vertex -12.5962 20 11.4038
      vertex -14.364 20 9.63604
      vertex -11.9569 20 10.8432
    endloop
  endfacet
  facet normal 0 -1 0
    outer loop
      vertex -13.4789 20 8.85982
      vertex -11.9569 20 10.8432
      vertex -14.364 20 9.63604
    endloop
  endfacet
  facet normal 0 -1 -0
    outer loop
      vertex -11.9569 20 10.8432
      vertex -13.4789 20 8.85982
      vertex -11.25 20 10.3708
    endloop
  endfacet
  facet normal 0 -1 0
    outer loop
      vertex -12.5 20 8.20577
      vertex -11.25 20 10.3708
      vertex -13.4789 20 8.85982
    endloop
  endfacet
  facet normal 0 -1 0
    outer loop
      vertex -12.0827 20 8
      vertex -11.25 20 10.3708
      vertex -12.5 20 8.20577
    endloop
  endfacet
  facet normal 0 -1 -0
    outer loop
      vertex -11.25 20 10.3708
      vertex -12.0827 20 8
      vertex -10.4874 20 9.99478
    endloop
  endfacet
  facet normal 0 -1 -0
    outer loop
      vertex -10.4874 20 9.99478
      vertex -12.0827 20 8
      vertex -9.68232 20 9.72148
    endloop
  endfacet
  facet normal 0 -1 0
    outer loop
      vertex -5.51256 20 22.0052
      vertex -4.55585 20 24.3149
      vertex -6.31768 20 22.2785
    endloop
  endfacet
  facet normal 0 -1 -0
    outer loop
      vertex -4.55585 20 24.3149
      vertex -5.51256 20 22.0052
      vertex -3.5 20 23.7942
    endloop
  endfacet
  facet normal 0 -1 0
    outer loop
      vertex -4.75 20 21.6292
      vertex -3.5 20 23.7942
      vertex -5.51256 20 22.0052
    endloop
  endfacet
  facet normal 0 -1 -0
    outer loop
      vertex -3.5 20 23.7942
      vertex -4.75 20 21.6292
      vertex -2.52115 20 23.1402
    endloop
  endfacet
  facet normal 0 -1 0
    outer loop
      vertex -4.04305 20 21.1568
      vertex -2.52115 20 23.1402
      vertex -4.75 20 21.6292
    endloop
  endfacet
  facet normal 0 -1 -0
    outer loop
      vertex -2.52115 20 23.1402
      vertex -4.04305 20 21.1568
      vertex -1.63604 20 22.364
    endloop
  endfacet
  facet normal 0 -1 0
    outer loop
      vertex -3.40381 20 20.5962
      vertex -1.63604 20 22.364
      vertex -4.04305 20 21.1568
    endloop
  endfacet
  facet normal 0 -1 -0
    outer loop
      vertex -1.63604 20 22.364
      vertex -3.40381 20 20.5962
      vertex -0.85982 20 21.4789
    endloop
  endfacet
  facet normal 0 -1 0
    outer loop
      vertex -2.8432 20 19.9569
      vertex -0.85982 20 21.4789
      vertex -3.40381 20 20.5962
    endloop
  endfacet
  facet normal 0 -1 -0
    outer loop
      vertex -0.85982 20 21.4789
      vertex -2.8432 20 19.9569
      vertex -0.205771 20 20.5
    endloop
  endfacet
  facet normal 0 -1 0
    outer loop
      vertex -2.37084 20 19.25
      vertex -0.205771 20 20.5
      vertex -2.8432 20 19.9569
    endloop
  endfacet
  facet normal 0 -1 0
    outer loop
      vertex 8 20 22.5
      vertex 8 20 25
      vertex 6.82526 20 24.923
    endloop
  endfacet
  facet normal 0 -1 0
    outer loop
      vertex 7.15158 20 22.4444
      vertex 6.82526 20 24.923
      vertex 5.67063 20 24.6933
    endloop
  endfacet
  facet normal 0 -1 0
    outer loop
      vertex 8 20 25
      vertex 8 20 22.5
      vertex 9.17474 20 24.923
    endloop
  endfacet
  facet normal 0 -1 0
    outer loop
      vertex 6.31768 20 22.2785
      vertex 5.67063 20 24.6933
      vertex 4.55585 20 24.3149
    endloop
  endfacet
  facet normal 0 -1 0
    outer loop
      vertex 8.84842 20 22.4444
      vertex 9.17474 20 24.923
      vertex 8 20 22.5
    endloop
  endfacet
  facet normal 0 -1 0
    outer loop
      vertex 5.51256 20 22.0052
      vertex 4.55585 20 24.3149
      vertex 3.5 20 23.7942
    endloop
  endfacet
  facet normal 0 -1 -0
    outer loop
      vertex 9.17474 20 24.923
      vertex 8.84842 20 22.4444
      vertex 10.3294 20 24.6933
    endloop
  endfacet
  facet normal 0 -1 0
    outer loop
      vertex 4.75 20 21.6292
      vertex 3.5 20 23.7942
      vertex 2.52115 20 23.1402
    endloop
  endfacet
  facet normal 0 -1 0
    outer loop
      vertex 9.68232 20 22.2785
      vertex 10.3294 20 24.6933
      vertex 8.84842 20 22.4444
    endloop
  endfacet
  facet normal 0 -1 -0
    outer loop
      vertex 10.3294 20 24.6933
      vertex 9.68232 20 22.2785
      vertex 11.4441 20 24.3149
    endloop
  endfacet
  facet normal 0 -1 0
    outer loop
      vertex 6.82526 20 24.923
      vertex 7.15158 20 22.4444
      vertex 8 20 22.5
    endloop
  endfacet
  facet normal 0 -1 0
    outer loop
      vertex 4.04305 20 21.1568
      vertex 2.52115 20 23.1402
      vertex 1.63604 20 22.364
    endloop
  endfacet
  facet normal 0 -1 0
    outer loop
      vertex 5.67063 20 24.6933
      vertex 6.31768 20 22.2785
      vertex 7.15158 20 22.4444
    endloop
  endfacet
  facet normal 0 -1 0
    outer loop
      vertex 4.55585 20 24.3149
      vertex 5.51256 20 22.0052
      vertex 6.31768 20 22.2785
    endloop
  endfacet
  facet normal 0 -1 0
    outer loop
      vertex 3.5 20 23.7942
      vertex 4.75 20 21.6292
      vertex 5.51256 20 22.0052
    endloop
  endfacet
  facet normal 0 -1 0
    outer loop
      vertex 3.40381 20 20.5962
      vertex 1.63604 20 22.364
      vertex 0.85982 20 21.4789
    endloop
  endfacet
  facet normal 0 -1 0
    outer loop
      vertex 2.52115 20 23.1402
      vertex 4.04305 20 21.1568
      vertex 4.75 20 21.6292
    endloop
  endfacet
  facet normal 0 -1 0
    outer loop
      vertex 1.63604 20 22.364
      vertex 3.40381 20 20.5962
      vertex 4.04305 20 21.1568
    endloop
  endfacet
  facet normal 0 -1 0
    outer loop
      vertex 2.8432 20 19.9569
      vertex 0.85982 20 21.4789
      vertex 0.205771 20 20.5
    endloop
  endfacet
  facet normal 0 -1 0
    outer loop
      vertex 2.37084 20 19.25
      vertex 0.205771 20 20.5
      vertex 0 20 20.0827
    endloop
  endfacet
  facet normal 0 -1 0
    outer loop
      vertex 0.85982 20 21.4789
      vertex 2.8432 20 19.9569
      vertex 3.40381 20 20.5962
    endloop
  endfacet
  facet normal 0 -1 -0
    outer loop
      vertex -0.205771 20 20.5
      vertex -2.37084 20 19.25
      vertex 0 20 20.0827
    endloop
  endfacet
  facet normal 0 -1 0
    outer loop
      vertex -1.99478 20 18.4874
      vertex 0 20 20.0827
      vertex -2.37084 20 19.25
    endloop
  endfacet
  facet normal 0 -1 0
    outer loop
      vertex 0.205771 20 20.5
      vertex 2.37084 20 19.25
      vertex 2.8432 20 19.9569
    endloop
  endfacet
  facet normal 0 -1 0
    outer loop
      vertex -1.72148 20 17.6823
      vertex 0 20 20.0827
      vertex -1.99478 20 18.4874
    endloop
  endfacet
  facet normal 0 -1 0
    outer loop
      vertex 0 20 20.0827
      vertex 1.99478 20 18.4874
      vertex 2.37084 20 19.25
    endloop
  endfacet
  facet normal 0 -1 0
    outer loop
      vertex 1.72148 20 17.6823
      vertex 0 20 20.0827
      vertex -1.72148 20 17.6823
    endloop
  endfacet
  facet normal 0 -1 0
    outer loop
      vertex 0 20 20.0827
      vertex 1.72148 20 17.6823
      vertex 1.99478 20 18.4874
    endloop
  endfacet
  facet normal 0 -1 0
    outer loop
      vertex -1.55561 20 16.8484
      vertex 1.72148 20 17.6823
      vertex -1.72148 20 17.6823
    endloop
  endfacet
  facet normal 0 -1 0
    outer loop
      vertex -1.55561 20 16.8484
      vertex 1.55561 20 16.8484
      vertex 1.72148 20 17.6823
    endloop
  endfacet
  facet normal 0 -1 0
    outer loop
      vertex -1.5 20 16
      vertex 1.55561 20 16.8484
      vertex -1.55561 20 16.8484
    endloop
  endfacet
  facet normal 0 -1 0
    outer loop
      vertex -1.5 20 16
      vertex 1.5 20 16
      vertex 1.55561 20 16.8484
    endloop
  endfacet
  facet normal 0 -1 0
    outer loop
      vertex -1.55561 20 15.1516
      vertex 1.5 20 16
      vertex -1.5 20 16
    endloop
  endfacet
  facet normal 0 -1 0
    outer loop
      vertex -1.55561 20 15.1516
      vertex 1.55561 20 15.1516
      vertex 1.5 20 16
    endloop
  endfacet
  facet normal 0 -1 0
    outer loop
      vertex -1.72148 20 14.3177
      vertex 1.55561 20 15.1516
      vertex -1.55561 20 15.1516
    endloop
  endfacet
  facet normal 0 -1 0
    outer loop
      vertex -1.72148 20 14.3177
      vertex 1.72148 20 14.3177
      vertex 1.55561 20 15.1516
    endloop
  endfacet
  facet normal 0 -1 0
    outer loop
      vertex 0 20 11.9173
      vertex -1.72148 20 14.3177
      vertex -1.99478 20 13.5126
    endloop
  endfacet
  facet normal 0 -1 0
    outer loop
      vertex -1.72148 20 14.3177
      vertex 0 20 11.9173
      vertex 1.72148 20 14.3177
    endloop
  endfacet
  facet normal 0 -1 0
    outer loop
      vertex 0 20 11.9173
      vertex -1.99478 20 13.5126
      vertex -2.37084 20 12.75
    endloop
  endfacet
  facet normal 0 -1 -0
    outer loop
      vertex 1.72148 20 14.3177
      vertex 0 20 11.9173
      vertex 1.99478 20 13.5126
    endloop
  endfacet
  facet normal 0 -1 0
    outer loop
      vertex -0.205771 20 11.5
      vertex -2.37084 20 12.75
      vertex -2.8432 20 12.0431
    endloop
  endfacet
  facet normal 0 -1 -0
    outer loop
      vertex 1.99478 20 13.5126
      vertex 0 20 11.9173
      vertex 2.37084 20 12.75
    endloop
  endfacet
  facet normal 0 -1 0
    outer loop
      vertex 0.205771 20 11.5
      vertex 2.37084 20 12.75
      vertex 0 20 11.9173
    endloop
  endfacet
  facet normal 0 -1 0
    outer loop
      vertex -2.37084 20 12.75
      vertex -0.205771 20 11.5
      vertex 0 20 11.9173
    endloop
  endfacet
  facet normal 0 -1 0
    outer loop
      vertex -0.85982 20 10.5211
      vertex -2.8432 20 12.0431
      vertex -3.40381 20 11.4038
    endloop
  endfacet
  facet normal 0 -1 0
    outer loop
      vertex -1.63604 20 9.63604
      vertex -3.40381 20 11.4038
      vertex -4.04305 20 10.8432
    endloop
  endfacet
  facet normal 0 -1 0
    outer loop
      vertex -2.8432 20 12.0431
      vertex -0.85982 20 10.5211
      vertex -0.205771 20 11.5
    endloop
  endfacet
  facet normal 0 -1 0
    outer loop
      vertex -2.52115 20 8.85982
      vertex -4.04305 20 10.8432
      vertex -4.75 20 10.3708
    endloop
  endfacet
  facet normal 0 -1 0
    outer loop
      vertex -3.91726 20 8
      vertex -4.75 20 10.3708
      vertex -5.51256 20 9.99478
    endloop
  endfacet
  facet normal 0 -1 0
    outer loop
      vertex -3.91726 20 8
      vertex -5.51256 20 9.99478
      vertex -6.31768 20 9.72148
    endloop
  endfacet
  facet normal 0 -1 0
    outer loop
      vertex -3.40381 20 11.4038
      vertex -1.63604 20 9.63604
      vertex -0.85982 20 10.5211
    endloop
  endfacet
  facet normal 0 -1 0
    outer loop
      vertex -3.91726 20 8
      vertex -6.31768 20 9.72148
      vertex -7.15158 20 9.55561
    endloop
  endfacet
  facet normal 0 -1 0
    outer loop
      vertex -3.91726 20 8
      vertex -7.15158 20 9.55561
      vertex -8 20 9.5
    endloop
  endfacet
  facet normal 0 -1 -0
    outer loop
      vertex -9.68232 20 9.72148
      vertex -12.0827 20 8
      vertex -8.84842 20 9.55561
    endloop
  endfacet
  facet normal 0 -1 0
    outer loop
      vertex -3.91726 20 8
      vertex -8 20 9.5
      vertex -12.0827 20 8
    endloop
  endfacet
  facet normal 0 -1 -0
    outer loop
      vertex -8.84842 20 9.55561
      vertex -12.0827 20 8
      vertex -8 20 9.5
    endloop
  endfacet
  facet normal 0 -1 0
    outer loop
      vertex -4.75 20 10.3708
      vertex -3.91726 20 8
      vertex -3.5 20 8.20577
    endloop
  endfacet
  facet normal 0 -1 0
    outer loop
      vertex -4.04305 20 10.8432
      vertex -2.52115 20 8.85982
      vertex -1.63604 20 9.63604
    endloop
  endfacet
  facet normal 0 -1 0
    outer loop
      vertex -4.75 20 10.3708
      vertex -3.5 20 8.20577
      vertex -2.52115 20 8.85982
    endloop
  endfacet
  facet normal 0 -1 0
    outer loop
      vertex 10.4874 20 22.0052
      vertex 11.4441 20 24.3149
      vertex 9.68232 20 22.2785
    endloop
  endfacet
  facet normal 0 -1 -0
    outer loop
      vertex 11.4441 20 24.3149
      vertex 10.4874 20 22.0052
      vertex 12.5 20 23.7942
    endloop
  endfacet
  facet normal 0 -1 0
    outer loop
      vertex 11.25 20 21.6292
      vertex 12.5 20 23.7942
      vertex 10.4874 20 22.0052
    endloop
  endfacet
  facet normal 0 -1 -0
    outer loop
      vertex 12.5 20 23.7942
      vertex 11.25 20 21.6292
      vertex 13.4789 20 23.1402
    endloop
  endfacet
  facet normal 0 -1 0
    outer loop
      vertex 11.9569 20 21.1568
      vertex 13.4789 20 23.1402
      vertex 11.25 20 21.6292
    endloop
  endfacet
  facet normal 0 -1 -0
    outer loop
      vertex 13.4789 20 23.1402
      vertex 11.9569 20 21.1568
      vertex 14.364 20 22.364
    endloop
  endfacet
  facet normal 0 -1 0
    outer loop
      vertex 12.5962 20 20.5962
      vertex 14.364 20 22.364
      vertex 11.9569 20 21.1568
    endloop
  endfacet
  facet normal 0 -1 -0
    outer loop
      vertex 14.364 20 22.364
      vertex 12.5962 20 20.5962
      vertex 15.1402 20 21.4789
    endloop
  endfacet
  facet normal 0 -1 0
    outer loop
      vertex 13.1568 20 19.9569
      vertex 15.1402 20 21.4789
      vertex 12.5962 20 20.5962
    endloop
  endfacet
  facet normal 0 -1 -0
    outer loop
      vertex 15.1402 20 21.4789
      vertex 13.1568 20 19.9569
      vertex 15.7942 20 20.5
    endloop
  endfacet
  facet normal 0 -1 0
    outer loop
      vertex 13.6292 20 19.25
      vertex 15.7942 20 20.5
      vertex 13.1568 20 19.9569
    endloop
  endfacet
  facet normal 0 -1 -0
    outer loop
      vertex 15.7942 20 20.5
      vertex 13.6292 20 19.25
      vertex 16.3149 20 19.4441
    endloop
  endfacet
  facet normal 0 -1 0
    outer loop
      vertex 14.0052 20 18.4874
      vertex 16.3149 20 19.4441
      vertex 13.6292 20 19.25
    endloop
  endfacet
  facet normal 0 -1 0
    outer loop
      vertex 14.0052 20 18.4874
      vertex 16.6933 20 18.3294
      vertex 16.3149 20 19.4441
    endloop
  endfacet
  facet normal 0 -1 0
    outer loop
      vertex 14.2785 20 17.6823
      vertex 16.6933 20 18.3294
      vertex 14.0052 20 18.4874
    endloop
  endfacet
  facet normal 0 -1 0
    outer loop
      vertex 14.2785 20 17.6823
      vertex 16.923 20 17.1747
      vertex 16.6933 20 18.3294
    endloop
  endfacet
  facet normal 0 -1 0
    outer loop
      vertex 14.4444 20 16.8484
      vertex 16.923 20 17.1747
      vertex 14.2785 20 17.6823
    endloop
  endfacet
  facet normal 0 -1 0
    outer loop
      vertex 14.5 20 16
      vertex 16.923 20 17.1747
      vertex 14.4444 20 16.8484
    endloop
  endfacet
  facet normal 0 -1 0
    outer loop
      vertex 14.5 20 16
      vertex 17 20 16
      vertex 16.923 20 17.1747
    endloop
  endfacet
  facet normal 0 -1 0
    outer loop
      vertex 14.4444 20 15.1516
      vertex 17 20 16
      vertex 14.5 20 16
    endloop
  endfacet
  facet normal 0 -1 0
    outer loop
      vertex 14.4444 20 15.1516
      vertex 16.923 20 14.8253
      vertex 17 20 16
    endloop
  endfacet
  facet normal 0 -1 0
    outer loop
      vertex 14.2785 20 14.3177
      vertex 16.923 20 14.8253
      vertex 14.4444 20 15.1516
    endloop
  endfacet
  facet normal 0 -1 0
    outer loop
      vertex 14.2785 20 14.3177
      vertex 16.6933 20 13.6706
      vertex 16.923 20 14.8253
    endloop
  endfacet
  facet normal 0 -1 0
    outer loop
      vertex 14.0052 20 13.5126
      vertex 16.6933 20 13.6706
      vertex 14.2785 20 14.3177
    endloop
  endfacet
  facet normal 0 -1 0
    outer loop
      vertex 16.3149 20 12.5559
      vertex 14.0052 20 13.5126
      vertex 13.6292 20 12.75
    endloop
  endfacet
  facet normal 0 -1 0
    outer loop
      vertex 14.0052 20 13.5126
      vertex 16.3149 20 12.5559
      vertex 16.6933 20 13.6706
    endloop
  endfacet
  facet normal 0 -1 0
    outer loop
      vertex 15.7942 20 11.5
      vertex 13.6292 20 12.75
      vertex 13.1568 20 12.0431
    endloop
  endfacet
  facet normal 0 -1 0
    outer loop
      vertex 13.6292 20 12.75
      vertex 15.7942 20 11.5
      vertex 16.3149 20 12.5559
    endloop
  endfacet
  facet normal 0 -1 0
    outer loop
      vertex 15.1402 20 10.5211
      vertex 13.1568 20 12.0431
      vertex 12.5962 20 11.4038
    endloop
  endfacet
  facet normal 0 -1 0
    outer loop
      vertex 14.364 20 9.63604
      vertex 12.5962 20 11.4038
      vertex 11.9569 20 10.8432
    endloop
  endfacet
  facet normal 0 -1 0
    outer loop
      vertex 13.1568 20 12.0431
      vertex 15.1402 20 10.5211
      vertex 15.7942 20 11.5
    endloop
  endfacet
  facet normal 0 -1 0
    outer loop
      vertex 13.4789 20 8.85982
      vertex 11.9569 20 10.8432
      vertex 11.25 20 10.3708
    endloop
  endfacet
  facet normal 0 -1 0
    outer loop
      vertex 12.0827 20 8
      vertex 11.25 20 10.3708
      vertex 10.4874 20 9.99478
    endloop
  endfacet
  facet normal 0 -1 0
    outer loop
      vertex 12.0827 20 8
      vertex 10.4874 20 9.99478
      vertex 9.68232 20 9.72148
    endloop
  endfacet
  facet normal 0 -1 0
    outer loop
      vertex 12.5962 20 11.4038
      vertex 14.364 20 9.63604
      vertex 15.1402 20 10.5211
    endloop
  endfacet
  facet normal 0 -1 0
    outer loop
      vertex 12.0827 20 8
      vertex 9.68232 20 9.72148
      vertex 8.84842 20 9.55561
    endloop
  endfacet
  facet normal 0 -1 0
    outer loop
      vertex 12.0827 20 8
      vertex 8.84842 20 9.55561
      vertex 8 20 9.5
    endloop
  endfacet
  facet normal 0 -1 -0
    outer loop
      vertex 6.31768 20 9.72148
      vertex 3.91726 20 8
      vertex 7.15158 20 9.55561
    endloop
  endfacet
  facet normal 0 -1 0
    outer loop
      vertex 12.0827 20 8
      vertex 8 20 9.5
      vertex 3.91726 20 8
    endloop
  endfacet
  facet normal 0 -1 -0
    outer loop
      vertex 7.15158 20 9.55561
      vertex 3.91726 20 8
      vertex 8 20 9.5
    endloop
  endfacet
  facet normal 0 -1 0
    outer loop
      vertex 11.25 20 10.3708
      vertex 12.0827 20 8
      vertex 12.5 20 8.20577
    endloop
  endfacet
  facet normal 0 -1 0
    outer loop
      vertex 11.9569 20 10.8432
      vertex 13.4789 20 8.85982
      vertex 14.364 20 9.63604
    endloop
  endfacet
  facet normal 0 -1 0
    outer loop
      vertex 11.25 20 10.3708
      vertex 12.5 20 8.20577
      vertex 13.4789 20 8.85982
    endloop
  endfacet
  facet normal 0 -1 -0
    outer loop
      vertex 2.37084 20 12.75
      vertex 0.205771 20 11.5
      vertex 2.8432 20 12.0431
    endloop
  endfacet
  facet normal 0 -1 0
    outer loop
      vertex 0.85982 20 10.5211
      vertex 2.8432 20 12.0431
      vertex 0.205771 20 11.5
    endloop
  endfacet
  facet normal 0 -1 -0
    outer loop
      vertex 2.8432 20 12.0431
      vertex 0.85982 20 10.5211
      vertex 3.40381 20 11.4038
    endloop
  endfacet
  facet normal 0 -1 0
    outer loop
      vertex 1.63604 20 9.63604
      vertex 3.40381 20 11.4038
      vertex 0.85982 20 10.5211
    endloop
  endfacet
  facet normal 0 -1 -0
    outer loop
      vertex 3.40381 20 11.4038
      vertex 1.63604 20 9.63604
      vertex 4.04305 20 10.8432
    endloop
  endfacet
  facet normal 0 -1 0
    outer loop
      vertex 2.52115 20 8.85982
      vertex 4.04305 20 10.8432
      vertex 1.63604 20 9.63604
    endloop
  endfacet
  facet normal 0 -1 -0
    outer loop
      vertex 4.04305 20 10.8432
      vertex 2.52115 20 8.85982
      vertex 4.75 20 10.3708
    endloop
  endfacet
  facet normal 0 -1 0
    outer loop
      vertex 3.5 20 8.20577
      vertex 4.75 20 10.3708
      vertex 2.52115 20 8.85982
    endloop
  endfacet
  facet normal 0 -1 0
    outer loop
      vertex 3.91726 20 8
      vertex 4.75 20 10.3708
      vertex 3.5 20 8.20577
    endloop
  endfacet
  facet normal 0 -1 -0
    outer loop
      vertex 4.75 20 10.3708
      vertex 3.91726 20 8
      vertex 5.51256 20 9.99478
    endloop
  endfacet
  facet normal 0 -1 -0
    outer loop
      vertex 5.51256 20 9.99478
      vertex 3.91726 20 8
      vertex 6.31768 20 9.72148
    endloop
  endfacet
  facet normal -0.44228 0 0.896877
    outer loop
      vertex -12.5 36 23.7942
      vertex -11.4441 20 24.3149
      vertex -11.4441 36 24.3149
    endloop
  endfacet
  facet normal -0.44228 0 0.896877
    outer loop
      vertex -11.4441 20 24.3149
      vertex -12.5 36 23.7942
      vertex -12.5 20 23.7942
    endloop
  endfacet
  facet normal -0.0654061 0 0.997859
    outer loop
      vertex -9.17474 36 24.923
      vertex -8 20 25
      vertex -8 36 25
    endloop
  endfacet
  facet normal -0.0654061 0 0.997859
    outer loop
      vertex -8 20 25
      vertex -9.17474 36 24.923
      vertex -9.17474 20 24.923
    endloop
  endfacet
  facet normal 0.751822 0 -0.659367
    outer loop
      vertex -0.85982 31 10.5211
      vertex -1.63604 36 9.63604
      vertex -0.85982 36 10.5211
    endloop
  endfacet
  facet normal 0.751822 0 -0.659367
    outer loop
      vertex -1.63604 36 9.63604
      vertex -0.85982 31 10.5211
      vertex -1.63604 31 9.63604
    endloop
  endfacet
  facet normal 0.751822 0 -0.659367
    outer loop
      vertex -0.85982 20 10.5211
      vertex -1.63604 25 9.63604
      vertex -0.85982 25 10.5211
    endloop
  endfacet
  facet normal 0.751822 0 -0.659367
    outer loop
      vertex -1.63604 25 9.63604
      vertex -0.85982 20 10.5211
      vertex -1.63604 20 9.63604
    endloop
  endfacet
  facet normal 0.555572 0 -0.831468
    outer loop
      vertex -3.5 20 8.20577
      vertex -2.52115 25 8.85982
      vertex -2.52115 20 8.85982
    endloop
  endfacet
  facet normal 0.555572 0 -0.831468
    outer loop
      vertex -2.52115 25 8.85982
      vertex -3.5 20 8.20577
      vertex -3.5 25 8.20577
    endloop
  endfacet
  facet normal 0.555572 0 -0.831468
    outer loop
      vertex -3.5 31 8.20577
      vertex -2.52115 36 8.85982
      vertex -2.52115 31 8.85982
    endloop
  endfacet
  facet normal 0.555572 0 -0.831468
    outer loop
      vertex -2.52115 36 8.85982
      vertex -3.5 31 8.20577
      vertex -3.5 36 8.20577
    endloop
  endfacet
  facet normal 0.831482 -2.75224e-06 -0.555552
    outer loop
      vertex -0.205771 36 11.5
      vertex -0.539861 31 11
      vertex -0.85982 36 10.5211
    endloop
  endfacet
  facet normal 0.831469 0 -0.555571
    outer loop
      vertex -0.205771 36 11.5
      vertex -0.539861 25 11
      vertex -0.539861 31 11
    endloop
  endfacet
  facet normal 0.831469 0 -0.555571
    outer loop
      vertex -0.205771 20 11.5
      vertex -0.539861 25 11
      vertex -0.205771 36 11.5
    endloop
  endfacet
  facet normal 0.831482 2.75224e-06 -0.555552
    outer loop
      vertex -0.85982 20 10.5211
      vertex -0.539861 25 11
      vertex -0.205771 20 11.5
    endloop
  endfacet
  facet normal 0.831495 0 -0.555532
    outer loop
      vertex -0.539861 25 11
      vertex -0.85982 20 10.5211
      vertex -0.85982 25 10.5211
    endloop
  endfacet
  facet normal 0.831495 0 -0.555532
    outer loop
      vertex -0.85982 36 10.5211
      vertex -0.539861 31 11
      vertex -0.85982 31 10.5211
    endloop
  endfacet
  facet normal 0.896889 0 -0.442257
    outer loop
      vertex 0 20 11.9173
      vertex -0.205771 36 11.5
      vertex 0 36 11.9173
    endloop
  endfacet
  facet normal 0.896889 0 -0.442257
    outer loop
      vertex -0.205771 36 11.5
      vertex 0 20 11.9173
      vertex -0.205771 20 11.5
    endloop
  endfacet
  facet normal -0.442255 0 -0.896889
    outer loop
      vertex -12.5 31 8.20577
      vertex -12.0827 36 8
      vertex -12.0827 31 8
    endloop
  endfacet
  facet normal -0.442255 0 -0.896889
    outer loop
      vertex -12.0827 36 8
      vertex -12.5 31 8.20577
      vertex -12.5 36 8.20577
    endloop
  endfacet
  facet normal -0.442255 0 -0.896889
    outer loop
      vertex -12.5 20 8.20577
      vertex -12.0827 25 8
      vertex -12.0827 20 8
    endloop
  endfacet
  facet normal -0.442255 0 -0.896889
    outer loop
      vertex -12.0827 25 8
      vertex -12.5 20 8.20577
      vertex -12.5 25 8.20577
    endloop
  endfacet
  facet normal -0.896877 0 -0.44228
    outer loop
      vertex -15.7942 20 11.5
      vertex -16.3149 36 12.5559
      vertex -15.7942 36 11.5
    endloop
  endfacet
  facet normal -0.896877 -0 -0.44228
    outer loop
      vertex -16.3149 36 12.5559
      vertex -15.7942 20 11.5
      vertex -16.3149 20 12.5559
    endloop
  endfacet
  facet normal -0.831542 -0 -0.555461
    outer loop
      vertex -15.1402 25 10.5211
      vertex -15.1402 20 10.5211
      vertex -15.4601 25 11
    endloop
  endfacet
  facet normal -0.831542 0 -0.555461
    outer loop
      vertex -15.4601 31 11
      vertex -15.1402 36 10.5211
      vertex -15.1402 31 10.5211
    endloop
  endfacet
  facet normal -0.831501 -8.57748e-06 -0.555523
    outer loop
      vertex -15.1402 36 10.5211
      vertex -15.4601 31 11
      vertex -15.7942 36 11.5
    endloop
  endfacet
  facet normal -0.831461 0 -0.555583
    outer loop
      vertex -15.4601 25 11
      vertex -15.7942 36 11.5
      vertex -15.4601 31 11
    endloop
  endfacet
  facet normal -0.831461 0 -0.555583
    outer loop
      vertex -15.4601 25 11
      vertex -15.7942 20 11.5
      vertex -15.7942 36 11.5
    endloop
  endfacet
  facet normal -0.831501 8.57748e-06 -0.555523
    outer loop
      vertex -15.7942 20 11.5
      vertex -15.4601 25 11
      vertex -15.1402 20 10.5211
    endloop
  endfacet
  facet normal -0.997859 0 -0.0654083
    outer loop
      vertex -16.923 20 14.8253
      vertex -17 36 16
      vertex -16.923 36 14.8253
    endloop
  endfacet
  facet normal -0.997859 -0 -0.0654083
    outer loop
      vertex -17 36 16
      vertex -16.923 20 14.8253
      vertex -17 20 16
    endloop
  endfacet
  facet normal 0.321427 0 0.946934
    outer loop
      vertex -5.67063 36 24.6933
      vertex -4.55585 20 24.3149
      vertex -4.55585 36 24.3149
    endloop
  endfacet
  facet normal 0.321427 0 0.946934
    outer loop
      vertex -4.55585 20 24.3149
      vertex -5.67063 36 24.6933
      vertex -5.67063 20 24.6933
    endloop
  endfacet
  facet normal 0.195115 0 0.98078
    outer loop
      vertex -6.82526 36 24.923
      vertex -5.67063 20 24.6933
      vertex -5.67063 36 24.6933
    endloop
  endfacet
  facet normal 0.195115 0 0.98078
    outer loop
      vertex -5.67063 20 24.6933
      vertex -6.82526 36 24.923
      vertex -6.82526 20 24.923
    endloop
  endfacet
  facet normal -0.751845 0 0.65934
    outer loop
      vertex -15.1402 20 21.4789
      vertex -14.364 36 22.364
      vertex -15.1402 36 21.4789
    endloop
  endfacet
  facet normal -0.751845 0 0.65934
    outer loop
      vertex -14.364 36 22.364
      vertex -15.1402 20 21.4789
      vertex -14.364 20 22.364
    endloop
  endfacet
  facet normal -0.980783 0 0.195103
    outer loop
      vertex -16.923 20 17.1747
      vertex -16.6933 36 18.3294
      vertex -16.923 36 17.1747
    endloop
  endfacet
  facet normal -0.980783 0 0.195103
    outer loop
      vertex -16.6933 36 18.3294
      vertex -16.923 20 17.1747
      vertex -16.6933 20 18.3294
    endloop
  endfacet
  facet normal 0.659346 0 -0.75184
    outer loop
      vertex -2.52115 31 8.85982
      vertex -1.63604 36 9.63604
      vertex -1.63604 31 9.63604
    endloop
  endfacet
  facet normal 0.659346 0 -0.75184
    outer loop
      vertex -1.63604 36 9.63604
      vertex -2.52115 31 8.85982
      vertex -2.52115 36 8.85982
    endloop
  endfacet
  facet normal 0.659346 0 -0.75184
    outer loop
      vertex -2.52115 20 8.85982
      vertex -1.63604 25 9.63604
      vertex -1.63604 20 9.63604
    endloop
  endfacet
  facet normal 0.659346 0 -0.75184
    outer loop
      vertex -1.63604 25 9.63604
      vertex -2.52115 20 8.85982
      vertex -2.52115 25 8.85982
    endloop
  endfacet
  facet normal -0.65935 0 -0.751836
    outer loop
      vertex -14.364 31 9.63604
      vertex -13.4789 36 8.85982
      vertex -13.4789 31 8.85982
    endloop
  endfacet
  facet normal -0.65935 0 -0.751836
    outer loop
      vertex -13.4789 36 8.85982
      vertex -14.364 31 9.63604
      vertex -14.364 36 9.63604
    endloop
  endfacet
  facet normal -0.65935 0 -0.751836
    outer loop
      vertex -14.364 20 9.63604
      vertex -13.4789 25 8.85982
      vertex -13.4789 20 8.85982
    endloop
  endfacet
  facet normal -0.65935 0 -0.751836
    outer loop
      vertex -13.4789 25 8.85982
      vertex -14.364 20 9.63604
      vertex -14.364 25 9.63604
    endloop
  endfacet
  facet normal -0.555553 0 -0.831481
    outer loop
      vertex -13.4789 31 8.85982
      vertex -12.5 36 8.20577
      vertex -12.5 31 8.20577
    endloop
  endfacet
  facet normal -0.555553 0 -0.831481
    outer loop
      vertex -12.5 36 8.20577
      vertex -13.4789 31 8.85982
      vertex -13.4789 36 8.85982
    endloop
  endfacet
  facet normal -0.555553 0 -0.831481
    outer loop
      vertex -13.4789 20 8.85982
      vertex -12.5 25 8.20577
      vertex -12.5 20 8.20577
    endloop
  endfacet
  facet normal -0.555553 0 -0.831481
    outer loop
      vertex -12.5 25 8.20577
      vertex -13.4789 20 8.85982
      vertex -13.4789 25 8.85982
    endloop
  endfacet
  facet normal -0.75183 0 -0.659357
    outer loop
      vertex -14.364 31 9.63604
      vertex -15.1402 36 10.5211
      vertex -14.364 36 9.63604
    endloop
  endfacet
  facet normal -0.75183 -0 -0.659357
    outer loop
      vertex -15.1402 36 10.5211
      vertex -14.364 31 9.63604
      vertex -15.1402 31 10.5211
    endloop
  endfacet
  facet normal -0.75183 0 -0.659357
    outer loop
      vertex -14.364 20 9.63604
      vertex -15.1402 25 10.5211
      vertex -14.364 25 9.63604
    endloop
  endfacet
  facet normal -0.75183 -0 -0.659357
    outer loop
      vertex -15.1402 25 10.5211
      vertex -14.364 20 9.63604
      vertex -15.1402 20 10.5211
    endloop
  endfacet
  facet normal 0.751836 -0 0.65935
    outer loop
      vertex -1.63604 20 22.364
      vertex -0.85982 36 21.4789
      vertex -1.63604 36 22.364
    endloop
  endfacet
  facet normal 0.751836 0 0.65935
    outer loop
      vertex -0.85982 36 21.4789
      vertex -1.63604 20 22.364
      vertex -0.85982 20 21.4789
    endloop
  endfacet
  facet normal -0.946927 0 0.321447
    outer loop
      vertex -16.6933 20 18.3294
      vertex -16.3149 36 19.4441
      vertex -16.6933 36 18.3294
    endloop
  endfacet
  facet normal -0.946927 0 0.321447
    outer loop
      vertex -16.3149 36 19.4441
      vertex -16.6933 20 18.3294
      vertex -16.3149 20 19.4441
    endloop
  endfacet
  facet normal -0.555523 0 0.831501
    outer loop
      vertex -13.4789 36 23.1402
      vertex -12.5 20 23.7942
      vertex -12.5 36 23.7942
    endloop
  endfacet
  facet normal -0.555523 0 0.831501
    outer loop
      vertex -12.5 20 23.7942
      vertex -13.4789 36 23.1402
      vertex -13.4789 20 23.1402
    endloop
  endfacet
  facet normal -0.19511 0 0.980781
    outer loop
      vertex -10.3294 36 24.6933
      vertex -9.17474 20 24.923
      vertex -9.17474 36 24.923
    endloop
  endfacet
  facet normal -0.19511 0 0.980781
    outer loop
      vertex -9.17474 20 24.923
      vertex -10.3294 36 24.6933
      vertex -10.3294 20 24.6933
    endloop
  endfacet
  facet normal 0.442289 0 -0.896873
    outer loop
      vertex -3.91726 20 8
      vertex -3.5 25 8.20577
      vertex -3.5 20 8.20577
    endloop
  endfacet
  facet normal 0.442289 0 -0.896873
    outer loop
      vertex -3.5 25 8.20577
      vertex -3.91726 20 8
      vertex -3.91726 25 8
    endloop
  endfacet
  facet normal 0.442289 0 -0.896873
    outer loop
      vertex -3.91726 31 8
      vertex -3.5 36 8.20577
      vertex -3.5 31 8.20577
    endloop
  endfacet
  facet normal 0.442289 0 -0.896873
    outer loop
      vertex -3.5 36 8.20577
      vertex -3.91726 31 8
      vertex -3.91726 36 8
    endloop
  endfacet
  facet normal -0.946927 0 -0.321447
    outer loop
      vertex -16.3149 20 12.5559
      vertex -16.6933 36 13.6706
      vertex -16.3149 36 12.5559
    endloop
  endfacet
  facet normal -0.946927 -0 -0.321447
    outer loop
      vertex -16.6933 36 13.6706
      vertex -16.3149 20 12.5559
      vertex -16.6933 20 13.6706
    endloop
  endfacet
  facet normal -0.997859 0 -0.0654066
    outer loop
      vertex -1.5 20 16
      vertex -1.55561 36 16.8484
      vertex -1.5 36 16
    endloop
  endfacet
  facet normal -0.997859 -0 -0.0654066
    outer loop
      vertex -1.55561 36 16.8484
      vertex -1.5 20 16
      vertex -1.55561 20 16.8484
    endloop
  endfacet
  facet normal 0.997859 0 -0.0653948
    outer loop
      vertex -14.4444 20 16.8484
      vertex -14.5 36 16
      vertex -14.4444 36 16.8484
    endloop
  endfacet
  facet normal 0.997859 0 -0.0653948
    outer loop
      vertex -14.5 36 16
      vertex -14.4444 20 16.8484
      vertex -14.5 20 16
    endloop
  endfacet
  facet normal -0.0653933 0 -0.99786
    outer loop
      vertex -8 20 22.5
      vertex -7.15158 36 22.4444
      vertex -7.15158 20 22.4444
    endloop
  endfacet
  facet normal -0.0653933 0 -0.99786
    outer loop
      vertex -7.15158 36 22.4444
      vertex -8 20 22.5
      vertex -8 36 22.5
    endloop
  endfacet
  facet normal 0.0653997 0 0.997859
    outer loop
      vertex -8 36 9.5
      vertex -8.5 31 9.53277
      vertex -8 31 9.5
    endloop
  endfacet
  facet normal 0.0654127 0 0.997858
    outer loop
      vertex -8.5 31 9.53277
      vertex -8.84842 36 9.55561
      vertex -8.5 25 9.53277
    endloop
  endfacet
  facet normal 0.065405 -5.35519e-07 0.997859
    outer loop
      vertex -8.84842 36 9.55561
      vertex -8.5 31 9.53277
      vertex -8 36 9.5
    endloop
  endfacet
  facet normal 0.0653997 0 0.997859
    outer loop
      vertex -8.5 25 9.53277
      vertex -8 20 9.5
      vertex -8 25 9.5
    endloop
  endfacet
  facet normal 0.065405 5.35519e-07 0.997859
    outer loop
      vertex -8.5 25 9.53277
      vertex -8.84842 20 9.55561
      vertex -8 20 9.5
    endloop
  endfacet
  facet normal 0.0654127 -0 0.997858
    outer loop
      vertex -8.84842 20 9.55561
      vertex -8.5 25 9.53277
      vertex -8.84842 36 9.55561
    endloop
  endfacet
  facet normal -0.659347 0 -0.751839
    outer loop
      vertex -4.04305 20 21.1568
      vertex -3.40381 36 20.5962
      vertex -3.40381 20 20.5962
    endloop
  endfacet
  facet normal -0.659347 0 -0.751839
    outer loop
      vertex -3.40381 36 20.5962
      vertex -4.04305 20 21.1568
      vertex -4.04305 36 21.1568
    endloop
  endfacet
  facet normal 0.659312 0 -0.75187
    outer loop
      vertex -12.5962 20 20.5962
      vertex -11.9569 36 21.1568
      vertex -11.9569 20 21.1568
    endloop
  endfacet
  facet normal 0.659312 0 -0.75187
    outer loop
      vertex -11.9569 36 21.1568
      vertex -12.5962 20 20.5962
      vertex -12.5962 36 20.5962
    endloop
  endfacet
  facet normal 0.321452 0 -0.946926
    outer loop
      vertex -10.4874 20 22.0052
      vertex -9.68232 36 22.2785
      vertex -9.68232 20 22.2785
    endloop
  endfacet
  facet normal 0.321452 0 -0.946926
    outer loop
      vertex -9.68232 36 22.2785
      vertex -10.4874 20 22.0052
      vertex -10.4874 36 22.0052
    endloop
  endfacet
  facet normal -0.751864 0 0.659319
    outer loop
      vertex -3.40381 20 11.4038
      vertex -2.8432 36 12.0431
      vertex -3.40381 36 11.4038
    endloop
  endfacet
  facet normal -0.751864 0 0.659319
    outer loop
      vertex -2.8432 36 12.0431
      vertex -3.40381 20 11.4038
      vertex -2.8432 20 12.0431
    endloop
  endfacet
  facet normal -0.896879 0 -0.442277
    outer loop
      vertex -1.99478 20 18.4874
      vertex -2.37084 36 19.25
      vertex -1.99478 36 18.4874
    endloop
  endfacet
  facet normal -0.896879 -0 -0.442277
    outer loop
      vertex -2.37084 36 19.25
      vertex -1.99478 20 18.4874
      vertex -2.37084 20 19.25
    endloop
  endfacet
  facet normal -0.980786 0 -0.195087
    outer loop
      vertex -1.55561 20 16.8484
      vertex -1.72148 36 17.6823
      vertex -1.55561 36 16.8484
    endloop
  endfacet
  facet normal -0.980786 -0 -0.195087
    outer loop
      vertex -1.72148 36 17.6823
      vertex -1.55561 20 16.8484
      vertex -1.72148 20 17.6823
    endloop
  endfacet
  facet normal -0.831456 0 -0.55559
    outer loop
      vertex -2.37084 20 19.25
      vertex -2.8432 36 19.9569
      vertex -2.37084 36 19.25
    endloop
  endfacet
  facet normal -0.831456 -0 -0.55559
    outer loop
      vertex -2.8432 36 19.9569
      vertex -2.37084 20 19.25
      vertex -2.8432 20 19.9569
    endloop
  endfacet
  facet normal -0.321438 0 -0.946931
    outer loop
      vertex -6.31768 20 22.2785
      vertex -5.51256 36 22.0052
      vertex -5.51256 20 22.0052
    endloop
  endfacet
  facet normal -0.321438 0 -0.946931
    outer loop
      vertex -5.51256 36 22.0052
      vertex -6.31768 20 22.2785
      vertex -6.31768 36 22.2785
    endloop
  endfacet
  facet normal -0.195121 0 -0.980779
    outer loop
      vertex -7.15158 20 22.4444
      vertex -6.31768 36 22.2785
      vertex -6.31768 20 22.2785
    endloop
  endfacet
  facet normal -0.195121 0 -0.980779
    outer loop
      vertex -6.31768 36 22.2785
      vertex -7.15158 20 22.4444
      vertex -7.15158 36 22.4444
    endloop
  endfacet
  facet normal -0.555596 0 -0.831453
    outer loop
      vertex -4.75 20 21.6292
      vertex -4.04305 36 21.1568
      vertex -4.04305 20 21.1568
    endloop
  endfacet
  facet normal -0.555596 0 -0.831453
    outer loop
      vertex -4.04305 36 21.1568
      vertex -4.75 20 21.6292
      vertex -4.75 36 21.6292
    endloop
  endfacet
  facet normal 0.896907 0 -0.44222
    outer loop
      vertex -13.6292 20 19.25
      vertex -14.0052 36 18.4874
      vertex -13.6292 36 19.25
    endloop
  endfacet
  facet normal 0.896907 0 -0.44222
    outer loop
      vertex -14.0052 36 18.4874
      vertex -13.6292 20 19.25
      vertex -14.0052 20 18.4874
    endloop
  endfacet
  facet normal 0.75187 0 -0.659312
    outer loop
      vertex -12.5962 20 20.5962
      vertex -13.1568 36 19.9569
      vertex -12.5962 36 20.5962
    endloop
  endfacet
  facet normal 0.75187 0 -0.659312
    outer loop
      vertex -13.1568 36 19.9569
      vertex -12.5962 20 20.5962
      vertex -13.1568 20 19.9569
    endloop
  endfacet
  facet normal 0.946928 0 -0.321445
    outer loop
      vertex -14.0052 20 18.4874
      vertex -14.2785 36 17.6823
      vertex -14.0052 36 18.4874
    endloop
  endfacet
  facet normal 0.946928 0 -0.321445
    outer loop
      vertex -14.2785 36 17.6823
      vertex -14.0052 20 18.4874
      vertex -14.2785 20 17.6823
    endloop
  endfacet
  facet normal 0.195121 0 -0.980779
    outer loop
      vertex -9.68232 20 22.2785
      vertex -8.84842 36 22.4444
      vertex -8.84842 20 22.4444
    endloop
  endfacet
  facet normal 0.195121 0 -0.980779
    outer loop
      vertex -8.84842 36 22.4444
      vertex -9.68232 20 22.2785
      vertex -9.68232 36 22.2785
    endloop
  endfacet
  facet normal -0.442257 0 0.896888
    outer loop
      vertex -5.51256 36 9.99478
      vertex -4.75 31 10.3708
      vertex -4.75 36 10.3708
    endloop
  endfacet
  facet normal -0.442257 0 0.896888
    outer loop
      vertex -4.75 31 10.3708
      vertex -5.51256 36 9.99478
      vertex -5.51256 31 9.99478
    endloop
  endfacet
  facet normal -0.442257 0 0.896888
    outer loop
      vertex -5.51256 25 9.99478
      vertex -4.75 20 10.3708
      vertex -4.75 25 10.3708
    endloop
  endfacet
  facet normal -0.442257 0 0.896888
    outer loop
      vertex -4.75 20 10.3708
      vertex -5.51256 25 9.99478
      vertex -5.51256 20 9.99478
    endloop
  endfacet
  facet normal -0.555596 0 0.831453
    outer loop
      vertex -4.75 36 10.3708
      vertex -4.04305 31 10.8432
      vertex -4.04305 36 10.8432
    endloop
  endfacet
  facet normal -0.555596 0 0.831453
    outer loop
      vertex -4.04305 31 10.8432
      vertex -4.75 36 10.3708
      vertex -4.75 31 10.3708
    endloop
  endfacet
  facet normal -0.555596 0 0.831453
    outer loop
      vertex -4.75 25 10.3708
      vertex -4.04305 20 10.8432
      vertex -4.04305 25 10.8432
    endloop
  endfacet
  facet normal -0.555596 0 0.831453
    outer loop
      vertex -4.04305 20 10.8432
      vertex -4.75 25 10.3708
      vertex -4.75 20 10.3708
    endloop
  endfacet
  facet normal 0.442653 0 0.896693
    outer loop
      vertex -10.4874 36 9.99478
      vertex -10.5 31 10.001
      vertex -10.4874 20 9.99478
    endloop
  endfacet
  facet normal 0.442239 1.29842e-06 0.896897
    outer loop
      vertex -11.25 36 10.3708
      vertex -10.5 31 10.001
      vertex -10.4874 36 9.99478
    endloop
  endfacet
  facet normal 0.442232 0 0.896901
    outer loop
      vertex -10.5 31 10.001
      vertex -11.25 36 10.3708
      vertex -11.25 31 10.3708
    endloop
  endfacet
  facet normal 0.442653 -0 0.896693
    outer loop
      vertex -10.5 25 10.001
      vertex -10.4874 20 9.99478
      vertex -10.5 31 10.001
    endloop
  endfacet
  facet normal 0.442232 -1.32024e-06 0.896901
    outer loop
      vertex -11.25 25 10.3708
      vertex -10.4874 20 9.99478
      vertex -10.5 25 10.001
    endloop
  endfacet
  facet normal 0.442239 0 0.896897
    outer loop
      vertex -10.4874 20 9.99478
      vertex -11.25 25 10.3708
      vertex -11.25 20 10.3708
    endloop
  endfacet
  facet normal 0.659338 0 0.751847
    outer loop
      vertex -11.9569 36 10.8432
      vertex -12.1357 31 11
      vertex -11.9569 31 10.8432
    endloop
  endfacet
  facet normal 0.659302 0 0.751878
    outer loop
      vertex -12.1357 31 11
      vertex -12.5962 36 11.4038
      vertex -12.1357 25 11
    endloop
  endfacet
  facet normal 0.659312 1.63711e-06 0.75187
    outer loop
      vertex -12.5962 36 11.4038
      vertex -12.1357 31 11
      vertex -11.9569 36 10.8432
    endloop
  endfacet
  facet normal 0.659338 0 0.751847
    outer loop
      vertex -12.1357 25 11
      vertex -11.9569 20 10.8432
      vertex -11.9569 25 10.8432
    endloop
  endfacet
  facet normal 0.659302 -0 0.751878
    outer loop
      vertex -12.5962 20 11.4038
      vertex -12.1357 25 11
      vertex -12.5962 36 11.4038
    endloop
  endfacet
  facet normal 0.659312 -1.63711e-06 0.75187
    outer loop
      vertex -12.1357 25 11
      vertex -12.5962 20 11.4038
      vertex -11.9569 20 10.8432
    endloop
  endfacet
  facet normal 0.321452 0 0.946926
    outer loop
      vertex -10.4874 36 9.99478
      vertex -9.68232 20 9.72148
      vertex -9.68232 36 9.72148
    endloop
  endfacet
  facet normal 0.321452 0 0.946926
    outer loop
      vertex -9.68232 20 9.72148
      vertex -10.4874 36 9.99478
      vertex -10.4874 20 9.99478
    endloop
  endfacet
  facet normal -0.946928 0 -0.321445
    outer loop
      vertex -1.72148 20 17.6823
      vertex -1.99478 36 18.4874
      vertex -1.72148 36 17.6823
    endloop
  endfacet
  facet normal -0.946928 -0 -0.321445
    outer loop
      vertex -1.99478 36 18.4874
      vertex -1.72148 20 17.6823
      vertex -1.99478 20 18.4874
    endloop
  endfacet
  facet normal -0.751864 0 -0.659319
    outer loop
      vertex -2.8432 20 19.9569
      vertex -3.40381 36 20.5962
      vertex -2.8432 36 19.9569
    endloop
  endfacet
  facet normal -0.751864 -0 -0.659319
    outer loop
      vertex -3.40381 36 20.5962
      vertex -2.8432 20 19.9569
      vertex -3.40381 20 20.5962
    endloop
  endfacet
  facet normal -0.442239 0 -0.896897
    outer loop
      vertex -5.51256 20 22.0052
      vertex -4.75 36 21.6292
      vertex -4.75 20 21.6292
    endloop
  endfacet
  facet normal -0.442239 0 -0.896897
    outer loop
      vertex -4.75 36 21.6292
      vertex -5.51256 20 22.0052
      vertex -5.51256 36 22.0052
    endloop
  endfacet
  facet normal 0.831435 0 -0.555623
    outer loop
      vertex -13.1568 20 19.9569
      vertex -13.6292 36 19.25
      vertex -13.1568 36 19.9569
    endloop
  endfacet
  facet normal 0.831435 0 -0.555623
    outer loop
      vertex -13.6292 36 19.25
      vertex -13.1568 20 19.9569
      vertex -13.6292 20 19.25
    endloop
  endfacet
  facet normal 0.980779 0 -0.195121
    outer loop
      vertex -14.2785 20 17.6823
      vertex -14.4444 36 16.8484
      vertex -14.2785 36 17.6823
    endloop
  endfacet
  facet normal 0.980779 0 -0.195121
    outer loop
      vertex -14.4444 36 16.8484
      vertex -14.2785 20 17.6823
      vertex -14.4444 20 16.8484
    endloop
  endfacet
  facet normal 0.44222 0 -0.896907
    outer loop
      vertex -11.25 20 21.6292
      vertex -10.4874 36 22.0052
      vertex -10.4874 20 22.0052
    endloop
  endfacet
  facet normal 0.44222 0 -0.896907
    outer loop
      vertex -10.4874 36 22.0052
      vertex -11.25 20 21.6292
      vertex -11.25 36 21.6292
    endloop
  endfacet
  facet normal 0.555623 0 -0.831435
    outer loop
      vertex -11.9569 20 21.1568
      vertex -11.25 36 21.6292
      vertex -11.25 20 21.6292
    endloop
  endfacet
  facet normal 0.555623 0 -0.831435
    outer loop
      vertex -11.25 36 21.6292
      vertex -11.9569 20 21.1568
      vertex -11.9569 36 21.1568
    endloop
  endfacet
  facet normal 0.0653933 0 -0.99786
    outer loop
      vertex -8.84842 20 22.4444
      vertex -8 36 22.5
      vertex -8 20 22.5
    endloop
  endfacet
  facet normal 0.0653933 0 -0.99786
    outer loop
      vertex -8 36 22.5
      vertex -8.84842 20 22.4444
      vertex -8.84842 36 22.4444
    endloop
  endfacet
  facet normal -0.997859 0 0.0654066
    outer loop
      vertex -1.55561 20 15.1516
      vertex -1.5 36 16
      vertex -1.55561 36 15.1516
    endloop
  endfacet
  facet normal -0.997859 0 0.0654066
    outer loop
      vertex -1.5 36 16
      vertex -1.55561 20 15.1516
      vertex -1.5 20 16
    endloop
  endfacet
  facet normal -0.065405 0 0.997859
    outer loop
      vertex -8 36 9.5
      vertex -7.15158 31 9.55561
      vertex -7.15158 36 9.55561
    endloop
  endfacet
  facet normal -0.065405 0 0.997859
    outer loop
      vertex -7.15158 31 9.55561
      vertex -8 36 9.5
      vertex -8 31 9.5
    endloop
  endfacet
  facet normal -0.065405 0 0.997859
    outer loop
      vertex -8 25 9.5
      vertex -7.15158 20 9.55561
      vertex -7.15158 25 9.55561
    endloop
  endfacet
  facet normal -0.065405 0 0.997859
    outer loop
      vertex -7.15158 20 9.55561
      vertex -8 25 9.5
      vertex -8 20 9.5
    endloop
  endfacet
  facet normal -0.321438 0 0.946931
    outer loop
      vertex -6.31768 36 9.72148
      vertex -5.51256 31 9.99478
      vertex -5.51256 36 9.99478
    endloop
  endfacet
  facet normal -0.321438 0 0.946931
    outer loop
      vertex -5.51256 31 9.99478
      vertex -6.31768 36 9.72148
      vertex -6.31768 31 9.72148
    endloop
  endfacet
  facet normal -0.321438 0 0.946931
    outer loop
      vertex -6.31768 25 9.72148
      vertex -5.51256 20 9.99478
      vertex -5.51256 25 9.99478
    endloop
  endfacet
  facet normal -0.321438 0 0.946931
    outer loop
      vertex -5.51256 20 9.99478
      vertex -6.31768 25 9.72148
      vertex -6.31768 20 9.72148
    endloop
  endfacet
  facet normal -0.659342 0 0.751843
    outer loop
      vertex -3.40381 36 11.4038
      vertex -3.86426 31 11
      vertex -3.40381 20 11.4038
    endloop
  endfacet
  facet normal -0.659347 7.42853e-07 0.751839
    outer loop
      vertex -4.04305 36 10.8432
      vertex -3.86426 31 11
      vertex -3.40381 36 11.4038
    endloop
  endfacet
  facet normal -0.659359 0 0.751829
    outer loop
      vertex -3.86426 31 11
      vertex -4.04305 36 10.8432
      vertex -4.04305 31 10.8432
    endloop
  endfacet
  facet normal -0.659342 0 0.751843
    outer loop
      vertex -3.86426 25 11
      vertex -3.40381 20 11.4038
      vertex -3.86426 31 11
    endloop
  endfacet
  facet normal -0.659359 0 0.751829
    outer loop
      vertex -4.04305 20 10.8432
      vertex -3.86426 25 11
      vertex -4.04305 25 10.8432
    endloop
  endfacet
  facet normal -0.659347 -7.42853e-07 0.751839
    outer loop
      vertex -3.86426 25 11
      vertex -4.04305 20 10.8432
      vertex -3.40381 20 11.4038
    endloop
  endfacet
  facet normal -0.831456 0 0.55559
    outer loop
      vertex -2.8432 20 12.0431
      vertex -2.37084 36 12.75
      vertex -2.8432 36 12.0431
    endloop
  endfacet
  facet normal -0.831456 0 0.55559
    outer loop
      vertex -2.37084 36 12.75
      vertex -2.8432 20 12.0431
      vertex -2.37084 20 12.75
    endloop
  endfacet
  facet normal -0.980786 0 0.195087
    outer loop
      vertex -1.72148 20 14.3177
      vertex -1.55561 36 15.1516
      vertex -1.72148 36 14.3177
    endloop
  endfacet
  facet normal -0.980786 0 0.195087
    outer loop
      vertex -1.55561 36 15.1516
      vertex -1.72148 20 14.3177
      vertex -1.55561 20 15.1516
    endloop
  endfacet
  facet normal 0.555623 0 0.831435
    outer loop
      vertex -11.9569 36 10.8432
      vertex -11.25 31 10.3708
      vertex -11.25 36 10.3708
    endloop
  endfacet
  facet normal 0.555623 0 0.831435
    outer loop
      vertex -11.25 31 10.3708
      vertex -11.9569 36 10.8432
      vertex -11.9569 31 10.8432
    endloop
  endfacet
  facet normal 0.555623 0 0.831435
    outer loop
      vertex -11.9569 25 10.8432
      vertex -11.25 20 10.3708
      vertex -11.25 25 10.3708
    endloop
  endfacet
  facet normal 0.555623 0 0.831435
    outer loop
      vertex -11.25 20 10.3708
      vertex -11.9569 25 10.8432
      vertex -11.9569 20 10.8432
    endloop
  endfacet
  facet normal 0.195087 0 0.980786
    outer loop
      vertex -9.68232 36 9.72148
      vertex -8.84842 20 9.55561
      vertex -8.84842 36 9.55561
    endloop
  endfacet
  facet normal 0.195087 0 0.980786
    outer loop
      vertex -8.84842 20 9.55561
      vertex -9.68232 36 9.72148
      vertex -9.68232 20 9.72148
    endloop
  endfacet
  facet normal 0.896907 -0 0.44222
    outer loop
      vertex -14.0052 20 13.5126
      vertex -13.6292 36 12.75
      vertex -14.0052 36 13.5126
    endloop
  endfacet
  facet normal 0.896907 0 0.44222
    outer loop
      vertex -13.6292 36 12.75
      vertex -14.0052 20 13.5126
      vertex -13.6292 20 12.75
    endloop
  endfacet
  facet normal 0.75187 -0 0.659312
    outer loop
      vertex -13.1568 20 12.0431
      vertex -12.5962 36 11.4038
      vertex -13.1568 36 12.0431
    endloop
  endfacet
  facet normal 0.75187 0 0.659312
    outer loop
      vertex -12.5962 36 11.4038
      vertex -13.1568 20 12.0431
      vertex -12.5962 20 11.4038
    endloop
  endfacet
  facet normal 0.946928 -0 0.321445
    outer loop
      vertex -14.2785 20 14.3177
      vertex -14.0052 36 13.5126
      vertex -14.2785 36 14.3177
    endloop
  endfacet
  facet normal 0.946928 0 0.321445
    outer loop
      vertex -14.0052 36 13.5126
      vertex -14.2785 20 14.3177
      vertex -14.0052 20 13.5126
    endloop
  endfacet
  facet normal 0.997859 -0 0.0653948
    outer loop
      vertex -14.5 20 16
      vertex -14.4444 36 15.1516
      vertex -14.5 36 16
    endloop
  endfacet
  facet normal 0.997859 0 0.0653948
    outer loop
      vertex -14.4444 36 15.1516
      vertex -14.5 20 16
      vertex -14.4444 20 15.1516
    endloop
  endfacet
  facet normal -0.195087 0 0.980786
    outer loop
      vertex -7.15158 36 9.55561
      vertex -6.31768 31 9.72148
      vertex -6.31768 36 9.72148
    endloop
  endfacet
  facet normal -0.195087 0 0.980786
    outer loop
      vertex -6.31768 31 9.72148
      vertex -7.15158 36 9.55561
      vertex -7.15158 31 9.55561
    endloop
  endfacet
  facet normal -0.195087 0 0.980786
    outer loop
      vertex -7.15158 25 9.55561
      vertex -6.31768 20 9.72148
      vertex -6.31768 25 9.72148
    endloop
  endfacet
  facet normal -0.195087 0 0.980786
    outer loop
      vertex -6.31768 20 9.72148
      vertex -7.15158 25 9.55561
      vertex -7.15158 20 9.55561
    endloop
  endfacet
  facet normal -0.896879 0 0.442277
    outer loop
      vertex -2.37084 20 12.75
      vertex -1.99478 36 13.5126
      vertex -2.37084 36 12.75
    endloop
  endfacet
  facet normal -0.896879 0 0.442277
    outer loop
      vertex -1.99478 36 13.5126
      vertex -2.37084 20 12.75
      vertex -1.99478 20 13.5126
    endloop
  endfacet
  facet normal 0.831435 -0 0.555623
    outer loop
      vertex -13.6292 20 12.75
      vertex -13.1568 36 12.0431
      vertex -13.6292 36 12.75
    endloop
  endfacet
  facet normal 0.831435 0 0.555623
    outer loop
      vertex -13.1568 36 12.0431
      vertex -13.6292 20 12.75
      vertex -13.1568 20 12.0431
    endloop
  endfacet
  facet normal 0.980779 -0 0.195121
    outer loop
      vertex -14.4444 20 15.1516
      vertex -14.2785 36 14.3177
      vertex -14.4444 36 15.1516
    endloop
  endfacet
  facet normal 0.980779 0 0.195121
    outer loop
      vertex -14.2785 36 14.3177
      vertex -14.4444 20 15.1516
      vertex -14.2785 20 14.3177
    endloop
  endfacet
  facet normal -0.946928 0 0.321445
    outer loop
      vertex -1.99478 20 13.5126
      vertex -1.72148 36 14.3177
      vertex -1.99478 36 13.5126
    endloop
  endfacet
  facet normal -0.946928 0 0.321445
    outer loop
      vertex -1.72148 36 14.3177
      vertex -1.99478 20 13.5126
      vertex -1.72148 20 14.3177
    endloop
  endfacet
  facet normal 0.995184 -0 0.098022
    outer loop
      vertex -2.11529 21 17.1705
      vertex -2 35 16
      vertex -2.11529 35 17.1705
    endloop
  endfacet
  facet normal 0.995184 0 0.098022
    outer loop
      vertex -2 35 16
      vertex -2.11529 21 17.1705
      vertex -2 21 16
    endloop
  endfacet
  facet normal -0.995183 0 0.0980305
    outer loop
      vertex -14 21 16
      vertex -13.8847 35 17.1705
      vertex -14 35 16
    endloop
  endfacet
  facet normal -0.995183 0 0.0980305
    outer loop
      vertex -13.8847 35 17.1705
      vertex -14 21 16
      vertex -13.8847 21 17.1705
    endloop
  endfacet
  facet normal 0.0980271 0 0.995184
    outer loop
      vertex -8 35 22
      vertex -6.82946 21 21.8847
      vertex -6.82946 35 21.8847
    endloop
  endfacet
  facet normal 0.0980271 0 0.995184
    outer loop
      vertex -6.82946 21 21.8847
      vertex -8 35 22
      vertex -8 21 22
    endloop
  endfacet
  facet normal 0.773003 -0 0.634403
    outer loop
      vertex -3.75736 21 20.2426
      vertex -3.01118 35 19.3334
      vertex -3.75736 35 20.2426
    endloop
  endfacet
  facet normal 0.773003 0 0.634403
    outer loop
      vertex -3.01118 35 19.3334
      vertex -3.75736 21 20.2426
      vertex -3.01118 21 19.3334
    endloop
  endfacet
  facet normal -0.634413 0 0.772994
    outer loop
      vertex -12.2426 35 20.2426
      vertex -11.3334 21 20.9888
      vertex -11.3334 35 20.9888
    endloop
  endfacet
  facet normal -0.634413 0 0.772994
    outer loop
      vertex -11.3334 21 20.9888
      vertex -12.2426 35 20.2426
      vertex -12.2426 21 20.2426
    endloop
  endfacet
  facet normal -0.290258 0 0.956949
    outer loop
      vertex -10.2961 35 21.5433
      vertex -9.17054 21 21.8847
      vertex -9.17054 35 21.8847
    endloop
  endfacet
  facet normal -0.290258 0 0.956949
    outer loop
      vertex -9.17054 21 21.8847
      vertex -10.2961 35 21.5433
      vertex -10.2961 21 21.5433
    endloop
  endfacet
  facet normal 0.634405 0 -0.773001
    outer loop
      vertex -4.66658 21 11.0112
      vertex -3.75736 35 11.7574
      vertex -3.75736 21 11.7574
    endloop
  endfacet
  facet normal 0.634405 0 -0.773001
    outer loop
      vertex -3.75736 35 11.7574
      vertex -4.66658 21 11.0112
      vertex -4.66658 35 11.0112
    endloop
  endfacet
  facet normal 0 1 0
    outer loop
      vertex -8 35 20.5
      vertex -8 35 22
      vertex -6.82946 35 21.8847
    endloop
  endfacet
  facet normal 0 1 0
    outer loop
      vertex -6.83531 35 20.3467
      vertex -6.82946 35 21.8847
      vertex -5.7039 35 21.5433
    endloop
  endfacet
  facet normal 0 1 0
    outer loop
      vertex -8 35 22
      vertex -8 35 20.5
      vertex -9.17054 35 21.8847
    endloop
  endfacet
  facet normal 0 1 0
    outer loop
      vertex -5.75 35 19.8971
      vertex -5.7039 35 21.5433
      vertex -4.66658 35 20.9888
    endloop
  endfacet
  facet normal 0 1 -0
    outer loop
      vertex -9.16469 35 20.3467
      vertex -9.17054 35 21.8847
      vertex -8 35 20.5
    endloop
  endfacet
  facet normal 0 1 0
    outer loop
      vertex -9.17054 35 21.8847
      vertex -9.16469 35 20.3467
      vertex -10.2961 35 21.5433
    endloop
  endfacet
  facet normal 0 1 0
    outer loop
      vertex -6.82946 35 21.8847
      vertex -6.83531 35 20.3467
      vertex -8 35 20.5
    endloop
  endfacet
  facet normal 0 1 0
    outer loop
      vertex -4.81802 35 19.182
      vertex -4.66658 35 20.9888
      vertex -3.75736 35 20.2426
    endloop
  endfacet
  facet normal 0 1 0
    outer loop
      vertex -5.7039 35 21.5433
      vertex -5.75 35 19.8971
      vertex -6.83531 35 20.3467
    endloop
  endfacet
  facet normal 0 1 0
    outer loop
      vertex -4.81802 35 19.182
      vertex -3.75736 35 20.2426
      vertex -3.01118 35 19.3334
    endloop
  endfacet
  facet normal 0 1 0
    outer loop
      vertex -4.66658 35 20.9888
      vertex -4.81802 35 19.182
      vertex -5.75 35 19.8971
    endloop
  endfacet
  facet normal 0 1 0
    outer loop
      vertex -4.10289 35 18.25
      vertex -3.01118 35 19.3334
      vertex -2.45672 35 18.2961
    endloop
  endfacet
  facet normal 0 1 0
    outer loop
      vertex -3.01118 35 19.3334
      vertex -4.10289 35 18.25
      vertex -4.81802 35 19.182
    endloop
  endfacet
  facet normal 0 1 0
    outer loop
      vertex -3.65333 35 17.1647
      vertex -2.45672 35 18.2961
      vertex -2.11529 35 17.1705
    endloop
  endfacet
  facet normal 0 1 0
    outer loop
      vertex -2.45672 35 18.2961
      vertex -3.65333 35 17.1647
      vertex -4.10289 35 18.25
    endloop
  endfacet
  facet normal 0 1 0
    outer loop
      vertex -3.5 35 16
      vertex -2.11529 35 17.1705
      vertex -2 35 16
    endloop
  endfacet
  facet normal 0 1 0
    outer loop
      vertex -2.11529 35 17.1705
      vertex -3.5 35 16
      vertex -3.65333 35 17.1647
    endloop
  endfacet
  facet normal 0 1 -0
    outer loop
      vertex -2.11529 35 14.8295
      vertex -3.5 35 16
      vertex -2 35 16
    endloop
  endfacet
  facet normal 0 1 0
    outer loop
      vertex -3.5 35 16
      vertex -2.11529 35 14.8295
      vertex -3.65333 35 14.8353
    endloop
  endfacet
  facet normal 0 1 -0
    outer loop
      vertex -2.45672 35 13.7039
      vertex -3.65333 35 14.8353
      vertex -2.11529 35 14.8295
    endloop
  endfacet
  facet normal 0 1 0
    outer loop
      vertex -3.65333 35 14.8353
      vertex -2.45672 35 13.7039
      vertex -4.10289 35 13.75
    endloop
  endfacet
  facet normal 0 1 -0
    outer loop
      vertex -3.01118 35 12.6666
      vertex -4.10289 35 13.75
      vertex -2.45672 35 13.7039
    endloop
  endfacet
  facet normal 0 1 0
    outer loop
      vertex -4.10289 35 13.75
      vertex -3.01118 35 12.6666
      vertex -4.81802 35 12.818
    endloop
  endfacet
  facet normal 0 1 -0
    outer loop
      vertex -3.75736 35 11.7574
      vertex -4.81802 35 12.818
      vertex -3.01118 35 12.6666
    endloop
  endfacet
  facet normal 0 1 -0
    outer loop
      vertex -4.66658 35 11.0112
      vertex -4.81802 35 12.818
      vertex -3.75736 35 11.7574
    endloop
  endfacet
  facet normal 0 1 0
    outer loop
      vertex -4.81802 35 12.818
      vertex -4.66658 35 11.0112
      vertex -5.75 35 12.1029
    endloop
  endfacet
  facet normal 0 1 -0
    outer loop
      vertex -5.7039 35 10.4567
      vertex -5.75 35 12.1029
      vertex -4.66658 35 11.0112
    endloop
  endfacet
  facet normal 0 1 0
    outer loop
      vertex -5.75 35 12.1029
      vertex -5.7039 35 10.4567
      vertex -6.83531 35 11.6533
    endloop
  endfacet
  facet normal 0 1 -0
    outer loop
      vertex -10.25 35 19.8971
      vertex -10.2961 35 21.5433
      vertex -9.16469 35 20.3467
    endloop
  endfacet
  facet normal 0 1 0
    outer loop
      vertex -10.2961 35 21.5433
      vertex -10.25 35 19.8971
      vertex -11.3334 35 20.9888
    endloop
  endfacet
  facet normal 0 1 -0
    outer loop
      vertex -11.182 35 19.182
      vertex -11.3334 35 20.9888
      vertex -10.25 35 19.8971
    endloop
  endfacet
  facet normal 0 1 0
    outer loop
      vertex -11.3334 35 20.9888
      vertex -11.182 35 19.182
      vertex -12.2426 35 20.2426
    endloop
  endfacet
  facet normal 0 1 0
    outer loop
      vertex -12.2426 35 20.2426
      vertex -11.182 35 19.182
      vertex -12.9888 35 19.3334
    endloop
  endfacet
  facet normal 0 1 -0
    outer loop
      vertex -11.8971 35 18.25
      vertex -12.9888 35 19.3334
      vertex -11.182 35 19.182
    endloop
  endfacet
  facet normal 0 1 0
    outer loop
      vertex -12.9888 35 19.3334
      vertex -11.8971 35 18.25
      vertex -13.5433 35 18.2961
    endloop
  endfacet
  facet normal 0 1 -0
    outer loop
      vertex -12.3467 35 17.1647
      vertex -13.5433 35 18.2961
      vertex -11.8971 35 18.25
    endloop
  endfacet
  facet normal 0 1 0
    outer loop
      vertex -13.5433 35 18.2961
      vertex -12.3467 35 17.1647
      vertex -13.8847 35 17.1705
    endloop
  endfacet
  facet normal 0 1 -0
    outer loop
      vertex -12.5 35 16
      vertex -13.8847 35 17.1705
      vertex -12.3467 35 17.1647
    endloop
  endfacet
  facet normal 0 1 0
    outer loop
      vertex -12.5 35 16
      vertex -14 35 16
      vertex -13.8847 35 17.1705
    endloop
  endfacet
  facet normal 0 1 0
    outer loop
      vertex -13.8847 35 14.8295
      vertex -12.5 35 16
      vertex -12.3467 35 14.8353
    endloop
  endfacet
  facet normal 0 1 0
    outer loop
      vertex -12.5 35 16
      vertex -13.8847 35 14.8295
      vertex -14 35 16
    endloop
  endfacet
  facet normal 0 1 0
    outer loop
      vertex -13.5433 35 13.7039
      vertex -12.3467 35 14.8353
      vertex -11.8971 35 13.75
    endloop
  endfacet
  facet normal 0 1 0
    outer loop
      vertex -12.3467 35 14.8353
      vertex -13.5433 35 13.7039
      vertex -13.8847 35 14.8295
    endloop
  endfacet
  facet normal 0 1 0
    outer loop
      vertex -12.9888 35 12.6666
      vertex -11.8971 35 13.75
      vertex -11.182 35 12.818
    endloop
  endfacet
  facet normal 0 1 0
    outer loop
      vertex -11.8971 35 13.75
      vertex -12.9888 35 12.6666
      vertex -13.5433 35 13.7039
    endloop
  endfacet
  facet normal 0 1 0
    outer loop
      vertex -11.3334 35 11.0112
      vertex -11.182 35 12.818
      vertex -10.25 35 12.1029
    endloop
  endfacet
  facet normal 0 1 0
    outer loop
      vertex -11.182 35 12.818
      vertex -12.2426 35 11.7574
      vertex -12.9888 35 12.6666
    endloop
  endfacet
  facet normal 0 1 0
    outer loop
      vertex -10.2961 35 10.4567
      vertex -10.25 35 12.1029
      vertex -9.16469 35 11.6533
    endloop
  endfacet
  facet normal 0 1 0
    outer loop
      vertex -9.17054 35 10.1153
      vertex -9.16469 35 11.6533
      vertex -8 35 11.5
    endloop
  endfacet
  facet normal 0 1 -0
    outer loop
      vertex -6.82946 35 10.1153
      vertex -6.83531 35 11.6533
      vertex -5.7039 35 10.4567
    endloop
  endfacet
  facet normal 0 1 0
    outer loop
      vertex -11.182 35 12.818
      vertex -11.3334 35 11.0112
      vertex -12.2426 35 11.7574
    endloop
  endfacet
  facet normal 0 1 0
    outer loop
      vertex -6.83531 35 11.6533
      vertex -6.82946 35 10.1153
      vertex -8 35 11.5
    endloop
  endfacet
  facet normal 0 1 0
    outer loop
      vertex -10.25 35 12.1029
      vertex -10.2961 35 10.4567
      vertex -11.3334 35 11.0112
    endloop
  endfacet
  facet normal 0 1 0
    outer loop
      vertex -8 35 10
      vertex -8 35 11.5
      vertex -6.82946 35 10.1153
    endloop
  endfacet
  facet normal 0 1 0
    outer loop
      vertex -9.16469 35 11.6533
      vertex -9.17054 35 10.1153
      vertex -10.2961 35 10.4567
    endloop
  endfacet
  facet normal 0 1 0
    outer loop
      vertex -8 35 11.5
      vertex -8 35 10
      vertex -9.17054 35 10.1153
    endloop
  endfacet
  facet normal 0.881917 -0 0.471404
    outer loop
      vertex -3.01118 21 19.3334
      vertex -2.45672 35 18.2961
      vertex -3.01118 35 19.3334
    endloop
  endfacet
  facet normal 0.881917 0 0.471404
    outer loop
      vertex -2.45672 35 18.2961
      vertex -3.01118 21 19.3334
      vertex -2.45672 21 18.2961
    endloop
  endfacet
  facet normal 0.956944 -0 0.290271
    outer loop
      vertex -2.45672 21 18.2961
      vertex -2.11529 35 17.1705
      vertex -2.45672 35 18.2961
    endloop
  endfacet
  facet normal 0.956944 0 0.290271
    outer loop
      vertex -2.11529 35 17.1705
      vertex -2.45672 21 18.2961
      vertex -2.11529 21 17.1705
    endloop
  endfacet
  facet normal 0.471424 0 0.881907
    outer loop
      vertex -5.7039 35 21.5433
      vertex -4.66658 21 20.9888
      vertex -4.66658 35 20.9888
    endloop
  endfacet
  facet normal 0.471424 0 0.881907
    outer loop
      vertex -4.66658 21 20.9888
      vertex -5.7039 35 21.5433
      vertex -5.7039 21 21.5433
    endloop
  endfacet
  facet normal 0.290258 0 0.956949
    outer loop
      vertex -6.82946 35 21.8847
      vertex -5.7039 21 21.5433
      vertex -5.7039 35 21.5433
    endloop
  endfacet
  facet normal 0.290258 0 0.956949
    outer loop
      vertex -5.7039 21 21.5433
      vertex -6.82946 35 21.8847
      vertex -6.82946 21 21.8847
    endloop
  endfacet
  facet normal 0.634405 0 0.773001
    outer loop
      vertex -4.66658 35 20.9888
      vertex -3.75736 21 20.2426
      vertex -3.75736 35 20.2426
    endloop
  endfacet
  facet normal 0.634405 0 0.773001
    outer loop
      vertex -3.75736 21 20.2426
      vertex -4.66658 35 20.9888
      vertex -4.66658 21 20.9888
    endloop
  endfacet
  facet normal -0.881903 0 0.471431
    outer loop
      vertex -13.5433 21 18.2961
      vertex -12.9888 35 19.3334
      vertex -13.5433 35 18.2961
    endloop
  endfacet
  facet normal -0.881903 0 0.471431
    outer loop
      vertex -12.9888 35 19.3334
      vertex -13.5433 21 18.2961
      vertex -12.9888 21 19.3334
    endloop
  endfacet
  facet normal -0.772994 0 0.634413
    outer loop
      vertex -12.9888 21 19.3334
      vertex -12.2426 35 20.2426
      vertex -12.9888 35 19.3334
    endloop
  endfacet
  facet normal -0.772994 0 0.634413
    outer loop
      vertex -12.2426 35 20.2426
      vertex -12.9888 21 19.3334
      vertex -12.2426 21 20.2426
    endloop
  endfacet
  facet normal -0.956951 0 0.290248
    outer loop
      vertex -13.8847 21 17.1705
      vertex -13.5433 35 18.2961
      vertex -13.8847 35 17.1705
    endloop
  endfacet
  facet normal -0.956951 0 0.290248
    outer loop
      vertex -13.5433 35 18.2961
      vertex -13.8847 21 17.1705
      vertex -13.5433 21 18.2961
    endloop
  endfacet
  facet normal 0 -1 0
    outer loop
      vertex -8 21 20.5
      vertex -8 21 22
      vertex -9.17054 21 21.8847
    endloop
  endfacet
  facet normal 0 -1 0
    outer loop
      vertex -9.16469 21 20.3467
      vertex -9.17054 21 21.8847
      vertex -10.2961 21 21.5433
    endloop
  endfacet
  facet normal 0 -1 0
    outer loop
      vertex -8 21 22
      vertex -8 21 20.5
      vertex -6.82946 21 21.8847
    endloop
  endfacet
  facet normal 0 -1 0
    outer loop
      vertex -10.25 21 19.8971
      vertex -10.2961 21 21.5433
      vertex -11.3334 21 20.9888
    endloop
  endfacet
  facet normal 0 -1 0
    outer loop
      vertex -6.83531 21 20.3467
      vertex -6.82946 21 21.8847
      vertex -8 21 20.5
    endloop
  endfacet
  facet normal 0 -1 -0
    outer loop
      vertex -6.82946 21 21.8847
      vertex -6.83531 21 20.3467
      vertex -5.7039 21 21.5433
    endloop
  endfacet
  facet normal 0 -1 0
    outer loop
      vertex -9.17054 21 21.8847
      vertex -9.16469 21 20.3467
      vertex -8 21 20.5
    endloop
  endfacet
  facet normal 0 -1 0
    outer loop
      vertex -11.182 21 19.182
      vertex -11.3334 21 20.9888
      vertex -12.2426 21 20.2426
    endloop
  endfacet
  facet normal 0 -1 0
    outer loop
      vertex -10.2961 21 21.5433
      vertex -10.25 21 19.8971
      vertex -9.16469 21 20.3467
    endloop
  endfacet
  facet normal 0 -1 0
    outer loop
      vertex -11.182 21 19.182
      vertex -12.2426 21 20.2426
      vertex -12.9888 21 19.3334
    endloop
  endfacet
  facet normal 0 -1 0
    outer loop
      vertex -11.3334 21 20.9888
      vertex -11.182 21 19.182
      vertex -10.25 21 19.8971
    endloop
  endfacet
  facet normal 0 -1 0
    outer loop
      vertex -11.8971 21 18.25
      vertex -12.9888 21 19.3334
      vertex -13.5433 21 18.2961
    endloop
  endfacet
  facet normal 0 -1 0
    outer loop
      vertex -12.9888 21 19.3334
      vertex -11.8971 21 18.25
      vertex -11.182 21 19.182
    endloop
  endfacet
  facet normal 0 -1 0
    outer loop
      vertex -12.3467 21 17.1647
      vertex -13.5433 21 18.2961
      vertex -13.8847 21 17.1705
    endloop
  endfacet
  facet normal 0 -1 0
    outer loop
      vertex -13.5433 21 18.2961
      vertex -12.3467 21 17.1647
      vertex -11.8971 21 18.25
    endloop
  endfacet
  facet normal 0 -1 0
    outer loop
      vertex -12.5 21 16
      vertex -13.8847 21 17.1705
      vertex -14 21 16
    endloop
  endfacet
  facet normal 0 -1 0
    outer loop
      vertex -13.8847 21 17.1705
      vertex -12.5 21 16
      vertex -12.3467 21 17.1647
    endloop
  endfacet
  facet normal 0 -1 0
    outer loop
      vertex -13.8847 21 14.8295
      vertex -12.5 21 16
      vertex -14 21 16
    endloop
  endfacet
  facet normal 0 -1 -0
    outer loop
      vertex -12.5 21 16
      vertex -13.8847 21 14.8295
      vertex -12.3467 21 14.8353
    endloop
  endfacet
  facet normal 0 -1 0
    outer loop
      vertex -13.5433 21 13.7039
      vertex -12.3467 21 14.8353
      vertex -13.8847 21 14.8295
    endloop
  endfacet
  facet normal 0 -1 -0
    outer loop
      vertex -12.3467 21 14.8353
      vertex -13.5433 21 13.7039
      vertex -11.8971 21 13.75
    endloop
  endfacet
  facet normal 0 -1 0
    outer loop
      vertex -12.9888 21 12.6666
      vertex -11.8971 21 13.75
      vertex -13.5433 21 13.7039
    endloop
  endfacet
  facet normal 0 -1 -0
    outer loop
      vertex -11.8971 21 13.75
      vertex -12.9888 21 12.6666
      vertex -11.182 21 12.818
    endloop
  endfacet
  facet normal 0 -1 0
    outer loop
      vertex -12.2426 21 11.7574
      vertex -11.182 21 12.818
      vertex -12.9888 21 12.6666
    endloop
  endfacet
  facet normal 0 -1 0
    outer loop
      vertex -11.3334 21 11.0112
      vertex -11.182 21 12.818
      vertex -12.2426 21 11.7574
    endloop
  endfacet
  facet normal 0 -1 -0
    outer loop
      vertex -11.182 21 12.818
      vertex -11.3334 21 11.0112
      vertex -10.25 21 12.1029
    endloop
  endfacet
  facet normal 0 -1 0
    outer loop
      vertex -10.2961 21 10.4567
      vertex -10.25 21 12.1029
      vertex -11.3334 21 11.0112
    endloop
  endfacet
  facet normal 0 -1 -0
    outer loop
      vertex -10.25 21 12.1029
      vertex -10.2961 21 10.4567
      vertex -9.16469 21 11.6533
    endloop
  endfacet
  facet normal 0 -1 0
    outer loop
      vertex -5.75 21 19.8971
      vertex -5.7039 21 21.5433
      vertex -6.83531 21 20.3467
    endloop
  endfacet
  facet normal 0 -1 -0
    outer loop
      vertex -5.7039 21 21.5433
      vertex -5.75 21 19.8971
      vertex -4.66658 21 20.9888
    endloop
  endfacet
  facet normal 0 -1 0
    outer loop
      vertex -4.81802 21 19.182
      vertex -4.66658 21 20.9888
      vertex -5.75 21 19.8971
    endloop
  endfacet
  facet normal 0 -1 -0
    outer loop
      vertex -4.66658 21 20.9888
      vertex -4.81802 21 19.182
      vertex -3.75736 21 20.2426
    endloop
  endfacet
  facet normal 0 -1 -0
    outer loop
      vertex -3.75736 21 20.2426
      vertex -4.81802 21 19.182
      vertex -3.01118 21 19.3334
    endloop
  endfacet
  facet normal 0 -1 0
    outer loop
      vertex -4.10289 21 18.25
      vertex -3.01118 21 19.3334
      vertex -4.81802 21 19.182
    endloop
  endfacet
  facet normal 0 -1 -0
    outer loop
      vertex -3.01118 21 19.3334
      vertex -4.10289 21 18.25
      vertex -2.45672 21 18.2961
    endloop
  endfacet
  facet normal 0 -1 0
    outer loop
      vertex -3.65333 21 17.1647
      vertex -2.45672 21 18.2961
      vertex -4.10289 21 18.25
    endloop
  endfacet
  facet normal 0 -1 -0
    outer loop
      vertex -2.45672 21 18.2961
      vertex -3.65333 21 17.1647
      vertex -2.11529 21 17.1705
    endloop
  endfacet
  facet normal 0 -1 0
    outer loop
      vertex -3.5 21 16
      vertex -2.11529 21 17.1705
      vertex -3.65333 21 17.1647
    endloop
  endfacet
  facet normal 0 -1 0
    outer loop
      vertex -3.5 21 16
      vertex -2 21 16
      vertex -2.11529 21 17.1705
    endloop
  endfacet
  facet normal 0 -1 0
    outer loop
      vertex -2.11529 21 14.8295
      vertex -3.5 21 16
      vertex -3.65333 21 14.8353
    endloop
  endfacet
  facet normal 0 -1 0
    outer loop
      vertex -3.5 21 16
      vertex -2.11529 21 14.8295
      vertex -2 21 16
    endloop
  endfacet
  facet normal 0 -1 0
    outer loop
      vertex -2.45672 21 13.7039
      vertex -3.65333 21 14.8353
      vertex -4.10289 21 13.75
    endloop
  endfacet
  facet normal 0 -1 0
    outer loop
      vertex -3.65333 21 14.8353
      vertex -2.45672 21 13.7039
      vertex -2.11529 21 14.8295
    endloop
  endfacet
  facet normal 0 -1 0
    outer loop
      vertex -3.01118 21 12.6666
      vertex -4.10289 21 13.75
      vertex -4.81802 21 12.818
    endloop
  endfacet
  facet normal 0 -1 0
    outer loop
      vertex -4.10289 21 13.75
      vertex -3.01118 21 12.6666
      vertex -2.45672 21 13.7039
    endloop
  endfacet
  facet normal 0 -1 0
    outer loop
      vertex -4.66658 21 11.0112
      vertex -4.81802 21 12.818
      vertex -5.75 21 12.1029
    endloop
  endfacet
  facet normal 0 -1 0
    outer loop
      vertex -4.81802 21 12.818
      vertex -3.75736 21 11.7574
      vertex -3.01118 21 12.6666
    endloop
  endfacet
  facet normal 0 -1 0
    outer loop
      vertex -5.7039 21 10.4567
      vertex -5.75 21 12.1029
      vertex -6.83531 21 11.6533
    endloop
  endfacet
  facet normal 0 -1 0
    outer loop
      vertex -6.82946 21 10.1153
      vertex -6.83531 21 11.6533
      vertex -8 21 11.5
    endloop
  endfacet
  facet normal 0 -1 0
    outer loop
      vertex -9.17054 21 10.1153
      vertex -9.16469 21 11.6533
      vertex -10.2961 21 10.4567
    endloop
  endfacet
  facet normal 0 -1 0
    outer loop
      vertex -4.81802 21 12.818
      vertex -4.66658 21 11.0112
      vertex -3.75736 21 11.7574
    endloop
  endfacet
  facet normal 0 -1 -0
    outer loop
      vertex -9.16469 21 11.6533
      vertex -9.17054 21 10.1153
      vertex -8 21 11.5
    endloop
  endfacet
  facet normal 0 -1 0
    outer loop
      vertex -5.75 21 12.1029
      vertex -5.7039 21 10.4567
      vertex -4.66658 21 11.0112
    endloop
  endfacet
  facet normal 0 -1 0
    outer loop
      vertex -8 21 10
      vertex -8 21 11.5
      vertex -9.17054 21 10.1153
    endloop
  endfacet
  facet normal 0 -1 0
    outer loop
      vertex -6.83531 21 11.6533
      vertex -6.82946 21 10.1153
      vertex -5.7039 21 10.4567
    endloop
  endfacet
  facet normal 0 -1 0
    outer loop
      vertex -8 21 11.5
      vertex -8 21 10
      vertex -6.82946 21 10.1153
    endloop
  endfacet
  facet normal -0.471431 0 0.881903
    outer loop
      vertex -11.3334 35 20.9888
      vertex -10.2961 21 21.5433
      vertex -10.2961 35 21.5433
    endloop
  endfacet
  facet normal -0.471431 0 0.881903
    outer loop
      vertex -10.2961 21 21.5433
      vertex -11.3334 35 20.9888
      vertex -11.3334 21 20.9888
    endloop
  endfacet
  facet normal -0.0980271 0 0.995184
    outer loop
      vertex -9.17054 35 21.8847
      vertex -8 21 22
      vertex -8 35 22
    endloop
  endfacet
  facet normal -0.0980271 0 0.995184
    outer loop
      vertex -8 21 22
      vertex -9.17054 35 21.8847
      vertex -9.17054 21 21.8847
    endloop
  endfacet
  facet normal 0.995184 0 -0.098022
    outer loop
      vertex -2 21 16
      vertex -2.11529 35 14.8295
      vertex -2 35 16
    endloop
  endfacet
  facet normal 0.995184 0 -0.098022
    outer loop
      vertex -2.11529 35 14.8295
      vertex -2 21 16
      vertex -2.11529 21 14.8295
    endloop
  endfacet
  facet normal 0.0980271 0 -0.995184
    outer loop
      vertex -8 31 10
      vertex -6.82946 35 10.1153
      vertex -6.82946 31 10.1153
    endloop
  endfacet
  facet normal 0.0980271 0 -0.995184
    outer loop
      vertex -6.82946 35 10.1153
      vertex -8 31 10
      vertex -8 35 10
    endloop
  endfacet
  facet normal 0.0980271 0 -0.995184
    outer loop
      vertex -8 21 10
      vertex -6.82946 25 10.1153
      vertex -6.82946 21 10.1153
    endloop
  endfacet
  facet normal 0.0980271 0 -0.995184
    outer loop
      vertex -6.82946 25 10.1153
      vertex -8 21 10
      vertex -8 25 10
    endloop
  endfacet
  facet normal 0.471988 0 -0.881605
    outer loop
      vertex -4.66658 21 11.0112
      vertex -4.6875 25 11
      vertex -4.66658 35 11.0112
    endloop
  endfacet
  facet normal 0.471424 -3.79264e-06 -0.881907
    outer loop
      vertex -5.7039 21 10.4567
      vertex -4.6875 25 11
      vertex -4.66658 21 11.0112
    endloop
  endfacet
  facet normal 0.471412 0 -0.881913
    outer loop
      vertex -4.6875 25 11
      vertex -5.7039 21 10.4567
      vertex -5.7039 25 10.4567
    endloop
  endfacet
  facet normal 0.471988 0 -0.881605
    outer loop
      vertex -4.6875 31 11
      vertex -4.66658 35 11.0112
      vertex -4.6875 25 11
    endloop
  endfacet
  facet normal 0.471412 3.87073e-06 -0.881913
    outer loop
      vertex -5.7039 31 10.4567
      vertex -4.66658 35 11.0112
      vertex -4.6875 31 11
    endloop
  endfacet
  facet normal 0.471424 0 -0.881907
    outer loop
      vertex -4.66658 35 11.0112
      vertex -5.7039 31 10.4567
      vertex -5.7039 35 10.4567
    endloop
  endfacet
  facet normal -0.634413 0 -0.772994
    outer loop
      vertex -12.2426 21 11.7574
      vertex -11.3334 35 11.0112
      vertex -11.3334 21 11.0112
    endloop
  endfacet
  facet normal -0.634413 0 -0.772994
    outer loop
      vertex -11.3334 35 11.0112
      vertex -12.2426 21 11.7574
      vertex -12.2426 35 11.7574
    endloop
  endfacet
  facet normal -0.290258 0 -0.956949
    outer loop
      vertex -10.2961 21 10.4567
      vertex -9.17054 35 10.1153
      vertex -9.17054 21 10.1153
    endloop
  endfacet
  facet normal -0.290258 0 -0.956949
    outer loop
      vertex -9.17054 35 10.1153
      vertex -10.2961 21 10.4567
      vertex -10.2961 35 10.4567
    endloop
  endfacet
  facet normal -0.881903 0 -0.471431
    outer loop
      vertex -12.9888 21 12.6666
      vertex -13.5433 35 13.7039
      vertex -12.9888 35 12.6666
    endloop
  endfacet
  facet normal -0.881903 -0 -0.471431
    outer loop
      vertex -13.5433 35 13.7039
      vertex -12.9888 21 12.6666
      vertex -13.5433 21 13.7039
    endloop
  endfacet
  facet normal -0.995183 0 -0.0980305
    outer loop
      vertex -13.8847 21 14.8295
      vertex -14 35 16
      vertex -13.8847 35 14.8295
    endloop
  endfacet
  facet normal -0.995183 -0 -0.0980305
    outer loop
      vertex -14 35 16
      vertex -13.8847 21 14.8295
      vertex -14 21 16
    endloop
  endfacet
  facet normal 0.290258 0 -0.956949
    outer loop
      vertex -6.82946 31 10.1153
      vertex -5.7039 35 10.4567
      vertex -5.7039 31 10.4567
    endloop
  endfacet
  facet normal 0.290258 0 -0.956949
    outer loop
      vertex -5.7039 35 10.4567
      vertex -6.82946 31 10.1153
      vertex -6.82946 35 10.1153
    endloop
  endfacet
  facet normal 0.290258 0 -0.956949
    outer loop
      vertex -6.82946 21 10.1153
      vertex -5.7039 25 10.4567
      vertex -5.7039 21 10.4567
    endloop
  endfacet
  facet normal 0.290258 0 -0.956949
    outer loop
      vertex -5.7039 25 10.4567
      vertex -6.82946 21 10.1153
      vertex -6.82946 25 10.1153
    endloop
  endfacet
  facet normal 0.773003 0 -0.634403
    outer loop
      vertex -3.01118 21 12.6666
      vertex -3.75736 35 11.7574
      vertex -3.01118 35 12.6666
    endloop
  endfacet
  facet normal 0.773003 0 -0.634403
    outer loop
      vertex -3.75736 35 11.7574
      vertex -3.01118 21 12.6666
      vertex -3.75736 21 11.7574
    endloop
  endfacet
  facet normal -0.471441 0 -0.881898
    outer loop
      vertex -10.2961 21 10.4567
      vertex -10.5 25 10.5657
      vertex -10.2961 35 10.4567
    endloop
  endfacet
  facet normal -0.471431 6.69525e-07 -0.881903
    outer loop
      vertex -11.3334 21 11.0112
      vertex -10.5 25 10.5657
      vertex -10.2961 21 10.4567
    endloop
  endfacet
  facet normal -0.472338 0 -0.881417
    outer loop
      vertex -11.3125 25 11
      vertex -11.3334 21 11.0112
      vertex -11.3125 31 11
    endloop
  endfacet
  facet normal -0.471405 -6.27653e-06 -0.881917
    outer loop
      vertex -10.5 25 10.5657
      vertex -11.3334 21 11.0112
      vertex -11.3125 25 11
    endloop
  endfacet
  facet normal -0.471441 -0 -0.881898
    outer loop
      vertex -10.5 31 10.5657
      vertex -10.2961 35 10.4567
      vertex -10.5 25 10.5657
    endloop
  endfacet
  facet normal -0.471405 6.27653e-06 -0.881917
    outer loop
      vertex -11.3334 35 11.0112
      vertex -10.5 31 10.5657
      vertex -11.3125 31 11
    endloop
  endfacet
  facet normal -0.471431 -6.69525e-07 -0.881903
    outer loop
      vertex -10.5 31 10.5657
      vertex -11.3334 35 11.0112
      vertex -10.2961 35 10.4567
    endloop
  endfacet
  facet normal -0.472338 -0 -0.881417
    outer loop
      vertex -11.3334 35 11.0112
      vertex -11.3125 31 11
      vertex -11.3334 21 11.0112
    endloop
  endfacet
  facet normal -0.097927 0 -0.995194
    outer loop
      vertex -8 21 10
      vertex -8.5 25 10.0492
      vertex -8 25 10
    endloop
  endfacet
  facet normal -0.0981018 0 -0.995176
    outer loop
      vertex -8.5 25 10.0492
      vertex -9.17054 21 10.1153
      vertex -8.5 31 10.0492
    endloop
  endfacet
  facet normal -0.0980271 -1.26322e-05 -0.995184
    outer loop
      vertex -9.17054 21 10.1153
      vertex -8.5 25 10.0492
      vertex -8 21 10
    endloop
  endfacet
  facet normal -0.097927 0 -0.995194
    outer loop
      vertex -8.5 31 10.0492
      vertex -8 35 10
      vertex -8 31 10
    endloop
  endfacet
  facet normal -0.0980271 1.26322e-05 -0.995184
    outer loop
      vertex -8.5 31 10.0492
      vertex -9.17054 35 10.1153
      vertex -8 35 10
    endloop
  endfacet
  facet normal -0.0981018 -0 -0.995176
    outer loop
      vertex -9.17054 35 10.1153
      vertex -8.5 31 10.0492
      vertex -9.17054 21 10.1153
    endloop
  endfacet
  facet normal -0.772994 0 -0.634413
    outer loop
      vertex -12.2426 21 11.7574
      vertex -12.9888 35 12.6666
      vertex -12.2426 35 11.7574
    endloop
  endfacet
  facet normal -0.772994 -0 -0.634413
    outer loop
      vertex -12.9888 35 12.6666
      vertex -12.2426 21 11.7574
      vertex -12.9888 21 12.6666
    endloop
  endfacet
  facet normal -0.956951 0 -0.290248
    outer loop
      vertex -13.5433 21 13.7039
      vertex -13.8847 35 14.8295
      vertex -13.5433 35 13.7039
    endloop
  endfacet
  facet normal -0.956951 -0 -0.290248
    outer loop
      vertex -13.8847 35 14.8295
      vertex -13.5433 21 13.7039
      vertex -13.8847 21 14.8295
    endloop
  endfacet
  facet normal 0.881917 0 -0.471404
    outer loop
      vertex -2.45672 21 13.7039
      vertex -3.01118 35 12.6666
      vertex -2.45672 35 13.7039
    endloop
  endfacet
  facet normal 0.881917 0 -0.471404
    outer loop
      vertex -3.01118 35 12.6666
      vertex -2.45672 21 13.7039
      vertex -3.01118 21 12.6666
    endloop
  endfacet
  facet normal 0.956944 0 -0.290271
    outer loop
      vertex -2.11529 21 14.8295
      vertex -2.45672 35 13.7039
      vertex -2.11529 35 14.8295
    endloop
  endfacet
  facet normal 0.956944 0 -0.290271
    outer loop
      vertex -2.45672 35 13.7039
      vertex -2.11529 21 14.8295
      vertex -2.45672 21 13.7039
    endloop
  endfacet
  facet normal 0.991445 -0 0.130521
    outer loop
      vertex -3.65333 35 17.1647
      vertex -3.5 37.5 16
      vertex -3.65333 37.5 17.1647
    endloop
  endfacet
  facet normal 0.991445 0 0.130521
    outer loop
      vertex -3.5 37.5 16
      vertex -3.65333 35 17.1647
      vertex -3.5 35 16
    endloop
  endfacet
  facet normal 0.991445 -0 0.130521
    outer loop
      vertex -3.65333 18.5 17.1647
      vertex -3.5 21 16
      vertex -3.65333 21 17.1647
    endloop
  endfacet
  facet normal 0.991445 0 0.130521
    outer loop
      vertex -3.5 21 16
      vertex -3.65333 18.5 17.1647
      vertex -3.5 18.5 16
    endloop
  endfacet
  facet normal 0.608744 0 0.793367
    outer loop
      vertex -5.75 37.5 19.8971
      vertex -4.81802 35 19.182
      vertex -4.81802 37.5 19.182
    endloop
  endfacet
  facet normal 0.608744 0 0.793367
    outer loop
      vertex -4.81802 35 19.182
      vertex -5.75 37.5 19.8971
      vertex -5.75 35 19.8971
    endloop
  endfacet
  facet normal 0.608744 0 0.793367
    outer loop
      vertex -5.75 21 19.8971
      vertex -4.81802 18.5 19.182
      vertex -4.81802 21 19.182
    endloop
  endfacet
  facet normal 0.608744 0 0.793367
    outer loop
      vertex -4.81802 18.5 19.182
      vertex -5.75 21 19.8971
      vertex -5.75 18.5 19.8971
    endloop
  endfacet
  facet normal -0.38272 0 -0.923865
    outer loop
      vertex -10.25 35 12.1029
      vertex -9.16469 37.5 11.6533
      vertex -9.16469 35 11.6533
    endloop
  endfacet
  facet normal -0.38272 0 -0.923865
    outer loop
      vertex -9.16469 37.5 11.6533
      vertex -10.25 35 12.1029
      vertex -10.25 37.5 12.1029
    endloop
  endfacet
  facet normal -0.38272 0 -0.923865
    outer loop
      vertex -10.25 18.5 12.1029
      vertex -9.16469 21 11.6533
      vertex -9.16469 18.5 11.6533
    endloop
  endfacet
  facet normal -0.38272 0 -0.923865
    outer loop
      vertex -9.16469 21 11.6533
      vertex -10.25 18.5 12.1029
      vertex -10.25 21 12.1029
    endloop
  endfacet
  facet normal 0.793361 -0 0.608751
    outer loop
      vertex -4.81802 18.5 19.182
      vertex -4.10289 21 18.25
      vertex -4.81802 21 19.182
    endloop
  endfacet
  facet normal 0.793361 0 0.608751
    outer loop
      vertex -4.10289 21 18.25
      vertex -4.81802 18.5 19.182
      vertex -4.10289 18.5 18.25
    endloop
  endfacet
  facet normal 0.793361 -0 0.608751
    outer loop
      vertex -4.81802 35 19.182
      vertex -4.10289 37.5 18.25
      vertex -4.81802 37.5 19.182
    endloop
  endfacet
  facet normal 0.793361 0 0.608751
    outer loop
      vertex -4.10289 37.5 18.25
      vertex -4.81802 35 19.182
      vertex -4.10289 35 18.25
    endloop
  endfacet
  facet normal 0.923875 -0 0.382694
    outer loop
      vertex -4.10289 35 18.25
      vertex -3.65333 37.5 17.1647
      vertex -4.10289 37.5 18.25
    endloop
  endfacet
  facet normal 0.923875 0 0.382694
    outer loop
      vertex -3.65333 37.5 17.1647
      vertex -4.10289 35 18.25
      vertex -3.65333 35 17.1647
    endloop
  endfacet
  facet normal 0.923875 -0 0.382694
    outer loop
      vertex -4.10289 18.5 18.25
      vertex -3.65333 21 17.1647
      vertex -4.10289 21 18.25
    endloop
  endfacet
  facet normal 0.923875 0 0.382694
    outer loop
      vertex -3.65333 21 17.1647
      vertex -4.10289 18.5 18.25
      vertex -3.65333 18.5 17.1647
    endloop
  endfacet
  facet normal -0.38272 0 0.923865
    outer loop
      vertex -10.25 21 19.8971
      vertex -9.16469 18.5 20.3467
      vertex -9.16469 21 20.3467
    endloop
  endfacet
  facet normal -0.38272 0 0.923865
    outer loop
      vertex -9.16469 18.5 20.3467
      vertex -10.25 21 19.8971
      vertex -10.25 18.5 19.8971
    endloop
  endfacet
  facet normal -0.38272 0 0.923865
    outer loop
      vertex -10.25 37.5 19.8971
      vertex -9.16469 35 20.3467
      vertex -9.16469 37.5 20.3467
    endloop
  endfacet
  facet normal -0.38272 0 0.923865
    outer loop
      vertex -9.16469 35 20.3467
      vertex -10.25 37.5 19.8971
      vertex -10.25 35 19.8971
    endloop
  endfacet
  facet normal -0.608735 0 0.793373
    outer loop
      vertex -11.182 21 19.182
      vertex -10.25 18.5 19.8971
      vertex -10.25 21 19.8971
    endloop
  endfacet
  facet normal -0.608735 0 0.793373
    outer loop
      vertex -10.25 18.5 19.8971
      vertex -11.182 21 19.182
      vertex -11.182 18.5 19.182
    endloop
  endfacet
  facet normal -0.608735 0 0.793373
    outer loop
      vertex -11.182 37.5 19.182
      vertex -10.25 35 19.8971
      vertex -10.25 37.5 19.8971
    endloop
  endfacet
  facet normal -0.608735 0 0.793373
    outer loop
      vertex -10.25 35 19.8971
      vertex -11.182 37.5 19.182
      vertex -11.182 35 19.182
    endloop
  endfacet
  facet normal 0.608744 0 -0.793367
    outer loop
      vertex -5.75 35 12.1029
      vertex -4.81802 37.5 12.818
      vertex -4.81802 35 12.818
    endloop
  endfacet
  facet normal 0.608744 0 -0.793367
    outer loop
      vertex -4.81802 37.5 12.818
      vertex -5.75 35 12.1029
      vertex -5.75 37.5 12.1029
    endloop
  endfacet
  facet normal 0.608744 0 -0.793367
    outer loop
      vertex -5.75 18.5 12.1029
      vertex -4.81802 21 12.818
      vertex -4.81802 18.5 12.818
    endloop
  endfacet
  facet normal 0.608744 0 -0.793367
    outer loop
      vertex -4.81802 21 12.818
      vertex -5.75 18.5 12.1029
      vertex -5.75 21 12.1029
    endloop
  endfacet
  facet normal -0.923863 0 -0.382723
    outer loop
      vertex -11.8971 18.5 13.75
      vertex -12.3467 21 14.8353
      vertex -11.8971 21 13.75
    endloop
  endfacet
  facet normal -0.923863 -0 -0.382723
    outer loop
      vertex -12.3467 21 14.8353
      vertex -11.8971 18.5 13.75
      vertex -12.3467 18.5 14.8353
    endloop
  endfacet
  facet normal -0.923863 0 -0.382723
    outer loop
      vertex -11.8971 35 13.75
      vertex -12.3467 37.5 14.8353
      vertex -11.8971 37.5 13.75
    endloop
  endfacet
  facet normal -0.923863 -0 -0.382723
    outer loop
      vertex -12.3467 37.5 14.8353
      vertex -11.8971 35 13.75
      vertex -12.3467 35 14.8353
    endloop
  endfacet
  facet normal -0.608735 0 -0.793373
    outer loop
      vertex -11.182 35 12.818
      vertex -10.25 37.5 12.1029
      vertex -10.25 35 12.1029
    endloop
  endfacet
  facet normal -0.608735 0 -0.793373
    outer loop
      vertex -10.25 37.5 12.1029
      vertex -11.182 35 12.818
      vertex -11.182 37.5 12.818
    endloop
  endfacet
  facet normal -0.608735 0 -0.793373
    outer loop
      vertex -11.182 18.5 12.818
      vertex -10.25 21 12.1029
      vertex -10.25 18.5 12.1029
    endloop
  endfacet
  facet normal -0.608735 0 -0.793373
    outer loop
      vertex -10.25 21 12.1029
      vertex -11.182 18.5 12.818
      vertex -11.182 21 12.818
    endloop
  endfacet
  facet normal 0 1 0
    outer loop
      vertex -6.83531 37.5 20.3467
      vertex -9.16469 37.5 20.3467
      vertex -8 37.5 20.5
    endloop
  endfacet
  facet normal 0 1 0
    outer loop
      vertex -5.75 37.5 19.8971
      vertex -9.16469 37.5 20.3467
      vertex -6.83531 37.5 20.3467
    endloop
  endfacet
  facet normal 0 1 0
    outer loop
      vertex -5.75 37.5 19.8971
      vertex -10.25 37.5 19.8971
      vertex -9.16469 37.5 20.3467
    endloop
  endfacet
  facet normal 0 1 0
    outer loop
      vertex -4.81802 37.5 19.182
      vertex -10.25 37.5 19.8971
      vertex -5.75 37.5 19.8971
    endloop
  endfacet
  facet normal 0 1 0
    outer loop
      vertex -4.81802 37.5 19.182
      vertex -11.182 37.5 19.182
      vertex -10.25 37.5 19.8971
    endloop
  endfacet
  facet normal 0 1 0
    outer loop
      vertex -4.10289 37.5 18.25
      vertex -11.182 37.5 19.182
      vertex -4.81802 37.5 19.182
    endloop
  endfacet
  facet normal 0 1 0
    outer loop
      vertex -4.10289 37.5 18.25
      vertex -11.8971 37.5 18.25
      vertex -11.182 37.5 19.182
    endloop
  endfacet
  facet normal 0 1 0
    outer loop
      vertex -3.65333 37.5 17.1647
      vertex -11.8971 37.5 18.25
      vertex -4.10289 37.5 18.25
    endloop
  endfacet
  facet normal 0 1 0
    outer loop
      vertex -3.65333 37.5 17.1647
      vertex -12.3467 37.5 17.1647
      vertex -11.8971 37.5 18.25
    endloop
  endfacet
  facet normal 0 1 0
    outer loop
      vertex -3.5 37.5 16
      vertex -12.3467 37.5 17.1647
      vertex -3.65333 37.5 17.1647
    endloop
  endfacet
  facet normal 0 1 0
    outer loop
      vertex -3.5 37.5 16
      vertex -12.5 37.5 16
      vertex -12.3467 37.5 17.1647
    endloop
  endfacet
  facet normal 0 1 -0
    outer loop
      vertex -3.65333 37.5 14.8353
      vertex -12.5 37.5 16
      vertex -3.5 37.5 16
    endloop
  endfacet
  facet normal 0 1 0
    outer loop
      vertex -3.65333 37.5 14.8353
      vertex -12.3467 37.5 14.8353
      vertex -12.5 37.5 16
    endloop
  endfacet
  facet normal 0 1 -0
    outer loop
      vertex -4.10289 37.5 13.75
      vertex -12.3467 37.5 14.8353
      vertex -3.65333 37.5 14.8353
    endloop
  endfacet
  facet normal 0 1 0
    outer loop
      vertex -4.10289 37.5 13.75
      vertex -11.8971 37.5 13.75
      vertex -12.3467 37.5 14.8353
    endloop
  endfacet
  facet normal 0 1 -0
    outer loop
      vertex -4.81802 37.5 12.818
      vertex -11.8971 37.5 13.75
      vertex -4.10289 37.5 13.75
    endloop
  endfacet
  facet normal 0 1 0
    outer loop
      vertex -4.81802 37.5 12.818
      vertex -11.182 37.5 12.818
      vertex -11.8971 37.5 13.75
    endloop
  endfacet
  facet normal 0 1 -0
    outer loop
      vertex -5.75 37.5 12.1029
      vertex -11.182 37.5 12.818
      vertex -4.81802 37.5 12.818
    endloop
  endfacet
  facet normal 0 1 0
    outer loop
      vertex -5.75 37.5 12.1029
      vertex -10.25 37.5 12.1029
      vertex -11.182 37.5 12.818
    endloop
  endfacet
  facet normal 0 1 -0
    outer loop
      vertex -6.83531 37.5 11.6533
      vertex -10.25 37.5 12.1029
      vertex -5.75 37.5 12.1029
    endloop
  endfacet
  facet normal 0 1 0
    outer loop
      vertex -6.83531 37.5 11.6533
      vertex -9.16469 37.5 11.6533
      vertex -10.25 37.5 12.1029
    endloop
  endfacet
  facet normal -0 1 0
    outer loop
      vertex -9.16469 37.5 11.6533
      vertex -6.83531 37.5 11.6533
      vertex -8 37.5 11.5
    endloop
  endfacet
  facet normal -0.793373 0 -0.608735
    outer loop
      vertex -11.182 18.5 12.818
      vertex -11.8971 21 13.75
      vertex -11.182 21 12.818
    endloop
  endfacet
  facet normal -0.793373 -0 -0.608735
    outer loop
      vertex -11.8971 21 13.75
      vertex -11.182 18.5 12.818
      vertex -11.8971 18.5 13.75
    endloop
  endfacet
  facet normal -0.793373 0 -0.608735
    outer loop
      vertex -11.182 35 12.818
      vertex -11.8971 37.5 13.75
      vertex -11.182 37.5 12.818
    endloop
  endfacet
  facet normal -0.793373 -0 -0.608735
    outer loop
      vertex -11.8971 37.5 13.75
      vertex -11.182 35 12.818
      vertex -11.8971 35 13.75
    endloop
  endfacet
  facet normal 0.130497 0 0.991449
    outer loop
      vertex -8 37.5 20.5
      vertex -6.83531 35 20.3467
      vertex -6.83531 37.5 20.3467
    endloop
  endfacet
  facet normal 0.130497 0 0.991449
    outer loop
      vertex -6.83531 35 20.3467
      vertex -8 37.5 20.5
      vertex -8 35 20.5
    endloop
  endfacet
  facet normal 0.130497 0 0.991449
    outer loop
      vertex -8 21 20.5
      vertex -6.83531 18.5 20.3467
      vertex -6.83531 21 20.3467
    endloop
  endfacet
  facet normal 0.130497 0 0.991449
    outer loop
      vertex -6.83531 18.5 20.3467
      vertex -8 21 20.5
      vertex -8 18.5 20.5
    endloop
  endfacet
  facet normal -0.991449 0 0.130496
    outer loop
      vertex -12.5 35 16
      vertex -12.3467 37.5 17.1647
      vertex -12.5 37.5 16
    endloop
  endfacet
  facet normal -0.991449 0 0.130496
    outer loop
      vertex -12.3467 37.5 17.1647
      vertex -12.5 35 16
      vertex -12.3467 35 17.1647
    endloop
  endfacet
  facet normal -0.991449 0 0.130496
    outer loop
      vertex -12.5 18.5 16
      vertex -12.3467 21 17.1647
      vertex -12.5 21 16
    endloop
  endfacet
  facet normal -0.991449 0 0.130496
    outer loop
      vertex -12.3467 21 17.1647
      vertex -12.5 18.5 16
      vertex -12.3467 18.5 17.1647
    endloop
  endfacet
  facet normal -0.793373 0 0.608735
    outer loop
      vertex -11.8971 35 18.25
      vertex -11.182 37.5 19.182
      vertex -11.8971 37.5 18.25
    endloop
  endfacet
  facet normal -0.793373 0 0.608735
    outer loop
      vertex -11.182 37.5 19.182
      vertex -11.8971 35 18.25
      vertex -11.182 35 19.182
    endloop
  endfacet
  facet normal -0.793373 0 0.608735
    outer loop
      vertex -11.8971 18.5 18.25
      vertex -11.182 21 19.182
      vertex -11.8971 21 18.25
    endloop
  endfacet
  facet normal -0.793373 0 0.608735
    outer loop
      vertex -11.182 21 19.182
      vertex -11.8971 18.5 18.25
      vertex -11.182 18.5 19.182
    endloop
  endfacet
  facet normal -0.130497 0 0.991449
    outer loop
      vertex -9.16469 37.5 20.3467
      vertex -8 35 20.5
      vertex -8 37.5 20.5
    endloop
  endfacet
  facet normal -0.130497 0 0.991449
    outer loop
      vertex -8 35 20.5
      vertex -9.16469 37.5 20.3467
      vertex -9.16469 35 20.3467
    endloop
  endfacet
  facet normal -0.130497 0 0.991449
    outer loop
      vertex -9.16469 21 20.3467
      vertex -8 18.5 20.5
      vertex -8 21 20.5
    endloop
  endfacet
  facet normal -0.130497 0 0.991449
    outer loop
      vertex -8 18.5 20.5
      vertex -9.16469 21 20.3467
      vertex -9.16469 18.5 20.3467
    endloop
  endfacet
  facet normal 0.923875 0 -0.382694
    outer loop
      vertex -3.65333 35 14.8353
      vertex -4.10289 37.5 13.75
      vertex -3.65333 37.5 14.8353
    endloop
  endfacet
  facet normal 0.923875 0 -0.382694
    outer loop
      vertex -4.10289 37.5 13.75
      vertex -3.65333 35 14.8353
      vertex -4.10289 35 13.75
    endloop
  endfacet
  facet normal 0.923875 0 -0.382694
    outer loop
      vertex -3.65333 18.5 14.8353
      vertex -4.10289 21 13.75
      vertex -3.65333 21 14.8353
    endloop
  endfacet
  facet normal 0.923875 0 -0.382694
    outer loop
      vertex -4.10289 21 13.75
      vertex -3.65333 18.5 14.8353
      vertex -4.10289 18.5 13.75
    endloop
  endfacet
  facet normal 0.130497 0 -0.991449
    outer loop
      vertex -8 35 11.5
      vertex -6.83531 37.5 11.6533
      vertex -6.83531 35 11.6533
    endloop
  endfacet
  facet normal 0.130497 0 -0.991449
    outer loop
      vertex -6.83531 37.5 11.6533
      vertex -8 35 11.5
      vertex -8 37.5 11.5
    endloop
  endfacet
  facet normal 0.130497 0 -0.991449
    outer loop
      vertex -8 18.5 11.5
      vertex -6.83531 21 11.6533
      vertex -6.83531 18.5 11.6533
    endloop
  endfacet
  facet normal 0.130497 0 -0.991449
    outer loop
      vertex -6.83531 21 11.6533
      vertex -8 18.5 11.5
      vertex -8 21 11.5
    endloop
  endfacet
  facet normal 0.38272 0 -0.923865
    outer loop
      vertex -6.83531 35 11.6533
      vertex -5.75 37.5 12.1029
      vertex -5.75 35 12.1029
    endloop
  endfacet
  facet normal 0.38272 0 -0.923865
    outer loop
      vertex -5.75 37.5 12.1029
      vertex -6.83531 35 11.6533
      vertex -6.83531 37.5 11.6533
    endloop
  endfacet
  facet normal 0.38272 0 -0.923865
    outer loop
      vertex -6.83531 18.5 11.6533
      vertex -5.75 21 12.1029
      vertex -5.75 18.5 12.1029
    endloop
  endfacet
  facet normal 0.38272 0 -0.923865
    outer loop
      vertex -5.75 21 12.1029
      vertex -6.83531 18.5 11.6533
      vertex -6.83531 21 11.6533
    endloop
  endfacet
  facet normal -0.130497 0 -0.991449
    outer loop
      vertex -9.16469 35 11.6533
      vertex -8 37.5 11.5
      vertex -8 35 11.5
    endloop
  endfacet
  facet normal -0.130497 0 -0.991449
    outer loop
      vertex -8 37.5 11.5
      vertex -9.16469 35 11.6533
      vertex -9.16469 37.5 11.6533
    endloop
  endfacet
  facet normal -0.130497 0 -0.991449
    outer loop
      vertex -9.16469 18.5 11.6533
      vertex -8 21 11.5
      vertex -8 18.5 11.5
    endloop
  endfacet
  facet normal -0.130497 0 -0.991449
    outer loop
      vertex -8 21 11.5
      vertex -9.16469 18.5 11.6533
      vertex -9.16469 21 11.6533
    endloop
  endfacet
  facet normal -0.991449 0 -0.130496
    outer loop
      vertex -12.3467 35 14.8353
      vertex -12.5 37.5 16
      vertex -12.3467 37.5 14.8353
    endloop
  endfacet
  facet normal -0.991449 -0 -0.130496
    outer loop
      vertex -12.5 37.5 16
      vertex -12.3467 35 14.8353
      vertex -12.5 35 16
    endloop
  endfacet
  facet normal -0.991449 0 -0.130496
    outer loop
      vertex -12.3467 18.5 14.8353
      vertex -12.5 21 16
      vertex -12.3467 21 14.8353
    endloop
  endfacet
  facet normal -0.991449 -0 -0.130496
    outer loop
      vertex -12.5 21 16
      vertex -12.3467 18.5 14.8353
      vertex -12.5 18.5 16
    endloop
  endfacet
  facet normal 0.38272 0 0.923865
    outer loop
      vertex -6.83531 37.5 20.3467
      vertex -5.75 35 19.8971
      vertex -5.75 37.5 19.8971
    endloop
  endfacet
  facet normal 0.38272 0 0.923865
    outer loop
      vertex -5.75 35 19.8971
      vertex -6.83531 37.5 20.3467
      vertex -6.83531 35 20.3467
    endloop
  endfacet
  facet normal 0.38272 0 0.923865
    outer loop
      vertex -6.83531 21 20.3467
      vertex -5.75 18.5 19.8971
      vertex -5.75 21 19.8971
    endloop
  endfacet
  facet normal 0.38272 0 0.923865
    outer loop
      vertex -5.75 18.5 19.8971
      vertex -6.83531 21 20.3467
      vertex -6.83531 18.5 20.3467
    endloop
  endfacet
  facet normal 0 -1 0
    outer loop
      vertex -9.16469 18.5 20.3467
      vertex -6.83531 18.5 20.3467
      vertex -8 18.5 20.5
    endloop
  endfacet
  facet normal 0 -1 0
    outer loop
      vertex -10.25 18.5 19.8971
      vertex -6.83531 18.5 20.3467
      vertex -9.16469 18.5 20.3467
    endloop
  endfacet
  facet normal 0 -1 0
    outer loop
      vertex -10.25 18.5 19.8971
      vertex -5.75 18.5 19.8971
      vertex -6.83531 18.5 20.3467
    endloop
  endfacet
  facet normal 0 -1 0
    outer loop
      vertex -11.182 18.5 19.182
      vertex -5.75 18.5 19.8971
      vertex -10.25 18.5 19.8971
    endloop
  endfacet
  facet normal 0 -1 0
    outer loop
      vertex -11.182 18.5 19.182
      vertex -4.81802 18.5 19.182
      vertex -5.75 18.5 19.8971
    endloop
  endfacet
  facet normal 0 -1 0
    outer loop
      vertex -11.8971 18.5 18.25
      vertex -4.81802 18.5 19.182
      vertex -11.182 18.5 19.182
    endloop
  endfacet
  facet normal 0 -1 0
    outer loop
      vertex -11.8971 18.5 18.25
      vertex -4.10289 18.5 18.25
      vertex -4.81802 18.5 19.182
    endloop
  endfacet
  facet normal 0 -1 0
    outer loop
      vertex -12.3467 18.5 17.1647
      vertex -4.10289 18.5 18.25
      vertex -11.8971 18.5 18.25
    endloop
  endfacet
  facet normal 0 -1 0
    outer loop
      vertex -12.3467 18.5 17.1647
      vertex -3.65333 18.5 17.1647
      vertex -4.10289 18.5 18.25
    endloop
  endfacet
  facet normal 0 -1 0
    outer loop
      vertex -12.5 18.5 16
      vertex -3.65333 18.5 17.1647
      vertex -12.3467 18.5 17.1647
    endloop
  endfacet
  facet normal 0 -1 0
    outer loop
      vertex -12.5 18.5 16
      vertex -3.5 18.5 16
      vertex -3.65333 18.5 17.1647
    endloop
  endfacet
  facet normal 0 -1 0
    outer loop
      vertex -12.3467 18.5 14.8353
      vertex -3.5 18.5 16
      vertex -12.5 18.5 16
    endloop
  endfacet
  facet normal 0 -1 0
    outer loop
      vertex -12.3467 18.5 14.8353
      vertex -3.65333 18.5 14.8353
      vertex -3.5 18.5 16
    endloop
  endfacet
  facet normal 0 -1 0
    outer loop
      vertex -11.8971 18.5 13.75
      vertex -3.65333 18.5 14.8353
      vertex -12.3467 18.5 14.8353
    endloop
  endfacet
  facet normal 0 -1 0
    outer loop
      vertex -11.8971 18.5 13.75
      vertex -4.10289 18.5 13.75
      vertex -3.65333 18.5 14.8353
    endloop
  endfacet
  facet normal 0 -1 0
    outer loop
      vertex -11.182 18.5 12.818
      vertex -4.10289 18.5 13.75
      vertex -11.8971 18.5 13.75
    endloop
  endfacet
  facet normal 0 -1 0
    outer loop
      vertex -11.182 18.5 12.818
      vertex -4.81802 18.5 12.818
      vertex -4.10289 18.5 13.75
    endloop
  endfacet
  facet normal 0 -1 0
    outer loop
      vertex -10.25 18.5 12.1029
      vertex -4.81802 18.5 12.818
      vertex -11.182 18.5 12.818
    endloop
  endfacet
  facet normal 0 -1 0
    outer loop
      vertex -10.25 18.5 12.1029
      vertex -5.75 18.5 12.1029
      vertex -4.81802 18.5 12.818
    endloop
  endfacet
  facet normal 0 -1 0
    outer loop
      vertex -9.16469 18.5 11.6533
      vertex -5.75 18.5 12.1029
      vertex -10.25 18.5 12.1029
    endloop
  endfacet
  facet normal 0 -1 0
    outer loop
      vertex -9.16469 18.5 11.6533
      vertex -6.83531 18.5 11.6533
      vertex -5.75 18.5 12.1029
    endloop
  endfacet
  facet normal -0 -1 0
    outer loop
      vertex -6.83531 18.5 11.6533
      vertex -9.16469 18.5 11.6533
      vertex -8 18.5 11.5
    endloop
  endfacet
  facet normal -0.923863 0 0.382723
    outer loop
      vertex -12.3467 35 17.1647
      vertex -11.8971 37.5 18.25
      vertex -12.3467 37.5 17.1647
    endloop
  endfacet
  facet normal -0.923863 0 0.382723
    outer loop
      vertex -11.8971 37.5 18.25
      vertex -12.3467 35 17.1647
      vertex -11.8971 35 18.25
    endloop
  endfacet
  facet normal -0.923863 0 0.382723
    outer loop
      vertex -12.3467 18.5 17.1647
      vertex -11.8971 21 18.25
      vertex -12.3467 21 17.1647
    endloop
  endfacet
  facet normal -0.923863 0 0.382723
    outer loop
      vertex -11.8971 21 18.25
      vertex -12.3467 18.5 17.1647
      vertex -11.8971 18.5 18.25
    endloop
  endfacet
  facet normal 0.991445 0 -0.130521
    outer loop
      vertex -3.5 35 16
      vertex -3.65333 37.5 14.8353
      vertex -3.5 37.5 16
    endloop
  endfacet
  facet normal 0.991445 0 -0.130521
    outer loop
      vertex -3.65333 37.5 14.8353
      vertex -3.5 35 16
      vertex -3.65333 35 14.8353
    endloop
  endfacet
  facet normal 0.991445 0 -0.130521
    outer loop
      vertex -3.5 18.5 16
      vertex -3.65333 21 14.8353
      vertex -3.5 21 16
    endloop
  endfacet
  facet normal 0.991445 0 -0.130521
    outer loop
      vertex -3.65333 21 14.8353
      vertex -3.5 18.5 16
      vertex -3.65333 18.5 14.8353
    endloop
  endfacet
  facet normal 0.793361 0 -0.608751
    outer loop
      vertex -4.10289 18.5 13.75
      vertex -4.81802 21 12.818
      vertex -4.10289 21 13.75
    endloop
  endfacet
  facet normal 0.793361 0 -0.608751
    outer loop
      vertex -4.81802 21 12.818
      vertex -4.10289 18.5 13.75
      vertex -4.81802 18.5 12.818
    endloop
  endfacet
  facet normal 0.793361 0 -0.608751
    outer loop
      vertex -4.10289 35 13.75
      vertex -4.81802 37.5 12.818
      vertex -4.10289 37.5 13.75
    endloop
  endfacet
  facet normal 0.793361 0 -0.608751
    outer loop
      vertex -4.81802 37.5 12.818
      vertex -4.10289 35 13.75
      vertex -4.81802 35 12.818
    endloop
  endfacet
  facet normal 0.997859 -0 0.0654083
    outer loop
      vertex 16.923 20 17.1747
      vertex 17 36 16
      vertex 16.923 36 17.1747
    endloop
  endfacet
  facet normal 0.997859 0 0.0654083
    outer loop
      vertex 17 36 16
      vertex 16.923 20 17.1747
      vertex 17 20 16
    endloop
  endfacet
  facet normal 0.0654061 0 0.997859
    outer loop
      vertex 8 36 25
      vertex 9.17474 20 24.923
      vertex 9.17474 36 24.923
    endloop
  endfacet
  facet normal 0.0654061 0 0.997859
    outer loop
      vertex 9.17474 20 24.923
      vertex 8 36 25
      vertex 8 20 25
    endloop
  endfacet
  facet normal 0.65934 0 0.751845
    outer loop
      vertex 13.4789 36 23.1402
      vertex 14.364 20 22.364
      vertex 14.364 36 22.364
    endloop
  endfacet
  facet normal 0.65934 0 0.751845
    outer loop
      vertex 14.364 20 22.364
      vertex 13.4789 36 23.1402
      vertex 13.4789 20 23.1402
    endloop
  endfacet
  facet normal -0.659336 0 0.751848
    outer loop
      vertex 1.63604 36 22.364
      vertex 2.52115 20 23.1402
      vertex 2.52115 36 23.1402
    endloop
  endfacet
  facet normal -0.659336 0 0.751848
    outer loop
      vertex 2.52115 20 23.1402
      vertex 1.63604 36 22.364
      vertex 1.63604 20 22.364
    endloop
  endfacet
  facet normal -0.321427 0 0.946934
    outer loop
      vertex 4.55585 36 24.3149
      vertex 5.67063 20 24.6933
      vertex 5.67063 36 24.6933
    endloop
  endfacet
  facet normal -0.321427 0 0.946934
    outer loop
      vertex 5.67063 20 24.6933
      vertex 4.55585 36 24.3149
      vertex 4.55585 20 24.3149
    endloop
  endfacet
  facet normal 0.896877 -0 0.44228
    outer loop
      vertex 15.7942 20 20.5
      vertex 16.3149 36 19.4441
      vertex 15.7942 36 20.5
    endloop
  endfacet
  facet normal 0.896877 0 0.44228
    outer loop
      vertex 16.3149 36 19.4441
      vertex 15.7942 20 20.5
      vertex 16.3149 20 19.4441
    endloop
  endfacet
  facet normal 0.831501 -0 0.555523
    outer loop
      vertex 15.1402 20 21.4789
      vertex 15.7942 36 20.5
      vertex 15.1402 36 21.4789
    endloop
  endfacet
  facet normal 0.831501 0 0.555523
    outer loop
      vertex 15.7942 36 20.5
      vertex 15.1402 20 21.4789
      vertex 15.7942 20 20.5
    endloop
  endfacet
  facet normal 0.44228 0 0.896877
    outer loop
      vertex 11.4441 36 24.3149
      vertex 12.5 20 23.7942
      vertex 12.5 36 23.7942
    endloop
  endfacet
  facet normal 0.44228 0 0.896877
    outer loop
      vertex 12.5 20 23.7942
      vertex 11.4441 36 24.3149
      vertex 11.4441 20 24.3149
    endloop
  endfacet
  facet normal 0.555523 0 0.831501
    outer loop
      vertex 12.5 36 23.7942
      vertex 13.4789 20 23.1402
      vertex 13.4789 36 23.1402
    endloop
  endfacet
  facet normal 0.555523 0 0.831501
    outer loop
      vertex 13.4789 20 23.1402
      vertex 12.5 36 23.7942
      vertex 12.5 20 23.7942
    endloop
  endfacet
  facet normal -0.896889 0 0.442257
    outer loop
      vertex 0 20 20.0827
      vertex 0.205771 36 20.5
      vertex 0 36 20.0827
    endloop
  endfacet
  facet normal -0.896889 0 0.442257
    outer loop
      vertex 0.205771 36 20.5
      vertex 0 20 20.0827
      vertex 0.205771 20 20.5
    endloop
  endfacet
  facet normal -0.831482 0 0.555552
    outer loop
      vertex 0.205771 20 20.5
      vertex 0.85982 36 21.4789
      vertex 0.205771 36 20.5
    endloop
  endfacet
  facet normal -0.831482 0 0.555552
    outer loop
      vertex 0.85982 36 21.4789
      vertex 0.205771 20 20.5
      vertex 0.85982 20 21.4789
    endloop
  endfacet
  facet normal -0.442297 0 0.896869
    outer loop
      vertex 3.5 36 23.7942
      vertex 4.55585 20 24.3149
      vertex 4.55585 36 24.3149
    endloop
  endfacet
  facet normal -0.442297 0 0.896869
    outer loop
      vertex 4.55585 20 24.3149
      vertex 3.5 36 23.7942
      vertex 3.5 20 23.7942
    endloop
  endfacet
  facet normal -0.0654061 0 0.997859
    outer loop
      vertex 6.82526 36 24.923
      vertex 8 20 25
      vertex 8 36 25
    endloop
  endfacet
  facet normal -0.0654061 0 0.997859
    outer loop
      vertex 8 20 25
      vertex 6.82526 36 24.923
      vertex 6.82526 20 24.923
    endloop
  endfacet
  facet normal 0.75183 0 -0.659357
    outer loop
      vertex 15.1402 31 10.5211
      vertex 14.364 36 9.63604
      vertex 15.1402 36 10.5211
    endloop
  endfacet
  facet normal 0.75183 0 -0.659357
    outer loop
      vertex 14.364 36 9.63604
      vertex 15.1402 31 10.5211
      vertex 14.364 31 9.63604
    endloop
  endfacet
  facet normal 0.75183 0 -0.659357
    outer loop
      vertex 15.1402 20 10.5211
      vertex 14.364 25 9.63604
      vertex 15.1402 25 10.5211
    endloop
  endfacet
  facet normal 0.75183 0 -0.659357
    outer loop
      vertex 14.364 25 9.63604
      vertex 15.1402 20 10.5211
      vertex 14.364 20 9.63604
    endloop
  endfacet
  facet normal 0.555553 0 -0.831481
    outer loop
      vertex 12.5 20 8.20577
      vertex 13.4789 36 8.85982
      vertex 13.4789 20 8.85982
    endloop
  endfacet
  facet normal 0.555553 0 -0.831481
    outer loop
      vertex 13.4789 36 8.85982
      vertex 12.5 20 8.20577
      vertex 12.5 36 8.20577
    endloop
  endfacet
  facet normal 0.831501 -8.57748e-06 -0.555523
    outer loop
      vertex 15.7942 36 11.5
      vertex 15.4601 31 11
      vertex 15.1402 36 10.5211
    endloop
  endfacet
  facet normal 0.831461 0 -0.555583
    outer loop
      vertex 15.7942 36 11.5
      vertex 15.4601 25 11
      vertex 15.4601 31 11
    endloop
  endfacet
  facet normal 0.831461 0 -0.555583
    outer loop
      vertex 15.7942 20 11.5
      vertex 15.4601 25 11
      vertex 15.7942 36 11.5
    endloop
  endfacet
  facet normal 0.831501 8.57748e-06 -0.555523
    outer loop
      vertex 15.1402 20 10.5211
      vertex 15.4601 25 11
      vertex 15.7942 20 11.5
    endloop
  endfacet
  facet normal 0.831542 0 -0.555461
    outer loop
      vertex 15.4601 25 11
      vertex 15.1402 20 10.5211
      vertex 15.1402 25 10.5211
    endloop
  endfacet
  facet normal 0.831542 0 -0.555461
    outer loop
      vertex 15.1402 36 10.5211
      vertex 15.4601 31 11
      vertex 15.1402 31 10.5211
    endloop
  endfacet
  facet normal 0.896877 0 -0.44228
    outer loop
      vertex 16.3149 20 12.5559
      vertex 15.7942 36 11.5
      vertex 16.3149 36 12.5559
    endloop
  endfacet
  facet normal 0.896877 0 -0.44228
    outer loop
      vertex 15.7942 36 11.5
      vertex 16.3149 20 12.5559
      vertex 15.7942 20 11.5
    endloop
  endfacet
  facet normal 0.980783 0 -0.195103
    outer loop
      vertex 16.923 20 14.8253
      vertex 16.6933 36 13.6706
      vertex 16.923 36 14.8253
    endloop
  endfacet
  facet normal 0.980783 0 -0.195103
    outer loop
      vertex 16.6933 36 13.6706
      vertex 16.923 20 14.8253
      vertex 16.6933 20 13.6706
    endloop
  endfacet
  facet normal -0.442289 0 -0.896873
    outer loop
      vertex 3.5 31 8.20577
      vertex 3.91726 36 8
      vertex 3.91726 31 8
    endloop
  endfacet
  facet normal -0.442289 0 -0.896873
    outer loop
      vertex 3.91726 36 8
      vertex 3.5 31 8.20577
      vertex 3.5 36 8.20577
    endloop
  endfacet
  facet normal -0.442289 0 -0.896873
    outer loop
      vertex 3.5 20 8.20577
      vertex 3.91726 25 8
      vertex 3.91726 20 8
    endloop
  endfacet
  facet normal -0.442289 0 -0.896873
    outer loop
      vertex 3.91726 25 8
      vertex 3.5 20 8.20577
      vertex 3.5 25 8.20577
    endloop
  endfacet
  facet normal -0.896889 0 -0.442257
    outer loop
      vertex 0.205771 20 11.5
      vertex 0 36 11.9173
      vertex 0.205771 36 11.5
    endloop
  endfacet
  facet normal -0.896889 -0 -0.442257
    outer loop
      vertex 0 36 11.9173
      vertex 0.205771 20 11.5
      vertex 0 20 11.9173
    endloop
  endfacet
  facet normal -0.831482 0 -0.555552
    outer loop
      vertex 0.85982 20 10.5211
      vertex 0.205771 36 11.5
      vertex 0.85982 36 10.5211
    endloop
  endfacet
  facet normal -0.831482 -0 -0.555552
    outer loop
      vertex 0.205771 36 11.5
      vertex 0.85982 20 10.5211
      vertex 0.205771 20 11.5
    endloop
  endfacet
  facet normal 0.946927 -0 0.321447
    outer loop
      vertex 16.3149 20 19.4441
      vertex 16.6933 36 18.3294
      vertex 16.3149 36 19.4441
    endloop
  endfacet
  facet normal 0.946927 0 0.321447
    outer loop
      vertex 16.6933 36 18.3294
      vertex 16.3149 20 19.4441
      vertex 16.6933 20 18.3294
    endloop
  endfacet
  facet normal 0.980783 -0 0.195103
    outer loop
      vertex 16.6933 20 18.3294
      vertex 16.923 36 17.1747
      vertex 16.6933 36 18.3294
    endloop
  endfacet
  facet normal 0.980783 0 0.195103
    outer loop
      vertex 16.923 36 17.1747
      vertex 16.6933 20 18.3294
      vertex 16.923 20 17.1747
    endloop
  endfacet
  facet normal 0.321447 0 0.946927
    outer loop
      vertex 10.3294 36 24.6933
      vertex 11.4441 20 24.3149
      vertex 11.4441 36 24.3149
    endloop
  endfacet
  facet normal 0.321447 0 0.946927
    outer loop
      vertex 11.4441 20 24.3149
      vertex 10.3294 36 24.6933
      vertex 10.3294 20 24.6933
    endloop
  endfacet
  facet normal 0.19511 0 0.980781
    outer loop
      vertex 9.17474 36 24.923
      vertex 10.3294 20 24.6933
      vertex 10.3294 36 24.6933
    endloop
  endfacet
  facet normal 0.19511 0 0.980781
    outer loop
      vertex 10.3294 20 24.6933
      vertex 9.17474 36 24.923
      vertex 9.17474 20 24.923
    endloop
  endfacet
  facet normal -0.751836 0 0.65935
    outer loop
      vertex 0.85982 20 21.4789
      vertex 1.63604 36 22.364
      vertex 0.85982 36 21.4789
    endloop
  endfacet
  facet normal -0.751836 0 0.65935
    outer loop
      vertex 1.63604 36 22.364
      vertex 0.85982 20 21.4789
      vertex 1.63604 20 22.364
    endloop
  endfacet
  facet normal 0.997859 0 -0.0654083
    outer loop
      vertex 17 20 16
      vertex 16.923 36 14.8253
      vertex 17 36 16
    endloop
  endfacet
  facet normal 0.997859 0 -0.0654083
    outer loop
      vertex 16.923 36 14.8253
      vertex 17 20 16
      vertex 16.923 20 14.8253
    endloop
  endfacet
  facet normal 0.659327 0 -0.751856
    outer loop
      vertex 14.364 20 9.63604
      vertex 13.5 25 8.87837
      vertex 14.364 25 9.63604
    endloop
  endfacet
  facet normal 0.660267 0 -0.751031
    outer loop
      vertex 13.5 25 8.87837
      vertex 13.4789 20 8.85982
      vertex 13.5 31 8.87837
    endloop
  endfacet
  facet normal 0.65935 6.85716e-06 -0.751836
    outer loop
      vertex 13.4789 20 8.85982
      vertex 13.5 25 8.87837
      vertex 14.364 20 9.63604
    endloop
  endfacet
  facet normal 0.659327 0 -0.751856
    outer loop
      vertex 13.5 31 8.87837
      vertex 14.364 36 9.63604
      vertex 14.364 31 9.63604
    endloop
  endfacet
  facet normal 0.65935 -6.85716e-06 -0.751836
    outer loop
      vertex 13.5 31 8.87837
      vertex 13.4789 36 8.85982
      vertex 14.364 36 9.63604
    endloop
  endfacet
  facet normal 0.660267 0 -0.751031
    outer loop
      vertex 13.4789 36 8.85982
      vertex 13.5 31 8.87837
      vertex 13.4789 20 8.85982
    endloop
  endfacet
  facet normal -0.659385 0 -0.751805
    outer loop
      vertex 2.52115 20 8.85982
      vertex 2.5 25 8.87837
      vertex 2.52115 25 8.85982
    endloop
  endfacet
  facet normal -0.659345 0 -0.751841
    outer loop
      vertex 2.5 25 8.87837
      vertex 1.63604 20 9.63604
      vertex 2.5 31 8.87837
    endloop
  endfacet
  facet normal -0.659346 2.95177e-07 -0.75184
    outer loop
      vertex 1.63604 20 9.63604
      vertex 2.5 25 8.87837
      vertex 2.52115 20 8.85982
    endloop
  endfacet
  facet normal -0.659385 0 -0.751805
    outer loop
      vertex 2.5 31 8.87837
      vertex 2.52115 36 8.85982
      vertex 2.52115 31 8.85982
    endloop
  endfacet
  facet normal -0.659345 -0 -0.751841
    outer loop
      vertex 1.63604 36 9.63604
      vertex 2.5 31 8.87837
      vertex 1.63604 20 9.63604
    endloop
  endfacet
  facet normal -0.659346 -2.95177e-07 -0.75184
    outer loop
      vertex 2.5 31 8.87837
      vertex 1.63604 36 9.63604
      vertex 2.52115 36 8.85982
    endloop
  endfacet
  facet normal -0.555572 0 -0.831468
    outer loop
      vertex 2.52115 31 8.85982
      vertex 3.5 36 8.20577
      vertex 3.5 31 8.20577
    endloop
  endfacet
  facet normal -0.555572 0 -0.831468
    outer loop
      vertex 3.5 36 8.20577
      vertex 2.52115 31 8.85982
      vertex 2.52115 36 8.85982
    endloop
  endfacet
  facet normal -0.555572 0 -0.831468
    outer loop
      vertex 2.52115 20 8.85982
      vertex 3.5 25 8.20577
      vertex 3.5 20 8.20577
    endloop
  endfacet
  facet normal -0.555572 0 -0.831468
    outer loop
      vertex 3.5 25 8.20577
      vertex 2.52115 20 8.85982
      vertex 2.52115 25 8.85982
    endloop
  endfacet
  facet normal -0.751822 0 -0.659367
    outer loop
      vertex 1.63604 20 9.63604
      vertex 0.85982 36 10.5211
      vertex 1.63604 36 9.63604
    endloop
  endfacet
  facet normal -0.751822 -0 -0.659367
    outer loop
      vertex 0.85982 36 10.5211
      vertex 1.63604 20 9.63604
      vertex 0.85982 20 10.5211
    endloop
  endfacet
  facet normal 0.751845 -0 0.65934
    outer loop
      vertex 14.364 20 22.364
      vertex 15.1402 36 21.4789
      vertex 14.364 36 22.364
    endloop
  endfacet
  facet normal 0.751845 0 0.65934
    outer loop
      vertex 15.1402 36 21.4789
      vertex 14.364 20 22.364
      vertex 15.1402 20 21.4789
    endloop
  endfacet
  facet normal -0.555543 0 0.831488
    outer loop
      vertex 2.52115 36 23.1402
      vertex 3.5 20 23.7942
      vertex 3.5 36 23.7942
    endloop
  endfacet
  facet normal -0.555543 0 0.831488
    outer loop
      vertex 3.5 20 23.7942
      vertex 2.52115 36 23.1402
      vertex 2.52115 20 23.1402
    endloop
  endfacet
  facet normal -0.195115 0 0.98078
    outer loop
      vertex 5.67063 36 24.6933
      vertex 6.82526 20 24.923
      vertex 6.82526 36 24.923
    endloop
  endfacet
  facet normal -0.195115 0 0.98078
    outer loop
      vertex 6.82526 20 24.923
      vertex 5.67063 36 24.6933
      vertex 5.67063 20 24.6933
    endloop
  endfacet
  facet normal 0.442255 0 -0.896889
    outer loop
      vertex 12.0827 20 8
      vertex 12.5 36 8.20577
      vertex 12.5 20 8.20577
    endloop
  endfacet
  facet normal 0.442255 0 -0.896889
    outer loop
      vertex 12.5 36 8.20577
      vertex 12.0827 20 8
      vertex 12.0827 36 8
    endloop
  endfacet
  facet normal 0.946927 0 -0.321447
    outer loop
      vertex 16.6933 20 13.6706
      vertex 16.3149 36 12.5559
      vertex 16.6933 36 13.6706
    endloop
  endfacet
  facet normal 0.946927 0 -0.321447
    outer loop
      vertex 16.3149 36 12.5559
      vertex 16.6933 20 13.6706
      vertex 16.3149 20 12.5559
    endloop
  endfacet
  facet normal -0.997859 0 -0.0653948
    outer loop
      vertex 14.5 20 16
      vertex 14.4444 36 16.8484
      vertex 14.5 36 16
    endloop
  endfacet
  facet normal -0.997859 -0 -0.0653948
    outer loop
      vertex 14.4444 36 16.8484
      vertex 14.5 20 16
      vertex 14.4444 20 16.8484
    endloop
  endfacet
  facet normal 0.997859 0 -0.0654066
    outer loop
      vertex 1.55561 20 16.8484
      vertex 1.5 36 16
      vertex 1.55561 36 16.8484
    endloop
  endfacet
  facet normal 0.997859 0 -0.0654066
    outer loop
      vertex 1.5 36 16
      vertex 1.55561 20 16.8484
      vertex 1.5 20 16
    endloop
  endfacet
  facet normal -0.0653933 0 -0.99786
    outer loop
      vertex 8 20 22.5
      vertex 8.84842 36 22.4444
      vertex 8.84842 20 22.4444
    endloop
  endfacet
  facet normal -0.0653933 0 -0.99786
    outer loop
      vertex 8.84842 36 22.4444
      vertex 8 20 22.5
      vertex 8 36 22.5
    endloop
  endfacet
  facet normal 0.065405 0 0.997859
    outer loop
      vertex 7.15158 36 9.55561
      vertex 8 31 9.5
      vertex 8 36 9.5
    endloop
  endfacet
  facet normal 0.065405 0 0.997859
    outer loop
      vertex 8 31 9.5
      vertex 7.15158 36 9.55561
      vertex 7.15158 31 9.55561
    endloop
  endfacet
  facet normal 0.065405 0 0.997859
    outer loop
      vertex 7.15158 25 9.55561
      vertex 8 20 9.5
      vertex 8 25 9.5
    endloop
  endfacet
  facet normal 0.065405 0 0.997859
    outer loop
      vertex 8 20 9.5
      vertex 7.15158 25 9.55561
      vertex 7.15158 20 9.55561
    endloop
  endfacet
  facet normal -0.659312 0 -0.75187
    outer loop
      vertex 11.9569 20 21.1568
      vertex 12.5962 36 20.5962
      vertex 12.5962 20 20.5962
    endloop
  endfacet
  facet normal -0.659312 0 -0.75187
    outer loop
      vertex 12.5962 36 20.5962
      vertex 11.9569 20 21.1568
      vertex 11.9569 36 21.1568
    endloop
  endfacet
  facet normal 0.659347 0 -0.751839
    outer loop
      vertex 3.40381 20 20.5962
      vertex 4.04305 36 21.1568
      vertex 4.04305 20 21.1568
    endloop
  endfacet
  facet normal 0.659347 0 -0.751839
    outer loop
      vertex 4.04305 36 21.1568
      vertex 3.40381 20 20.5962
      vertex 3.40381 36 20.5962
    endloop
  endfacet
  facet normal 0.321438 0 -0.946931
    outer loop
      vertex 5.51256 20 22.0052
      vertex 6.31768 36 22.2785
      vertex 6.31768 20 22.2785
    endloop
  endfacet
  facet normal 0.321438 0 -0.946931
    outer loop
      vertex 6.31768 36 22.2785
      vertex 5.51256 20 22.0052
      vertex 5.51256 36 22.0052
    endloop
  endfacet
  facet normal -0.75187 0 0.659312
    outer loop
      vertex 12.5962 20 11.4038
      vertex 13.1568 36 12.0431
      vertex 12.5962 36 11.4038
    endloop
  endfacet
  facet normal -0.75187 0 0.659312
    outer loop
      vertex 13.1568 36 12.0431
      vertex 12.5962 20 11.4038
      vertex 13.1568 20 12.0431
    endloop
  endfacet
  facet normal -0.896907 0 -0.44222
    outer loop
      vertex 14.0052 20 18.4874
      vertex 13.6292 36 19.25
      vertex 14.0052 36 18.4874
    endloop
  endfacet
  facet normal -0.896907 -0 -0.44222
    outer loop
      vertex 13.6292 36 19.25
      vertex 14.0052 20 18.4874
      vertex 13.6292 20 19.25
    endloop
  endfacet
  facet normal -0.980779 0 -0.195121
    outer loop
      vertex 14.4444 20 16.8484
      vertex 14.2785 36 17.6823
      vertex 14.4444 36 16.8484
    endloop
  endfacet
  facet normal -0.980779 -0 -0.195121
    outer loop
      vertex 14.2785 36 17.6823
      vertex 14.4444 20 16.8484
      vertex 14.2785 20 17.6823
    endloop
  endfacet
  facet normal -0.831435 0 -0.555623
    outer loop
      vertex 13.6292 20 19.25
      vertex 13.1568 36 19.9569
      vertex 13.6292 36 19.25
    endloop
  endfacet
  facet normal -0.831435 -0 -0.555623
    outer loop
      vertex 13.1568 36 19.9569
      vertex 13.6292 20 19.25
      vertex 13.1568 20 19.9569
    endloop
  endfacet
  facet normal -0.321452 0 -0.946926
    outer loop
      vertex 9.68232 20 22.2785
      vertex 10.4874 36 22.0052
      vertex 10.4874 20 22.0052
    endloop
  endfacet
  facet normal -0.321452 0 -0.946926
    outer loop
      vertex 10.4874 36 22.0052
      vertex 9.68232 20 22.2785
      vertex 9.68232 36 22.2785
    endloop
  endfacet
  facet normal -0.195121 0 -0.980779
    outer loop
      vertex 8.84842 20 22.4444
      vertex 9.68232 36 22.2785
      vertex 9.68232 20 22.2785
    endloop
  endfacet
  facet normal -0.195121 0 -0.980779
    outer loop
      vertex 9.68232 36 22.2785
      vertex 8.84842 20 22.4444
      vertex 8.84842 36 22.4444
    endloop
  endfacet
  facet normal -0.555623 0 -0.831435
    outer loop
      vertex 11.25 20 21.6292
      vertex 11.9569 36 21.1568
      vertex 11.9569 20 21.1568
    endloop
  endfacet
  facet normal -0.555623 0 -0.831435
    outer loop
      vertex 11.9569 36 21.1568
      vertex 11.25 20 21.6292
      vertex 11.25 36 21.6292
    endloop
  endfacet
  facet normal 0.896879 0 -0.442277
    outer loop
      vertex 2.37084 20 19.25
      vertex 1.99478 36 18.4874
      vertex 2.37084 36 19.25
    endloop
  endfacet
  facet normal 0.896879 0 -0.442277
    outer loop
      vertex 1.99478 36 18.4874
      vertex 2.37084 20 19.25
      vertex 1.99478 20 18.4874
    endloop
  endfacet
  facet normal 0.751864 0 -0.659319
    outer loop
      vertex 3.40381 20 20.5962
      vertex 2.8432 36 19.9569
      vertex 3.40381 36 20.5962
    endloop
  endfacet
  facet normal 0.751864 0 -0.659319
    outer loop
      vertex 2.8432 36 19.9569
      vertex 3.40381 20 20.5962
      vertex 2.8432 20 19.9569
    endloop
  endfacet
  facet normal 0.946928 0 -0.321445
    outer loop
      vertex 1.99478 20 18.4874
      vertex 1.72148 36 17.6823
      vertex 1.99478 36 18.4874
    endloop
  endfacet
  facet normal 0.946928 0 -0.321445
    outer loop
      vertex 1.72148 36 17.6823
      vertex 1.99478 20 18.4874
      vertex 1.72148 20 17.6823
    endloop
  endfacet
  facet normal 0.195121 0 -0.980779
    outer loop
      vertex 6.31768 20 22.2785
      vertex 7.15158 36 22.4444
      vertex 7.15158 20 22.4444
    endloop
  endfacet
  facet normal 0.195121 0 -0.980779
    outer loop
      vertex 7.15158 36 22.4444
      vertex 6.31768 20 22.2785
      vertex 6.31768 36 22.2785
    endloop
  endfacet
  facet normal -0.442239 0 0.896897
    outer loop
      vertex 10.4874 36 9.99478
      vertex 11.25 31 10.3708
      vertex 11.25 36 10.3708
    endloop
  endfacet
  facet normal -0.442239 0 0.896897
    outer loop
      vertex 11.25 31 10.3708
      vertex 10.4874 36 9.99478
      vertex 10.4874 31 9.99478
    endloop
  endfacet
  facet normal -0.442239 0 0.896897
    outer loop
      vertex 10.4874 25 9.99478
      vertex 11.25 20 10.3708
      vertex 11.25 25 10.3708
    endloop
  endfacet
  facet normal -0.442239 0 0.896897
    outer loop
      vertex 11.25 20 10.3708
      vertex 10.4874 25 9.99478
      vertex 10.4874 20 9.99478
    endloop
  endfacet
  facet normal -0.555582 0 0.831462
    outer loop
      vertex 11.9569 36 10.8432
      vertex 11.5 31 10.5379
      vertex 11.9569 20 10.8432
    endloop
  endfacet
  facet normal -0.555623 5.40803e-06 0.831435
    outer loop
      vertex 11.25 36 10.3708
      vertex 11.5 31 10.5379
      vertex 11.9569 36 10.8432
    endloop
  endfacet
  facet normal -0.555697 0 0.831385
    outer loop
      vertex 11.5 31 10.5379
      vertex 11.25 36 10.3708
      vertex 11.25 31 10.3708
    endloop
  endfacet
  facet normal -0.555582 0 0.831462
    outer loop
      vertex 11.5 25 10.5379
      vertex 11.9569 20 10.8432
      vertex 11.5 31 10.5379
    endloop
  endfacet
  facet normal -0.555697 0 0.831385
    outer loop
      vertex 11.25 20 10.3708
      vertex 11.5 25 10.5379
      vertex 11.25 25 10.3708
    endloop
  endfacet
  facet normal -0.555623 -5.40803e-06 0.831435
    outer loop
      vertex 11.5 25 10.5379
      vertex 11.25 20 10.3708
      vertex 11.9569 20 10.8432
    endloop
  endfacet
  facet normal 0.442257 0 0.896888
    outer loop
      vertex 4.75 36 10.3708
      vertex 5.51256 31 9.99478
      vertex 5.51256 36 9.99478
    endloop
  endfacet
  facet normal 0.442257 0 0.896888
    outer loop
      vertex 5.51256 31 9.99478
      vertex 4.75 36 10.3708
      vertex 4.75 31 10.3708
    endloop
  endfacet
  facet normal 0.442257 0 0.896888
    outer loop
      vertex 4.75 25 10.3708
      vertex 5.51256 20 9.99478
      vertex 5.51256 25 9.99478
    endloop
  endfacet
  facet normal 0.442257 0 0.896888
    outer loop
      vertex 5.51256 20 9.99478
      vertex 4.75 25 10.3708
      vertex 4.75 20 10.3708
    endloop
  endfacet
  facet normal 0.659359 0 0.751829
    outer loop
      vertex 4.04305 36 10.8432
      vertex 3.86426 31 11
      vertex 4.04305 31 10.8432
    endloop
  endfacet
  facet normal 0.659342 0 0.751843
    outer loop
      vertex 3.86426 31 11
      vertex 3.40381 36 11.4038
      vertex 3.86426 25 11
    endloop
  endfacet
  facet normal 0.659347 7.42853e-07 0.751839
    outer loop
      vertex 3.40381 36 11.4038
      vertex 3.86426 31 11
      vertex 4.04305 36 10.8432
    endloop
  endfacet
  facet normal 0.659359 0 0.751829
    outer loop
      vertex 3.86426 25 11
      vertex 4.04305 20 10.8432
      vertex 4.04305 25 10.8432
    endloop
  endfacet
  facet normal 0.659342 -0 0.751843
    outer loop
      vertex 3.40381 20 11.4038
      vertex 3.86426 25 11
      vertex 3.40381 36 11.4038
    endloop
  endfacet
  facet normal 0.659347 -7.42853e-07 0.751839
    outer loop
      vertex 3.86426 25 11
      vertex 3.40381 20 11.4038
      vertex 4.04305 20 10.8432
    endloop
  endfacet
  facet normal 0.321438 0 0.946931
    outer loop
      vertex 5.51256 36 9.99478
      vertex 6.31768 31 9.72148
      vertex 6.31768 36 9.72148
    endloop
  endfacet
  facet normal 0.321438 0 0.946931
    outer loop
      vertex 6.31768 31 9.72148
      vertex 5.51256 36 9.99478
      vertex 5.51256 31 9.99478
    endloop
  endfacet
  facet normal 0.321438 0 0.946931
    outer loop
      vertex 5.51256 25 9.99478
      vertex 6.31768 20 9.72148
      vertex 6.31768 25 9.72148
    endloop
  endfacet
  facet normal 0.321438 0 0.946931
    outer loop
      vertex 6.31768 20 9.72148
      vertex 5.51256 25 9.99478
      vertex 5.51256 20 9.99478
    endloop
  endfacet
  facet normal -0.946928 0 -0.321445
    outer loop
      vertex 14.2785 20 17.6823
      vertex 14.0052 36 18.4874
      vertex 14.2785 36 17.6823
    endloop
  endfacet
  facet normal -0.946928 -0 -0.321445
    outer loop
      vertex 14.0052 36 18.4874
      vertex 14.2785 20 17.6823
      vertex 14.0052 20 18.4874
    endloop
  endfacet
  facet normal -0.75187 0 -0.659312
    outer loop
      vertex 13.1568 20 19.9569
      vertex 12.5962 36 20.5962
      vertex 13.1568 36 19.9569
    endloop
  endfacet
  facet normal -0.75187 -0 -0.659312
    outer loop
      vertex 12.5962 36 20.5962
      vertex 13.1568 20 19.9569
      vertex 12.5962 20 20.5962
    endloop
  endfacet
  facet normal -0.44222 0 -0.896907
    outer loop
      vertex 10.4874 20 22.0052
      vertex 11.25 36 21.6292
      vertex 11.25 20 21.6292
    endloop
  endfacet
  facet normal -0.44222 0 -0.896907
    outer loop
      vertex 11.25 36 21.6292
      vertex 10.4874 20 22.0052
      vertex 10.4874 36 22.0052
    endloop
  endfacet
  facet normal 0.831456 0 -0.55559
    outer loop
      vertex 2.8432 20 19.9569
      vertex 2.37084 36 19.25
      vertex 2.8432 36 19.9569
    endloop
  endfacet
  facet normal 0.831456 0 -0.55559
    outer loop
      vertex 2.37084 36 19.25
      vertex 2.8432 20 19.9569
      vertex 2.37084 20 19.25
    endloop
  endfacet
  facet normal 0.980786 0 -0.195087
    outer loop
      vertex 1.72148 20 17.6823
      vertex 1.55561 36 16.8484
      vertex 1.72148 36 17.6823
    endloop
  endfacet
  facet normal 0.980786 0 -0.195087
    outer loop
      vertex 1.55561 36 16.8484
      vertex 1.72148 20 17.6823
      vertex 1.55561 20 16.8484
    endloop
  endfacet
  facet normal 0.442239 0 -0.896897
    outer loop
      vertex 4.75 20 21.6292
      vertex 5.51256 36 22.0052
      vertex 5.51256 20 22.0052
    endloop
  endfacet
  facet normal 0.442239 0 -0.896897
    outer loop
      vertex 5.51256 36 22.0052
      vertex 4.75 20 21.6292
      vertex 4.75 36 21.6292
    endloop
  endfacet
  facet normal 0.555596 0 -0.831453
    outer loop
      vertex 4.04305 20 21.1568
      vertex 4.75 36 21.6292
      vertex 4.75 20 21.6292
    endloop
  endfacet
  facet normal 0.555596 0 -0.831453
    outer loop
      vertex 4.75 36 21.6292
      vertex 4.04305 20 21.1568
      vertex 4.04305 36 21.1568
    endloop
  endfacet
  facet normal 0.0653933 0 -0.99786
    outer loop
      vertex 7.15158 20 22.4444
      vertex 8 36 22.5
      vertex 8 20 22.5
    endloop
  endfacet
  facet normal 0.0653933 0 -0.99786
    outer loop
      vertex 8 36 22.5
      vertex 7.15158 20 22.4444
      vertex 7.15158 36 22.4444
    endloop
  endfacet
  facet normal -0.997859 0 0.0653948
    outer loop
      vertex 14.4444 20 15.1516
      vertex 14.5 36 16
      vertex 14.4444 36 15.1516
    endloop
  endfacet
  facet normal -0.997859 0 0.0653948
    outer loop
      vertex 14.5 36 16
      vertex 14.4444 20 15.1516
      vertex 14.5 20 16
    endloop
  endfacet
  facet normal -0.065405 0 0.997859
    outer loop
      vertex 8 36 9.5
      vertex 8.84842 31 9.55561
      vertex 8.84842 36 9.55561
    endloop
  endfacet
  facet normal -0.065405 0 0.997859
    outer loop
      vertex 8.84842 31 9.55561
      vertex 8 36 9.5
      vertex 8 31 9.5
    endloop
  endfacet
  facet normal -0.065405 0 0.997859
    outer loop
      vertex 8 25 9.5
      vertex 8.84842 20 9.55561
      vertex 8.84842 25 9.55561
    endloop
  endfacet
  facet normal -0.065405 0 0.997859
    outer loop
      vertex 8.84842 20 9.55561
      vertex 8 25 9.5
      vertex 8 20 9.5
    endloop
  endfacet
  facet normal -0.321452 0 0.946926
    outer loop
      vertex 9.68232 36 9.72148
      vertex 10.4874 31 9.99478
      vertex 10.4874 36 9.99478
    endloop
  endfacet
  facet normal -0.321452 0 0.946926
    outer loop
      vertex 10.4874 31 9.99478
      vertex 9.68232 36 9.72148
      vertex 9.68232 31 9.72148
    endloop
  endfacet
  facet normal -0.321452 0 0.946926
    outer loop
      vertex 9.68232 25 9.72148
      vertex 10.4874 20 9.99478
      vertex 10.4874 25 9.99478
    endloop
  endfacet
  facet normal -0.321452 0 0.946926
    outer loop
      vertex 10.4874 20 9.99478
      vertex 9.68232 25 9.72148
      vertex 9.68232 20 9.72148
    endloop
  endfacet
  facet normal -0.659312 0 0.75187
    outer loop
      vertex 11.9569 36 10.8432
      vertex 12.5962 20 11.4038
      vertex 12.5962 36 11.4038
    endloop
  endfacet
  facet normal -0.659312 0 0.75187
    outer loop
      vertex 12.5962 20 11.4038
      vertex 11.9569 36 10.8432
      vertex 11.9569 20 10.8432
    endloop
  endfacet
  facet normal -0.831435 0 0.555623
    outer loop
      vertex 13.1568 20 12.0431
      vertex 13.6292 36 12.75
      vertex 13.1568 36 12.0431
    endloop
  endfacet
  facet normal -0.831435 0 0.555623
    outer loop
      vertex 13.6292 36 12.75
      vertex 13.1568 20 12.0431
      vertex 13.6292 20 12.75
    endloop
  endfacet
  facet normal -0.980779 0 0.195121
    outer loop
      vertex 14.2785 20 14.3177
      vertex 14.4444 36 15.1516
      vertex 14.2785 36 14.3177
    endloop
  endfacet
  facet normal -0.980779 0 0.195121
    outer loop
      vertex 14.4444 36 15.1516
      vertex 14.2785 20 14.3177
      vertex 14.4444 20 15.1516
    endloop
  endfacet
  facet normal 0.555596 0 0.831453
    outer loop
      vertex 4.04305 36 10.8432
      vertex 4.75 31 10.3708
      vertex 4.75 36 10.3708
    endloop
  endfacet
  facet normal 0.555596 0 0.831453
    outer loop
      vertex 4.75 31 10.3708
      vertex 4.04305 36 10.8432
      vertex 4.04305 31 10.8432
    endloop
  endfacet
  facet normal 0.555596 0 0.831453
    outer loop
      vertex 4.04305 25 10.8432
      vertex 4.75 20 10.3708
      vertex 4.75 25 10.3708
    endloop
  endfacet
  facet normal 0.555596 0 0.831453
    outer loop
      vertex 4.75 20 10.3708
      vertex 4.04305 25 10.8432
      vertex 4.04305 20 10.8432
    endloop
  endfacet
  facet normal 0.195087 0 0.980786
    outer loop
      vertex 6.31768 36 9.72148
      vertex 7.15158 31 9.55561
      vertex 7.15158 36 9.55561
    endloop
  endfacet
  facet normal 0.195087 0 0.980786
    outer loop
      vertex 7.15158 31 9.55561
      vertex 6.31768 36 9.72148
      vertex 6.31768 31 9.72148
    endloop
  endfacet
  facet normal 0.195087 0 0.980786
    outer loop
      vertex 6.31768 25 9.72148
      vertex 7.15158 20 9.55561
      vertex 7.15158 25 9.55561
    endloop
  endfacet
  facet normal 0.195087 0 0.980786
    outer loop
      vertex 7.15158 20 9.55561
      vertex 6.31768 25 9.72148
      vertex 6.31768 20 9.72148
    endloop
  endfacet
  facet normal 0.896879 -0 0.442277
    outer loop
      vertex 1.99478 20 13.5126
      vertex 2.37084 36 12.75
      vertex 1.99478 36 13.5126
    endloop
  endfacet
  facet normal 0.896879 0 0.442277
    outer loop
      vertex 2.37084 36 12.75
      vertex 1.99478 20 13.5126
      vertex 2.37084 20 12.75
    endloop
  endfacet
  facet normal 0.751864 -0 0.659319
    outer loop
      vertex 2.8432 20 12.0431
      vertex 3.40381 36 11.4038
      vertex 2.8432 36 12.0431
    endloop
  endfacet
  facet normal 0.751864 0 0.659319
    outer loop
      vertex 3.40381 36 11.4038
      vertex 2.8432 20 12.0431
      vertex 3.40381 20 11.4038
    endloop
  endfacet
  facet normal 0.946928 -0 0.321445
    outer loop
      vertex 1.72148 20 14.3177
      vertex 1.99478 36 13.5126
      vertex 1.72148 36 14.3177
    endloop
  endfacet
  facet normal 0.946928 0 0.321445
    outer loop
      vertex 1.99478 36 13.5126
      vertex 1.72148 20 14.3177
      vertex 1.99478 20 13.5126
    endloop
  endfacet
  facet normal 0.997859 -0 0.0654066
    outer loop
      vertex 1.5 20 16
      vertex 1.55561 36 15.1516
      vertex 1.5 36 16
    endloop
  endfacet
  facet normal 0.997859 0 0.0654066
    outer loop
      vertex 1.55561 36 15.1516
      vertex 1.5 20 16
      vertex 1.55561 20 15.1516
    endloop
  endfacet
  facet normal -0.195087 0 0.980786
    outer loop
      vertex 8.84842 36 9.55561
      vertex 9.68232 31 9.72148
      vertex 9.68232 36 9.72148
    endloop
  endfacet
  facet normal -0.195087 0 0.980786
    outer loop
      vertex 9.68232 31 9.72148
      vertex 8.84842 36 9.55561
      vertex 8.84842 31 9.55561
    endloop
  endfacet
  facet normal -0.195087 0 0.980786
    outer loop
      vertex 8.84842 25 9.55561
      vertex 9.68232 20 9.72148
      vertex 9.68232 25 9.72148
    endloop
  endfacet
  facet normal -0.195087 0 0.980786
    outer loop
      vertex 9.68232 20 9.72148
      vertex 8.84842 25 9.55561
      vertex 8.84842 20 9.55561
    endloop
  endfacet
  facet normal -0.896907 0 0.44222
    outer loop
      vertex 13.6292 20 12.75
      vertex 14.0052 36 13.5126
      vertex 13.6292 36 12.75
    endloop
  endfacet
  facet normal -0.896907 0 0.44222
    outer loop
      vertex 14.0052 36 13.5126
      vertex 13.6292 20 12.75
      vertex 14.0052 20 13.5126
    endloop
  endfacet
  facet normal 0.831456 -0 0.55559
    outer loop
      vertex 2.37084 20 12.75
      vertex 2.8432 36 12.0431
      vertex 2.37084 36 12.75
    endloop
  endfacet
  facet normal 0.831456 0 0.55559
    outer loop
      vertex 2.8432 36 12.0431
      vertex 2.37084 20 12.75
      vertex 2.8432 20 12.0431
    endloop
  endfacet
  facet normal 0.980786 -0 0.195087
    outer loop
      vertex 1.55561 20 15.1516
      vertex 1.72148 36 14.3177
      vertex 1.55561 36 15.1516
    endloop
  endfacet
  facet normal 0.980786 0 0.195087
    outer loop
      vertex 1.72148 36 14.3177
      vertex 1.55561 20 15.1516
      vertex 1.72148 20 14.3177
    endloop
  endfacet
  facet normal -0.946928 0 0.321445
    outer loop
      vertex 14.0052 20 13.5126
      vertex 14.2785 36 14.3177
      vertex 14.0052 36 13.5126
    endloop
  endfacet
  facet normal -0.946928 0 0.321445
    outer loop
      vertex 14.2785 36 14.3177
      vertex 14.0052 20 13.5126
      vertex 14.2785 20 14.3177
    endloop
  endfacet
  facet normal 0.995183 -0 0.0980305
    outer loop
      vertex 13.8847 21 17.1705
      vertex 14 35 16
      vertex 13.8847 35 17.1705
    endloop
  endfacet
  facet normal 0.995183 0 0.0980305
    outer loop
      vertex 14 35 16
      vertex 13.8847 21 17.1705
      vertex 14 21 16
    endloop
  endfacet
  facet normal -0.995184 0 0.098022
    outer loop
      vertex 2 21 16
      vertex 2.11529 35 17.1705
      vertex 2 35 16
    endloop
  endfacet
  facet normal -0.995184 0 0.098022
    outer loop
      vertex 2.11529 35 17.1705
      vertex 2 21 16
      vertex 2.11529 21 17.1705
    endloop
  endfacet
  facet normal 0.0980271 0 0.995184
    outer loop
      vertex 8 35 22
      vertex 9.17054 21 21.8847
      vertex 9.17054 35 21.8847
    endloop
  endfacet
  facet normal 0.0980271 0 0.995184
    outer loop
      vertex 9.17054 21 21.8847
      vertex 8 35 22
      vertex 8 21 22
    endloop
  endfacet
  facet normal 0.772994 -0 0.634413
    outer loop
      vertex 12.2426 21 20.2426
      vertex 12.9888 35 19.3334
      vertex 12.2426 35 20.2426
    endloop
  endfacet
  facet normal 0.772994 0 0.634413
    outer loop
      vertex 12.9888 35 19.3334
      vertex 12.2426 21 20.2426
      vertex 12.9888 21 19.3334
    endloop
  endfacet
  facet normal -0.634405 0 0.773001
    outer loop
      vertex 3.75736 35 20.2426
      vertex 4.66658 21 20.9888
      vertex 4.66658 35 20.9888
    endloop
  endfacet
  facet normal -0.634405 0 0.773001
    outer loop
      vertex 4.66658 21 20.9888
      vertex 3.75736 35 20.2426
      vertex 3.75736 21 20.2426
    endloop
  endfacet
  facet normal -0.290258 0 0.956949
    outer loop
      vertex 5.7039 35 21.5433
      vertex 6.82946 21 21.8847
      vertex 6.82946 35 21.8847
    endloop
  endfacet
  facet normal -0.290258 0 0.956949
    outer loop
      vertex 6.82946 21 21.8847
      vertex 5.7039 35 21.5433
      vertex 5.7039 21 21.5433
    endloop
  endfacet
  facet normal 0.634413 0 -0.772994
    outer loop
      vertex 11.3334 21 11.0112
      vertex 12.2426 35 11.7574
      vertex 12.2426 21 11.7574
    endloop
  endfacet
  facet normal 0.634413 0 -0.772994
    outer loop
      vertex 12.2426 35 11.7574
      vertex 11.3334 21 11.0112
      vertex 11.3334 35 11.0112
    endloop
  endfacet
  facet normal 0 1 0
    outer loop
      vertex 8 35 20.5
      vertex 8 35 22
      vertex 9.17054 35 21.8847
    endloop
  endfacet
  facet normal 0 1 0
    outer loop
      vertex 9.16469 35 20.3467
      vertex 9.17054 35 21.8847
      vertex 10.2961 35 21.5433
    endloop
  endfacet
  facet normal 0 1 0
    outer loop
      vertex 8 35 22
      vertex 8 35 20.5
      vertex 6.82946 35 21.8847
    endloop
  endfacet
  facet normal 0 1 0
    outer loop
      vertex 10.25 35 19.8971
      vertex 10.2961 35 21.5433
      vertex 11.3334 35 20.9888
    endloop
  endfacet
  facet normal 0 1 -0
    outer loop
      vertex 6.83531 35 20.3467
      vertex 6.82946 35 21.8847
      vertex 8 35 20.5
    endloop
  endfacet
  facet normal 0 1 0
    outer loop
      vertex 6.82946 35 21.8847
      vertex 6.83531 35 20.3467
      vertex 5.7039 35 21.5433
    endloop
  endfacet
  facet normal 0 1 0
    outer loop
      vertex 9.17054 35 21.8847
      vertex 9.16469 35 20.3467
      vertex 8 35 20.5
    endloop
  endfacet
  facet normal 0 1 0
    outer loop
      vertex 11.182 35 19.182
      vertex 11.3334 35 20.9888
      vertex 12.2426 35 20.2426
    endloop
  endfacet
  facet normal 0 1 0
    outer loop
      vertex 10.2961 35 21.5433
      vertex 10.25 35 19.8971
      vertex 9.16469 35 20.3467
    endloop
  endfacet
  facet normal 0 1 0
    outer loop
      vertex 11.182 35 19.182
      vertex 12.2426 35 20.2426
      vertex 12.9888 35 19.3334
    endloop
  endfacet
  facet normal 0 1 0
    outer loop
      vertex 11.3334 35 20.9888
      vertex 11.182 35 19.182
      vertex 10.25 35 19.8971
    endloop
  endfacet
  facet normal 0 1 0
    outer loop
      vertex 11.8971 35 18.25
      vertex 12.9888 35 19.3334
      vertex 13.5433 35 18.2961
    endloop
  endfacet
  facet normal 0 1 0
    outer loop
      vertex 12.9888 35 19.3334
      vertex 11.8971 35 18.25
      vertex 11.182 35 19.182
    endloop
  endfacet
  facet normal 0 1 0
    outer loop
      vertex 12.3467 35 17.1647
      vertex 13.5433 35 18.2961
      vertex 13.8847 35 17.1705
    endloop
  endfacet
  facet normal 0 1 0
    outer loop
      vertex 13.5433 35 18.2961
      vertex 12.3467 35 17.1647
      vertex 11.8971 35 18.25
    endloop
  endfacet
  facet normal 0 1 0
    outer loop
      vertex 12.5 35 16
      vertex 13.8847 35 17.1705
      vertex 14 35 16
    endloop
  endfacet
  facet normal 0 1 0
    outer loop
      vertex 13.8847 35 17.1705
      vertex 12.5 35 16
      vertex 12.3467 35 17.1647
    endloop
  endfacet
  facet normal 0 1 -0
    outer loop
      vertex 13.8847 35 14.8295
      vertex 12.5 35 16
      vertex 14 35 16
    endloop
  endfacet
  facet normal 0 1 0
    outer loop
      vertex 12.5 35 16
      vertex 13.8847 35 14.8295
      vertex 12.3467 35 14.8353
    endloop
  endfacet
  facet normal 0 1 -0
    outer loop
      vertex 13.5433 35 13.7039
      vertex 12.3467 35 14.8353
      vertex 13.8847 35 14.8295
    endloop
  endfacet
  facet normal 0 1 0
    outer loop
      vertex 12.3467 35 14.8353
      vertex 13.5433 35 13.7039
      vertex 11.8971 35 13.75
    endloop
  endfacet
  facet normal 0 1 -0
    outer loop
      vertex 12.9888 35 12.6666
      vertex 11.8971 35 13.75
      vertex 13.5433 35 13.7039
    endloop
  endfacet
  facet normal 0 1 0
    outer loop
      vertex 11.8971 35 13.75
      vertex 12.9888 35 12.6666
      vertex 11.182 35 12.818
    endloop
  endfacet
  facet normal 0 1 -0
    outer loop
      vertex 12.2426 35 11.7574
      vertex 11.182 35 12.818
      vertex 12.9888 35 12.6666
    endloop
  endfacet
  facet normal 0 1 -0
    outer loop
      vertex 11.3334 35 11.0112
      vertex 11.182 35 12.818
      vertex 12.2426 35 11.7574
    endloop
  endfacet
  facet normal 0 1 0
    outer loop
      vertex 11.182 35 12.818
      vertex 11.3334 35 11.0112
      vertex 10.25 35 12.1029
    endloop
  endfacet
  facet normal 0 1 -0
    outer loop
      vertex 10.2961 35 10.4567
      vertex 10.25 35 12.1029
      vertex 11.3334 35 11.0112
    endloop
  endfacet
  facet normal 0 1 0
    outer loop
      vertex 10.25 35 12.1029
      vertex 10.2961 35 10.4567
      vertex 9.16469 35 11.6533
    endloop
  endfacet
  facet normal 0 1 -0
    outer loop
      vertex 5.75 35 19.8971
      vertex 5.7039 35 21.5433
      vertex 6.83531 35 20.3467
    endloop
  endfacet
  facet normal 0 1 0
    outer loop
      vertex 5.7039 35 21.5433
      vertex 5.75 35 19.8971
      vertex 4.66658 35 20.9888
    endloop
  endfacet
  facet normal 0 1 -0
    outer loop
      vertex 4.81802 35 19.182
      vertex 4.66658 35 20.9888
      vertex 5.75 35 19.8971
    endloop
  endfacet
  facet normal 0 1 0
    outer loop
      vertex 4.66658 35 20.9888
      vertex 4.81802 35 19.182
      vertex 3.75736 35 20.2426
    endloop
  endfacet
  facet normal 0 1 0
    outer loop
      vertex 3.75736 35 20.2426
      vertex 4.81802 35 19.182
      vertex 3.01118 35 19.3334
    endloop
  endfacet
  facet normal 0 1 -0
    outer loop
      vertex 4.10289 35 18.25
      vertex 3.01118 35 19.3334
      vertex 4.81802 35 19.182
    endloop
  endfacet
  facet normal 0 1 0
    outer loop
      vertex 3.01118 35 19.3334
      vertex 4.10289 35 18.25
      vertex 2.45672 35 18.2961
    endloop
  endfacet
  facet normal 0 1 -0
    outer loop
      vertex 3.65333 35 17.1647
      vertex 2.45672 35 18.2961
      vertex 4.10289 35 18.25
    endloop
  endfacet
  facet normal 0 1 0
    outer loop
      vertex 2.45672 35 18.2961
      vertex 3.65333 35 17.1647
      vertex 2.11529 35 17.1705
    endloop
  endfacet
  facet normal 0 1 -0
    outer loop
      vertex 3.5 35 16
      vertex 2.11529 35 17.1705
      vertex 3.65333 35 17.1647
    endloop
  endfacet
  facet normal 0 1 0
    outer loop
      vertex 3.5 35 16
      vertex 2 35 16
      vertex 2.11529 35 17.1705
    endloop
  endfacet
  facet normal 0 1 0
    outer loop
      vertex 2.11529 35 14.8295
      vertex 3.5 35 16
      vertex 3.65333 35 14.8353
    endloop
  endfacet
  facet normal 0 1 0
    outer loop
      vertex 3.5 35 16
      vertex 2.11529 35 14.8295
      vertex 2 35 16
    endloop
  endfacet
  facet normal 0 1 0
    outer loop
      vertex 2.45672 35 13.7039
      vertex 3.65333 35 14.8353
      vertex 4.10289 35 13.75
    endloop
  endfacet
  facet normal 0 1 0
    outer loop
      vertex 3.65333 35 14.8353
      vertex 2.45672 35 13.7039
      vertex 2.11529 35 14.8295
    endloop
  endfacet
  facet normal 0 1 0
    outer loop
      vertex 3.01118 35 12.6666
      vertex 4.10289 35 13.75
      vertex 4.81802 35 12.818
    endloop
  endfacet
  facet normal 0 1 0
    outer loop
      vertex 4.10289 35 13.75
      vertex 3.01118 35 12.6666
      vertex 2.45672 35 13.7039
    endloop
  endfacet
  facet normal 0 1 0
    outer loop
      vertex 4.66658 35 11.0112
      vertex 4.81802 35 12.818
      vertex 5.75 35 12.1029
    endloop
  endfacet
  facet normal 0 1 0
    outer loop
      vertex 4.81802 35 12.818
      vertex 3.75736 35 11.7574
      vertex 3.01118 35 12.6666
    endloop
  endfacet
  facet normal 0 1 0
    outer loop
      vertex 5.7039 35 10.4567
      vertex 5.75 35 12.1029
      vertex 6.83531 35 11.6533
    endloop
  endfacet
  facet normal 0 1 0
    outer loop
      vertex 6.82946 35 10.1153
      vertex 6.83531 35 11.6533
      vertex 8 35 11.5
    endloop
  endfacet
  facet normal 0 1 -0
    outer loop
      vertex 9.17054 35 10.1153
      vertex 9.16469 35 11.6533
      vertex 10.2961 35 10.4567
    endloop
  endfacet
  facet normal 0 1 0
    outer loop
      vertex 4.81802 35 12.818
      vertex 4.66658 35 11.0112
      vertex 3.75736 35 11.7574
    endloop
  endfacet
  facet normal 0 1 0
    outer loop
      vertex 9.16469 35 11.6533
      vertex 9.17054 35 10.1153
      vertex 8 35 11.5
    endloop
  endfacet
  facet normal 0 1 0
    outer loop
      vertex 5.75 35 12.1029
      vertex 5.7039 35 10.4567
      vertex 4.66658 35 11.0112
    endloop
  endfacet
  facet normal 0 1 0
    outer loop
      vertex 8 35 10
      vertex 8 35 11.5
      vertex 9.17054 35 10.1153
    endloop
  endfacet
  facet normal 0 1 0
    outer loop
      vertex 6.83531 35 11.6533
      vertex 6.82946 35 10.1153
      vertex 5.7039 35 10.4567
    endloop
  endfacet
  facet normal 0 1 0
    outer loop
      vertex 8 35 11.5
      vertex 8 35 10
      vertex 6.82946 35 10.1153
    endloop
  endfacet
  facet normal 0.881903 -0 0.471431
    outer loop
      vertex 12.9888 21 19.3334
      vertex 13.5433 35 18.2961
      vertex 12.9888 35 19.3334
    endloop
  endfacet
  facet normal 0.881903 0 0.471431
    outer loop
      vertex 13.5433 35 18.2961
      vertex 12.9888 21 19.3334
      vertex 13.5433 21 18.2961
    endloop
  endfacet
  facet normal 0.956951 -0 0.290248
    outer loop
      vertex 13.5433 21 18.2961
      vertex 13.8847 35 17.1705
      vertex 13.5433 35 18.2961
    endloop
  endfacet
  facet normal 0.956951 0 0.290248
    outer loop
      vertex 13.8847 35 17.1705
      vertex 13.5433 21 18.2961
      vertex 13.8847 21 17.1705
    endloop
  endfacet
  facet normal 0.471431 0 0.881903
    outer loop
      vertex 10.2961 35 21.5433
      vertex 11.3334 21 20.9888
      vertex 11.3334 35 20.9888
    endloop
  endfacet
  facet normal 0.471431 0 0.881903
    outer loop
      vertex 11.3334 21 20.9888
      vertex 10.2961 35 21.5433
      vertex 10.2961 21 21.5433
    endloop
  endfacet
  facet normal 0.290258 0 0.956949
    outer loop
      vertex 9.17054 35 21.8847
      vertex 10.2961 21 21.5433
      vertex 10.2961 35 21.5433
    endloop
  endfacet
  facet normal 0.290258 0 0.956949
    outer loop
      vertex 10.2961 21 21.5433
      vertex 9.17054 35 21.8847
      vertex 9.17054 21 21.8847
    endloop
  endfacet
  facet normal 0.634413 0 0.772994
    outer loop
      vertex 11.3334 35 20.9888
      vertex 12.2426 21 20.2426
      vertex 12.2426 35 20.2426
    endloop
  endfacet
  facet normal 0.634413 0 0.772994
    outer loop
      vertex 12.2426 21 20.2426
      vertex 11.3334 35 20.9888
      vertex 11.3334 21 20.9888
    endloop
  endfacet
  facet normal -0.881917 0 0.471404
    outer loop
      vertex 2.45672 21 18.2961
      vertex 3.01118 35 19.3334
      vertex 2.45672 35 18.2961
    endloop
  endfacet
  facet normal -0.881917 0 0.471404
    outer loop
      vertex 3.01118 35 19.3334
      vertex 2.45672 21 18.2961
      vertex 3.01118 21 19.3334
    endloop
  endfacet
  facet normal -0.773003 0 0.634403
    outer loop
      vertex 3.01118 21 19.3334
      vertex 3.75736 35 20.2426
      vertex 3.01118 35 19.3334
    endloop
  endfacet
  facet normal -0.773003 0 0.634403
    outer loop
      vertex 3.75736 35 20.2426
      vertex 3.01118 21 19.3334
      vertex 3.75736 21 20.2426
    endloop
  endfacet
  facet normal -0.956944 0 0.290271
    outer loop
      vertex 2.11529 21 17.1705
      vertex 2.45672 35 18.2961
      vertex 2.11529 35 17.1705
    endloop
  endfacet
  facet normal -0.956944 0 0.290271
    outer loop
      vertex 2.45672 35 18.2961
      vertex 2.11529 21 17.1705
      vertex 2.45672 21 18.2961
    endloop
  endfacet
  facet normal 0 -1 0
    outer loop
      vertex 8 21 20.5
      vertex 8 21 22
      vertex 6.82946 21 21.8847
    endloop
  endfacet
  facet normal 0 -1 0
    outer loop
      vertex 6.83531 21 20.3467
      vertex 6.82946 21 21.8847
      vertex 5.7039 21 21.5433
    endloop
  endfacet
  facet normal 0 -1 0
    outer loop
      vertex 8 21 22
      vertex 8 21 20.5
      vertex 9.17054 21 21.8847
    endloop
  endfacet
  facet normal 0 -1 0
    outer loop
      vertex 5.75 21 19.8971
      vertex 5.7039 21 21.5433
      vertex 4.66658 21 20.9888
    endloop
  endfacet
  facet normal 0 -1 0
    outer loop
      vertex 9.16469 21 20.3467
      vertex 9.17054 21 21.8847
      vertex 8 21 20.5
    endloop
  endfacet
  facet normal 0 -1 -0
    outer loop
      vertex 9.17054 21 21.8847
      vertex 9.16469 21 20.3467
      vertex 10.2961 21 21.5433
    endloop
  endfacet
  facet normal 0 -1 0
    outer loop
      vertex 6.82946 21 21.8847
      vertex 6.83531 21 20.3467
      vertex 8 21 20.5
    endloop
  endfacet
  facet normal 0 -1 0
    outer loop
      vertex 4.81802 21 19.182
      vertex 4.66658 21 20.9888
      vertex 3.75736 21 20.2426
    endloop
  endfacet
  facet normal 0 -1 0
    outer loop
      vertex 5.7039 21 21.5433
      vertex 5.75 21 19.8971
      vertex 6.83531 21 20.3467
    endloop
  endfacet
  facet normal 0 -1 0
    outer loop
      vertex 4.81802 21 19.182
      vertex 3.75736 21 20.2426
      vertex 3.01118 21 19.3334
    endloop
  endfacet
  facet normal 0 -1 0
    outer loop
      vertex 4.66658 21 20.9888
      vertex 4.81802 21 19.182
      vertex 5.75 21 19.8971
    endloop
  endfacet
  facet normal 0 -1 0
    outer loop
      vertex 4.10289 21 18.25
      vertex 3.01118 21 19.3334
      vertex 2.45672 21 18.2961
    endloop
  endfacet
  facet normal 0 -1 0
    outer loop
      vertex 3.01118 21 19.3334
      vertex 4.10289 21 18.25
      vertex 4.81802 21 19.182
    endloop
  endfacet
  facet normal 0 -1 0
    outer loop
      vertex 3.65333 21 17.1647
      vertex 2.45672 21 18.2961
      vertex 2.11529 21 17.1705
    endloop
  endfacet
  facet normal 0 -1 0
    outer loop
      vertex 2.45672 21 18.2961
      vertex 3.65333 21 17.1647
      vertex 4.10289 21 18.25
    endloop
  endfacet
  facet normal 0 -1 0
    outer loop
      vertex 3.5 21 16
      vertex 2.11529 21 17.1705
      vertex 2 21 16
    endloop
  endfacet
  facet normal 0 -1 0
    outer loop
      vertex 2.11529 21 17.1705
      vertex 3.5 21 16
      vertex 3.65333 21 17.1647
    endloop
  endfacet
  facet normal 0 -1 0
    outer loop
      vertex 2.11529 21 14.8295
      vertex 3.5 21 16
      vertex 2 21 16
    endloop
  endfacet
  facet normal 0 -1 -0
    outer loop
      vertex 3.5 21 16
      vertex 2.11529 21 14.8295
      vertex 3.65333 21 14.8353
    endloop
  endfacet
  facet normal 0 -1 0
    outer loop
      vertex 2.45672 21 13.7039
      vertex 3.65333 21 14.8353
      vertex 2.11529 21 14.8295
    endloop
  endfacet
  facet normal 0 -1 -0
    outer loop
      vertex 3.65333 21 14.8353
      vertex 2.45672 21 13.7039
      vertex 4.10289 21 13.75
    endloop
  endfacet
  facet normal 0 -1 0
    outer loop
      vertex 3.01118 21 12.6666
      vertex 4.10289 21 13.75
      vertex 2.45672 21 13.7039
    endloop
  endfacet
  facet normal 0 -1 -0
    outer loop
      vertex 4.10289 21 13.75
      vertex 3.01118 21 12.6666
      vertex 4.81802 21 12.818
    endloop
  endfacet
  facet normal 0 -1 0
    outer loop
      vertex 3.75736 21 11.7574
      vertex 4.81802 21 12.818
      vertex 3.01118 21 12.6666
    endloop
  endfacet
  facet normal 0 -1 0
    outer loop
      vertex 4.66658 21 11.0112
      vertex 4.81802 21 12.818
      vertex 3.75736 21 11.7574
    endloop
  endfacet
  facet normal 0 -1 -0
    outer loop
      vertex 4.81802 21 12.818
      vertex 4.66658 21 11.0112
      vertex 5.75 21 12.1029
    endloop
  endfacet
  facet normal 0 -1 0
    outer loop
      vertex 5.7039 21 10.4567
      vertex 5.75 21 12.1029
      vertex 4.66658 21 11.0112
    endloop
  endfacet
  facet normal 0 -1 -0
    outer loop
      vertex 5.75 21 12.1029
      vertex 5.7039 21 10.4567
      vertex 6.83531 21 11.6533
    endloop
  endfacet
  facet normal 0 -1 0
    outer loop
      vertex 10.25 21 19.8971
      vertex 10.2961 21 21.5433
      vertex 9.16469 21 20.3467
    endloop
  endfacet
  facet normal 0 -1 -0
    outer loop
      vertex 10.2961 21 21.5433
      vertex 10.25 21 19.8971
      vertex 11.3334 21 20.9888
    endloop
  endfacet
  facet normal 0 -1 0
    outer loop
      vertex 11.182 21 19.182
      vertex 11.3334 21 20.9888
      vertex 10.25 21 19.8971
    endloop
  endfacet
  facet normal 0 -1 -0
    outer loop
      vertex 11.3334 21 20.9888
      vertex 11.182 21 19.182
      vertex 12.2426 21 20.2426
    endloop
  endfacet
  facet normal 0 -1 -0
    outer loop
      vertex 12.2426 21 20.2426
      vertex 11.182 21 19.182
      vertex 12.9888 21 19.3334
    endloop
  endfacet
  facet normal 0 -1 0
    outer loop
      vertex 11.8971 21 18.25
      vertex 12.9888 21 19.3334
      vertex 11.182 21 19.182
    endloop
  endfacet
  facet normal 0 -1 -0
    outer loop
      vertex 12.9888 21 19.3334
      vertex 11.8971 21 18.25
      vertex 13.5433 21 18.2961
    endloop
  endfacet
  facet normal 0 -1 0
    outer loop
      vertex 12.3467 21 17.1647
      vertex 13.5433 21 18.2961
      vertex 11.8971 21 18.25
    endloop
  endfacet
  facet normal 0 -1 -0
    outer loop
      vertex 13.5433 21 18.2961
      vertex 12.3467 21 17.1647
      vertex 13.8847 21 17.1705
    endloop
  endfacet
  facet normal 0 -1 0
    outer loop
      vertex 12.5 21 16
      vertex 13.8847 21 17.1705
      vertex 12.3467 21 17.1647
    endloop
  endfacet
  facet normal 0 -1 0
    outer loop
      vertex 12.5 21 16
      vertex 14 21 16
      vertex 13.8847 21 17.1705
    endloop
  endfacet
  facet normal 0 -1 0
    outer loop
      vertex 13.8847 21 14.8295
      vertex 12.5 21 16
      vertex 12.3467 21 14.8353
    endloop
  endfacet
  facet normal 0 -1 0
    outer loop
      vertex 12.5 21 16
      vertex 13.8847 21 14.8295
      vertex 14 21 16
    endloop
  endfacet
  facet normal 0 -1 0
    outer loop
      vertex 13.5433 21 13.7039
      vertex 12.3467 21 14.8353
      vertex 11.8971 21 13.75
    endloop
  endfacet
  facet normal 0 -1 0
    outer loop
      vertex 12.3467 21 14.8353
      vertex 13.5433 21 13.7039
      vertex 13.8847 21 14.8295
    endloop
  endfacet
  facet normal 0 -1 0
    outer loop
      vertex 12.9888 21 12.6666
      vertex 11.8971 21 13.75
      vertex 11.182 21 12.818
    endloop
  endfacet
  facet normal 0 -1 0
    outer loop
      vertex 11.8971 21 13.75
      vertex 12.9888 21 12.6666
      vertex 13.5433 21 13.7039
    endloop
  endfacet
  facet normal 0 -1 0
    outer loop
      vertex 11.3334 21 11.0112
      vertex 11.182 21 12.818
      vertex 10.25 21 12.1029
    endloop
  endfacet
  facet normal 0 -1 0
    outer loop
      vertex 11.182 21 12.818
      vertex 12.2426 21 11.7574
      vertex 12.9888 21 12.6666
    endloop
  endfacet
  facet normal 0 -1 0
    outer loop
      vertex 10.2961 21 10.4567
      vertex 10.25 21 12.1029
      vertex 9.16469 21 11.6533
    endloop
  endfacet
  facet normal 0 -1 0
    outer loop
      vertex 9.17054 21 10.1153
      vertex 9.16469 21 11.6533
      vertex 8 21 11.5
    endloop
  endfacet
  facet normal 0 -1 0
    outer loop
      vertex 6.82946 21 10.1153
      vertex 6.83531 21 11.6533
      vertex 5.7039 21 10.4567
    endloop
  endfacet
  facet normal 0 -1 0
    outer loop
      vertex 11.182 21 12.818
      vertex 11.3334 21 11.0112
      vertex 12.2426 21 11.7574
    endloop
  endfacet
  facet normal 0 -1 -0
    outer loop
      vertex 6.83531 21 11.6533
      vertex 6.82946 21 10.1153
      vertex 8 21 11.5
    endloop
  endfacet
  facet normal 0 -1 0
    outer loop
      vertex 10.25 21 12.1029
      vertex 10.2961 21 10.4567
      vertex 11.3334 21 11.0112
    endloop
  endfacet
  facet normal 0 -1 0
    outer loop
      vertex 8 21 10
      vertex 8 21 11.5
      vertex 6.82946 21 10.1153
    endloop
  endfacet
  facet normal 0 -1 0
    outer loop
      vertex 9.16469 21 11.6533
      vertex 9.17054 21 10.1153
      vertex 10.2961 21 10.4567
    endloop
  endfacet
  facet normal 0 -1 0
    outer loop
      vertex 8 21 11.5
      vertex 8 21 10
      vertex 9.17054 21 10.1153
    endloop
  endfacet
  facet normal -0.471424 0 0.881907
    outer loop
      vertex 4.66658 35 20.9888
      vertex 5.7039 21 21.5433
      vertex 5.7039 35 21.5433
    endloop
  endfacet
  facet normal -0.471424 0 0.881907
    outer loop
      vertex 5.7039 21 21.5433
      vertex 4.66658 35 20.9888
      vertex 4.66658 21 20.9888
    endloop
  endfacet
  facet normal -0.0980271 0 0.995184
    outer loop
      vertex 6.82946 35 21.8847
      vertex 8 21 22
      vertex 8 35 22
    endloop
  endfacet
  facet normal -0.0980271 0 0.995184
    outer loop
      vertex 8 21 22
      vertex 6.82946 35 21.8847
      vertex 6.82946 21 21.8847
    endloop
  endfacet
  facet normal 0.995183 0 -0.0980305
    outer loop
      vertex 14 21 16
      vertex 13.8847 35 14.8295
      vertex 14 35 16
    endloop
  endfacet
  facet normal 0.995183 0 -0.0980305
    outer loop
      vertex 13.8847 35 14.8295
      vertex 14 21 16
      vertex 13.8847 21 14.8295
    endloop
  endfacet
  facet normal 0.0980271 0 -0.995184
    outer loop
      vertex 8 31 10
      vertex 9.17054 35 10.1153
      vertex 9.17054 31 10.1153
    endloop
  endfacet
  facet normal 0.0980271 0 -0.995184
    outer loop
      vertex 9.17054 35 10.1153
      vertex 8 31 10
      vertex 8 35 10
    endloop
  endfacet
  facet normal 0.0980271 0 -0.995184
    outer loop
      vertex 8 21 10
      vertex 9.17054 25 10.1153
      vertex 9.17054 21 10.1153
    endloop
  endfacet
  facet normal 0.0980271 0 -0.995184
    outer loop
      vertex 9.17054 25 10.1153
      vertex 8 21 10
      vertex 8 25 10
    endloop
  endfacet
  facet normal 0.472338 0 -0.881417
    outer loop
      vertex 11.3334 21 11.0112
      vertex 11.3125 25 11
      vertex 11.3334 35 11.0112
    endloop
  endfacet
  facet normal 0.471431 -6.10225e-06 -0.881903
    outer loop
      vertex 10.2961 21 10.4567
      vertex 11.3125 25 11
      vertex 11.3334 21 11.0112
    endloop
  endfacet
  facet normal 0.471412 0 -0.881913
    outer loop
      vertex 11.3125 25 11
      vertex 10.2961 21 10.4567
      vertex 10.2961 25 10.4567
    endloop
  endfacet
  facet normal 0.472338 0 -0.881417
    outer loop
      vertex 11.3125 31 11
      vertex 11.3334 35 11.0112
      vertex 11.3125 25 11
    endloop
  endfacet
  facet normal 0.471412 6.22779e-06 -0.881913
    outer loop
      vertex 10.2961 31 10.4567
      vertex 11.3334 35 11.0112
      vertex 11.3125 31 11
    endloop
  endfacet
  facet normal 0.471431 0 -0.881903
    outer loop
      vertex 11.3334 35 11.0112
      vertex 10.2961 31 10.4567
      vertex 10.2961 35 10.4567
    endloop
  endfacet
  facet normal -0.634405 0 -0.773001
    outer loop
      vertex 3.75736 21 11.7574
      vertex 4.66658 35 11.0112
      vertex 4.66658 21 11.0112
    endloop
  endfacet
  facet normal -0.634405 0 -0.773001
    outer loop
      vertex 4.66658 35 11.0112
      vertex 3.75736 21 11.7574
      vertex 3.75736 35 11.7574
    endloop
  endfacet
  facet normal -0.290258 0 -0.956949
    outer loop
      vertex 5.7039 31 10.4567
      vertex 6.82946 35 10.1153
      vertex 6.82946 31 10.1153
    endloop
  endfacet
  facet normal -0.290258 0 -0.956949
    outer loop
      vertex 6.82946 35 10.1153
      vertex 5.7039 31 10.4567
      vertex 5.7039 35 10.4567
    endloop
  endfacet
  facet normal -0.290258 0 -0.956949
    outer loop
      vertex 5.7039 21 10.4567
      vertex 6.82946 25 10.1153
      vertex 6.82946 21 10.1153
    endloop
  endfacet
  facet normal -0.290258 0 -0.956949
    outer loop
      vertex 6.82946 25 10.1153
      vertex 5.7039 21 10.4567
      vertex 5.7039 25 10.4567
    endloop
  endfacet
  facet normal -0.881917 0 -0.471404
    outer loop
      vertex 3.01118 21 12.6666
      vertex 2.45672 35 13.7039
      vertex 3.01118 35 12.6666
    endloop
  endfacet
  facet normal -0.881917 -0 -0.471404
    outer loop
      vertex 2.45672 35 13.7039
      vertex 3.01118 21 12.6666
      vertex 2.45672 21 13.7039
    endloop
  endfacet
  facet normal -0.995184 0 -0.098022
    outer loop
      vertex 2.11529 21 14.8295
      vertex 2 35 16
      vertex 2.11529 35 14.8295
    endloop
  endfacet
  facet normal -0.995184 -0 -0.098022
    outer loop
      vertex 2 35 16
      vertex 2.11529 21 14.8295
      vertex 2 21 16
    endloop
  endfacet
  facet normal 0.290258 0 -0.956949
    outer loop
      vertex 9.17054 31 10.1153
      vertex 10.2961 35 10.4567
      vertex 10.2961 31 10.4567
    endloop
  endfacet
  facet normal 0.290258 0 -0.956949
    outer loop
      vertex 10.2961 35 10.4567
      vertex 9.17054 31 10.1153
      vertex 9.17054 35 10.1153
    endloop
  endfacet
  facet normal 0.290258 0 -0.956949
    outer loop
      vertex 9.17054 21 10.1153
      vertex 10.2961 25 10.4567
      vertex 10.2961 21 10.4567
    endloop
  endfacet
  facet normal 0.290258 0 -0.956949
    outer loop
      vertex 10.2961 25 10.4567
      vertex 9.17054 21 10.1153
      vertex 9.17054 25 10.1153
    endloop
  endfacet
  facet normal 0.772994 0 -0.634413
    outer loop
      vertex 12.9888 21 12.6666
      vertex 12.2426 35 11.7574
      vertex 12.9888 35 12.6666
    endloop
  endfacet
  facet normal 0.772994 0 -0.634413
    outer loop
      vertex 12.2426 35 11.7574
      vertex 12.9888 21 12.6666
      vertex 12.2426 21 11.7574
    endloop
  endfacet
  facet normal -0.471412 0 -0.881913
    outer loop
      vertex 5.7039 21 10.4567
      vertex 4.6875 25 11
      vertex 5.7039 25 10.4567
    endloop
  endfacet
  facet normal -0.471988 0 -0.881605
    outer loop
      vertex 4.6875 25 11
      vertex 4.66658 21 11.0112
      vertex 4.6875 31 11
    endloop
  endfacet
  facet normal -0.471424 -3.79264e-06 -0.881907
    outer loop
      vertex 4.66658 21 11.0112
      vertex 4.6875 25 11
      vertex 5.7039 21 10.4567
    endloop
  endfacet
  facet normal -0.471412 0 -0.881913
    outer loop
      vertex 4.6875 31 11
      vertex 5.7039 35 10.4567
      vertex 5.7039 31 10.4567
    endloop
  endfacet
  facet normal -0.471424 3.79264e-06 -0.881907
    outer loop
      vertex 4.6875 31 11
      vertex 4.66658 35 11.0112
      vertex 5.7039 35 10.4567
    endloop
  endfacet
  facet normal -0.471988 -0 -0.881605
    outer loop
      vertex 4.66658 35 11.0112
      vertex 4.6875 31 11
      vertex 4.66658 21 11.0112
    endloop
  endfacet
  facet normal -0.0980271 0 -0.995184
    outer loop
      vertex 6.82946 31 10.1153
      vertex 8 35 10
      vertex 8 31 10
    endloop
  endfacet
  facet normal -0.0980271 0 -0.995184
    outer loop
      vertex 8 35 10
      vertex 6.82946 31 10.1153
      vertex 6.82946 35 10.1153
    endloop
  endfacet
  facet normal -0.0980271 0 -0.995184
    outer loop
      vertex 6.82946 21 10.1153
      vertex 8 25 10
      vertex 8 21 10
    endloop
  endfacet
  facet normal -0.0980271 0 -0.995184
    outer loop
      vertex 8 25 10
      vertex 6.82946 21 10.1153
      vertex 6.82946 25 10.1153
    endloop
  endfacet
  facet normal -0.773003 0 -0.634403
    outer loop
      vertex 3.75736 21 11.7574
      vertex 3.01118 35 12.6666
      vertex 3.75736 35 11.7574
    endloop
  endfacet
  facet normal -0.773003 -0 -0.634403
    outer loop
      vertex 3.01118 35 12.6666
      vertex 3.75736 21 11.7574
      vertex 3.01118 21 12.6666
    endloop
  endfacet
  facet normal -0.956944 0 -0.290271
    outer loop
      vertex 2.45672 21 13.7039
      vertex 2.11529 35 14.8295
      vertex 2.45672 35 13.7039
    endloop
  endfacet
  facet normal -0.956944 -0 -0.290271
    outer loop
      vertex 2.11529 35 14.8295
      vertex 2.45672 21 13.7039
      vertex 2.11529 21 14.8295
    endloop
  endfacet
  facet normal 0.881903 0 -0.471431
    outer loop
      vertex 13.5433 21 13.7039
      vertex 12.9888 35 12.6666
      vertex 13.5433 35 13.7039
    endloop
  endfacet
  facet normal 0.881903 0 -0.471431
    outer loop
      vertex 12.9888 35 12.6666
      vertex 13.5433 21 13.7039
      vertex 12.9888 21 12.6666
    endloop
  endfacet
  facet normal 0.956951 0 -0.290248
    outer loop
      vertex 13.8847 21 14.8295
      vertex 13.5433 35 13.7039
      vertex 13.8847 35 14.8295
    endloop
  endfacet
  facet normal 0.956951 0 -0.290248
    outer loop
      vertex 13.5433 35 13.7039
      vertex 13.8847 21 14.8295
      vertex 13.5433 21 13.7039
    endloop
  endfacet
  facet normal 0.991449 -0 0.130496
    outer loop
      vertex 12.3467 35 17.1647
      vertex 12.5 37.5 16
      vertex 12.3467 37.5 17.1647
    endloop
  endfacet
  facet normal 0.991449 0 0.130496
    outer loop
      vertex 12.5 37.5 16
      vertex 12.3467 35 17.1647
      vertex 12.5 35 16
    endloop
  endfacet
  facet normal 0.991449 -0 0.130496
    outer loop
      vertex 12.3467 18.5 17.1647
      vertex 12.5 21 16
      vertex 12.3467 21 17.1647
    endloop
  endfacet
  facet normal 0.991449 0 0.130496
    outer loop
      vertex 12.5 21 16
      vertex 12.3467 18.5 17.1647
      vertex 12.5 18.5 16
    endloop
  endfacet
  facet normal 0.608735 0 0.793373
    outer loop
      vertex 10.25 37.5 19.8971
      vertex 11.182 35 19.182
      vertex 11.182 37.5 19.182
    endloop
  endfacet
  facet normal 0.608735 0 0.793373
    outer loop
      vertex 11.182 35 19.182
      vertex 10.25 37.5 19.8971
      vertex 10.25 35 19.8971
    endloop
  endfacet
  facet normal 0.608735 0 0.793373
    outer loop
      vertex 10.25 21 19.8971
      vertex 11.182 18.5 19.182
      vertex 11.182 21 19.182
    endloop
  endfacet
  facet normal 0.608735 0 0.793373
    outer loop
      vertex 11.182 18.5 19.182
      vertex 10.25 21 19.8971
      vertex 10.25 18.5 19.8971
    endloop
  endfacet
  facet normal -0.38272 0 -0.923865
    outer loop
      vertex 5.75 35 12.1029
      vertex 6.83531 37.5 11.6533
      vertex 6.83531 35 11.6533
    endloop
  endfacet
  facet normal -0.38272 0 -0.923865
    outer loop
      vertex 6.83531 37.5 11.6533
      vertex 5.75 35 12.1029
      vertex 5.75 37.5 12.1029
    endloop
  endfacet
  facet normal -0.38272 0 -0.923865
    outer loop
      vertex 5.75 18.5 12.1029
      vertex 6.83531 21 11.6533
      vertex 6.83531 18.5 11.6533
    endloop
  endfacet
  facet normal -0.38272 0 -0.923865
    outer loop
      vertex 6.83531 21 11.6533
      vertex 5.75 18.5 12.1029
      vertex 5.75 21 12.1029
    endloop
  endfacet
  facet normal 0.793373 -0 0.608735
    outer loop
      vertex 11.182 18.5 19.182
      vertex 11.8971 21 18.25
      vertex 11.182 21 19.182
    endloop
  endfacet
  facet normal 0.793373 0 0.608735
    outer loop
      vertex 11.8971 21 18.25
      vertex 11.182 18.5 19.182
      vertex 11.8971 18.5 18.25
    endloop
  endfacet
  facet normal 0.793373 -0 0.608735
    outer loop
      vertex 11.182 35 19.182
      vertex 11.8971 37.5 18.25
      vertex 11.182 37.5 19.182
    endloop
  endfacet
  facet normal 0.793373 0 0.608735
    outer loop
      vertex 11.8971 37.5 18.25
      vertex 11.182 35 19.182
      vertex 11.8971 35 18.25
    endloop
  endfacet
  facet normal 0.923863 -0 0.382723
    outer loop
      vertex 11.8971 35 18.25
      vertex 12.3467 37.5 17.1647
      vertex 11.8971 37.5 18.25
    endloop
  endfacet
  facet normal 0.923863 0 0.382723
    outer loop
      vertex 12.3467 37.5 17.1647
      vertex 11.8971 35 18.25
      vertex 12.3467 35 17.1647
    endloop
  endfacet
  facet normal 0.923863 -0 0.382723
    outer loop
      vertex 11.8971 18.5 18.25
      vertex 12.3467 21 17.1647
      vertex 11.8971 21 18.25
    endloop
  endfacet
  facet normal 0.923863 0 0.382723
    outer loop
      vertex 12.3467 21 17.1647
      vertex 11.8971 18.5 18.25
      vertex 12.3467 18.5 17.1647
    endloop
  endfacet
  facet normal -0.38272 0 0.923865
    outer loop
      vertex 5.75 21 19.8971
      vertex 6.83531 18.5 20.3467
      vertex 6.83531 21 20.3467
    endloop
  endfacet
  facet normal -0.38272 0 0.923865
    outer loop
      vertex 6.83531 18.5 20.3467
      vertex 5.75 21 19.8971
      vertex 5.75 18.5 19.8971
    endloop
  endfacet
  facet normal -0.38272 0 0.923865
    outer loop
      vertex 5.75 37.5 19.8971
      vertex 6.83531 35 20.3467
      vertex 6.83531 37.5 20.3467
    endloop
  endfacet
  facet normal -0.38272 0 0.923865
    outer loop
      vertex 6.83531 35 20.3467
      vertex 5.75 37.5 19.8971
      vertex 5.75 35 19.8971
    endloop
  endfacet
  facet normal -0.608744 0 0.793367
    outer loop
      vertex 4.81802 21 19.182
      vertex 5.75 18.5 19.8971
      vertex 5.75 21 19.8971
    endloop
  endfacet
  facet normal -0.608744 0 0.793367
    outer loop
      vertex 5.75 18.5 19.8971
      vertex 4.81802 21 19.182
      vertex 4.81802 18.5 19.182
    endloop
  endfacet
  facet normal -0.608744 0 0.793367
    outer loop
      vertex 4.81802 37.5 19.182
      vertex 5.75 35 19.8971
      vertex 5.75 37.5 19.8971
    endloop
  endfacet
  facet normal -0.608744 0 0.793367
    outer loop
      vertex 5.75 35 19.8971
      vertex 4.81802 37.5 19.182
      vertex 4.81802 35 19.182
    endloop
  endfacet
  facet normal 0.608735 0 -0.793373
    outer loop
      vertex 10.25 35 12.1029
      vertex 11.182 37.5 12.818
      vertex 11.182 35 12.818
    endloop
  endfacet
  facet normal 0.608735 0 -0.793373
    outer loop
      vertex 11.182 37.5 12.818
      vertex 10.25 35 12.1029
      vertex 10.25 37.5 12.1029
    endloop
  endfacet
  facet normal 0.608735 0 -0.793373
    outer loop
      vertex 10.25 18.5 12.1029
      vertex 11.182 21 12.818
      vertex 11.182 18.5 12.818
    endloop
  endfacet
  facet normal 0.608735 0 -0.793373
    outer loop
      vertex 11.182 21 12.818
      vertex 10.25 18.5 12.1029
      vertex 10.25 21 12.1029
    endloop
  endfacet
  facet normal -0.923875 0 -0.382694
    outer loop
      vertex 4.10289 18.5 13.75
      vertex 3.65333 21 14.8353
      vertex 4.10289 21 13.75
    endloop
  endfacet
  facet normal -0.923875 -0 -0.382694
    outer loop
      vertex 3.65333 21 14.8353
      vertex 4.10289 18.5 13.75
      vertex 3.65333 18.5 14.8353
    endloop
  endfacet
  facet normal -0.923875 0 -0.382694
    outer loop
      vertex 4.10289 35 13.75
      vertex 3.65333 37.5 14.8353
      vertex 4.10289 37.5 13.75
    endloop
  endfacet
  facet normal -0.923875 -0 -0.382694
    outer loop
      vertex 3.65333 37.5 14.8353
      vertex 4.10289 35 13.75
      vertex 3.65333 35 14.8353
    endloop
  endfacet
  facet normal -0.608744 0 -0.793367
    outer loop
      vertex 4.81802 35 12.818
      vertex 5.75 37.5 12.1029
      vertex 5.75 35 12.1029
    endloop
  endfacet
  facet normal -0.608744 0 -0.793367
    outer loop
      vertex 5.75 37.5 12.1029
      vertex 4.81802 35 12.818
      vertex 4.81802 37.5 12.818
    endloop
  endfacet
  facet normal -0.608744 0 -0.793367
    outer loop
      vertex 4.81802 18.5 12.818
      vertex 5.75 21 12.1029
      vertex 5.75 18.5 12.1029
    endloop
  endfacet
  facet normal -0.608744 0 -0.793367
    outer loop
      vertex 5.75 21 12.1029
      vertex 4.81802 18.5 12.818
      vertex 4.81802 21 12.818
    endloop
  endfacet
  facet normal 0 1 0
    outer loop
      vertex 9.16469 37.5 20.3467
      vertex 6.83531 37.5 20.3467
      vertex 8 37.5 20.5
    endloop
  endfacet
  facet normal 0 1 0
    outer loop
      vertex 10.25 37.5 19.8971
      vertex 6.83531 37.5 20.3467
      vertex 9.16469 37.5 20.3467
    endloop
  endfacet
  facet normal 0 1 0
    outer loop
      vertex 10.25 37.5 19.8971
      vertex 5.75 37.5 19.8971
      vertex 6.83531 37.5 20.3467
    endloop
  endfacet
  facet normal 0 1 0
    outer loop
      vertex 11.182 37.5 19.182
      vertex 5.75 37.5 19.8971
      vertex 10.25 37.5 19.8971
    endloop
  endfacet
  facet normal 0 1 0
    outer loop
      vertex 11.182 37.5 19.182
      vertex 4.81802 37.5 19.182
      vertex 5.75 37.5 19.8971
    endloop
  endfacet
  facet normal 0 1 0
    outer loop
      vertex 11.8971 37.5 18.25
      vertex 4.81802 37.5 19.182
      vertex 11.182 37.5 19.182
    endloop
  endfacet
  facet normal 0 1 0
    outer loop
      vertex 11.8971 37.5 18.25
      vertex 4.10289 37.5 18.25
      vertex 4.81802 37.5 19.182
    endloop
  endfacet
  facet normal 0 1 0
    outer loop
      vertex 12.3467 37.5 17.1647
      vertex 4.10289 37.5 18.25
      vertex 11.8971 37.5 18.25
    endloop
  endfacet
  facet normal 0 1 0
    outer loop
      vertex 12.3467 37.5 17.1647
      vertex 3.65333 37.5 17.1647
      vertex 4.10289 37.5 18.25
    endloop
  endfacet
  facet normal 0 1 0
    outer loop
      vertex 12.5 37.5 16
      vertex 3.65333 37.5 17.1647
      vertex 12.3467 37.5 17.1647
    endloop
  endfacet
  facet normal 0 1 0
    outer loop
      vertex 12.5 37.5 16
      vertex 3.5 37.5 16
      vertex 3.65333 37.5 17.1647
    endloop
  endfacet
  facet normal 0 1 -0
    outer loop
      vertex 12.3467 37.5 14.8353
      vertex 3.5 37.5 16
      vertex 12.5 37.5 16
    endloop
  endfacet
  facet normal 0 1 0
    outer loop
      vertex 12.3467 37.5 14.8353
      vertex 3.65333 37.5 14.8353
      vertex 3.5 37.5 16
    endloop
  endfacet
  facet normal 0 1 -0
    outer loop
      vertex 11.8971 37.5 13.75
      vertex 3.65333 37.5 14.8353
      vertex 12.3467 37.5 14.8353
    endloop
  endfacet
  facet normal 0 1 0
    outer loop
      vertex 11.8971 37.5 13.75
      vertex 4.10289 37.5 13.75
      vertex 3.65333 37.5 14.8353
    endloop
  endfacet
  facet normal 0 1 -0
    outer loop
      vertex 11.182 37.5 12.818
      vertex 4.10289 37.5 13.75
      vertex 11.8971 37.5 13.75
    endloop
  endfacet
  facet normal 0 1 0
    outer loop
      vertex 11.182 37.5 12.818
      vertex 4.81802 37.5 12.818
      vertex 4.10289 37.5 13.75
    endloop
  endfacet
  facet normal 0 1 -0
    outer loop
      vertex 10.25 37.5 12.1029
      vertex 4.81802 37.5 12.818
      vertex 11.182 37.5 12.818
    endloop
  endfacet
  facet normal 0 1 0
    outer loop
      vertex 10.25 37.5 12.1029
      vertex 5.75 37.5 12.1029
      vertex 4.81802 37.5 12.818
    endloop
  endfacet
  facet normal 0 1 -0
    outer loop
      vertex 9.16469 37.5 11.6533
      vertex 5.75 37.5 12.1029
      vertex 10.25 37.5 12.1029
    endloop
  endfacet
  facet normal 0 1 0
    outer loop
      vertex 9.16469 37.5 11.6533
      vertex 6.83531 37.5 11.6533
      vertex 5.75 37.5 12.1029
    endloop
  endfacet
  facet normal -0 1 0
    outer loop
      vertex 6.83531 37.5 11.6533
      vertex 9.16469 37.5 11.6533
      vertex 8 37.5 11.5
    endloop
  endfacet
  facet normal -0.793361 0 -0.608751
    outer loop
      vertex 4.81802 18.5 12.818
      vertex 4.10289 21 13.75
      vertex 4.81802 21 12.818
    endloop
  endfacet
  facet normal -0.793361 -0 -0.608751
    outer loop
      vertex 4.10289 21 13.75
      vertex 4.81802 18.5 12.818
      vertex 4.10289 18.5 13.75
    endloop
  endfacet
  facet normal -0.793361 0 -0.608751
    outer loop
      vertex 4.81802 35 12.818
      vertex 4.10289 37.5 13.75
      vertex 4.81802 37.5 12.818
    endloop
  endfacet
  facet normal -0.793361 -0 -0.608751
    outer loop
      vertex 4.10289 37.5 13.75
      vertex 4.81802 35 12.818
      vertex 4.10289 35 13.75
    endloop
  endfacet
  facet normal 0.130497 0 0.991449
    outer loop
      vertex 8 37.5 20.5
      vertex 9.16469 35 20.3467
      vertex 9.16469 37.5 20.3467
    endloop
  endfacet
  facet normal 0.130497 0 0.991449
    outer loop
      vertex 9.16469 35 20.3467
      vertex 8 37.5 20.5
      vertex 8 35 20.5
    endloop
  endfacet
  facet normal 0.130497 0 0.991449
    outer loop
      vertex 8 21 20.5
      vertex 9.16469 18.5 20.3467
      vertex 9.16469 21 20.3467
    endloop
  endfacet
  facet normal 0.130497 0 0.991449
    outer loop
      vertex 9.16469 18.5 20.3467
      vertex 8 21 20.5
      vertex 8 18.5 20.5
    endloop
  endfacet
  facet normal -0.991445 0 0.130521
    outer loop
      vertex 3.5 35 16
      vertex 3.65333 37.5 17.1647
      vertex 3.5 37.5 16
    endloop
  endfacet
  facet normal -0.991445 0 0.130521
    outer loop
      vertex 3.65333 37.5 17.1647
      vertex 3.5 35 16
      vertex 3.65333 35 17.1647
    endloop
  endfacet
  facet normal -0.991445 0 0.130521
    outer loop
      vertex 3.5 18.5 16
      vertex 3.65333 21 17.1647
      vertex 3.5 21 16
    endloop
  endfacet
  facet normal -0.991445 0 0.130521
    outer loop
      vertex 3.65333 21 17.1647
      vertex 3.5 18.5 16
      vertex 3.65333 18.5 17.1647
    endloop
  endfacet
  facet normal -0.793361 0 0.608751
    outer loop
      vertex 4.10289 35 18.25
      vertex 4.81802 37.5 19.182
      vertex 4.10289 37.5 18.25
    endloop
  endfacet
  facet normal -0.793361 0 0.608751
    outer loop
      vertex 4.81802 37.5 19.182
      vertex 4.10289 35 18.25
      vertex 4.81802 35 19.182
    endloop
  endfacet
  facet normal -0.793361 0 0.608751
    outer loop
      vertex 4.10289 18.5 18.25
      vertex 4.81802 21 19.182
      vertex 4.10289 21 18.25
    endloop
  endfacet
  facet normal -0.793361 0 0.608751
    outer loop
      vertex 4.81802 21 19.182
      vertex 4.10289 18.5 18.25
      vertex 4.81802 18.5 19.182
    endloop
  endfacet
  facet normal -0.130497 0 0.991449
    outer loop
      vertex 6.83531 37.5 20.3467
      vertex 8 35 20.5
      vertex 8 37.5 20.5
    endloop
  endfacet
  facet normal -0.130497 0 0.991449
    outer loop
      vertex 8 35 20.5
      vertex 6.83531 37.5 20.3467
      vertex 6.83531 35 20.3467
    endloop
  endfacet
  facet normal -0.130497 0 0.991449
    outer loop
      vertex 6.83531 21 20.3467
      vertex 8 18.5 20.5
      vertex 8 21 20.5
    endloop
  endfacet
  facet normal -0.130497 0 0.991449
    outer loop
      vertex 8 18.5 20.5
      vertex 6.83531 21 20.3467
      vertex 6.83531 18.5 20.3467
    endloop
  endfacet
  facet normal 0.923863 0 -0.382723
    outer loop
      vertex 12.3467 35 14.8353
      vertex 11.8971 37.5 13.75
      vertex 12.3467 37.5 14.8353
    endloop
  endfacet
  facet normal 0.923863 0 -0.382723
    outer loop
      vertex 11.8971 37.5 13.75
      vertex 12.3467 35 14.8353
      vertex 11.8971 35 13.75
    endloop
  endfacet
  facet normal 0.923863 0 -0.382723
    outer loop
      vertex 12.3467 18.5 14.8353
      vertex 11.8971 21 13.75
      vertex 12.3467 21 14.8353
    endloop
  endfacet
  facet normal 0.923863 0 -0.382723
    outer loop
      vertex 11.8971 21 13.75
      vertex 12.3467 18.5 14.8353
      vertex 11.8971 18.5 13.75
    endloop
  endfacet
  facet normal 0.130497 0 -0.991449
    outer loop
      vertex 8 35 11.5
      vertex 9.16469 37.5 11.6533
      vertex 9.16469 35 11.6533
    endloop
  endfacet
  facet normal 0.130497 0 -0.991449
    outer loop
      vertex 9.16469 37.5 11.6533
      vertex 8 35 11.5
      vertex 8 37.5 11.5
    endloop
  endfacet
  facet normal 0.130497 0 -0.991449
    outer loop
      vertex 8 18.5 11.5
      vertex 9.16469 21 11.6533
      vertex 9.16469 18.5 11.6533
    endloop
  endfacet
  facet normal 0.130497 0 -0.991449
    outer loop
      vertex 9.16469 21 11.6533
      vertex 8 18.5 11.5
      vertex 8 21 11.5
    endloop
  endfacet
  facet normal 0.38272 0 -0.923865
    outer loop
      vertex 9.16469 35 11.6533
      vertex 10.25 37.5 12.1029
      vertex 10.25 35 12.1029
    endloop
  endfacet
  facet normal 0.38272 0 -0.923865
    outer loop
      vertex 10.25 37.5 12.1029
      vertex 9.16469 35 11.6533
      vertex 9.16469 37.5 11.6533
    endloop
  endfacet
  facet normal 0.38272 0 -0.923865
    outer loop
      vertex 9.16469 18.5 11.6533
      vertex 10.25 21 12.1029
      vertex 10.25 18.5 12.1029
    endloop
  endfacet
  facet normal 0.38272 0 -0.923865
    outer loop
      vertex 10.25 21 12.1029
      vertex 9.16469 18.5 11.6533
      vertex 9.16469 21 11.6533
    endloop
  endfacet
  facet normal -0.130497 0 -0.991449
    outer loop
      vertex 6.83531 35 11.6533
      vertex 8 37.5 11.5
      vertex 8 35 11.5
    endloop
  endfacet
  facet normal -0.130497 0 -0.991449
    outer loop
      vertex 8 37.5 11.5
      vertex 6.83531 35 11.6533
      vertex 6.83531 37.5 11.6533
    endloop
  endfacet
  facet normal -0.130497 0 -0.991449
    outer loop
      vertex 6.83531 18.5 11.6533
      vertex 8 21 11.5
      vertex 8 18.5 11.5
    endloop
  endfacet
  facet normal -0.130497 0 -0.991449
    outer loop
      vertex 8 21 11.5
      vertex 6.83531 18.5 11.6533
      vertex 6.83531 21 11.6533
    endloop
  endfacet
  facet normal -0.991445 0 -0.130521
    outer loop
      vertex 3.65333 35 14.8353
      vertex 3.5 37.5 16
      vertex 3.65333 37.5 14.8353
    endloop
  endfacet
  facet normal -0.991445 -0 -0.130521
    outer loop
      vertex 3.5 37.5 16
      vertex 3.65333 35 14.8353
      vertex 3.5 35 16
    endloop
  endfacet
  facet normal -0.991445 0 -0.130521
    outer loop
      vertex 3.65333 18.5 14.8353
      vertex 3.5 21 16
      vertex 3.65333 21 14.8353
    endloop
  endfacet
  facet normal -0.991445 -0 -0.130521
    outer loop
      vertex 3.5 21 16
      vertex 3.65333 18.5 14.8353
      vertex 3.5 18.5 16
    endloop
  endfacet
  facet normal 0.38272 0 0.923865
    outer loop
      vertex 9.16469 37.5 20.3467
      vertex 10.25 35 19.8971
      vertex 10.25 37.5 19.8971
    endloop
  endfacet
  facet normal 0.38272 0 0.923865
    outer loop
      vertex 10.25 35 19.8971
      vertex 9.16469 37.5 20.3467
      vertex 9.16469 35 20.3467
    endloop
  endfacet
  facet normal 0.38272 0 0.923865
    outer loop
      vertex 9.16469 21 20.3467
      vertex 10.25 18.5 19.8971
      vertex 10.25 21 19.8971
    endloop
  endfacet
  facet normal 0.38272 0 0.923865
    outer loop
      vertex 10.25 18.5 19.8971
      vertex 9.16469 21 20.3467
      vertex 9.16469 18.5 20.3467
    endloop
  endfacet
  facet normal 0 -1 0
    outer loop
      vertex 6.83531 18.5 20.3467
      vertex 9.16469 18.5 20.3467
      vertex 8 18.5 20.5
    endloop
  endfacet
  facet normal 0 -1 0
    outer loop
      vertex 5.75 18.5 19.8971
      vertex 9.16469 18.5 20.3467
      vertex 6.83531 18.5 20.3467
    endloop
  endfacet
  facet normal 0 -1 0
    outer loop
      vertex 5.75 18.5 19.8971
      vertex 10.25 18.5 19.8971
      vertex 9.16469 18.5 20.3467
    endloop
  endfacet
  facet normal 0 -1 0
    outer loop
      vertex 4.81802 18.5 19.182
      vertex 10.25 18.5 19.8971
      vertex 5.75 18.5 19.8971
    endloop
  endfacet
  facet normal 0 -1 0
    outer loop
      vertex 4.81802 18.5 19.182
      vertex 11.182 18.5 19.182
      vertex 10.25 18.5 19.8971
    endloop
  endfacet
  facet normal 0 -1 0
    outer loop
      vertex 4.10289 18.5 18.25
      vertex 11.182 18.5 19.182
      vertex 4.81802 18.5 19.182
    endloop
  endfacet
  facet normal 0 -1 0
    outer loop
      vertex 4.10289 18.5 18.25
      vertex 11.8971 18.5 18.25
      vertex 11.182 18.5 19.182
    endloop
  endfacet
  facet normal 0 -1 0
    outer loop
      vertex 3.65333 18.5 17.1647
      vertex 11.8971 18.5 18.25
      vertex 4.10289 18.5 18.25
    endloop
  endfacet
  facet normal 0 -1 0
    outer loop
      vertex 3.65333 18.5 17.1647
      vertex 12.3467 18.5 17.1647
      vertex 11.8971 18.5 18.25
    endloop
  endfacet
  facet normal 0 -1 0
    outer loop
      vertex 3.5 18.5 16
      vertex 12.3467 18.5 17.1647
      vertex 3.65333 18.5 17.1647
    endloop
  endfacet
  facet normal 0 -1 0
    outer loop
      vertex 3.5 18.5 16
      vertex 12.5 18.5 16
      vertex 12.3467 18.5 17.1647
    endloop
  endfacet
  facet normal 0 -1 0
    outer loop
      vertex 3.65333 18.5 14.8353
      vertex 12.5 18.5 16
      vertex 3.5 18.5 16
    endloop
  endfacet
  facet normal 0 -1 0
    outer loop
      vertex 3.65333 18.5 14.8353
      vertex 12.3467 18.5 14.8353
      vertex 12.5 18.5 16
    endloop
  endfacet
  facet normal 0 -1 0
    outer loop
      vertex 4.10289 18.5 13.75
      vertex 12.3467 18.5 14.8353
      vertex 3.65333 18.5 14.8353
    endloop
  endfacet
  facet normal 0 -1 0
    outer loop
      vertex 4.10289 18.5 13.75
      vertex 11.8971 18.5 13.75
      vertex 12.3467 18.5 14.8353
    endloop
  endfacet
  facet normal 0 -1 0
    outer loop
      vertex 4.81802 18.5 12.818
      vertex 11.8971 18.5 13.75
      vertex 4.10289 18.5 13.75
    endloop
  endfacet
  facet normal 0 -1 0
    outer loop
      vertex 4.81802 18.5 12.818
      vertex 11.182 18.5 12.818
      vertex 11.8971 18.5 13.75
    endloop
  endfacet
  facet normal 0 -1 0
    outer loop
      vertex 5.75 18.5 12.1029
      vertex 11.182 18.5 12.818
      vertex 4.81802 18.5 12.818
    endloop
  endfacet
  facet normal 0 -1 0
    outer loop
      vertex 5.75 18.5 12.1029
      vertex 10.25 18.5 12.1029
      vertex 11.182 18.5 12.818
    endloop
  endfacet
  facet normal 0 -1 0
    outer loop
      vertex 6.83531 18.5 11.6533
      vertex 10.25 18.5 12.1029
      vertex 5.75 18.5 12.1029
    endloop
  endfacet
  facet normal 0 -1 0
    outer loop
      vertex 6.83531 18.5 11.6533
      vertex 9.16469 18.5 11.6533
      vertex 10.25 18.5 12.1029
    endloop
  endfacet
  facet normal -0 -1 0
    outer loop
      vertex 9.16469 18.5 11.6533
      vertex 6.83531 18.5 11.6533
      vertex 8 18.5 11.5
    endloop
  endfacet
  facet normal -0.923875 0 0.382694
    outer loop
      vertex 3.65333 35 17.1647
      vertex 4.10289 37.5 18.25
      vertex 3.65333 37.5 17.1647
    endloop
  endfacet
  facet normal -0.923875 0 0.382694
    outer loop
      vertex 4.10289 37.5 18.25
      vertex 3.65333 35 17.1647
      vertex 4.10289 35 18.25
    endloop
  endfacet
  facet normal -0.923875 0 0.382694
    outer loop
      vertex 3.65333 18.5 17.1647
      vertex 4.10289 21 18.25
      vertex 3.65333 21 17.1647
    endloop
  endfacet
  facet normal -0.923875 0 0.382694
    outer loop
      vertex 4.10289 21 18.25
      vertex 3.65333 18.5 17.1647
      vertex 4.10289 18.5 18.25
    endloop
  endfacet
  facet normal 0.991449 0 -0.130496
    outer loop
      vertex 12.5 35 16
      vertex 12.3467 37.5 14.8353
      vertex 12.5 37.5 16
    endloop
  endfacet
  facet normal 0.991449 0 -0.130496
    outer loop
      vertex 12.3467 37.5 14.8353
      vertex 12.5 35 16
      vertex 12.3467 35 14.8353
    endloop
  endfacet
  facet normal 0.991449 0 -0.130496
    outer loop
      vertex 12.5 18.5 16
      vertex 12.3467 21 14.8353
      vertex 12.5 21 16
    endloop
  endfacet
  facet normal 0.991449 0 -0.130496
    outer loop
      vertex 12.3467 21 14.8353
      vertex 12.5 18.5 16
      vertex 12.3467 18.5 14.8353
    endloop
  endfacet
  facet normal 0.793373 0 -0.608735
    outer loop
      vertex 11.8971 18.5 13.75
      vertex 11.182 21 12.818
      vertex 11.8971 21 13.75
    endloop
  endfacet
  facet normal 0.793373 0 -0.608735
    outer loop
      vertex 11.182 21 12.818
      vertex 11.8971 18.5 13.75
      vertex 11.182 18.5 12.818
    endloop
  endfacet
  facet normal 0.793373 0 -0.608735
    outer loop
      vertex 11.8971 35 13.75
      vertex 11.182 37.5 12.818
      vertex 11.8971 37.5 13.75
    endloop
  endfacet
  facet normal 0.793373 0 -0.608735
    outer loop
      vertex 11.182 37.5 12.818
      vertex 11.8971 35 13.75
      vertex 11.182 35 12.818
    endloop
  endfacet
  facet normal 0.997859 -0 0.0654083
    outer loop
      vertex 36.923 20 17.1747
      vertex 37 26.25 16
      vertex 36.923 26.25 17.1747
    endloop
  endfacet
  facet normal 0.997859 0 0.0654083
    outer loop
      vertex 37 26.25 16
      vertex 36.923 20 17.1747
      vertex 37 20 16
    endloop
  endfacet
  facet normal 0.997859 -0 0.0654083
    outer loop
      vertex 36.923 29.75 17.1747
      vertex 37 36 16
      vertex 36.923 36 17.1747
    endloop
  endfacet
  facet normal 0.997859 0 0.0654083
    outer loop
      vertex 37 36 16
      vertex 36.923 29.75 17.1747
      vertex 37 29.75 16
    endloop
  endfacet
  facet normal -0.997859 0 0.0654083
    outer loop
      vertex 19 20 16
      vertex 19.077 36 17.1747
      vertex 19 36 16
    endloop
  endfacet
  facet normal -0.997859 0 0.0654083
    outer loop
      vertex 19.077 36 17.1747
      vertex 19 20 16
      vertex 19.077 20 17.1747
    endloop
  endfacet
  facet normal 0.0654083 0 0.997859
    outer loop
      vertex 28 36 25
      vertex 29.1747 20 24.923
      vertex 29.1747 36 24.923
    endloop
  endfacet
  facet normal 0.0654083 0 0.997859
    outer loop
      vertex 29.1747 20 24.923
      vertex 28 36 25
      vertex 28 20 25
    endloop
  endfacet
  facet normal 0.65934 0 0.751845
    outer loop
      vertex 33.4789 36 23.1402
      vertex 34.364 29.75 22.364
      vertex 34.364 36 22.364
    endloop
  endfacet
  facet normal 0.65934 0 0.751845
    outer loop
      vertex 34.364 29.75 22.364
      vertex 33.4789 36 23.1402
      vertex 33.4789 29.75 23.1402
    endloop
  endfacet
  facet normal 0.65934 0 0.751845
    outer loop
      vertex 33.4789 26.25 23.1402
      vertex 34.364 20 22.364
      vertex 34.364 26.25 22.364
    endloop
  endfacet
  facet normal 0.65934 0 0.751845
    outer loop
      vertex 34.364 20 22.364
      vertex 33.4789 26.25 23.1402
      vertex 33.4789 20 23.1402
    endloop
  endfacet
  facet normal -0.65934 0 0.751845
    outer loop
      vertex 21.636 36 22.364
      vertex 22.5211 20 23.1402
      vertex 22.5211 36 23.1402
    endloop
  endfacet
  facet normal -0.65934 0 0.751845
    outer loop
      vertex 22.5211 20 23.1402
      vertex 21.636 36 22.364
      vertex 21.636 20 22.364
    endloop
  endfacet
  facet normal -0.321447 0 0.946927
    outer loop
      vertex 24.5559 36 24.3149
      vertex 25.6706 20 24.6933
      vertex 25.6706 36 24.6933
    endloop
  endfacet
  facet normal -0.321447 0 0.946927
    outer loop
      vertex 25.6706 20 24.6933
      vertex 24.5559 36 24.3149
      vertex 24.5559 20 24.3149
    endloop
  endfacet
  facet normal -0.980783 0 -0.195103
    outer loop
      vertex 19.3067 20 13.6706
      vertex 19.077 36 14.8253
      vertex 19.3067 36 13.6706
    endloop
  endfacet
  facet normal -0.980783 -0 -0.195103
    outer loop
      vertex 19.077 36 14.8253
      vertex 19.3067 20 13.6706
      vertex 19.077 20 14.8253
    endloop
  endfacet
  facet normal 0 1 0
    outer loop
      vertex 48 36 31.5
      vertex 48 36 34
      vertex 49.5663 36 33.8973
    endloop
  endfacet
  facet normal 0 1 0
    outer loop
      vertex 49.24 36 31.4187
      vertex 49.5663 36 33.8973
      vertex 51.1058 36 33.5911
    endloop
  endfacet
  facet normal 0 1 0
    outer loop
      vertex 48 36 34
      vertex 48 36 31.5
      vertex 46.4337 36 33.8973
    endloop
  endfacet
  facet normal 0 1 0
    outer loop
      vertex 50.4588 36 31.1763
      vertex 51.1058 36 33.5911
      vertex 52.5922 36 33.0866
    endloop
  endfacet
  facet normal 0 1 -0
    outer loop
      vertex 46.76 36 31.4187
      vertex 46.4337 36 33.8973
      vertex 48 36 31.5
    endloop
  endfacet
  facet normal 0 1 0
    outer loop
      vertex 51.6355 36 30.7769
      vertex 52.5922 36 33.0866
      vertex 54 36 32.3923
    endloop
  endfacet
  facet normal 0 1 0
    outer loop
      vertex 46.4337 36 33.8973
      vertex 46.76 36 31.4187
      vertex 44.8942 36 33.5911
    endloop
  endfacet
  facet normal 0 1 0
    outer loop
      vertex 52.75 36 30.2272
      vertex 54 36 32.3923
      vertex 55.3051 36 31.5202
    endloop
  endfacet
  facet normal 0 1 -0
    outer loop
      vertex 45.5412 36 31.1763
      vertex 44.8942 36 33.5911
      vertex 46.76 36 31.4187
    endloop
  endfacet
  facet normal 0 1 0
    outer loop
      vertex 44.8942 36 33.5911
      vertex 45.5412 36 31.1763
      vertex 43.4078 36 33.0866
    endloop
  endfacet
  facet normal 0 1 0
    outer loop
      vertex 49.5663 36 33.8973
      vertex 49.24 36 31.4187
      vertex 48 36 31.5
    endloop
  endfacet
  facet normal 0 1 0
    outer loop
      vertex 51.1058 36 33.5911
      vertex 50.4588 36 31.1763
      vertex 49.24 36 31.4187
    endloop
  endfacet
  facet normal 0 1 0
    outer loop
      vertex 52.5922 36 33.0866
      vertex 51.6355 36 30.7769
      vertex 50.4588 36 31.1763
    endloop
  endfacet
  facet normal 0 1 0
    outer loop
      vertex 53.7832 36 29.5369
      vertex 55.3051 36 31.5202
      vertex 56.4853 36 30.4853
    endloop
  endfacet
  facet normal 0 1 0
    outer loop
      vertex 54 36 32.3923
      vertex 52.75 36 30.2272
      vertex 51.6355 36 30.7769
    endloop
  endfacet
  facet normal 0 1 0
    outer loop
      vertex 55.3051 36 31.5202
      vertex 53.7832 36 29.5369
      vertex 52.75 36 30.2272
    endloop
  endfacet
  facet normal 0 1 0
    outer loop
      vertex 54.7175 36 28.7175
      vertex 56.4853 36 30.4853
      vertex 57.5202 36 29.3051
    endloop
  endfacet
  facet normal 0 1 0
    outer loop
      vertex 56.4853 36 30.4853
      vertex 54.7175 36 28.7175
      vertex 53.7832 36 29.5369
    endloop
  endfacet
  facet normal 0 1 0
    outer loop
      vertex 55.5369 36 27.7832
      vertex 57.5202 36 29.3051
      vertex 58.3923 36 28
    endloop
  endfacet
  facet normal 0 1 0
    outer loop
      vertex 57.5202 36 29.3051
      vertex 55.5369 36 27.7832
      vertex 54.7175 36 28.7175
    endloop
  endfacet
  facet normal 0 1 0
    outer loop
      vertex 58.3923 36 28
      vertex 56.2272 36 26.75
      vertex 55.5369 36 27.7832
    endloop
  endfacet
  facet normal 0 1 0
    outer loop
      vertex 59.0866 36 26.5922
      vertex 56.2272 36 26.75
      vertex 58.3923 36 28
    endloop
  endfacet
  facet normal 0 1 0
    outer loop
      vertex 59.0866 36 26.5922
      vertex 56.7769 36 25.6355
      vertex 56.2272 36 26.75
    endloop
  endfacet
  facet normal 0 1 0
    outer loop
      vertex 59.5911 36 25.1058
      vertex 56.7769 36 25.6355
      vertex 59.0866 36 26.5922
    endloop
  endfacet
  facet normal 0 1 0
    outer loop
      vertex 59.5911 36 25.1058
      vertex 57.1763 36 24.4588
      vertex 56.7769 36 25.6355
    endloop
  endfacet
  facet normal 0 1 0
    outer loop
      vertex 59.8973 36 23.5663
      vertex 57.1763 36 24.4588
      vertex 59.5911 36 25.1058
    endloop
  endfacet
  facet normal 0 1 0
    outer loop
      vertex 59.8973 36 23.5663
      vertex 57.4187 36 23.24
      vertex 57.1763 36 24.4588
    endloop
  endfacet
  facet normal 0 1 0
    outer loop
      vertex 60 36 22
      vertex 57.4187 36 23.24
      vertex 59.8973 36 23.5663
    endloop
  endfacet
  facet normal 0 1 0
    outer loop
      vertex 60 36 22
      vertex 57.5 36 22
      vertex 57.4187 36 23.24
    endloop
  endfacet
  facet normal 0 1 0
    outer loop
      vertex 60 36 22
      vertex 57.4187 36 20.76
      vertex 57.5 36 22
    endloop
  endfacet
  facet normal 0 1 -0
    outer loop
      vertex 59.8973 36 20.4337
      vertex 57.4187 36 20.76
      vertex 60 36 22
    endloop
  endfacet
  facet normal 0 1 0
    outer loop
      vertex 59.8973 36 20.4337
      vertex 57.1763 36 19.5412
      vertex 57.4187 36 20.76
    endloop
  endfacet
  facet normal 0 1 -0
    outer loop
      vertex 59.5911 36 18.8942
      vertex 57.1763 36 19.5412
      vertex 59.8973 36 20.4337
    endloop
  endfacet
  facet normal 0 1 0
    outer loop
      vertex 59.5911 36 18.8942
      vertex 56.7769 36 18.3645
      vertex 57.1763 36 19.5412
    endloop
  endfacet
  facet normal 0 1 -0
    outer loop
      vertex 59.0866 36 17.4078
      vertex 56.7769 36 18.3645
      vertex 59.5911 36 18.8942
    endloop
  endfacet
  facet normal 0 1 0
    outer loop
      vertex 59.0866 36 17.4078
      vertex 56.2272 36 17.25
      vertex 56.7769 36 18.3645
    endloop
  endfacet
  facet normal 0 1 -0
    outer loop
      vertex 58.3923 36 16
      vertex 56.2272 36 17.25
      vertex 59.0866 36 17.4078
    endloop
  endfacet
  facet normal 0 1 0
    outer loop
      vertex 56.2272 36 17.25
      vertex 58.3923 36 16
      vertex 55.5369 36 16.2168
    endloop
  endfacet
  facet normal 0 1 -0
    outer loop
      vertex 57.5202 36 14.6949
      vertex 55.5369 36 16.2168
      vertex 58.3923 36 16
    endloop
  endfacet
  facet normal 0 1 0
    outer loop
      vertex 55.5369 36 16.2168
      vertex 57.5202 36 14.6949
      vertex 54.7175 36 15.2825
    endloop
  endfacet
  facet normal 0 1 -0
    outer loop
      vertex 56.4853 36 13.5147
      vertex 54.7175 36 15.2825
      vertex 57.5202 36 14.6949
    endloop
  endfacet
  facet normal 0 1 0
    outer loop
      vertex 54.7175 36 15.2825
      vertex 56.4853 36 13.5147
      vertex 53.7832 36 14.4631
    endloop
  endfacet
  facet normal 0 1 -0
    outer loop
      vertex 55.3051 36 12.4798
      vertex 53.7832 36 14.4631
      vertex 56.4853 36 13.5147
    endloop
  endfacet
  facet normal 0 1 0
    outer loop
      vertex 53.7832 36 14.4631
      vertex 55.3051 36 12.4798
      vertex 52.75 36 13.7728
    endloop
  endfacet
  facet normal 0 1 -0
    outer loop
      vertex 54 36 11.6077
      vertex 52.75 36 13.7728
      vertex 55.3051 36 12.4798
    endloop
  endfacet
  facet normal 0 1 0
    outer loop
      vertex 52.75 36 13.7728
      vertex 54 36 11.6077
      vertex 51.6355 36 13.2231
    endloop
  endfacet
  facet normal 0 1 0
    outer loop
      vertex 51.6355 36 13.2231
      vertex 52.5922 36 10.9134
      vertex 50.4588 36 12.8237
    endloop
  endfacet
  facet normal 0 1 -0
    outer loop
      vertex 52.5922 36 10.9134
      vertex 51.6355 36 13.2231
      vertex 54 36 11.6077
    endloop
  endfacet
  facet normal 0 1 -0
    outer loop
      vertex 44.3645 36 30.7769
      vertex 43.4078 36 33.0866
      vertex 45.5412 36 31.1763
    endloop
  endfacet
  facet normal 0 1 0
    outer loop
      vertex 43.4078 36 33.0866
      vertex 44.3645 36 30.7769
      vertex 42 36 32.3923
    endloop
  endfacet
  facet normal 0 1 -0
    outer loop
      vertex 43.25 36 30.2272
      vertex 42 36 32.3923
      vertex 44.3645 36 30.7769
    endloop
  endfacet
  facet normal 0 1 0
    outer loop
      vertex 42 36 32.3923
      vertex 43.25 36 30.2272
      vertex 40.6949 36 31.5202
    endloop
  endfacet
  facet normal 0 1 -0
    outer loop
      vertex 42.2168 36 29.5369
      vertex 40.6949 36 31.5202
      vertex 43.25 36 30.2272
    endloop
  endfacet
  facet normal 0 1 0
    outer loop
      vertex 40.6949 36 31.5202
      vertex 42.2168 36 29.5369
      vertex 39.5147 36 30.4853
    endloop
  endfacet
  facet normal 0 1 -0
    outer loop
      vertex 41.2825 36 28.7175
      vertex 39.5147 36 30.4853
      vertex 42.2168 36 29.5369
    endloop
  endfacet
  facet normal 0 1 0
    outer loop
      vertex 39.5147 36 30.4853
      vertex 41.2825 36 28.7175
      vertex 38.4798 36 29.3051
    endloop
  endfacet
  facet normal 0 1 -0
    outer loop
      vertex 40.4631 36 27.7832
      vertex 38.4798 36 29.3051
      vertex 41.2825 36 28.7175
    endloop
  endfacet
  facet normal 0 1 0
    outer loop
      vertex 38.4798 36 29.3051
      vertex 40.4631 36 27.7832
      vertex 37.6077 36 28
    endloop
  endfacet
  facet normal 0 1 -0
    outer loop
      vertex 39.7728 36 26.75
      vertex 37.6077 36 28
      vertex 40.4631 36 27.7832
    endloop
  endfacet
  facet normal 0 1 0
    outer loop
      vertex 39.7728 36 26.75
      vertex 36.9134 36 26.5922
      vertex 37.6077 36 28
    endloop
  endfacet
  facet normal 0 1 -0
    outer loop
      vertex 39.2231 36 25.6355
      vertex 36.9134 36 26.5922
      vertex 39.7728 36 26.75
    endloop
  endfacet
  facet normal 0 1 0
    outer loop
      vertex 39.2231 36 25.6355
      vertex 36.4089 36 25.1058
      vertex 36.9134 36 26.5922
    endloop
  endfacet
  facet normal 0 1 -0
    outer loop
      vertex 38.8237 36 24.4588
      vertex 36.4089 36 25.1058
      vertex 39.2231 36 25.6355
    endloop
  endfacet
  facet normal 0 1 0
    outer loop
      vertex 38.8237 36 24.4588
      vertex 36.1027 36 23.5663
      vertex 36.4089 36 25.1058
    endloop
  endfacet
  facet normal 0 1 -0
    outer loop
      vertex 38.5813 36 23.24
      vertex 36.1027 36 23.5663
      vertex 38.8237 36 24.4588
    endloop
  endfacet
  facet normal 0 1 -0
    outer loop
      vertex 38.5 36 22
      vertex 36.1027 36 23.5663
      vertex 38.5813 36 23.24
    endloop
  endfacet
  facet normal 0 1 0
    outer loop
      vertex 38.5 36 22
      vertex 36 36 22
      vertex 36.1027 36 23.5663
    endloop
  endfacet
  facet normal 0 1 0
    outer loop
      vertex 38.5813 36 20.76
      vertex 36 36 22
      vertex 38.5 36 22
    endloop
  endfacet
  facet normal 0 1 0
    outer loop
      vertex 38.5813 36 20.76
      vertex 36.1027 36 20.4337
      vertex 36 36 22
    endloop
  endfacet
  facet normal 0 1 0
    outer loop
      vertex 36.2891 36 19.4966
      vertex 38.5813 36 20.76
      vertex 38.8237 36 19.5412
    endloop
  endfacet
  facet normal 0 1 0
    outer loop
      vertex 38.5813 36 20.76
      vertex 36.2891 36 19.4966
      vertex 36.1027 36 20.4337
    endloop
  endfacet
  facet normal 0 1 -0
    outer loop
      vertex 36.8246 36 17.6697
      vertex 36.2891 36 19.4966
      vertex 38.8237 36 19.5412
    endloop
  endfacet
  facet normal -0 1 0
    outer loop
      vertex 34.2785 36 17.6823
      vertex 36.2891 36 19.4966
      vertex 36.8246 36 17.6697
    endloop
  endfacet
  facet normal 0 1 0
    outer loop
      vertex 36.8246 36 17.6697
      vertex 38.8237 36 19.5412
      vertex 39.2231 36 18.3645
    endloop
  endfacet
  facet normal 0 1 0
    outer loop
      vertex 36.2891 36 19.4966
      vertex 34.0052 36 18.4874
      vertex 33.6292 36 19.25
    endloop
  endfacet
  facet normal 0 1 0
    outer loop
      vertex 36.2891 36 19.4966
      vertex 34.2785 36 17.6823
      vertex 34.0052 36 18.4874
    endloop
  endfacet
  facet normal 0 1 0
    outer loop
      vertex 39.2231 36 18.3645
      vertex 36.9134 36 17.4078
      vertex 36.8246 36 17.6697
    endloop
  endfacet
  facet normal 0 1 0
    outer loop
      vertex 39.7728 36 17.25
      vertex 36.9134 36 17.4078
      vertex 39.2231 36 18.3645
    endloop
  endfacet
  facet normal 0 1 0
    outer loop
      vertex 37.6077 36 16
      vertex 39.7728 36 17.25
      vertex 40.4631 36 16.2168
    endloop
  endfacet
  facet normal 0 1 0
    outer loop
      vertex 39.7728 36 17.25
      vertex 37.6077 36 16
      vertex 36.9134 36 17.4078
    endloop
  endfacet
  facet normal 0 1 0
    outer loop
      vertex 38.4798 36 14.6949
      vertex 40.4631 36 16.2168
      vertex 41.2825 36 15.2825
    endloop
  endfacet
  facet normal 0 1 0
    outer loop
      vertex 40.4631 36 16.2168
      vertex 38.4798 36 14.6949
      vertex 37.6077 36 16
    endloop
  endfacet
  facet normal 0 1 0
    outer loop
      vertex 39.5147 36 13.5147
      vertex 41.2825 36 15.2825
      vertex 42.2168 36 14.4631
    endloop
  endfacet
  facet normal 0 1 0
    outer loop
      vertex 40.6949 36 12.4798
      vertex 42.2168 36 14.4631
      vertex 43.25 36 13.7728
    endloop
  endfacet
  facet normal 0 1 0
    outer loop
      vertex 41.2825 36 15.2825
      vertex 39.5147 36 13.5147
      vertex 38.4798 36 14.6949
    endloop
  endfacet
  facet normal 0 1 0
    outer loop
      vertex 42 36 11.6077
      vertex 43.25 36 13.7728
      vertex 44.3645 36 13.2231
    endloop
  endfacet
  facet normal 0 1 0
    outer loop
      vertex 43.4078 36 10.9134
      vertex 44.3645 36 13.2231
      vertex 45.5412 36 12.8237
    endloop
  endfacet
  facet normal 0 1 0
    outer loop
      vertex 44.8942 36 10.4089
      vertex 45.5412 36 12.8237
      vertex 46.76 36 12.5813
    endloop
  endfacet
  facet normal 0 1 0
    outer loop
      vertex 42.2168 36 14.4631
      vertex 40.6949 36 12.4798
      vertex 39.5147 36 13.5147
    endloop
  endfacet
  facet normal 0 1 0
    outer loop
      vertex 46.4337 36 10.1027
      vertex 46.76 36 12.5813
      vertex 48 36 12.5
    endloop
  endfacet
  facet normal 0 1 -0
    outer loop
      vertex 51.1058 36 10.4089
      vertex 50.4588 36 12.8237
      vertex 52.5922 36 10.9134
    endloop
  endfacet
  facet normal 0 1 0
    outer loop
      vertex 50.4588 36 12.8237
      vertex 51.1058 36 10.4089
      vertex 49.24 36 12.5813
    endloop
  endfacet
  facet normal 0 1 0
    outer loop
      vertex 43.25 36 13.7728
      vertex 42 36 11.6077
      vertex 40.6949 36 12.4798
    endloop
  endfacet
  facet normal 0 1 -0
    outer loop
      vertex 49.5663 36 10.1027
      vertex 49.24 36 12.5813
      vertex 51.1058 36 10.4089
    endloop
  endfacet
  facet normal 0 1 0
    outer loop
      vertex 44.3645 36 13.2231
      vertex 43.4078 36 10.9134
      vertex 42 36 11.6077
    endloop
  endfacet
  facet normal 0 1 0
    outer loop
      vertex 49.24 36 12.5813
      vertex 49.5663 36 10.1027
      vertex 48 36 12.5
    endloop
  endfacet
  facet normal 0 1 0
    outer loop
      vertex 45.5412 36 12.8237
      vertex 44.8942 36 10.4089
      vertex 43.4078 36 10.9134
    endloop
  endfacet
  facet normal 0 1 0
    outer loop
      vertex 48 36 10
      vertex 48 36 12.5
      vertex 49.5663 36 10.1027
    endloop
  endfacet
  facet normal 0 1 0
    outer loop
      vertex 46.76 36 12.5813
      vertex 46.4337 36 10.1027
      vertex 44.8942 36 10.4089
    endloop
  endfacet
  facet normal 0 1 0
    outer loop
      vertex 48 36 12.5
      vertex 48 36 10
      vertex 46.4337 36 10.1027
    endloop
  endfacet
  facet normal 0 1 0
    outer loop
      vertex 28 36 22.5
      vertex 28 36 25
      vertex 29.1747 36 24.923
    endloop
  endfacet
  facet normal 0 1 0
    outer loop
      vertex 28.8484 36 22.4444
      vertex 29.1747 36 24.923
      vertex 30.3294 36 24.6933
    endloop
  endfacet
  facet normal 0 1 0
    outer loop
      vertex 28 36 25
      vertex 28 36 22.5
      vertex 26.8253 36 24.923
    endloop
  endfacet
  facet normal 0 1 0
    outer loop
      vertex 29.6823 36 22.2785
      vertex 30.3294 36 24.6933
      vertex 31.4441 36 24.3149
    endloop
  endfacet
  facet normal 0 1 -0
    outer loop
      vertex 27.1516 36 22.4444
      vertex 26.8253 36 24.923
      vertex 28 36 22.5
    endloop
  endfacet
  facet normal 0 1 0
    outer loop
      vertex 30.4874 36 22.0052
      vertex 31.4441 36 24.3149
      vertex 32.5 36 23.7942
    endloop
  endfacet
  facet normal 0 1 0
    outer loop
      vertex 26.8253 36 24.923
      vertex 27.1516 36 22.4444
      vertex 25.6706 36 24.6933
    endloop
  endfacet
  facet normal 0 1 0
    outer loop
      vertex 31.25 36 21.6292
      vertex 32.5 36 23.7942
      vertex 33.4789 36 23.1402
    endloop
  endfacet
  facet normal 0 1 -0
    outer loop
      vertex 26.3177 36 22.2785
      vertex 25.6706 36 24.6933
      vertex 27.1516 36 22.4444
    endloop
  endfacet
  facet normal 0 1 0
    outer loop
      vertex 25.6706 36 24.6933
      vertex 26.3177 36 22.2785
      vertex 24.5559 36 24.3149
    endloop
  endfacet
  facet normal 0 1 0
    outer loop
      vertex 29.1747 36 24.923
      vertex 28.8484 36 22.4444
      vertex 28 36 22.5
    endloop
  endfacet
  facet normal 0 1 0
    outer loop
      vertex 31.9569 36 21.1568
      vertex 33.4789 36 23.1402
      vertex 34.364 36 22.364
    endloop
  endfacet
  facet normal 0 1 0
    outer loop
      vertex 30.3294 36 24.6933
      vertex 29.6823 36 22.2785
      vertex 28.8484 36 22.4444
    endloop
  endfacet
  facet normal 0 1 0
    outer loop
      vertex 31.4441 36 24.3149
      vertex 30.4874 36 22.0052
      vertex 29.6823 36 22.2785
    endloop
  endfacet
  facet normal 0 1 0
    outer loop
      vertex 32.5 36 23.7942
      vertex 31.25 36 21.6292
      vertex 30.4874 36 22.0052
    endloop
  endfacet
  facet normal 0 1 0
    outer loop
      vertex 32.5962 36 20.5962
      vertex 34.364 36 22.364
      vertex 35.1402 36 21.4789
    endloop
  endfacet
  facet normal 0 1 0
    outer loop
      vertex 33.4789 36 23.1402
      vertex 31.9569 36 21.1568
      vertex 31.25 36 21.6292
    endloop
  endfacet
  facet normal 0 1 0
    outer loop
      vertex 34.364 36 22.364
      vertex 32.5962 36 20.5962
      vertex 31.9569 36 21.1568
    endloop
  endfacet
  facet normal 0 1 0
    outer loop
      vertex 33.1568 36 19.9569
      vertex 35.1402 36 21.4789
      vertex 35.7942 36 20.5
    endloop
  endfacet
  facet normal 0 1 0
    outer loop
      vertex 35.1402 36 21.4789
      vertex 33.1568 36 19.9569
      vertex 32.5962 36 20.5962
    endloop
  endfacet
  facet normal 0 1 0
    outer loop
      vertex 33.6292 36 19.25
      vertex 35.7942 36 20.5
      vertex 36.2891 36 19.4966
    endloop
  endfacet
  facet normal 0 1 0
    outer loop
      vertex 35.7942 36 20.5
      vertex 33.6292 36 19.25
      vertex 33.1568 36 19.9569
    endloop
  endfacet
  facet normal 0 1 -0
    outer loop
      vertex 25.5126 36 22.0052
      vertex 24.5559 36 24.3149
      vertex 26.3177 36 22.2785
    endloop
  endfacet
  facet normal 0 1 0
    outer loop
      vertex 24.5559 36 24.3149
      vertex 25.5126 36 22.0052
      vertex 23.5 36 23.7942
    endloop
  endfacet
  facet normal 0 1 -0
    outer loop
      vertex 24.75 36 21.6292
      vertex 23.5 36 23.7942
      vertex 25.5126 36 22.0052
    endloop
  endfacet
  facet normal 0 1 0
    outer loop
      vertex 23.5 36 23.7942
      vertex 24.75 36 21.6292
      vertex 22.5211 36 23.1402
    endloop
  endfacet
  facet normal 0 1 -0
    outer loop
      vertex 24.0431 36 21.1568
      vertex 22.5211 36 23.1402
      vertex 24.75 36 21.6292
    endloop
  endfacet
  facet normal 0 1 0
    outer loop
      vertex 22.5211 36 23.1402
      vertex 24.0431 36 21.1568
      vertex 21.636 36 22.364
    endloop
  endfacet
  facet normal 0 1 -0
    outer loop
      vertex 23.4038 36 20.5962
      vertex 21.636 36 22.364
      vertex 24.0431 36 21.1568
    endloop
  endfacet
  facet normal 0 1 0
    outer loop
      vertex 21.636 36 22.364
      vertex 23.4038 36 20.5962
      vertex 20.8598 36 21.4789
    endloop
  endfacet
  facet normal 0 1 -0
    outer loop
      vertex 22.8432 36 19.9569
      vertex 20.8598 36 21.4789
      vertex 23.4038 36 20.5962
    endloop
  endfacet
  facet normal 0 1 0
    outer loop
      vertex 20.8598 36 21.4789
      vertex 22.8432 36 19.9569
      vertex 20.2058 36 20.5
    endloop
  endfacet
  facet normal 0 1 -0
    outer loop
      vertex 22.3708 36 19.25
      vertex 20.2058 36 20.5
      vertex 22.8432 36 19.9569
    endloop
  endfacet
  facet normal 0 1 0
    outer loop
      vertex 20.2058 36 20.5
      vertex 22.3708 36 19.25
      vertex 19.6851 36 19.4441
    endloop
  endfacet
  facet normal 0 1 -0
    outer loop
      vertex 21.9948 36 18.4874
      vertex 19.6851 36 19.4441
      vertex 22.3708 36 19.25
    endloop
  endfacet
  facet normal 0 1 0
    outer loop
      vertex 21.9948 36 18.4874
      vertex 19.3067 36 18.3294
      vertex 19.6851 36 19.4441
    endloop
  endfacet
  facet normal 0 1 -0
    outer loop
      vertex 21.7215 36 17.6823
      vertex 19.3067 36 18.3294
      vertex 21.9948 36 18.4874
    endloop
  endfacet
  facet normal 0 1 0
    outer loop
      vertex 21.7215 36 17.6823
      vertex 19.077 36 17.1747
      vertex 19.3067 36 18.3294
    endloop
  endfacet
  facet normal 0 1 -0
    outer loop
      vertex 21.5556 36 16.8484
      vertex 19.077 36 17.1747
      vertex 21.7215 36 17.6823
    endloop
  endfacet
  facet normal 0 1 -0
    outer loop
      vertex 21.5 36 16
      vertex 19.077 36 17.1747
      vertex 21.5556 36 16.8484
    endloop
  endfacet
  facet normal 0 1 0
    outer loop
      vertex 21.5 36 16
      vertex 19 36 16
      vertex 19.077 36 17.1747
    endloop
  endfacet
  facet normal 0 1 0
    outer loop
      vertex 21.5556 36 15.1516
      vertex 19 36 16
      vertex 21.5 36 16
    endloop
  endfacet
  facet normal 0 1 0
    outer loop
      vertex 21.5556 36 15.1516
      vertex 19.077 36 14.8253
      vertex 19 36 16
    endloop
  endfacet
  facet normal 0 1 0
    outer loop
      vertex 21.7215 36 14.3177
      vertex 19.077 36 14.8253
      vertex 21.5556 36 15.1516
    endloop
  endfacet
  facet normal 0 1 0
    outer loop
      vertex 21.7215 36 14.3177
      vertex 19.3067 36 13.6706
      vertex 19.077 36 14.8253
    endloop
  endfacet
  facet normal 0 1 0
    outer loop
      vertex 21.9948 36 13.5126
      vertex 19.3067 36 13.6706
      vertex 21.7215 36 14.3177
    endloop
  endfacet
  facet normal 0 1 0
    outer loop
      vertex 19.6851 36 12.5559
      vertex 21.9948 36 13.5126
      vertex 22.3708 36 12.75
    endloop
  endfacet
  facet normal 0 1 0
    outer loop
      vertex 21.9948 36 13.5126
      vertex 19.6851 36 12.5559
      vertex 19.3067 36 13.6706
    endloop
  endfacet
  facet normal 0 1 0
    outer loop
      vertex 20.2058 36 11.5
      vertex 22.3708 36 12.75
      vertex 22.8432 36 12.0431
    endloop
  endfacet
  facet normal 0 1 0
    outer loop
      vertex 22.3708 36 12.75
      vertex 20.2058 36 11.5
      vertex 19.6851 36 12.5559
    endloop
  endfacet
  facet normal 0 1 0
    outer loop
      vertex 20.8598 36 10.5211
      vertex 22.8432 36 12.0431
      vertex 23.4038 36 11.4038
    endloop
  endfacet
  facet normal 0 1 0
    outer loop
      vertex 21.636 36 9.63604
      vertex 23.4038 36 11.4038
      vertex 24.0431 36 10.8432
    endloop
  endfacet
  facet normal 0 1 0
    outer loop
      vertex 22.8432 36 12.0431
      vertex 20.8598 36 10.5211
      vertex 20.2058 36 11.5
    endloop
  endfacet
  facet normal 0 1 0
    outer loop
      vertex 22.5211 36 8.85982
      vertex 24.0431 36 10.8432
      vertex 24.75 36 10.3708
    endloop
  endfacet
  facet normal 0 1 0
    outer loop
      vertex 23.9173 36 8
      vertex 24.75 36 10.3708
      vertex 25.5126 36 9.99478
    endloop
  endfacet
  facet normal 0 1 0
    outer loop
      vertex 23.9173 36 8
      vertex 25.5126 36 9.99478
      vertex 26.3177 36 9.72148
    endloop
  endfacet
  facet normal 0 1 0
    outer loop
      vertex 23.4038 36 11.4038
      vertex 21.636 36 9.63604
      vertex 20.8598 36 10.5211
    endloop
  endfacet
  facet normal 0 1 0
    outer loop
      vertex 23.9173 36 8
      vertex 26.3177 36 9.72148
      vertex 27.1516 36 9.55561
    endloop
  endfacet
  facet normal 0 1 0
    outer loop
      vertex 23.9173 36 8
      vertex 27.1516 36 9.55561
      vertex 28 36 9.5
    endloop
  endfacet
  facet normal 0 1 0
    outer loop
      vertex 29.6823 36 9.72148
      vertex 32.0827 36 8
      vertex 28.8484 36 9.55561
    endloop
  endfacet
  facet normal 0 1 0
    outer loop
      vertex 23.9173 36 8
      vertex 28 36 9.5
      vertex 32.0827 36 8
    endloop
  endfacet
  facet normal 0 1 0
    outer loop
      vertex 28.8484 36 9.55561
      vertex 32.0827 36 8
      vertex 28 36 9.5
    endloop
  endfacet
  facet normal 0 1 0
    outer loop
      vertex 24.75 36 10.3708
      vertex 23.9173 36 8
      vertex 23.5 36 8.20577
    endloop
  endfacet
  facet normal 0 1 0
    outer loop
      vertex 24.0431 36 10.8432
      vertex 22.5211 36 8.85982
      vertex 21.636 36 9.63604
    endloop
  endfacet
  facet normal 0 1 0
    outer loop
      vertex 24.75 36 10.3708
      vertex 23.5 36 8.20577
      vertex 22.5211 36 8.85982
    endloop
  endfacet
  facet normal 0 1 0
    outer loop
      vertex 34.4444 36 16.8484
      vertex 36.8246 36 17.6697
      vertex 36.923 36 17.1747
    endloop
  endfacet
  facet normal 0 1 0
    outer loop
      vertex 36.8246 36 17.6697
      vertex 34.4444 36 16.8484
      vertex 34.2785 36 17.6823
    endloop
  endfacet
  facet normal 0 1 0
    outer loop
      vertex 37 36 16
      vertex 34.4444 36 16.8484
      vertex 36.923 36 17.1747
    endloop
  endfacet
  facet normal 0 1 0
    outer loop
      vertex 37 36 16
      vertex 34.5 36 16
      vertex 34.4444 36 16.8484
    endloop
  endfacet
  facet normal 0 1 0
    outer loop
      vertex 37 36 16
      vertex 34.4444 36 15.1516
      vertex 34.5 36 16
    endloop
  endfacet
  facet normal 0 1 -0
    outer loop
      vertex 36.923 36 14.8253
      vertex 34.4444 36 15.1516
      vertex 37 36 16
    endloop
  endfacet
  facet normal 0 1 0
    outer loop
      vertex 36.923 36 14.8253
      vertex 34.2785 36 14.3177
      vertex 34.4444 36 15.1516
    endloop
  endfacet
  facet normal 0 1 -0
    outer loop
      vertex 36.6933 36 13.6706
      vertex 34.2785 36 14.3177
      vertex 36.923 36 14.8253
    endloop
  endfacet
  facet normal 0 1 0
    outer loop
      vertex 36.6933 36 13.6706
      vertex 34.0052 36 13.5126
      vertex 34.2785 36 14.3177
    endloop
  endfacet
  facet normal 0 1 -0
    outer loop
      vertex 36.3149 36 12.5559
      vertex 34.0052 36 13.5126
      vertex 36.6933 36 13.6706
    endloop
  endfacet
  facet normal 0 1 0
    outer loop
      vertex 34.0052 36 13.5126
      vertex 36.3149 36 12.5559
      vertex 33.6292 36 12.75
    endloop
  endfacet
  facet normal 0 1 -0
    outer loop
      vertex 35.7942 36 11.5
      vertex 33.6292 36 12.75
      vertex 36.3149 36 12.5559
    endloop
  endfacet
  facet normal 0 1 0
    outer loop
      vertex 33.6292 36 12.75
      vertex 35.7942 36 11.5
      vertex 33.1568 36 12.0431
    endloop
  endfacet
  facet normal 0 1 -0
    outer loop
      vertex 35.1402 36 10.5211
      vertex 33.1568 36 12.0431
      vertex 35.7942 36 11.5
    endloop
  endfacet
  facet normal 0 1 0
    outer loop
      vertex 33.1568 36 12.0431
      vertex 35.1402 36 10.5211
      vertex 32.5962 36 11.4038
    endloop
  endfacet
  facet normal 0 1 -0
    outer loop
      vertex 34.364 36 9.63604
      vertex 32.5962 36 11.4038
      vertex 35.1402 36 10.5211
    endloop
  endfacet
  facet normal 0 1 0
    outer loop
      vertex 32.5962 36 11.4038
      vertex 34.364 36 9.63604
      vertex 31.9569 36 10.8432
    endloop
  endfacet
  facet normal 0 1 -0
    outer loop
      vertex 33.4789 36 8.85982
      vertex 31.9569 36 10.8432
      vertex 34.364 36 9.63604
    endloop
  endfacet
  facet normal 0 1 0
    outer loop
      vertex 31.9569 36 10.8432
      vertex 33.4789 36 8.85982
      vertex 31.25 36 10.3708
    endloop
  endfacet
  facet normal 0 1 -0
    outer loop
      vertex 32.5 36 8.20577
      vertex 31.25 36 10.3708
      vertex 33.4789 36 8.85982
    endloop
  endfacet
  facet normal 0 1 -0
    outer loop
      vertex 32.0827 36 8
      vertex 31.25 36 10.3708
      vertex 32.5 36 8.20577
    endloop
  endfacet
  facet normal 0 1 0
    outer loop
      vertex 31.25 36 10.3708
      vertex 32.0827 36 8
      vertex 30.4874 36 9.99478
    endloop
  endfacet
  facet normal 0 1 0
    outer loop
      vertex 30.4874 36 9.99478
      vertex 32.0827 36 8
      vertex 29.6823 36 9.72148
    endloop
  endfacet
  facet normal 0.896845 -0 0.442345
    outer loop
      vertex 35.7942 29.75 20.5
      vertex 36.2891 36 19.4966
      vertex 35.7942 36 20.5
    endloop
  endfacet
  facet normal 0.896845 0 0.442345
    outer loop
      vertex 36.2891 36 19.4966
      vertex 35.7942 29.75 20.5
      vertex 36.2891 29.75 19.4966
    endloop
  endfacet
  facet normal 0.896845 -0 0.442345
    outer loop
      vertex 35.7942 20 20.5
      vertex 36.2891 26.25 19.4966
      vertex 35.7942 26.25 20.5
    endloop
  endfacet
  facet normal 0.896845 0 0.442345
    outer loop
      vertex 36.2891 26.25 19.4966
      vertex 35.7942 20 20.5
      vertex 36.2891 20 19.4966
    endloop
  endfacet
  facet normal 0.831501 -0 0.555523
    outer loop
      vertex 35.1402 29.75 21.4789
      vertex 35.7942 36 20.5
      vertex 35.1402 36 21.4789
    endloop
  endfacet
  facet normal 0.831501 0 0.555523
    outer loop
      vertex 35.7942 36 20.5
      vertex 35.1402 29.75 21.4789
      vertex 35.7942 29.75 20.5
    endloop
  endfacet
  facet normal 0.831501 -0 0.555523
    outer loop
      vertex 35.1402 20 21.4789
      vertex 35.7942 26.25 20.5
      vertex 35.1402 26.25 21.4789
    endloop
  endfacet
  facet normal 0.831501 0 0.555523
    outer loop
      vertex 35.7942 26.25 20.5
      vertex 35.1402 20 21.4789
      vertex 35.7942 20 20.5
    endloop
  endfacet
  facet normal 0.44228 0 0.896877
    outer loop
      vertex 31.4441 36 24.3149
      vertex 32.5 20 23.7942
      vertex 32.5 36 23.7942
    endloop
  endfacet
  facet normal 0.44228 0 0.896877
    outer loop
      vertex 32.5 20 23.7942
      vertex 31.4441 36 24.3149
      vertex 31.4441 20 24.3149
    endloop
  endfacet
  facet normal 0.555526 0 0.831499
    outer loop
      vertex 33.4789 36 23.1402
      vertex 32.7817 29.75 23.606
      vertex 33.4789 29.75 23.1402
    endloop
  endfacet
  facet normal 0.555517 0 0.831505
    outer loop
      vertex 32.7817 29.75 23.606
      vertex 32.5 36 23.7942
      vertex 32.7817 26.25 23.606
    endloop
  endfacet
  facet normal 0.555523 3.8326e-07 0.831501
    outer loop
      vertex 32.5 36 23.7942
      vertex 32.7817 29.75 23.606
      vertex 33.4789 36 23.1402
    endloop
  endfacet
  facet normal 0.555526 0 0.831499
    outer loop
      vertex 32.7817 26.25 23.606
      vertex 33.4789 20 23.1402
      vertex 33.4789 26.25 23.1402
    endloop
  endfacet
  facet normal 0.555523 -3.8326e-07 0.831501
    outer loop
      vertex 32.7817 26.25 23.606
      vertex 32.5 20 23.7942
      vertex 33.4789 20 23.1402
    endloop
  endfacet
  facet normal 0.555517 -0 0.831505
    outer loop
      vertex 32.5 20 23.7942
      vertex 32.7817 26.25 23.606
      vertex 32.5 36 23.7942
    endloop
  endfacet
  facet normal -0.896877 0 0.44228
    outer loop
      vertex 19.6851 20 19.4441
      vertex 20.2058 36 20.5
      vertex 19.6851 36 19.4441
    endloop
  endfacet
  facet normal -0.896877 0 0.44228
    outer loop
      vertex 20.2058 36 20.5
      vertex 19.6851 20 19.4441
      vertex 20.2058 20 20.5
    endloop
  endfacet
  facet normal -0.831501 0 0.555523
    outer loop
      vertex 20.2058 20 20.5
      vertex 20.8598 36 21.4789
      vertex 20.2058 36 20.5
    endloop
  endfacet
  facet normal -0.831501 0 0.555523
    outer loop
      vertex 20.8598 36 21.4789
      vertex 20.2058 20 20.5
      vertex 20.8598 20 21.4789
    endloop
  endfacet
  facet normal 0 -1 0
    outer loop
      vertex 28 20 22.5
      vertex 28 20 25
      vertex 26.8253 20 24.923
    endloop
  endfacet
  facet normal 0 -1 0
    outer loop
      vertex 27.1516 20 22.4444
      vertex 26.8253 20 24.923
      vertex 25.6706 20 24.6933
    endloop
  endfacet
  facet normal 0 -1 0
    outer loop
      vertex 28 20 25
      vertex 28 20 22.5
      vertex 29.1747 20 24.923
    endloop
  endfacet
  facet normal 0 -1 0
    outer loop
      vertex 26.3177 20 22.2785
      vertex 25.6706 20 24.6933
      vertex 24.5559 20 24.3149
    endloop
  endfacet
  facet normal 0 -1 0
    outer loop
      vertex 28.8484 20 22.4444
      vertex 29.1747 20 24.923
      vertex 28 20 22.5
    endloop
  endfacet
  facet normal 0 -1 0
    outer loop
      vertex 25.5126 20 22.0052
      vertex 24.5559 20 24.3149
      vertex 23.5 20 23.7942
    endloop
  endfacet
  facet normal 0 -1 -0
    outer loop
      vertex 29.1747 20 24.923
      vertex 28.8484 20 22.4444
      vertex 30.3294 20 24.6933
    endloop
  endfacet
  facet normal 0 -1 0
    outer loop
      vertex 24.75 20 21.6292
      vertex 23.5 20 23.7942
      vertex 22.5211 20 23.1402
    endloop
  endfacet
  facet normal 0 -1 0
    outer loop
      vertex 29.6823 20 22.2785
      vertex 30.3294 20 24.6933
      vertex 28.8484 20 22.4444
    endloop
  endfacet
  facet normal 0 -1 -0
    outer loop
      vertex 30.3294 20 24.6933
      vertex 29.6823 20 22.2785
      vertex 31.4441 20 24.3149
    endloop
  endfacet
  facet normal 0 -1 0
    outer loop
      vertex 26.8253 20 24.923
      vertex 27.1516 20 22.4444
      vertex 28 20 22.5
    endloop
  endfacet
  facet normal 0 -1 0
    outer loop
      vertex 24.0431 20 21.1568
      vertex 22.5211 20 23.1402
      vertex 21.636 20 22.364
    endloop
  endfacet
  facet normal 0 -1 0
    outer loop
      vertex 25.6706 20 24.6933
      vertex 26.3177 20 22.2785
      vertex 27.1516 20 22.4444
    endloop
  endfacet
  facet normal 0 -1 0
    outer loop
      vertex 24.5559 20 24.3149
      vertex 25.5126 20 22.0052
      vertex 26.3177 20 22.2785
    endloop
  endfacet
  facet normal 0 -1 0
    outer loop
      vertex 23.5 20 23.7942
      vertex 24.75 20 21.6292
      vertex 25.5126 20 22.0052
    endloop
  endfacet
  facet normal 0 -1 0
    outer loop
      vertex 23.4038 20 20.5962
      vertex 21.636 20 22.364
      vertex 20.8598 20 21.4789
    endloop
  endfacet
  facet normal 0 -1 0
    outer loop
      vertex 22.5211 20 23.1402
      vertex 24.0431 20 21.1568
      vertex 24.75 20 21.6292
    endloop
  endfacet
  facet normal 0 -1 0
    outer loop
      vertex 21.636 20 22.364
      vertex 23.4038 20 20.5962
      vertex 24.0431 20 21.1568
    endloop
  endfacet
  facet normal 0 -1 0
    outer loop
      vertex 22.8432 20 19.9569
      vertex 20.8598 20 21.4789
      vertex 20.2058 20 20.5
    endloop
  endfacet
  facet normal 0 -1 0
    outer loop
      vertex 20.8598 20 21.4789
      vertex 22.8432 20 19.9569
      vertex 23.4038 20 20.5962
    endloop
  endfacet
  facet normal 0 -1 0
    outer loop
      vertex 22.3708 20 19.25
      vertex 20.2058 20 20.5
      vertex 19.6851 20 19.4441
    endloop
  endfacet
  facet normal 0 -1 0
    outer loop
      vertex 20.2058 20 20.5
      vertex 22.3708 20 19.25
      vertex 22.8432 20 19.9569
    endloop
  endfacet
  facet normal 0 -1 0
    outer loop
      vertex 19.6851 20 19.4441
      vertex 21.9948 20 18.4874
      vertex 22.3708 20 19.25
    endloop
  endfacet
  facet normal 0 -1 0
    outer loop
      vertex 19.3067 20 18.3294
      vertex 21.9948 20 18.4874
      vertex 19.6851 20 19.4441
    endloop
  endfacet
  facet normal 0 -1 0
    outer loop
      vertex 19.3067 20 18.3294
      vertex 21.7215 20 17.6823
      vertex 21.9948 20 18.4874
    endloop
  endfacet
  facet normal 0 -1 0
    outer loop
      vertex 19.077 20 17.1747
      vertex 21.7215 20 17.6823
      vertex 19.3067 20 18.3294
    endloop
  endfacet
  facet normal 0 -1 0
    outer loop
      vertex 19.077 20 17.1747
      vertex 21.5556 20 16.8484
      vertex 21.7215 20 17.6823
    endloop
  endfacet
  facet normal 0 -1 0
    outer loop
      vertex 19 20 16
      vertex 21.5556 20 16.8484
      vertex 19.077 20 17.1747
    endloop
  endfacet
  facet normal 0 -1 0
    outer loop
      vertex 19 20 16
      vertex 21.5 20 16
      vertex 21.5556 20 16.8484
    endloop
  endfacet
  facet normal 0 -1 0
    outer loop
      vertex 19 20 16
      vertex 21.5556 20 15.1516
      vertex 21.5 20 16
    endloop
  endfacet
  facet normal 0 -1 0
    outer loop
      vertex 19.077 20 14.8253
      vertex 21.5556 20 15.1516
      vertex 19 20 16
    endloop
  endfacet
  facet normal 0 -1 0
    outer loop
      vertex 19.077 20 14.8253
      vertex 21.7215 20 14.3177
      vertex 21.5556 20 15.1516
    endloop
  endfacet
  facet normal 0 -1 0
    outer loop
      vertex 19.3067 20 13.6706
      vertex 21.7215 20 14.3177
      vertex 19.077 20 14.8253
    endloop
  endfacet
  facet normal 0 -1 0
    outer loop
      vertex 19.3067 20 13.6706
      vertex 21.9948 20 13.5126
      vertex 21.7215 20 14.3177
    endloop
  endfacet
  facet normal 0 -1 0
    outer loop
      vertex 19.6851 20 12.5559
      vertex 21.9948 20 13.5126
      vertex 19.3067 20 13.6706
    endloop
  endfacet
  facet normal 0 -1 -0
    outer loop
      vertex 21.9948 20 13.5126
      vertex 19.6851 20 12.5559
      vertex 22.3708 20 12.75
    endloop
  endfacet
  facet normal 0 -1 0
    outer loop
      vertex 20.2058 20 11.5
      vertex 22.3708 20 12.75
      vertex 19.6851 20 12.5559
    endloop
  endfacet
  facet normal 0 -1 -0
    outer loop
      vertex 22.3708 20 12.75
      vertex 20.2058 20 11.5
      vertex 22.8432 20 12.0431
    endloop
  endfacet
  facet normal 0 -1 0
    outer loop
      vertex 20.8598 20 10.5211
      vertex 22.8432 20 12.0431
      vertex 20.2058 20 11.5
    endloop
  endfacet
  facet normal 0 -1 -0
    outer loop
      vertex 22.8432 20 12.0431
      vertex 20.8598 20 10.5211
      vertex 23.4038 20 11.4038
    endloop
  endfacet
  facet normal 0 -1 0
    outer loop
      vertex 21.636 20 9.63604
      vertex 23.4038 20 11.4038
      vertex 20.8598 20 10.5211
    endloop
  endfacet
  facet normal 0 -1 -0
    outer loop
      vertex 23.4038 20 11.4038
      vertex 21.636 20 9.63604
      vertex 24.0431 20 10.8432
    endloop
  endfacet
  facet normal 0 -1 0
    outer loop
      vertex 22.5211 20 8.85982
      vertex 24.0431 20 10.8432
      vertex 21.636 20 9.63604
    endloop
  endfacet
  facet normal 0 -1 -0
    outer loop
      vertex 24.0431 20 10.8432
      vertex 22.5211 20 8.85982
      vertex 24.75 20 10.3708
    endloop
  endfacet
  facet normal 0 -1 0
    outer loop
      vertex 23.5 20 8.20577
      vertex 24.75 20 10.3708
      vertex 22.5211 20 8.85982
    endloop
  endfacet
  facet normal 0 -1 0
    outer loop
      vertex 23.9173 20 8
      vertex 24.75 20 10.3708
      vertex 23.5 20 8.20577
    endloop
  endfacet
  facet normal 0 -1 -0
    outer loop
      vertex 24.75 20 10.3708
      vertex 23.9173 20 8
      vertex 25.5126 20 9.99478
    endloop
  endfacet
  facet normal 0 -1 -0
    outer loop
      vertex 25.5126 20 9.99478
      vertex 23.9173 20 8
      vertex 26.3177 20 9.72148
    endloop
  endfacet
  facet normal 0 -1 0
    outer loop
      vertex 30.4874 20 22.0052
      vertex 31.4441 20 24.3149
      vertex 29.6823 20 22.2785
    endloop
  endfacet
  facet normal 0 -1 -0
    outer loop
      vertex 31.4441 20 24.3149
      vertex 30.4874 20 22.0052
      vertex 32.5 20 23.7942
    endloop
  endfacet
  facet normal 0 -1 0
    outer loop
      vertex 31.25 20 21.6292
      vertex 32.5 20 23.7942
      vertex 30.4874 20 22.0052
    endloop
  endfacet
  facet normal 0 -1 -0
    outer loop
      vertex 32.5 20 23.7942
      vertex 31.25 20 21.6292
      vertex 33.4789 20 23.1402
    endloop
  endfacet
  facet normal 0 -1 0
    outer loop
      vertex 31.9569 20 21.1568
      vertex 33.4789 20 23.1402
      vertex 31.25 20 21.6292
    endloop
  endfacet
  facet normal 0 -1 -0
    outer loop
      vertex 33.4789 20 23.1402
      vertex 31.9569 20 21.1568
      vertex 34.364 20 22.364
    endloop
  endfacet
  facet normal 0 -1 0
    outer loop
      vertex 32.5962 20 20.5962
      vertex 34.364 20 22.364
      vertex 31.9569 20 21.1568
    endloop
  endfacet
  facet normal 0 -1 -0
    outer loop
      vertex 34.364 20 22.364
      vertex 32.5962 20 20.5962
      vertex 35.1402 20 21.4789
    endloop
  endfacet
  facet normal 0 -1 0
    outer loop
      vertex 33.1568 20 19.9569
      vertex 35.1402 20 21.4789
      vertex 32.5962 20 20.5962
    endloop
  endfacet
  facet normal 0 -1 -0
    outer loop
      vertex 35.1402 20 21.4789
      vertex 33.1568 20 19.9569
      vertex 35.7942 20 20.5
    endloop
  endfacet
  facet normal 0 -1 0
    outer loop
      vertex 33.6292 20 19.25
      vertex 35.7942 20 20.5
      vertex 33.1568 20 19.9569
    endloop
  endfacet
  facet normal 0 -1 -0
    outer loop
      vertex 35.7942 20 20.5
      vertex 33.6292 20 19.25
      vertex 36.2891 20 19.4966
    endloop
  endfacet
  facet normal 0 -1 0
    outer loop
      vertex 48 20 31.5
      vertex 48 20 34
      vertex 46.4337 20 33.8973
    endloop
  endfacet
  facet normal 0 -1 0
    outer loop
      vertex 46.76 20 31.4187
      vertex 46.4337 20 33.8973
      vertex 44.8942 20 33.5911
    endloop
  endfacet
  facet normal 0 -1 0
    outer loop
      vertex 48 20 34
      vertex 48 20 31.5
      vertex 49.5663 20 33.8973
    endloop
  endfacet
  facet normal 0 -1 0
    outer loop
      vertex 45.5412 20 31.1763
      vertex 44.8942 20 33.5911
      vertex 43.4078 20 33.0866
    endloop
  endfacet
  facet normal 0 -1 0
    outer loop
      vertex 49.24 20 31.4187
      vertex 49.5663 20 33.8973
      vertex 48 20 31.5
    endloop
  endfacet
  facet normal 0 -1 0
    outer loop
      vertex 44.3645 20 30.7769
      vertex 43.4078 20 33.0866
      vertex 42 20 32.3923
    endloop
  endfacet
  facet normal 0 -1 -0
    outer loop
      vertex 49.5663 20 33.8973
      vertex 49.24 20 31.4187
      vertex 51.1058 20 33.5911
    endloop
  endfacet
  facet normal 0 -1 0
    outer loop
      vertex 43.25 20 30.2272
      vertex 42 20 32.3923
      vertex 40.6949 20 31.5202
    endloop
  endfacet
  facet normal 0 -1 0
    outer loop
      vertex 50.4588 20 31.1763
      vertex 51.1058 20 33.5911
      vertex 49.24 20 31.4187
    endloop
  endfacet
  facet normal 0 -1 -0
    outer loop
      vertex 51.1058 20 33.5911
      vertex 50.4588 20 31.1763
      vertex 52.5922 20 33.0866
    endloop
  endfacet
  facet normal 0 -1 0
    outer loop
      vertex 46.4337 20 33.8973
      vertex 46.76 20 31.4187
      vertex 48 20 31.5
    endloop
  endfacet
  facet normal 0 -1 0
    outer loop
      vertex 44.8942 20 33.5911
      vertex 45.5412 20 31.1763
      vertex 46.76 20 31.4187
    endloop
  endfacet
  facet normal 0 -1 0
    outer loop
      vertex 43.4078 20 33.0866
      vertex 44.3645 20 30.7769
      vertex 45.5412 20 31.1763
    endloop
  endfacet
  facet normal 0 -1 0
    outer loop
      vertex 42.2168 20 29.5369
      vertex 40.6949 20 31.5202
      vertex 39.5147 20 30.4853
    endloop
  endfacet
  facet normal 0 -1 0
    outer loop
      vertex 42 20 32.3923
      vertex 43.25 20 30.2272
      vertex 44.3645 20 30.7769
    endloop
  endfacet
  facet normal 0 -1 0
    outer loop
      vertex 40.6949 20 31.5202
      vertex 42.2168 20 29.5369
      vertex 43.25 20 30.2272
    endloop
  endfacet
  facet normal 0 -1 0
    outer loop
      vertex 41.2825 20 28.7175
      vertex 39.5147 20 30.4853
      vertex 38.4798 20 29.3051
    endloop
  endfacet
  facet normal 0 -1 0
    outer loop
      vertex 39.5147 20 30.4853
      vertex 41.2825 20 28.7175
      vertex 42.2168 20 29.5369
    endloop
  endfacet
  facet normal 0 -1 0
    outer loop
      vertex 40.4631 20 27.7832
      vertex 38.4798 20 29.3051
      vertex 37.6077 20 28
    endloop
  endfacet
  facet normal 0 -1 0
    outer loop
      vertex 38.4798 20 29.3051
      vertex 40.4631 20 27.7832
      vertex 41.2825 20 28.7175
    endloop
  endfacet
  facet normal 0 -1 0
    outer loop
      vertex 37.6077 20 28
      vertex 39.7728 20 26.75
      vertex 40.4631 20 27.7832
    endloop
  endfacet
  facet normal 0 -1 0
    outer loop
      vertex 36.9134 20 26.5922
      vertex 39.7728 20 26.75
      vertex 37.6077 20 28
    endloop
  endfacet
  facet normal 0 -1 0
    outer loop
      vertex 36.9134 20 26.5922
      vertex 39.2231 20 25.6355
      vertex 39.7728 20 26.75
    endloop
  endfacet
  facet normal 0 -1 0
    outer loop
      vertex 36.4089 20 25.1058
      vertex 39.2231 20 25.6355
      vertex 36.9134 20 26.5922
    endloop
  endfacet
  facet normal 0 -1 0
    outer loop
      vertex 36.4089 20 25.1058
      vertex 38.8237 20 24.4588
      vertex 39.2231 20 25.6355
    endloop
  endfacet
  facet normal 0 -1 0
    outer loop
      vertex 36.1027 20 23.5663
      vertex 38.8237 20 24.4588
      vertex 36.4089 20 25.1058
    endloop
  endfacet
  facet normal 0 -1 0
    outer loop
      vertex 36.1027 20 23.5663
      vertex 38.5813 20 23.24
      vertex 38.8237 20 24.4588
    endloop
  endfacet
  facet normal 0 -1 0
    outer loop
      vertex 36 20 22
      vertex 38.5813 20 23.24
      vertex 36.1027 20 23.5663
    endloop
  endfacet
  facet normal 0 -1 0
    outer loop
      vertex 36 20 22
      vertex 38.5 20 22
      vertex 38.5813 20 23.24
    endloop
  endfacet
  facet normal 0 -1 0
    outer loop
      vertex 36 20 22
      vertex 38.5813 20 20.76
      vertex 38.5 20 22
    endloop
  endfacet
  facet normal 0 -1 0
    outer loop
      vertex 36.1027 20 20.4337
      vertex 38.5813 20 20.76
      vertex 36 20 22
    endloop
  endfacet
  facet normal 0 -1 0
    outer loop
      vertex 36.2891 20 19.4966
      vertex 38.5813 20 20.76
      vertex 36.1027 20 20.4337
    endloop
  endfacet
  facet normal 0 -1 -0
    outer loop
      vertex 38.5813 20 20.76
      vertex 36.2891 20 19.4966
      vertex 38.8237 20 19.5412
    endloop
  endfacet
  facet normal 0 -1 0
    outer loop
      vertex 34.0052 20 18.4874
      vertex 36.2891 20 19.4966
      vertex 33.6292 20 19.25
    endloop
  endfacet
  facet normal 0 -1 0
    outer loop
      vertex 34.2785 20 17.6823
      vertex 36.2891 20 19.4966
      vertex 34.0052 20 18.4874
    endloop
  endfacet
  facet normal 0 -1 0
    outer loop
      vertex 36.2891 20 19.4966
      vertex 36.8246 20 17.6697
      vertex 38.8237 20 19.5412
    endloop
  endfacet
  facet normal 0 -1 -0
    outer loop
      vertex 36.2891 20 19.4966
      vertex 34.2785 20 17.6823
      vertex 36.8246 20 17.6697
    endloop
  endfacet
  facet normal 0 -1 -0
    outer loop
      vertex 38.8237 20 19.5412
      vertex 36.8246 20 17.6697
      vertex 39.2231 20 18.3645
    endloop
  endfacet
  facet normal 0 -1 0
    outer loop
      vertex 36.9134 20 17.4078
      vertex 39.2231 20 18.3645
      vertex 36.8246 20 17.6697
    endloop
  endfacet
  facet normal 0 -1 0
    outer loop
      vertex 36.9134 20 17.4078
      vertex 39.7728 20 17.25
      vertex 39.2231 20 18.3645
    endloop
  endfacet
  facet normal 0 -1 0
    outer loop
      vertex 37.6077 20 16
      vertex 39.7728 20 17.25
      vertex 36.9134 20 17.4078
    endloop
  endfacet
  facet normal 0 -1 -0
    outer loop
      vertex 39.7728 20 17.25
      vertex 37.6077 20 16
      vertex 40.4631 20 16.2168
    endloop
  endfacet
  facet normal 0 -1 0
    outer loop
      vertex 38.4798 20 14.6949
      vertex 40.4631 20 16.2168
      vertex 37.6077 20 16
    endloop
  endfacet
  facet normal 0 -1 -0
    outer loop
      vertex 40.4631 20 16.2168
      vertex 38.4798 20 14.6949
      vertex 41.2825 20 15.2825
    endloop
  endfacet
  facet normal 0 -1 0
    outer loop
      vertex 39.5147 20 13.5147
      vertex 41.2825 20 15.2825
      vertex 38.4798 20 14.6949
    endloop
  endfacet
  facet normal 0 -1 -0
    outer loop
      vertex 41.2825 20 15.2825
      vertex 39.5147 20 13.5147
      vertex 42.2168 20 14.4631
    endloop
  endfacet
  facet normal 0 -1 0
    outer loop
      vertex 40.6949 20 12.4798
      vertex 42.2168 20 14.4631
      vertex 39.5147 20 13.5147
    endloop
  endfacet
  facet normal 0 -1 -0
    outer loop
      vertex 42.2168 20 14.4631
      vertex 40.6949 20 12.4798
      vertex 43.25 20 13.7728
    endloop
  endfacet
  facet normal 0 -1 0
    outer loop
      vertex 42 20 11.6077
      vertex 43.25 20 13.7728
      vertex 40.6949 20 12.4798
    endloop
  endfacet
  facet normal 0 -1 -0
    outer loop
      vertex 43.25 20 13.7728
      vertex 42 20 11.6077
      vertex 44.3645 20 13.2231
    endloop
  endfacet
  facet normal 0 -1 -0
    outer loop
      vertex 44.3645 20 13.2231
      vertex 43.4078 20 10.9134
      vertex 45.5412 20 12.8237
    endloop
  endfacet
  facet normal 0 -1 0
    outer loop
      vertex 43.4078 20 10.9134
      vertex 44.3645 20 13.2231
      vertex 42 20 11.6077
    endloop
  endfacet
  facet normal 0 -1 0
    outer loop
      vertex 51.6355 20 30.7769
      vertex 52.5922 20 33.0866
      vertex 50.4588 20 31.1763
    endloop
  endfacet
  facet normal 0 -1 -0
    outer loop
      vertex 52.5922 20 33.0866
      vertex 51.6355 20 30.7769
      vertex 54 20 32.3923
    endloop
  endfacet
  facet normal 0 -1 0
    outer loop
      vertex 52.75 20 30.2272
      vertex 54 20 32.3923
      vertex 51.6355 20 30.7769
    endloop
  endfacet
  facet normal 0 -1 -0
    outer loop
      vertex 54 20 32.3923
      vertex 52.75 20 30.2272
      vertex 55.3051 20 31.5202
    endloop
  endfacet
  facet normal 0 -1 0
    outer loop
      vertex 53.7832 20 29.5369
      vertex 55.3051 20 31.5202
      vertex 52.75 20 30.2272
    endloop
  endfacet
  facet normal 0 -1 -0
    outer loop
      vertex 55.3051 20 31.5202
      vertex 53.7832 20 29.5369
      vertex 56.4853 20 30.4853
    endloop
  endfacet
  facet normal 0 -1 0
    outer loop
      vertex 54.7175 20 28.7175
      vertex 56.4853 20 30.4853
      vertex 53.7832 20 29.5369
    endloop
  endfacet
  facet normal 0 -1 -0
    outer loop
      vertex 56.4853 20 30.4853
      vertex 54.7175 20 28.7175
      vertex 57.5202 20 29.3051
    endloop
  endfacet
  facet normal 0 -1 0
    outer loop
      vertex 55.5369 20 27.7832
      vertex 57.5202 20 29.3051
      vertex 54.7175 20 28.7175
    endloop
  endfacet
  facet normal 0 -1 -0
    outer loop
      vertex 57.5202 20 29.3051
      vertex 55.5369 20 27.7832
      vertex 58.3923 20 28
    endloop
  endfacet
  facet normal 0 -1 0
    outer loop
      vertex 56.2272 20 26.75
      vertex 58.3923 20 28
      vertex 55.5369 20 27.7832
    endloop
  endfacet
  facet normal 0 -1 0
    outer loop
      vertex 56.2272 20 26.75
      vertex 59.0866 20 26.5922
      vertex 58.3923 20 28
    endloop
  endfacet
  facet normal 0 -1 0
    outer loop
      vertex 56.7769 20 25.6355
      vertex 59.0866 20 26.5922
      vertex 56.2272 20 26.75
    endloop
  endfacet
  facet normal 0 -1 0
    outer loop
      vertex 56.7769 20 25.6355
      vertex 59.5911 20 25.1058
      vertex 59.0866 20 26.5922
    endloop
  endfacet
  facet normal 0 -1 0
    outer loop
      vertex 57.1763 20 24.4588
      vertex 59.5911 20 25.1058
      vertex 56.7769 20 25.6355
    endloop
  endfacet
  facet normal 0 -1 0
    outer loop
      vertex 57.1763 20 24.4588
      vertex 59.8973 20 23.5663
      vertex 59.5911 20 25.1058
    endloop
  endfacet
  facet normal 0 -1 0
    outer loop
      vertex 57.4187 20 23.24
      vertex 59.8973 20 23.5663
      vertex 57.1763 20 24.4588
    endloop
  endfacet
  facet normal 0 -1 0
    outer loop
      vertex 57.5 20 22
      vertex 59.8973 20 23.5663
      vertex 57.4187 20 23.24
    endloop
  endfacet
  facet normal 0 -1 0
    outer loop
      vertex 57.5 20 22
      vertex 60 20 22
      vertex 59.8973 20 23.5663
    endloop
  endfacet
  facet normal 0 -1 0
    outer loop
      vertex 57.4187 20 20.76
      vertex 60 20 22
      vertex 57.5 20 22
    endloop
  endfacet
  facet normal 0 -1 0
    outer loop
      vertex 57.4187 20 20.76
      vertex 59.8973 20 20.4337
      vertex 60 20 22
    endloop
  endfacet
  facet normal 0 -1 0
    outer loop
      vertex 57.1763 20 19.5412
      vertex 59.8973 20 20.4337
      vertex 57.4187 20 20.76
    endloop
  endfacet
  facet normal 0 -1 0
    outer loop
      vertex 57.1763 20 19.5412
      vertex 59.5911 20 18.8942
      vertex 59.8973 20 20.4337
    endloop
  endfacet
  facet normal 0 -1 0
    outer loop
      vertex 56.7769 20 18.3645
      vertex 59.5911 20 18.8942
      vertex 57.1763 20 19.5412
    endloop
  endfacet
  facet normal 0 -1 0
    outer loop
      vertex 56.7769 20 18.3645
      vertex 59.0866 20 17.4078
      vertex 59.5911 20 18.8942
    endloop
  endfacet
  facet normal 0 -1 0
    outer loop
      vertex 56.2272 20 17.25
      vertex 59.0866 20 17.4078
      vertex 56.7769 20 18.3645
    endloop
  endfacet
  facet normal 0 -1 0
    outer loop
      vertex 58.3923 20 16
      vertex 56.2272 20 17.25
      vertex 55.5369 20 16.2168
    endloop
  endfacet
  facet normal 0 -1 0
    outer loop
      vertex 56.2272 20 17.25
      vertex 58.3923 20 16
      vertex 59.0866 20 17.4078
    endloop
  endfacet
  facet normal 0 -1 0
    outer loop
      vertex 57.5202 20 14.6949
      vertex 55.5369 20 16.2168
      vertex 54.7175 20 15.2825
    endloop
  endfacet
  facet normal 0 -1 0
    outer loop
      vertex 55.5369 20 16.2168
      vertex 57.5202 20 14.6949
      vertex 58.3923 20 16
    endloop
  endfacet
  facet normal 0 -1 0
    outer loop
      vertex 56.4853 20 13.5147
      vertex 54.7175 20 15.2825
      vertex 53.7832 20 14.4631
    endloop
  endfacet
  facet normal 0 -1 0
    outer loop
      vertex 55.3051 20 12.4798
      vertex 53.7832 20 14.4631
      vertex 52.75 20 13.7728
    endloop
  endfacet
  facet normal 0 -1 0
    outer loop
      vertex 54.7175 20 15.2825
      vertex 56.4853 20 13.5147
      vertex 57.5202 20 14.6949
    endloop
  endfacet
  facet normal 0 -1 0
    outer loop
      vertex 54 20 11.6077
      vertex 52.75 20 13.7728
      vertex 51.6355 20 13.2231
    endloop
  endfacet
  facet normal 0 -1 0
    outer loop
      vertex 52.5922 20 10.9134
      vertex 51.6355 20 13.2231
      vertex 50.4588 20 12.8237
    endloop
  endfacet
  facet normal 0 -1 0
    outer loop
      vertex 51.1058 20 10.4089
      vertex 50.4588 20 12.8237
      vertex 49.24 20 12.5813
    endloop
  endfacet
  facet normal 0 -1 0
    outer loop
      vertex 53.7832 20 14.4631
      vertex 55.3051 20 12.4798
      vertex 56.4853 20 13.5147
    endloop
  endfacet
  facet normal 0 -1 0
    outer loop
      vertex 49.5663 20 10.1027
      vertex 49.24 20 12.5813
      vertex 48 20 12.5
    endloop
  endfacet
  facet normal 0 -1 0
    outer loop
      vertex 44.8942 20 10.4089
      vertex 45.5412 20 12.8237
      vertex 43.4078 20 10.9134
    endloop
  endfacet
  facet normal 0 -1 -0
    outer loop
      vertex 45.5412 20 12.8237
      vertex 44.8942 20 10.4089
      vertex 46.76 20 12.5813
    endloop
  endfacet
  facet normal 0 -1 0
    outer loop
      vertex 52.75 20 13.7728
      vertex 54 20 11.6077
      vertex 55.3051 20 12.4798
    endloop
  endfacet
  facet normal 0 -1 0
    outer loop
      vertex 46.4337 20 10.1027
      vertex 46.76 20 12.5813
      vertex 44.8942 20 10.4089
    endloop
  endfacet
  facet normal 0 -1 0
    outer loop
      vertex 51.6355 20 13.2231
      vertex 52.5922 20 10.9134
      vertex 54 20 11.6077
    endloop
  endfacet
  facet normal 0 -1 -0
    outer loop
      vertex 46.76 20 12.5813
      vertex 46.4337 20 10.1027
      vertex 48 20 12.5
    endloop
  endfacet
  facet normal 0 -1 0
    outer loop
      vertex 50.4588 20 12.8237
      vertex 51.1058 20 10.4089
      vertex 52.5922 20 10.9134
    endloop
  endfacet
  facet normal 0 -1 0
    outer loop
      vertex 48 20 10
      vertex 48 20 12.5
      vertex 46.4337 20 10.1027
    endloop
  endfacet
  facet normal 0 -1 0
    outer loop
      vertex 49.24 20 12.5813
      vertex 49.5663 20 10.1027
      vertex 51.1058 20 10.4089
    endloop
  endfacet
  facet normal 0 -1 0
    outer loop
      vertex 48 20 12.5
      vertex 48 20 10
      vertex 49.5663 20 10.1027
    endloop
  endfacet
  facet normal 0 -1 0
    outer loop
      vertex 34.4444 20 16.8484
      vertex 36.8246 20 17.6697
      vertex 34.2785 20 17.6823
    endloop
  endfacet
  facet normal 0 -1 -0
    outer loop
      vertex 36.8246 20 17.6697
      vertex 34.4444 20 16.8484
      vertex 36.923 20 17.1747
    endloop
  endfacet
  facet normal 0 -1 0
    outer loop
      vertex 34.5 20 16
      vertex 36.923 20 17.1747
      vertex 34.4444 20 16.8484
    endloop
  endfacet
  facet normal 0 -1 0
    outer loop
      vertex 34.5 20 16
      vertex 37 20 16
      vertex 36.923 20 17.1747
    endloop
  endfacet
  facet normal 0 -1 0
    outer loop
      vertex 34.4444 20 15.1516
      vertex 37 20 16
      vertex 34.5 20 16
    endloop
  endfacet
  facet normal 0 -1 0
    outer loop
      vertex 34.4444 20 15.1516
      vertex 36.923 20 14.8253
      vertex 37 20 16
    endloop
  endfacet
  facet normal 0 -1 0
    outer loop
      vertex 34.2785 20 14.3177
      vertex 36.923 20 14.8253
      vertex 34.4444 20 15.1516
    endloop
  endfacet
  facet normal 0 -1 0
    outer loop
      vertex 34.2785 20 14.3177
      vertex 36.6933 20 13.6706
      vertex 36.923 20 14.8253
    endloop
  endfacet
  facet normal 0 -1 0
    outer loop
      vertex 34.0052 20 13.5126
      vertex 36.6933 20 13.6706
      vertex 34.2785 20 14.3177
    endloop
  endfacet
  facet normal 0 -1 0
    outer loop
      vertex 36.3149 20 12.5559
      vertex 34.0052 20 13.5126
      vertex 33.6292 20 12.75
    endloop
  endfacet
  facet normal 0 -1 0
    outer loop
      vertex 34.0052 20 13.5126
      vertex 36.3149 20 12.5559
      vertex 36.6933 20 13.6706
    endloop
  endfacet
  facet normal 0 -1 0
    outer loop
      vertex 35.7942 20 11.5
      vertex 33.6292 20 12.75
      vertex 33.1568 20 12.0431
    endloop
  endfacet
  facet normal 0 -1 0
    outer loop
      vertex 33.6292 20 12.75
      vertex 35.7942 20 11.5
      vertex 36.3149 20 12.5559
    endloop
  endfacet
  facet normal 0 -1 0
    outer loop
      vertex 35.1402 20 10.5211
      vertex 33.1568 20 12.0431
      vertex 32.5962 20 11.4038
    endloop
  endfacet
  facet normal 0 -1 0
    outer loop
      vertex 34.364 20 9.63604
      vertex 32.5962 20 11.4038
      vertex 31.9569 20 10.8432
    endloop
  endfacet
  facet normal 0 -1 0
    outer loop
      vertex 33.1568 20 12.0431
      vertex 35.1402 20 10.5211
      vertex 35.7942 20 11.5
    endloop
  endfacet
  facet normal 0 -1 0
    outer loop
      vertex 33.4789 20 8.85982
      vertex 31.9569 20 10.8432
      vertex 31.25 20 10.3708
    endloop
  endfacet
  facet normal 0 -1 0
    outer loop
      vertex 32.0827 20 8
      vertex 31.25 20 10.3708
      vertex 30.4874 20 9.99478
    endloop
  endfacet
  facet normal 0 -1 0
    outer loop
      vertex 32.0827 20 8
      vertex 30.4874 20 9.99478
      vertex 29.6823 20 9.72148
    endloop
  endfacet
  facet normal 0 -1 0
    outer loop
      vertex 32.5962 20 11.4038
      vertex 34.364 20 9.63604
      vertex 35.1402 20 10.5211
    endloop
  endfacet
  facet normal 0 -1 0
    outer loop
      vertex 32.0827 20 8
      vertex 29.6823 20 9.72148
      vertex 28.8484 20 9.55561
    endloop
  endfacet
  facet normal 0 -1 0
    outer loop
      vertex 32.0827 20 8
      vertex 28.8484 20 9.55561
      vertex 28 20 9.5
    endloop
  endfacet
  facet normal 0 -1 -0
    outer loop
      vertex 26.3177 20 9.72148
      vertex 23.9173 20 8
      vertex 27.1516 20 9.55561
    endloop
  endfacet
  facet normal 0 -1 0
    outer loop
      vertex 32.0827 20 8
      vertex 28 20 9.5
      vertex 23.9173 20 8
    endloop
  endfacet
  facet normal 0 -1 -0
    outer loop
      vertex 27.1516 20 9.55561
      vertex 23.9173 20 8
      vertex 28 20 9.5
    endloop
  endfacet
  facet normal 0 -1 0
    outer loop
      vertex 31.25 20 10.3708
      vertex 32.0827 20 8
      vertex 32.5 20 8.20577
    endloop
  endfacet
  facet normal 0 -1 0
    outer loop
      vertex 31.9569 20 10.8432
      vertex 33.4789 20 8.85982
      vertex 34.364 20 9.63604
    endloop
  endfacet
  facet normal 0 -1 0
    outer loop
      vertex 31.25 20 10.3708
      vertex 32.5 20 8.20577
      vertex 33.4789 20 8.85982
    endloop
  endfacet
  facet normal -0.44228 0 0.896877
    outer loop
      vertex 23.5 36 23.7942
      vertex 24.5559 20 24.3149
      vertex 24.5559 36 24.3149
    endloop
  endfacet
  facet normal -0.44228 0 0.896877
    outer loop
      vertex 24.5559 20 24.3149
      vertex 23.5 36 23.7942
      vertex 23.5 20 23.7942
    endloop
  endfacet
  facet normal -0.0654083 0 0.997859
    outer loop
      vertex 26.8253 36 24.923
      vertex 28 20 25
      vertex 28 36 25
    endloop
  endfacet
  facet normal -0.0654083 0 0.997859
    outer loop
      vertex 28 20 25
      vertex 26.8253 36 24.923
      vertex 26.8253 20 24.923
    endloop
  endfacet
  facet normal 0.75183 0 -0.659357
    outer loop
      vertex 35.1402 20 10.5211
      vertex 34.364 36 9.63604
      vertex 35.1402 36 10.5211
    endloop
  endfacet
  facet normal 0.75183 0 -0.659357
    outer loop
      vertex 34.364 36 9.63604
      vertex 35.1402 20 10.5211
      vertex 34.364 20 9.63604
    endloop
  endfacet
  facet normal 0.555553 0 -0.831481
    outer loop
      vertex 32.5 20 8.20577
      vertex 33.4789 25 8.85982
      vertex 33.4789 20 8.85982
    endloop
  endfacet
  facet normal 0.555553 0 -0.831481
    outer loop
      vertex 33.4789 25 8.85982
      vertex 32.5 20 8.20577
      vertex 32.5 25 8.20577
    endloop
  endfacet
  facet normal 0.555553 0 -0.831481
    outer loop
      vertex 32.5 31 8.20577
      vertex 33.4789 36 8.85982
      vertex 33.4789 31 8.85982
    endloop
  endfacet
  facet normal 0.555553 0 -0.831481
    outer loop
      vertex 33.4789 36 8.85982
      vertex 32.5 31 8.20577
      vertex 32.5 36 8.20577
    endloop
  endfacet
  facet normal 0.831501 0 -0.555523
    outer loop
      vertex 35.7942 20 11.5
      vertex 35.1402 36 10.5211
      vertex 35.7942 36 11.5
    endloop
  endfacet
  facet normal 0.831501 0 -0.555523
    outer loop
      vertex 35.1402 36 10.5211
      vertex 35.7942 20 11.5
      vertex 35.1402 20 10.5211
    endloop
  endfacet
  facet normal 0.896877 0 -0.44228
    outer loop
      vertex 36.3149 20 12.5559
      vertex 35.7942 36 11.5
      vertex 36.3149 36 12.5559
    endloop
  endfacet
  facet normal 0.896877 0 -0.44228
    outer loop
      vertex 35.7942 36 11.5
      vertex 36.3149 20 12.5559
      vertex 35.7942 20 11.5
    endloop
  endfacet
  facet normal 0.980783 0 -0.195103
    outer loop
      vertex 36.923 29.75 14.8253
      vertex 36.6933 36 13.6706
      vertex 36.923 36 14.8253
    endloop
  endfacet
  facet normal 0.980783 0 -0.195103
    outer loop
      vertex 36.6933 36 13.6706
      vertex 36.923 29.75 14.8253
      vertex 36.6933 29.75 13.6706
    endloop
  endfacet
  facet normal 0.980783 0 -0.195103
    outer loop
      vertex 36.923 20 14.8253
      vertex 36.6933 26.25 13.6706
      vertex 36.923 26.25 14.8253
    endloop
  endfacet
  facet normal 0.980783 0 -0.195103
    outer loop
      vertex 36.6933 26.25 13.6706
      vertex 36.923 20 14.8253
      vertex 36.6933 20 13.6706
    endloop
  endfacet
  facet normal -0.442255 0 -0.896889
    outer loop
      vertex 23.5 20 8.20577
      vertex 23.9173 36 8
      vertex 23.9173 20 8
    endloop
  endfacet
  facet normal -0.442255 0 -0.896889
    outer loop
      vertex 23.9173 36 8
      vertex 23.5 20 8.20577
      vertex 23.5 36 8.20577
    endloop
  endfacet
  facet normal -0.896877 0 -0.44228
    outer loop
      vertex 20.2058 20 11.5
      vertex 19.6851 36 12.5559
      vertex 20.2058 36 11.5
    endloop
  endfacet
  facet normal -0.896877 -0 -0.44228
    outer loop
      vertex 19.6851 36 12.5559
      vertex 20.2058 20 11.5
      vertex 19.6851 20 12.5559
    endloop
  endfacet
  facet normal -0.831542 -0 -0.555461
    outer loop
      vertex 20.8598 25 10.5211
      vertex 20.8598 20 10.5211
      vertex 20.5399 25 11
    endloop
  endfacet
  facet normal -0.831542 0 -0.555461
    outer loop
      vertex 20.5399 31 11
      vertex 20.8598 36 10.5211
      vertex 20.8598 31 10.5211
    endloop
  endfacet
  facet normal -0.831501 -8.57748e-06 -0.555523
    outer loop
      vertex 20.8598 36 10.5211
      vertex 20.5399 31 11
      vertex 20.2058 36 11.5
    endloop
  endfacet
  facet normal -0.831461 0 -0.555583
    outer loop
      vertex 20.5399 25 11
      vertex 20.2058 36 11.5
      vertex 20.5399 31 11
    endloop
  endfacet
  facet normal -0.831461 0 -0.555583
    outer loop
      vertex 20.5399 25 11
      vertex 20.2058 20 11.5
      vertex 20.2058 36 11.5
    endloop
  endfacet
  facet normal -0.831501 8.57748e-06 -0.555523
    outer loop
      vertex 20.2058 20 11.5
      vertex 20.5399 25 11
      vertex 20.8598 20 10.5211
    endloop
  endfacet
  facet normal -0.997859 0 -0.0654083
    outer loop
      vertex 19.077 20 14.8253
      vertex 19 36 16
      vertex 19.077 36 14.8253
    endloop
  endfacet
  facet normal -0.997859 -0 -0.0654083
    outer loop
      vertex 19 36 16
      vertex 19.077 20 14.8253
      vertex 19 20 16
    endloop
  endfacet
  facet normal 0.980809 -0 0.194973
    outer loop
      vertex 36.8246 20 17.6697
      vertex 36.923 26.25 17.1747
      vertex 36.8246 26.25 17.6697
    endloop
  endfacet
  facet normal 0.980809 0 0.194973
    outer loop
      vertex 36.923 26.25 17.1747
      vertex 36.8246 20 17.6697
      vertex 36.923 20 17.1747
    endloop
  endfacet
  facet normal 0.980809 -0 0.194973
    outer loop
      vertex 36.8246 29.75 17.6697
      vertex 36.923 36 17.1747
      vertex 36.8246 36 17.6697
    endloop
  endfacet
  facet normal 0.980809 0 0.194973
    outer loop
      vertex 36.923 36 17.1747
      vertex 36.8246 29.75 17.6697
      vertex 36.923 29.75 17.1747
    endloop
  endfacet
  facet normal 0.321447 0 0.946927
    outer loop
      vertex 30.3294 36 24.6933
      vertex 31.4441 20 24.3149
      vertex 31.4441 36 24.3149
    endloop
  endfacet
  facet normal 0.321447 0 0.946927
    outer loop
      vertex 31.4441 20 24.3149
      vertex 30.3294 36 24.6933
      vertex 30.3294 20 24.6933
    endloop
  endfacet
  facet normal 0.195103 0 0.980783
    outer loop
      vertex 29.1747 36 24.923
      vertex 30.3294 20 24.6933
      vertex 30.3294 36 24.6933
    endloop
  endfacet
  facet normal 0.195103 0 0.980783
    outer loop
      vertex 30.3294 20 24.6933
      vertex 29.1747 36 24.923
      vertex 29.1747 20 24.923
    endloop
  endfacet
  facet normal -0.751845 0 0.65934
    outer loop
      vertex 20.8598 20 21.4789
      vertex 21.636 36 22.364
      vertex 20.8598 36 21.4789
    endloop
  endfacet
  facet normal -0.751845 0 0.65934
    outer loop
      vertex 21.636 36 22.364
      vertex 20.8598 20 21.4789
      vertex 21.636 20 22.364
    endloop
  endfacet
  facet normal -0.980783 0 0.195103
    outer loop
      vertex 19.077 20 17.1747
      vertex 19.3067 36 18.3294
      vertex 19.077 36 17.1747
    endloop
  endfacet
  facet normal -0.980783 0 0.195103
    outer loop
      vertex 19.3067 36 18.3294
      vertex 19.077 20 17.1747
      vertex 19.3067 20 18.3294
    endloop
  endfacet
  facet normal 0.997859 0 -0.0654083
    outer loop
      vertex 37 29.75 16
      vertex 36.923 36 14.8253
      vertex 37 36 16
    endloop
  endfacet
  facet normal 0.997859 0 -0.0654083
    outer loop
      vertex 36.923 36 14.8253
      vertex 37 29.75 16
      vertex 36.923 29.75 14.8253
    endloop
  endfacet
  facet normal 0.997859 0 -0.0654083
    outer loop
      vertex 37 20 16
      vertex 36.923 26.25 14.8253
      vertex 37 26.25 16
    endloop
  endfacet
  facet normal 0.997859 0 -0.0654083
    outer loop
      vertex 36.923 26.25 14.8253
      vertex 37 20 16
      vertex 36.923 20 14.8253
    endloop
  endfacet
  facet normal 0.659327 0 -0.751856
    outer loop
      vertex 34.364 20 9.63604
      vertex 33.5 25 8.87837
      vertex 34.364 36 9.63604
    endloop
  endfacet
  facet normal 0.65935 6.85716e-06 -0.751836
    outer loop
      vertex 33.4789 20 8.85982
      vertex 33.5 25 8.87837
      vertex 34.364 20 9.63604
    endloop
  endfacet
  facet normal 0.660267 0 -0.751031
    outer loop
      vertex 33.5 25 8.87837
      vertex 33.4789 20 8.85982
      vertex 33.4789 25 8.85982
    endloop
  endfacet
  facet normal 0.659327 0 -0.751856
    outer loop
      vertex 33.5 31 8.87837
      vertex 34.364 36 9.63604
      vertex 33.5 25 8.87837
    endloop
  endfacet
  facet normal 0.660267 0 -0.751031
    outer loop
      vertex 33.4789 36 8.85982
      vertex 33.5 31 8.87837
      vertex 33.4789 31 8.85982
    endloop
  endfacet
  facet normal 0.65935 -6.85716e-06 -0.751836
    outer loop
      vertex 33.5 31 8.87837
      vertex 33.4789 36 8.85982
      vertex 34.364 36 9.63604
    endloop
  endfacet
  facet normal -0.660267 0 -0.751031
    outer loop
      vertex 22.5211 20 8.85982
      vertex 22.5 25 8.87837
      vertex 22.5211 36 8.85982
    endloop
  endfacet
  facet normal -0.65935 6.85716e-06 -0.751836
    outer loop
      vertex 21.636 20 9.63604
      vertex 22.5 25 8.87837
      vertex 22.5211 20 8.85982
    endloop
  endfacet
  facet normal -0.659327 0 -0.751856
    outer loop
      vertex 22.5 25 8.87837
      vertex 21.636 20 9.63604
      vertex 21.636 25 9.63604
    endloop
  endfacet
  facet normal -0.660267 -0 -0.751031
    outer loop
      vertex 22.5 31 8.87837
      vertex 22.5211 36 8.85982
      vertex 22.5 25 8.87837
    endloop
  endfacet
  facet normal -0.659327 -7.02481e-06 -0.751856
    outer loop
      vertex 21.636 31 9.63604
      vertex 22.5211 36 8.85982
      vertex 22.5 31 8.87837
    endloop
  endfacet
  facet normal -0.65935 0 -0.751836
    outer loop
      vertex 22.5211 36 8.85982
      vertex 21.636 31 9.63604
      vertex 21.636 36 9.63604
    endloop
  endfacet
  facet normal -0.555553 0 -0.831481
    outer loop
      vertex 22.5211 20 8.85982
      vertex 23.5 36 8.20577
      vertex 23.5 20 8.20577
    endloop
  endfacet
  facet normal -0.555553 0 -0.831481
    outer loop
      vertex 23.5 36 8.20577
      vertex 22.5211 20 8.85982
      vertex 22.5211 36 8.85982
    endloop
  endfacet
  facet normal -0.75183 0 -0.659357
    outer loop
      vertex 21.636 31 9.63604
      vertex 20.8598 36 10.5211
      vertex 21.636 36 9.63604
    endloop
  endfacet
  facet normal -0.75183 -0 -0.659357
    outer loop
      vertex 20.8598 36 10.5211
      vertex 21.636 31 9.63604
      vertex 20.8598 31 10.5211
    endloop
  endfacet
  facet normal -0.75183 0 -0.659357
    outer loop
      vertex 21.636 20 9.63604
      vertex 20.8598 25 10.5211
      vertex 21.636 25 9.63604
    endloop
  endfacet
  facet normal -0.75183 -0 -0.659357
    outer loop
      vertex 20.8598 25 10.5211
      vertex 21.636 20 9.63604
      vertex 20.8598 20 10.5211
    endloop
  endfacet
  facet normal 0.751845 -0 0.65934
    outer loop
      vertex 34.364 29.75 22.364
      vertex 35.1402 36 21.4789
      vertex 34.364 36 22.364
    endloop
  endfacet
  facet normal 0.751845 0 0.65934
    outer loop
      vertex 35.1402 36 21.4789
      vertex 34.364 29.75 22.364
      vertex 35.1402 29.75 21.4789
    endloop
  endfacet
  facet normal 0.751845 -0 0.65934
    outer loop
      vertex 34.364 20 22.364
      vertex 35.1402 26.25 21.4789
      vertex 34.364 26.25 22.364
    endloop
  endfacet
  facet normal 0.751845 0 0.65934
    outer loop
      vertex 35.1402 26.25 21.4789
      vertex 34.364 20 22.364
      vertex 35.1402 20 21.4789
    endloop
  endfacet
  facet normal -0.946927 0 0.321447
    outer loop
      vertex 19.3067 20 18.3294
      vertex 19.6851 36 19.4441
      vertex 19.3067 36 18.3294
    endloop
  endfacet
  facet normal -0.946927 0 0.321447
    outer loop
      vertex 19.6851 36 19.4441
      vertex 19.3067 20 18.3294
      vertex 19.6851 20 19.4441
    endloop
  endfacet
  facet normal -0.555523 0 0.831501
    outer loop
      vertex 22.5211 36 23.1402
      vertex 23.5 20 23.7942
      vertex 23.5 36 23.7942
    endloop
  endfacet
  facet normal -0.555523 0 0.831501
    outer loop
      vertex 23.5 20 23.7942
      vertex 22.5211 36 23.1402
      vertex 22.5211 20 23.1402
    endloop
  endfacet
  facet normal -0.195103 0 0.980783
    outer loop
      vertex 25.6706 36 24.6933
      vertex 26.8253 20 24.923
      vertex 26.8253 36 24.923
    endloop
  endfacet
  facet normal -0.195103 0 0.980783
    outer loop
      vertex 26.8253 20 24.923
      vertex 25.6706 36 24.6933
      vertex 25.6706 20 24.6933
    endloop
  endfacet
  facet normal 0.442255 0 -0.896889
    outer loop
      vertex 32.0827 20 8
      vertex 32.5 25 8.20577
      vertex 32.5 20 8.20577
    endloop
  endfacet
  facet normal 0.442255 0 -0.896889
    outer loop
      vertex 32.5 25 8.20577
      vertex 32.0827 20 8
      vertex 32.0827 25 8
    endloop
  endfacet
  facet normal 0.442255 0 -0.896889
    outer loop
      vertex 32.0827 31 8
      vertex 32.5 36 8.20577
      vertex 32.5 31 8.20577
    endloop
  endfacet
  facet normal 0.442255 0 -0.896889
    outer loop
      vertex 32.5 36 8.20577
      vertex 32.0827 31 8
      vertex 32.0827 36 8
    endloop
  endfacet
  facet normal 0.946946 0 -0.321391
    outer loop
      vertex 36.6933 26.25 13.6706
      vertex 36.6933 20 13.6706
      vertex 36.4657 26.25 13
    endloop
  endfacet
  facet normal 0.946946 0 -0.321391
    outer loop
      vertex 36.4657 29.75 13
      vertex 36.6933 36 13.6706
      vertex 36.6933 29.75 13.6706
    endloop
  endfacet
  facet normal 0.946927 6.7035e-06 -0.321447
    outer loop
      vertex 36.6933 36 13.6706
      vertex 36.4657 29.75 13
      vertex 36.3149 36 12.5559
    endloop
  endfacet
  facet normal 0.946899 0 -0.321532
    outer loop
      vertex 36.4657 26.25 13
      vertex 36.3149 36 12.5559
      vertex 36.4657 29.75 13
    endloop
  endfacet
  facet normal 0.946899 0 -0.321532
    outer loop
      vertex 36.4657 26.25 13
      vertex 36.3149 20 12.5559
      vertex 36.3149 36 12.5559
    endloop
  endfacet
  facet normal 0.946927 -6.7035e-06 -0.321447
    outer loop
      vertex 36.3149 20 12.5559
      vertex 36.4657 26.25 13
      vertex 36.6933 20 13.6706
    endloop
  endfacet
  facet normal -0.946927 0 -0.321447
    outer loop
      vertex 19.6851 20 12.5559
      vertex 19.3067 36 13.6706
      vertex 19.6851 36 12.5559
    endloop
  endfacet
  facet normal -0.946927 -0 -0.321447
    outer loop
      vertex 19.3067 36 13.6706
      vertex 19.6851 20 12.5559
      vertex 19.3067 20 13.6706
    endloop
  endfacet
  facet normal -0.997863 -0 -0.0653363
    outer loop
      vertex 34.5 26.25 16
      vertex 34.5 20 16
      vertex 34.4637 26.25 16.5544
    endloop
  endfacet
  facet normal -0.997863 0 -0.0653363
    outer loop
      vertex 34.4637 29.75 16.5544
      vertex 34.5 36 16
      vertex 34.5 29.75 16
    endloop
  endfacet
  facet normal -0.997859 -5.21653e-06 -0.0653948
    outer loop
      vertex 34.5 36 16
      vertex 34.4637 29.75 16.5544
      vertex 34.4444 36 16.8484
    endloop
  endfacet
  facet normal -0.997852 0 -0.0655053
    outer loop
      vertex 34.4637 26.25 16.5544
      vertex 34.4444 36 16.8484
      vertex 34.4637 29.75 16.5544
    endloop
  endfacet
  facet normal -0.997852 0 -0.0655053
    outer loop
      vertex 34.4637 26.25 16.5544
      vertex 34.4444 20 16.8484
      vertex 34.4444 36 16.8484
    endloop
  endfacet
  facet normal -0.997859 5.21653e-06 -0.0653948
    outer loop
      vertex 34.4444 20 16.8484
      vertex 34.4637 26.25 16.5544
      vertex 34.5 20 16
    endloop
  endfacet
  facet normal 0.997859 0 -0.0653948
    outer loop
      vertex 21.5556 20 16.8484
      vertex 21.5 36 16
      vertex 21.5556 36 16.8484
    endloop
  endfacet
  facet normal 0.997859 0 -0.0653948
    outer loop
      vertex 21.5 36 16
      vertex 21.5556 20 16.8484
      vertex 21.5 20 16
    endloop
  endfacet
  facet normal -0.0653948 0 -0.997859
    outer loop
      vertex 28 20 22.5
      vertex 28.8484 36 22.4444
      vertex 28.8484 20 22.4444
    endloop
  endfacet
  facet normal -0.0653948 0 -0.997859
    outer loop
      vertex 28.8484 36 22.4444
      vertex 28 20 22.5
      vertex 28 36 22.5
    endloop
  endfacet
  facet normal 0.0654066 0 0.997859
    outer loop
      vertex 27.1516 36 9.55561
      vertex 28 31 9.5
      vertex 28 36 9.5
    endloop
  endfacet
  facet normal 0.0654066 0 0.997859
    outer loop
      vertex 28 31 9.5
      vertex 27.1516 36 9.55561
      vertex 27.1516 31 9.55561
    endloop
  endfacet
  facet normal 0.0654066 0 0.997859
    outer loop
      vertex 27.1516 25 9.55561
      vertex 28 20 9.5
      vertex 28 25 9.5
    endloop
  endfacet
  facet normal 0.0654066 0 0.997859
    outer loop
      vertex 28 20 9.5
      vertex 27.1516 25 9.55561
      vertex 27.1516 20 9.55561
    endloop
  endfacet
  facet normal -0.659312 0 -0.75187
    outer loop
      vertex 31.9569 29.75 21.1568
      vertex 32.5962 36 20.5962
      vertex 32.5962 29.75 20.5962
    endloop
  endfacet
  facet normal -0.659312 0 -0.75187
    outer loop
      vertex 32.5962 36 20.5962
      vertex 31.9569 29.75 21.1568
      vertex 31.9569 36 21.1568
    endloop
  endfacet
  facet normal -0.659312 0 -0.75187
    outer loop
      vertex 31.9569 20 21.1568
      vertex 32.5962 26.25 20.5962
      vertex 32.5962 20 20.5962
    endloop
  endfacet
  facet normal -0.659312 0 -0.75187
    outer loop
      vertex 32.5962 26.25 20.5962
      vertex 31.9569 20 21.1568
      vertex 31.9569 26.25 21.1568
    endloop
  endfacet
  facet normal 0.659312 0 -0.75187
    outer loop
      vertex 23.4038 20 20.5962
      vertex 24.0431 36 21.1568
      vertex 24.0431 20 21.1568
    endloop
  endfacet
  facet normal 0.659312 0 -0.75187
    outer loop
      vertex 24.0431 36 21.1568
      vertex 23.4038 20 20.5962
      vertex 23.4038 36 20.5962
    endloop
  endfacet
  facet normal 0.321445 0 -0.946928
    outer loop
      vertex 25.5126 20 22.0052
      vertex 26.3177 36 22.2785
      vertex 26.3177 20 22.2785
    endloop
  endfacet
  facet normal 0.321445 0 -0.946928
    outer loop
      vertex 26.3177 36 22.2785
      vertex 25.5126 20 22.0052
      vertex 25.5126 36 22.0052
    endloop
  endfacet
  facet normal -0.75187 0 0.659312
    outer loop
      vertex 32.5962 20 11.4038
      vertex 33.1568 36 12.0431
      vertex 32.5962 36 11.4038
    endloop
  endfacet
  facet normal -0.75187 0 0.659312
    outer loop
      vertex 33.1568 36 12.0431
      vertex 32.5962 20 11.4038
      vertex 33.1568 20 12.0431
    endloop
  endfacet
  facet normal -0.896907 0 -0.44222
    outer loop
      vertex 34.0052 20 18.4874
      vertex 33.6292 36 19.25
      vertex 34.0052 36 18.4874
    endloop
  endfacet
  facet normal -0.896907 -0 -0.44222
    outer loop
      vertex 33.6292 36 19.25
      vertex 34.0052 20 18.4874
      vertex 33.6292 20 19.25
    endloop
  endfacet
  facet normal -0.980779 0 -0.195121
    outer loop
      vertex 34.4444 20 16.8484
      vertex 34.2785 36 17.6823
      vertex 34.4444 36 16.8484
    endloop
  endfacet
  facet normal -0.980779 -0 -0.195121
    outer loop
      vertex 34.2785 36 17.6823
      vertex 34.4444 20 16.8484
      vertex 34.2785 20 17.6823
    endloop
  endfacet
  facet normal -0.831435 0 -0.555623
    outer loop
      vertex 33.6292 20 19.25
      vertex 33.1568 36 19.9569
      vertex 33.6292 36 19.25
    endloop
  endfacet
  facet normal -0.831435 -0 -0.555623
    outer loop
      vertex 33.1568 36 19.9569
      vertex 33.6292 20 19.25
      vertex 33.1568 20 19.9569
    endloop
  endfacet
  facet normal -0.321445 0 -0.946928
    outer loop
      vertex 29.6823 20 22.2785
      vertex 30.4874 36 22.0052
      vertex 30.4874 20 22.0052
    endloop
  endfacet
  facet normal -0.321445 0 -0.946928
    outer loop
      vertex 30.4874 36 22.0052
      vertex 29.6823 20 22.2785
      vertex 29.6823 36 22.2785
    endloop
  endfacet
  facet normal -0.195121 0 -0.980779
    outer loop
      vertex 28.8484 20 22.4444
      vertex 29.6823 36 22.2785
      vertex 29.6823 20 22.2785
    endloop
  endfacet
  facet normal -0.195121 0 -0.980779
    outer loop
      vertex 29.6823 36 22.2785
      vertex 28.8484 20 22.4444
      vertex 28.8484 36 22.4444
    endloop
  endfacet
  facet normal -0.555527 0 -0.831498
    outer loop
      vertex 31.9569 20 21.1568
      vertex 31.9337 26.25 21.1723
      vertex 31.9569 26.25 21.1568
    endloop
  endfacet
  facet normal -0.555626 0 -0.831432
    outer loop
      vertex 31.9337 26.25 21.1723
      vertex 31.25 20 21.6292
      vertex 31.9337 29.75 21.1723
    endloop
  endfacet
  facet normal -0.555623 -5.13751e-07 -0.831435
    outer loop
      vertex 31.25 20 21.6292
      vertex 31.9337 26.25 21.1723
      vertex 31.9569 20 21.1568
    endloop
  endfacet
  facet normal -0.555527 0 -0.831498
    outer loop
      vertex 31.9337 29.75 21.1723
      vertex 31.9569 36 21.1568
      vertex 31.9569 29.75 21.1568
    endloop
  endfacet
  facet normal -0.555626 -0 -0.831432
    outer loop
      vertex 31.25 36 21.6292
      vertex 31.9337 29.75 21.1723
      vertex 31.25 20 21.6292
    endloop
  endfacet
  facet normal -0.555623 5.13751e-07 -0.831435
    outer loop
      vertex 31.9337 29.75 21.1723
      vertex 31.25 36 21.6292
      vertex 31.9569 36 21.1568
    endloop
  endfacet
  facet normal 0.896907 0 -0.44222
    outer loop
      vertex 22.3708 20 19.25
      vertex 21.9948 36 18.4874
      vertex 22.3708 36 19.25
    endloop
  endfacet
  facet normal 0.896907 0 -0.44222
    outer loop
      vertex 21.9948 36 18.4874
      vertex 22.3708 20 19.25
      vertex 21.9948 20 18.4874
    endloop
  endfacet
  facet normal 0.75187 0 -0.659312
    outer loop
      vertex 23.4038 20 20.5962
      vertex 22.8432 36 19.9569
      vertex 23.4038 36 20.5962
    endloop
  endfacet
  facet normal 0.75187 0 -0.659312
    outer loop
      vertex 22.8432 36 19.9569
      vertex 23.4038 20 20.5962
      vertex 22.8432 20 19.9569
    endloop
  endfacet
  facet normal 0.946928 0 -0.321445
    outer loop
      vertex 21.9948 20 18.4874
      vertex 21.7215 36 17.6823
      vertex 21.9948 36 18.4874
    endloop
  endfacet
  facet normal 0.946928 0 -0.321445
    outer loop
      vertex 21.7215 36 17.6823
      vertex 21.9948 20 18.4874
      vertex 21.7215 20 17.6823
    endloop
  endfacet
  facet normal 0.195121 0 -0.980779
    outer loop
      vertex 26.3177 20 22.2785
      vertex 27.1516 36 22.4444
      vertex 27.1516 20 22.4444
    endloop
  endfacet
  facet normal 0.195121 0 -0.980779
    outer loop
      vertex 27.1516 36 22.4444
      vertex 26.3177 20 22.2785
      vertex 26.3177 36 22.2785
    endloop
  endfacet
  facet normal -0.442239 0 0.896897
    outer loop
      vertex 30.4874 36 9.99478
      vertex 31.25 31 10.3708
      vertex 31.25 36 10.3708
    endloop
  endfacet
  facet normal -0.442239 0 0.896897
    outer loop
      vertex 31.25 31 10.3708
      vertex 30.4874 36 9.99478
      vertex 30.4874 31 9.99478
    endloop
  endfacet
  facet normal -0.442239 0 0.896897
    outer loop
      vertex 30.4874 25 9.99478
      vertex 31.25 20 10.3708
      vertex 31.25 25 10.3708
    endloop
  endfacet
  facet normal -0.442239 0 0.896897
    outer loop
      vertex 31.25 20 10.3708
      vertex 30.4874 25 9.99478
      vertex 30.4874 20 9.99478
    endloop
  endfacet
  facet normal -0.555623 0 0.831435
    outer loop
      vertex 31.25 36 10.3708
      vertex 31.9569 31 10.8432
      vertex 31.9569 36 10.8432
    endloop
  endfacet
  facet normal -0.555623 0 0.831435
    outer loop
      vertex 31.9569 31 10.8432
      vertex 31.25 36 10.3708
      vertex 31.25 31 10.3708
    endloop
  endfacet
  facet normal -0.555623 0 0.831435
    outer loop
      vertex 31.25 25 10.3708
      vertex 31.9569 20 10.8432
      vertex 31.9569 25 10.8432
    endloop
  endfacet
  facet normal -0.555623 0 0.831435
    outer loop
      vertex 31.9569 20 10.8432
      vertex 31.25 25 10.3708
      vertex 31.25 20 10.3708
    endloop
  endfacet
  facet normal 0.442239 0 0.896897
    outer loop
      vertex 24.75 36 10.3708
      vertex 25.5126 31 9.99478
      vertex 25.5126 36 9.99478
    endloop
  endfacet
  facet normal 0.442239 0 0.896897
    outer loop
      vertex 25.5126 31 9.99478
      vertex 24.75 36 10.3708
      vertex 24.75 31 10.3708
    endloop
  endfacet
  facet normal 0.442239 0 0.896897
    outer loop
      vertex 24.75 25 10.3708
      vertex 25.5126 20 9.99478
      vertex 25.5126 25 9.99478
    endloop
  endfacet
  facet normal 0.442239 0 0.896897
    outer loop
      vertex 25.5126 20 9.99478
      vertex 24.75 25 10.3708
      vertex 24.75 20 10.3708
    endloop
  endfacet
  facet normal 0.659312 0 0.75187
    outer loop
      vertex 23.4038 36 11.4038
      vertex 24.0431 20 10.8432
      vertex 24.0431 36 10.8432
    endloop
  endfacet
  facet normal 0.659312 0 0.75187
    outer loop
      vertex 24.0431 20 10.8432
      vertex 23.4038 36 11.4038
      vertex 23.4038 20 11.4038
    endloop
  endfacet
  facet normal 0.321445 0 0.946928
    outer loop
      vertex 25.5126 36 9.99478
      vertex 26.3177 31 9.72148
      vertex 26.3177 36 9.72148
    endloop
  endfacet
  facet normal 0.321445 0 0.946928
    outer loop
      vertex 26.3177 31 9.72148
      vertex 25.5126 36 9.99478
      vertex 25.5126 31 9.99478
    endloop
  endfacet
  facet normal 0.321445 0 0.946928
    outer loop
      vertex 25.5126 25 9.99478
      vertex 26.3177 20 9.72148
      vertex 26.3177 25 9.72148
    endloop
  endfacet
  facet normal 0.321445 0 0.946928
    outer loop
      vertex 26.3177 20 9.72148
      vertex 25.5126 25 9.99478
      vertex 25.5126 20 9.99478
    endloop
  endfacet
  facet normal -0.946928 0 -0.321445
    outer loop
      vertex 34.2785 20 17.6823
      vertex 34.0052 36 18.4874
      vertex 34.2785 36 17.6823
    endloop
  endfacet
  facet normal -0.946928 -0 -0.321445
    outer loop
      vertex 34.0052 36 18.4874
      vertex 34.2785 20 17.6823
      vertex 34.0052 20 18.4874
    endloop
  endfacet
  facet normal -0.75187 9.38043e-06 -0.659312
    outer loop
      vertex 33.1568 36 19.9569
      vertex 32.7651 29.75 20.4035
      vertex 32.5962 36 20.5962
    endloop
  endfacet
  facet normal -0.751804 0 -0.659386
    outer loop
      vertex 33.1568 36 19.9569
      vertex 32.7651 26.25 20.4035
      vertex 32.7651 29.75 20.4035
    endloop
  endfacet
  facet normal -0.751804 0 -0.659386
    outer loop
      vertex 33.1568 20 19.9569
      vertex 32.7651 26.25 20.4035
      vertex 33.1568 36 19.9569
    endloop
  endfacet
  facet normal -0.75187 -9.38043e-06 -0.659312
    outer loop
      vertex 32.5962 20 20.5962
      vertex 32.7651 26.25 20.4035
      vertex 33.1568 20 19.9569
    endloop
  endfacet
  facet normal -0.75202 0 -0.65914
    outer loop
      vertex 32.7651 26.25 20.4035
      vertex 32.5962 20 20.5962
      vertex 32.5962 26.25 20.5962
    endloop
  endfacet
  facet normal -0.75202 -0 -0.65914
    outer loop
      vertex 32.5962 36 20.5962
      vertex 32.7651 29.75 20.4035
      vertex 32.5962 29.75 20.5962
    endloop
  endfacet
  facet normal -0.44222 0 -0.896907
    outer loop
      vertex 30.4874 20 22.0052
      vertex 31.25 36 21.6292
      vertex 31.25 20 21.6292
    endloop
  endfacet
  facet normal -0.44222 0 -0.896907
    outer loop
      vertex 31.25 36 21.6292
      vertex 30.4874 20 22.0052
      vertex 30.4874 36 22.0052
    endloop
  endfacet
  facet normal 0.831435 0 -0.555623
    outer loop
      vertex 22.8432 20 19.9569
      vertex 22.3708 36 19.25
      vertex 22.8432 36 19.9569
    endloop
  endfacet
  facet normal 0.831435 0 -0.555623
    outer loop
      vertex 22.3708 36 19.25
      vertex 22.8432 20 19.9569
      vertex 22.3708 20 19.25
    endloop
  endfacet
  facet normal 0.980779 0 -0.195121
    outer loop
      vertex 21.7215 20 17.6823
      vertex 21.5556 36 16.8484
      vertex 21.7215 36 17.6823
    endloop
  endfacet
  facet normal 0.980779 0 -0.195121
    outer loop
      vertex 21.5556 36 16.8484
      vertex 21.7215 20 17.6823
      vertex 21.5556 20 16.8484
    endloop
  endfacet
  facet normal 0.44222 0 -0.896907
    outer loop
      vertex 24.75 20 21.6292
      vertex 25.5126 36 22.0052
      vertex 25.5126 20 22.0052
    endloop
  endfacet
  facet normal 0.44222 0 -0.896907
    outer loop
      vertex 25.5126 36 22.0052
      vertex 24.75 20 21.6292
      vertex 24.75 36 21.6292
    endloop
  endfacet
  facet normal 0.555623 0 -0.831435
    outer loop
      vertex 24.0431 20 21.1568
      vertex 24.75 36 21.6292
      vertex 24.75 20 21.6292
    endloop
  endfacet
  facet normal 0.555623 0 -0.831435
    outer loop
      vertex 24.75 36 21.6292
      vertex 24.0431 20 21.1568
      vertex 24.0431 36 21.1568
    endloop
  endfacet
  facet normal 0.0653948 0 -0.997859
    outer loop
      vertex 27.1516 20 22.4444
      vertex 28 36 22.5
      vertex 28 20 22.5
    endloop
  endfacet
  facet normal 0.0653948 0 -0.997859
    outer loop
      vertex 28 36 22.5
      vertex 27.1516 20 22.4444
      vertex 27.1516 36 22.4444
    endloop
  endfacet
  facet normal -0.997859 0 0.0653948
    outer loop
      vertex 34.4444 29.75 15.1516
      vertex 34.5 36 16
      vertex 34.4444 36 15.1516
    endloop
  endfacet
  facet normal -0.997859 0 0.0653948
    outer loop
      vertex 34.5 36 16
      vertex 34.4444 29.75 15.1516
      vertex 34.5 29.75 16
    endloop
  endfacet
  facet normal -0.997859 0 0.0653948
    outer loop
      vertex 34.4444 20 15.1516
      vertex 34.5 26.25 16
      vertex 34.4444 26.25 15.1516
    endloop
  endfacet
  facet normal -0.997859 0 0.0653948
    outer loop
      vertex 34.5 26.25 16
      vertex 34.4444 20 15.1516
      vertex 34.5 20 16
    endloop
  endfacet
  facet normal -0.0654066 0 0.997859
    outer loop
      vertex 28 36 9.5
      vertex 28.8484 31 9.55561
      vertex 28.8484 36 9.55561
    endloop
  endfacet
  facet normal -0.0654066 0 0.997859
    outer loop
      vertex 28.8484 31 9.55561
      vertex 28 36 9.5
      vertex 28 31 9.5
    endloop
  endfacet
  facet normal -0.0654066 0 0.997859
    outer loop
      vertex 28 25 9.5
      vertex 28.8484 20 9.55561
      vertex 28.8484 25 9.55561
    endloop
  endfacet
  facet normal -0.0654066 0 0.997859
    outer loop
      vertex 28.8484 20 9.55561
      vertex 28 25 9.5
      vertex 28 20 9.5
    endloop
  endfacet
  facet normal -0.321445 0 0.946928
    outer loop
      vertex 29.6823 36 9.72148
      vertex 30.4874 31 9.99478
      vertex 30.4874 36 9.99478
    endloop
  endfacet
  facet normal -0.321445 0 0.946928
    outer loop
      vertex 30.4874 31 9.99478
      vertex 29.6823 36 9.72148
      vertex 29.6823 31 9.72148
    endloop
  endfacet
  facet normal -0.321445 0 0.946928
    outer loop
      vertex 29.6823 25 9.72148
      vertex 30.4874 20 9.99478
      vertex 30.4874 25 9.99478
    endloop
  endfacet
  facet normal -0.321445 0 0.946928
    outer loop
      vertex 30.4874 20 9.99478
      vertex 29.6823 25 9.72148
      vertex 29.6823 20 9.72148
    endloop
  endfacet
  facet normal -0.659302 0 0.751878
    outer loop
      vertex 32.5962 36 11.4038
      vertex 32.1357 31 11
      vertex 32.5962 20 11.4038
    endloop
  endfacet
  facet normal -0.659312 1.63711e-06 0.75187
    outer loop
      vertex 31.9569 36 10.8432
      vertex 32.1357 31 11
      vertex 32.5962 36 11.4038
    endloop
  endfacet
  facet normal -0.659338 0 0.751847
    outer loop
      vertex 32.1357 31 11
      vertex 31.9569 36 10.8432
      vertex 31.9569 31 10.8432
    endloop
  endfacet
  facet normal -0.659302 0 0.751878
    outer loop
      vertex 32.1357 25 11
      vertex 32.5962 20 11.4038
      vertex 32.1357 31 11
    endloop
  endfacet
  facet normal -0.659338 0 0.751847
    outer loop
      vertex 31.9569 20 10.8432
      vertex 32.1357 25 11
      vertex 31.9569 25 10.8432
    endloop
  endfacet
  facet normal -0.659312 -1.63711e-06 0.75187
    outer loop
      vertex 32.1357 25 11
      vertex 31.9569 20 10.8432
      vertex 32.5962 20 11.4038
    endloop
  endfacet
  facet normal -0.831435 0 0.555623
    outer loop
      vertex 33.1568 20 12.0431
      vertex 33.6292 36 12.75
      vertex 33.1568 36 12.0431
    endloop
  endfacet
  facet normal -0.831435 0 0.555623
    outer loop
      vertex 33.6292 36 12.75
      vertex 33.1568 20 12.0431
      vertex 33.6292 20 12.75
    endloop
  endfacet
  facet normal -0.980779 -8.64506e-06 0.195121
    outer loop
      vertex 34.2785 36 14.3177
      vertex 34.2814 29.75 14.332
      vertex 34.4444 36 15.1516
    endloop
  endfacet
  facet normal -0.98005 0 0.198751
    outer loop
      vertex 34.2785 36 14.3177
      vertex 34.2814 26.25 14.332
      vertex 34.2814 29.75 14.332
    endloop
  endfacet
  facet normal -0.98005 0 0.198751
    outer loop
      vertex 34.2785 20 14.3177
      vertex 34.2814 26.25 14.332
      vertex 34.2785 36 14.3177
    endloop
  endfacet
  facet normal -0.980792 8.79601e-06 0.195057
    outer loop
      vertex 34.2785 20 14.3177
      vertex 34.4444 26.25 15.1516
      vertex 34.2814 26.25 14.332
    endloop
  endfacet
  facet normal -0.980779 0 0.195121
    outer loop
      vertex 34.4444 26.25 15.1516
      vertex 34.2785 20 14.3177
      vertex 34.4444 20 15.1516
    endloop
  endfacet
  facet normal -0.980792 0 0.195057
    outer loop
      vertex 34.4444 36 15.1516
      vertex 34.2814 29.75 14.332
      vertex 34.4444 29.75 15.1516
    endloop
  endfacet
  facet normal 0.555697 0 0.831385
    outer loop
      vertex 24.75 36 10.3708
      vertex 24.5 31 10.5379
      vertex 24.75 31 10.3708
    endloop
  endfacet
  facet normal 0.555582 0 0.831462
    outer loop
      vertex 24.5 31 10.5379
      vertex 24.0431 36 10.8432
      vertex 24.5 25 10.5379
    endloop
  endfacet
  facet normal 0.555623 5.40803e-06 0.831435
    outer loop
      vertex 24.0431 36 10.8432
      vertex 24.5 31 10.5379
      vertex 24.75 36 10.3708
    endloop
  endfacet
  facet normal 0.555697 0 0.831385
    outer loop
      vertex 24.5 25 10.5379
      vertex 24.75 20 10.3708
      vertex 24.75 25 10.3708
    endloop
  endfacet
  facet normal 0.555623 -5.40803e-06 0.831435
    outer loop
      vertex 24.5 25 10.5379
      vertex 24.0431 20 10.8432
      vertex 24.75 20 10.3708
    endloop
  endfacet
  facet normal 0.555582 -0 0.831462
    outer loop
      vertex 24.0431 20 10.8432
      vertex 24.5 25 10.5379
      vertex 24.0431 36 10.8432
    endloop
  endfacet
  facet normal 0.195087 0 0.980786
    outer loop
      vertex 26.3177 36 9.72148
      vertex 27.1516 31 9.55561
      vertex 27.1516 36 9.55561
    endloop
  endfacet
  facet normal 0.195087 0 0.980786
    outer loop
      vertex 27.1516 31 9.55561
      vertex 26.3177 36 9.72148
      vertex 26.3177 31 9.72148
    endloop
  endfacet
  facet normal 0.195087 0 0.980786
    outer loop
      vertex 26.3177 25 9.72148
      vertex 27.1516 20 9.55561
      vertex 27.1516 25 9.55561
    endloop
  endfacet
  facet normal 0.195087 0 0.980786
    outer loop
      vertex 27.1516 20 9.55561
      vertex 26.3177 25 9.72148
      vertex 26.3177 20 9.72148
    endloop
  endfacet
  facet normal 0.896907 -0 0.44222
    outer loop
      vertex 21.9948 20 13.5126
      vertex 22.3708 36 12.75
      vertex 21.9948 36 13.5126
    endloop
  endfacet
  facet normal 0.896907 0 0.44222
    outer loop
      vertex 22.3708 36 12.75
      vertex 21.9948 20 13.5126
      vertex 22.3708 20 12.75
    endloop
  endfacet
  facet normal 0.75187 -0 0.659312
    outer loop
      vertex 22.8432 20 12.0431
      vertex 23.4038 36 11.4038
      vertex 22.8432 36 12.0431
    endloop
  endfacet
  facet normal 0.75187 0 0.659312
    outer loop
      vertex 23.4038 36 11.4038
      vertex 22.8432 20 12.0431
      vertex 23.4038 20 11.4038
    endloop
  endfacet
  facet normal 0.946928 -0 0.321445
    outer loop
      vertex 21.7215 20 14.3177
      vertex 21.9948 36 13.5126
      vertex 21.7215 36 14.3177
    endloop
  endfacet
  facet normal 0.946928 0 0.321445
    outer loop
      vertex 21.9948 36 13.5126
      vertex 21.7215 20 14.3177
      vertex 21.9948 20 13.5126
    endloop
  endfacet
  facet normal 0.997859 -0 0.0653948
    outer loop
      vertex 21.5 20 16
      vertex 21.5556 36 15.1516
      vertex 21.5 36 16
    endloop
  endfacet
  facet normal 0.997859 0 0.0653948
    outer loop
      vertex 21.5556 36 15.1516
      vertex 21.5 20 16
      vertex 21.5556 20 15.1516
    endloop
  endfacet
  facet normal -0.195087 0 0.980786
    outer loop
      vertex 28.8484 36 9.55561
      vertex 29.6823 31 9.72148
      vertex 29.6823 36 9.72148
    endloop
  endfacet
  facet normal -0.195087 0 0.980786
    outer loop
      vertex 29.6823 31 9.72148
      vertex 28.8484 36 9.55561
      vertex 28.8484 31 9.55561
    endloop
  endfacet
  facet normal -0.195087 0 0.980786
    outer loop
      vertex 28.8484 25 9.55561
      vertex 29.6823 20 9.72148
      vertex 29.6823 25 9.72148
    endloop
  endfacet
  facet normal -0.195087 0 0.980786
    outer loop
      vertex 29.6823 20 9.72148
      vertex 28.8484 25 9.55561
      vertex 28.8484 20 9.55561
    endloop
  endfacet
  facet normal -0.896907 0 0.44222
    outer loop
      vertex 33.6292 20 12.75
      vertex 34.0052 36 13.5126
      vertex 33.6292 36 12.75
    endloop
  endfacet
  facet normal -0.896907 0 0.44222
    outer loop
      vertex 34.0052 36 13.5126
      vertex 33.6292 20 12.75
      vertex 34.0052 20 13.5126
    endloop
  endfacet
  facet normal 0.831435 -0 0.555623
    outer loop
      vertex 22.3708 20 12.75
      vertex 22.8432 36 12.0431
      vertex 22.3708 36 12.75
    endloop
  endfacet
  facet normal 0.831435 0 0.555623
    outer loop
      vertex 22.8432 36 12.0431
      vertex 22.3708 20 12.75
      vertex 22.8432 20 12.0431
    endloop
  endfacet
  facet normal 0.980779 -0 0.195121
    outer loop
      vertex 21.5556 20 15.1516
      vertex 21.7215 36 14.3177
      vertex 21.5556 36 15.1516
    endloop
  endfacet
  facet normal 0.980779 0 0.195121
    outer loop
      vertex 21.7215 36 14.3177
      vertex 21.5556 20 15.1516
      vertex 21.7215 20 14.3177
    endloop
  endfacet
  facet normal -0.946928 0 0.321445
    outer loop
      vertex 34.0052 20 13.5126
      vertex 34.2785 36 14.3177
      vertex 34.0052 36 13.5126
    endloop
  endfacet
  facet normal -0.946928 0 0.321445
    outer loop
      vertex 34.2785 36 14.3177
      vertex 34.0052 20 13.5126
      vertex 34.2785 20 14.3177
    endloop
  endfacet
  facet normal 0.995183 -0 0.0980305
    outer loop
      vertex 33.8847 21 17.1705
      vertex 34 35 16
      vertex 33.8847 35 17.1705
    endloop
  endfacet
  facet normal 0.995183 0 0.0980305
    outer loop
      vertex 34 35 16
      vertex 33.8847 21 17.1705
      vertex 34 21 16
    endloop
  endfacet
  facet normal -0.995183 0 0.0980305
    outer loop
      vertex 22 21 16
      vertex 22.1153 35 17.1705
      vertex 22 35 16
    endloop
  endfacet
  facet normal -0.995183 0 0.0980305
    outer loop
      vertex 22.1153 35 17.1705
      vertex 22 21 16
      vertex 22.1153 21 17.1705
    endloop
  endfacet
  facet normal 0.0980305 0 0.995183
    outer loop
      vertex 28 35 22
      vertex 29.1705 21 21.8847
      vertex 29.1705 35 21.8847
    endloop
  endfacet
  facet normal 0.0980305 0 0.995183
    outer loop
      vertex 29.1705 21 21.8847
      vertex 28 35 22
      vertex 28 21 22
    endloop
  endfacet
  facet normal 0.772994 -0 0.634413
    outer loop
      vertex 32.2426 21 20.2426
      vertex 32.9888 35 19.3334
      vertex 32.2426 35 20.2426
    endloop
  endfacet
  facet normal 0.772994 0 0.634413
    outer loop
      vertex 32.9888 35 19.3334
      vertex 32.2426 21 20.2426
      vertex 32.9888 21 19.3334
    endloop
  endfacet
  facet normal -0.634413 0 0.772994
    outer loop
      vertex 23.7574 35 20.2426
      vertex 24.6666 21 20.9888
      vertex 24.6666 35 20.9888
    endloop
  endfacet
  facet normal -0.634413 0 0.772994
    outer loop
      vertex 24.6666 21 20.9888
      vertex 23.7574 35 20.2426
      vertex 23.7574 21 20.2426
    endloop
  endfacet
  facet normal -0.290248 0 0.956951
    outer loop
      vertex 25.7039 35 21.5433
      vertex 26.8295 21 21.8847
      vertex 26.8295 35 21.8847
    endloop
  endfacet
  facet normal -0.290248 0 0.956951
    outer loop
      vertex 26.8295 21 21.8847
      vertex 25.7039 35 21.5433
      vertex 25.7039 21 21.5433
    endloop
  endfacet
  facet normal 0.634413 0 -0.772994
    outer loop
      vertex 31.3334 21 11.0112
      vertex 32.2426 35 11.7574
      vertex 32.2426 21 11.7574
    endloop
  endfacet
  facet normal 0.634413 0 -0.772994
    outer loop
      vertex 32.2426 35 11.7574
      vertex 31.3334 21 11.0112
      vertex 31.3334 35 11.0112
    endloop
  endfacet
  facet normal 0 1 0
    outer loop
      vertex 28 35 20.5
      vertex 28 35 22
      vertex 29.1705 35 21.8847
    endloop
  endfacet
  facet normal 0 1 0
    outer loop
      vertex 29.1647 35 20.3467
      vertex 29.1705 35 21.8847
      vertex 30.2961 35 21.5433
    endloop
  endfacet
  facet normal 0 1 0
    outer loop
      vertex 28 35 22
      vertex 28 35 20.5
      vertex 26.8295 35 21.8847
    endloop
  endfacet
  facet normal 0 1 0
    outer loop
      vertex 30.25 35 19.8971
      vertex 30.2961 35 21.5433
      vertex 31.3334 35 20.9888
    endloop
  endfacet
  facet normal 0 1 -0
    outer loop
      vertex 26.8353 35 20.3467
      vertex 26.8295 35 21.8847
      vertex 28 35 20.5
    endloop
  endfacet
  facet normal 0 1 0
    outer loop
      vertex 26.8295 35 21.8847
      vertex 26.8353 35 20.3467
      vertex 25.7039 35 21.5433
    endloop
  endfacet
  facet normal 0 1 0
    outer loop
      vertex 29.1705 35 21.8847
      vertex 29.1647 35 20.3467
      vertex 28 35 20.5
    endloop
  endfacet
  facet normal 0 1 0
    outer loop
      vertex 31.182 35 19.182
      vertex 31.3334 35 20.9888
      vertex 32.2426 35 20.2426
    endloop
  endfacet
  facet normal 0 1 0
    outer loop
      vertex 30.2961 35 21.5433
      vertex 30.25 35 19.8971
      vertex 29.1647 35 20.3467
    endloop
  endfacet
  facet normal 0 1 0
    outer loop
      vertex 31.182 35 19.182
      vertex 32.2426 35 20.2426
      vertex 32.9888 35 19.3334
    endloop
  endfacet
  facet normal 0 1 0
    outer loop
      vertex 31.3334 35 20.9888
      vertex 31.182 35 19.182
      vertex 30.25 35 19.8971
    endloop
  endfacet
  facet normal 0 1 0
    outer loop
      vertex 31.8971 35 18.25
      vertex 32.9888 35 19.3334
      vertex 33.5433 35 18.2961
    endloop
  endfacet
  facet normal 0 1 0
    outer loop
      vertex 32.9888 35 19.3334
      vertex 31.8971 35 18.25
      vertex 31.182 35 19.182
    endloop
  endfacet
  facet normal 0 1 0
    outer loop
      vertex 32.3467 35 17.1647
      vertex 33.5433 35 18.2961
      vertex 33.8847 35 17.1705
    endloop
  endfacet
  facet normal 0 1 0
    outer loop
      vertex 33.5433 35 18.2961
      vertex 32.3467 35 17.1647
      vertex 31.8971 35 18.25
    endloop
  endfacet
  facet normal 0 1 0
    outer loop
      vertex 32.5 35 16
      vertex 33.8847 35 17.1705
      vertex 34 35 16
    endloop
  endfacet
  facet normal 0 1 0
    outer loop
      vertex 33.8847 35 17.1705
      vertex 32.5 35 16
      vertex 32.3467 35 17.1647
    endloop
  endfacet
  facet normal 0 1 -0
    outer loop
      vertex 33.8847 35 14.8295
      vertex 32.5 35 16
      vertex 34 35 16
    endloop
  endfacet
  facet normal 0 1 0
    outer loop
      vertex 32.5 35 16
      vertex 33.8847 35 14.8295
      vertex 32.3467 35 14.8353
    endloop
  endfacet
  facet normal 0 1 -0
    outer loop
      vertex 33.5433 35 13.7039
      vertex 32.3467 35 14.8353
      vertex 33.8847 35 14.8295
    endloop
  endfacet
  facet normal 0 1 0
    outer loop
      vertex 32.3467 35 14.8353
      vertex 33.5433 35 13.7039
      vertex 31.8971 35 13.75
    endloop
  endfacet
  facet normal 0 1 -0
    outer loop
      vertex 32.9888 35 12.6666
      vertex 31.8971 35 13.75
      vertex 33.5433 35 13.7039
    endloop
  endfacet
  facet normal 0 1 0
    outer loop
      vertex 31.8971 35 13.75
      vertex 32.9888 35 12.6666
      vertex 31.182 35 12.818
    endloop
  endfacet
  facet normal 0 1 -0
    outer loop
      vertex 32.2426 35 11.7574
      vertex 31.182 35 12.818
      vertex 32.9888 35 12.6666
    endloop
  endfacet
  facet normal 0 1 -0
    outer loop
      vertex 31.3334 35 11.0112
      vertex 31.182 35 12.818
      vertex 32.2426 35 11.7574
    endloop
  endfacet
  facet normal 0 1 0
    outer loop
      vertex 31.182 35 12.818
      vertex 31.3334 35 11.0112
      vertex 30.25 35 12.1029
    endloop
  endfacet
  facet normal 0 1 -0
    outer loop
      vertex 30.2961 35 10.4567
      vertex 30.25 35 12.1029
      vertex 31.3334 35 11.0112
    endloop
  endfacet
  facet normal 0 1 0
    outer loop
      vertex 30.25 35 12.1029
      vertex 30.2961 35 10.4567
      vertex 29.1647 35 11.6533
    endloop
  endfacet
  facet normal 0 1 -0
    outer loop
      vertex 25.75 35 19.8971
      vertex 25.7039 35 21.5433
      vertex 26.8353 35 20.3467
    endloop
  endfacet
  facet normal 0 1 0
    outer loop
      vertex 25.7039 35 21.5433
      vertex 25.75 35 19.8971
      vertex 24.6666 35 20.9888
    endloop
  endfacet
  facet normal 0 1 -0
    outer loop
      vertex 24.818 35 19.182
      vertex 24.6666 35 20.9888
      vertex 25.75 35 19.8971
    endloop
  endfacet
  facet normal 0 1 0
    outer loop
      vertex 24.6666 35 20.9888
      vertex 24.818 35 19.182
      vertex 23.7574 35 20.2426
    endloop
  endfacet
  facet normal 0 1 0
    outer loop
      vertex 23.7574 35 20.2426
      vertex 24.818 35 19.182
      vertex 23.0112 35 19.3334
    endloop
  endfacet
  facet normal 0 1 -0
    outer loop
      vertex 24.1029 35 18.25
      vertex 23.0112 35 19.3334
      vertex 24.818 35 19.182
    endloop
  endfacet
  facet normal 0 1 0
    outer loop
      vertex 23.0112 35 19.3334
      vertex 24.1029 35 18.25
      vertex 22.4567 35 18.2961
    endloop
  endfacet
  facet normal 0 1 -0
    outer loop
      vertex 23.6533 35 17.1647
      vertex 22.4567 35 18.2961
      vertex 24.1029 35 18.25
    endloop
  endfacet
  facet normal 0 1 0
    outer loop
      vertex 22.4567 35 18.2961
      vertex 23.6533 35 17.1647
      vertex 22.1153 35 17.1705
    endloop
  endfacet
  facet normal 0 1 -0
    outer loop
      vertex 23.5 35 16
      vertex 22.1153 35 17.1705
      vertex 23.6533 35 17.1647
    endloop
  endfacet
  facet normal 0 1 0
    outer loop
      vertex 23.5 35 16
      vertex 22 35 16
      vertex 22.1153 35 17.1705
    endloop
  endfacet
  facet normal 0 1 0
    outer loop
      vertex 22.1153 35 14.8295
      vertex 23.5 35 16
      vertex 23.6533 35 14.8353
    endloop
  endfacet
  facet normal 0 1 0
    outer loop
      vertex 23.5 35 16
      vertex 22.1153 35 14.8295
      vertex 22 35 16
    endloop
  endfacet
  facet normal 0 1 0
    outer loop
      vertex 22.4567 35 13.7039
      vertex 23.6533 35 14.8353
      vertex 24.1029 35 13.75
    endloop
  endfacet
  facet normal 0 1 0
    outer loop
      vertex 23.6533 35 14.8353
      vertex 22.4567 35 13.7039
      vertex 22.1153 35 14.8295
    endloop
  endfacet
  facet normal 0 1 0
    outer loop
      vertex 23.0112 35 12.6666
      vertex 24.1029 35 13.75
      vertex 24.818 35 12.818
    endloop
  endfacet
  facet normal 0 1 0
    outer loop
      vertex 24.1029 35 13.75
      vertex 23.0112 35 12.6666
      vertex 22.4567 35 13.7039
    endloop
  endfacet
  facet normal 0 1 0
    outer loop
      vertex 24.6666 35 11.0112
      vertex 24.818 35 12.818
      vertex 25.75 35 12.1029
    endloop
  endfacet
  facet normal 0 1 0
    outer loop
      vertex 24.818 35 12.818
      vertex 23.7574 35 11.7574
      vertex 23.0112 35 12.6666
    endloop
  endfacet
  facet normal 0 1 0
    outer loop
      vertex 25.7039 35 10.4567
      vertex 25.75 35 12.1029
      vertex 26.8353 35 11.6533
    endloop
  endfacet
  facet normal 0 1 0
    outer loop
      vertex 26.8295 35 10.1153
      vertex 26.8353 35 11.6533
      vertex 28 35 11.5
    endloop
  endfacet
  facet normal 0 1 -0
    outer loop
      vertex 29.1705 35 10.1153
      vertex 29.1647 35 11.6533
      vertex 30.2961 35 10.4567
    endloop
  endfacet
  facet normal 0 1 0
    outer loop
      vertex 24.818 35 12.818
      vertex 24.6666 35 11.0112
      vertex 23.7574 35 11.7574
    endloop
  endfacet
  facet normal 0 1 0
    outer loop
      vertex 29.1647 35 11.6533
      vertex 29.1705 35 10.1153
      vertex 28 35 11.5
    endloop
  endfacet
  facet normal 0 1 0
    outer loop
      vertex 25.75 35 12.1029
      vertex 25.7039 35 10.4567
      vertex 24.6666 35 11.0112
    endloop
  endfacet
  facet normal 0 1 0
    outer loop
      vertex 28 35 10
      vertex 28 35 11.5
      vertex 29.1705 35 10.1153
    endloop
  endfacet
  facet normal 0 1 0
    outer loop
      vertex 26.8353 35 11.6533
      vertex 26.8295 35 10.1153
      vertex 25.7039 35 10.4567
    endloop
  endfacet
  facet normal 0 1 0
    outer loop
      vertex 28 35 11.5
      vertex 28 35 10
      vertex 26.8295 35 10.1153
    endloop
  endfacet
  facet normal 0.881903 -0 0.471431
    outer loop
      vertex 32.9888 21 19.3334
      vertex 33.5433 35 18.2961
      vertex 32.9888 35 19.3334
    endloop
  endfacet
  facet normal 0.881903 0 0.471431
    outer loop
      vertex 33.5433 35 18.2961
      vertex 32.9888 21 19.3334
      vertex 33.5433 21 18.2961
    endloop
  endfacet
  facet normal 0.956951 -0 0.290248
    outer loop
      vertex 33.5433 21 18.2961
      vertex 33.8847 35 17.1705
      vertex 33.5433 35 18.2961
    endloop
  endfacet
  facet normal 0.956951 0 0.290248
    outer loop
      vertex 33.8847 35 17.1705
      vertex 33.5433 21 18.2961
      vertex 33.8847 21 17.1705
    endloop
  endfacet
  facet normal 0.471431 0 0.881903
    outer loop
      vertex 30.2961 35 21.5433
      vertex 31.3334 21 20.9888
      vertex 31.3334 35 20.9888
    endloop
  endfacet
  facet normal 0.471431 0 0.881903
    outer loop
      vertex 31.3334 21 20.9888
      vertex 30.2961 35 21.5433
      vertex 30.2961 21 21.5433
    endloop
  endfacet
  facet normal 0.290248 0 0.956951
    outer loop
      vertex 29.1705 35 21.8847
      vertex 30.2961 21 21.5433
      vertex 30.2961 35 21.5433
    endloop
  endfacet
  facet normal 0.290248 0 0.956951
    outer loop
      vertex 30.2961 21 21.5433
      vertex 29.1705 35 21.8847
      vertex 29.1705 21 21.8847
    endloop
  endfacet
  facet normal 0.634413 0 0.772994
    outer loop
      vertex 31.3334 35 20.9888
      vertex 32.2426 21 20.2426
      vertex 32.2426 35 20.2426
    endloop
  endfacet
  facet normal 0.634413 0 0.772994
    outer loop
      vertex 32.2426 21 20.2426
      vertex 31.3334 35 20.9888
      vertex 31.3334 21 20.9888
    endloop
  endfacet
  facet normal -0.881903 0 0.471431
    outer loop
      vertex 22.4567 21 18.2961
      vertex 23.0112 35 19.3334
      vertex 22.4567 35 18.2961
    endloop
  endfacet
  facet normal -0.881903 0 0.471431
    outer loop
      vertex 23.0112 35 19.3334
      vertex 22.4567 21 18.2961
      vertex 23.0112 21 19.3334
    endloop
  endfacet
  facet normal -0.772994 0 0.634413
    outer loop
      vertex 23.0112 21 19.3334
      vertex 23.7574 35 20.2426
      vertex 23.0112 35 19.3334
    endloop
  endfacet
  facet normal -0.772994 0 0.634413
    outer loop
      vertex 23.7574 35 20.2426
      vertex 23.0112 21 19.3334
      vertex 23.7574 21 20.2426
    endloop
  endfacet
  facet normal -0.956951 0 0.290248
    outer loop
      vertex 22.1153 21 17.1705
      vertex 22.4567 35 18.2961
      vertex 22.1153 35 17.1705
    endloop
  endfacet
  facet normal -0.956951 0 0.290248
    outer loop
      vertex 22.4567 35 18.2961
      vertex 22.1153 21 17.1705
      vertex 22.4567 21 18.2961
    endloop
  endfacet
  facet normal 0 -1 0
    outer loop
      vertex 28 21 20.5
      vertex 28 21 22
      vertex 26.8295 21 21.8847
    endloop
  endfacet
  facet normal 0 -1 0
    outer loop
      vertex 26.8353 21 20.3467
      vertex 26.8295 21 21.8847
      vertex 25.7039 21 21.5433
    endloop
  endfacet
  facet normal 0 -1 0
    outer loop
      vertex 28 21 22
      vertex 28 21 20.5
      vertex 29.1705 21 21.8847
    endloop
  endfacet
  facet normal 0 -1 0
    outer loop
      vertex 25.75 21 19.8971
      vertex 25.7039 21 21.5433
      vertex 24.6666 21 20.9888
    endloop
  endfacet
  facet normal 0 -1 0
    outer loop
      vertex 29.1647 21 20.3467
      vertex 29.1705 21 21.8847
      vertex 28 21 20.5
    endloop
  endfacet
  facet normal 0 -1 -0
    outer loop
      vertex 29.1705 21 21.8847
      vertex 29.1647 21 20.3467
      vertex 30.2961 21 21.5433
    endloop
  endfacet
  facet normal 0 -1 0
    outer loop
      vertex 26.8295 21 21.8847
      vertex 26.8353 21 20.3467
      vertex 28 21 20.5
    endloop
  endfacet
  facet normal 0 -1 0
    outer loop
      vertex 24.818 21 19.182
      vertex 24.6666 21 20.9888
      vertex 23.7574 21 20.2426
    endloop
  endfacet
  facet normal 0 -1 0
    outer loop
      vertex 25.7039 21 21.5433
      vertex 25.75 21 19.8971
      vertex 26.8353 21 20.3467
    endloop
  endfacet
  facet normal 0 -1 0
    outer loop
      vertex 24.818 21 19.182
      vertex 23.7574 21 20.2426
      vertex 23.0112 21 19.3334
    endloop
  endfacet
  facet normal 0 -1 0
    outer loop
      vertex 24.6666 21 20.9888
      vertex 24.818 21 19.182
      vertex 25.75 21 19.8971
    endloop
  endfacet
  facet normal 0 -1 0
    outer loop
      vertex 24.1029 21 18.25
      vertex 23.0112 21 19.3334
      vertex 22.4567 21 18.2961
    endloop
  endfacet
  facet normal 0 -1 0
    outer loop
      vertex 23.0112 21 19.3334
      vertex 24.1029 21 18.25
      vertex 24.818 21 19.182
    endloop
  endfacet
  facet normal 0 -1 0
    outer loop
      vertex 23.6533 21 17.1647
      vertex 22.4567 21 18.2961
      vertex 22.1153 21 17.1705
    endloop
  endfacet
  facet normal 0 -1 0
    outer loop
      vertex 22.4567 21 18.2961
      vertex 23.6533 21 17.1647
      vertex 24.1029 21 18.25
    endloop
  endfacet
  facet normal 0 -1 0
    outer loop
      vertex 23.5 21 16
      vertex 22.1153 21 17.1705
      vertex 22 21 16
    endloop
  endfacet
  facet normal 0 -1 0
    outer loop
      vertex 22.1153 21 17.1705
      vertex 23.5 21 16
      vertex 23.6533 21 17.1647
    endloop
  endfacet
  facet normal 0 -1 0
    outer loop
      vertex 22.1153 21 14.8295
      vertex 23.5 21 16
      vertex 22 21 16
    endloop
  endfacet
  facet normal 0 -1 -0
    outer loop
      vertex 23.5 21 16
      vertex 22.1153 21 14.8295
      vertex 23.6533 21 14.8353
    endloop
  endfacet
  facet normal 0 -1 0
    outer loop
      vertex 22.4567 21 13.7039
      vertex 23.6533 21 14.8353
      vertex 22.1153 21 14.8295
    endloop
  endfacet
  facet normal 0 -1 -0
    outer loop
      vertex 23.6533 21 14.8353
      vertex 22.4567 21 13.7039
      vertex 24.1029 21 13.75
    endloop
  endfacet
  facet normal 0 -1 0
    outer loop
      vertex 23.0112 21 12.6666
      vertex 24.1029 21 13.75
      vertex 22.4567 21 13.7039
    endloop
  endfacet
  facet normal 0 -1 -0
    outer loop
      vertex 24.1029 21 13.75
      vertex 23.0112 21 12.6666
      vertex 24.818 21 12.818
    endloop
  endfacet
  facet normal 0 -1 0
    outer loop
      vertex 23.7574 21 11.7574
      vertex 24.818 21 12.818
      vertex 23.0112 21 12.6666
    endloop
  endfacet
  facet normal 0 -1 0
    outer loop
      vertex 24.6666 21 11.0112
      vertex 24.818 21 12.818
      vertex 23.7574 21 11.7574
    endloop
  endfacet
  facet normal 0 -1 -0
    outer loop
      vertex 24.818 21 12.818
      vertex 24.6666 21 11.0112
      vertex 25.75 21 12.1029
    endloop
  endfacet
  facet normal 0 -1 0
    outer loop
      vertex 25.7039 21 10.4567
      vertex 25.75 21 12.1029
      vertex 24.6666 21 11.0112
    endloop
  endfacet
  facet normal 0 -1 -0
    outer loop
      vertex 25.75 21 12.1029
      vertex 25.7039 21 10.4567
      vertex 26.8353 21 11.6533
    endloop
  endfacet
  facet normal 0 -1 0
    outer loop
      vertex 30.25 21 19.8971
      vertex 30.2961 21 21.5433
      vertex 29.1647 21 20.3467
    endloop
  endfacet
  facet normal 0 -1 -0
    outer loop
      vertex 30.2961 21 21.5433
      vertex 30.25 21 19.8971
      vertex 31.3334 21 20.9888
    endloop
  endfacet
  facet normal 0 -1 0
    outer loop
      vertex 31.182 21 19.182
      vertex 31.3334 21 20.9888
      vertex 30.25 21 19.8971
    endloop
  endfacet
  facet normal 0 -1 -0
    outer loop
      vertex 31.3334 21 20.9888
      vertex 31.182 21 19.182
      vertex 32.2426 21 20.2426
    endloop
  endfacet
  facet normal 0 -1 -0
    outer loop
      vertex 32.2426 21 20.2426
      vertex 31.182 21 19.182
      vertex 32.9888 21 19.3334
    endloop
  endfacet
  facet normal 0 -1 0
    outer loop
      vertex 31.8971 21 18.25
      vertex 32.9888 21 19.3334
      vertex 31.182 21 19.182
    endloop
  endfacet
  facet normal 0 -1 -0
    outer loop
      vertex 32.9888 21 19.3334
      vertex 31.8971 21 18.25
      vertex 33.5433 21 18.2961
    endloop
  endfacet
  facet normal 0 -1 0
    outer loop
      vertex 32.3467 21 17.1647
      vertex 33.5433 21 18.2961
      vertex 31.8971 21 18.25
    endloop
  endfacet
  facet normal 0 -1 -0
    outer loop
      vertex 33.5433 21 18.2961
      vertex 32.3467 21 17.1647
      vertex 33.8847 21 17.1705
    endloop
  endfacet
  facet normal 0 -1 0
    outer loop
      vertex 32.5 21 16
      vertex 33.8847 21 17.1705
      vertex 32.3467 21 17.1647
    endloop
  endfacet
  facet normal 0 -1 0
    outer loop
      vertex 32.5 21 16
      vertex 34 21 16
      vertex 33.8847 21 17.1705
    endloop
  endfacet
  facet normal 0 -1 0
    outer loop
      vertex 33.8847 21 14.8295
      vertex 32.5 21 16
      vertex 32.3467 21 14.8353
    endloop
  endfacet
  facet normal 0 -1 0
    outer loop
      vertex 32.5 21 16
      vertex 33.8847 21 14.8295
      vertex 34 21 16
    endloop
  endfacet
  facet normal 0 -1 0
    outer loop
      vertex 33.5433 21 13.7039
      vertex 32.3467 21 14.8353
      vertex 31.8971 21 13.75
    endloop
  endfacet
  facet normal 0 -1 0
    outer loop
      vertex 32.3467 21 14.8353
      vertex 33.5433 21 13.7039
      vertex 33.8847 21 14.8295
    endloop
  endfacet
  facet normal 0 -1 0
    outer loop
      vertex 32.9888 21 12.6666
      vertex 31.8971 21 13.75
      vertex 31.182 21 12.818
    endloop
  endfacet
  facet normal 0 -1 0
    outer loop
      vertex 31.8971 21 13.75
      vertex 32.9888 21 12.6666
      vertex 33.5433 21 13.7039
    endloop
  endfacet
  facet normal 0 -1 0
    outer loop
      vertex 31.3334 21 11.0112
      vertex 31.182 21 12.818
      vertex 30.25 21 12.1029
    endloop
  endfacet
  facet normal 0 -1 0
    outer loop
      vertex 31.182 21 12.818
      vertex 32.2426 21 11.7574
      vertex 32.9888 21 12.6666
    endloop
  endfacet
  facet normal 0 -1 0
    outer loop
      vertex 30.2961 21 10.4567
      vertex 30.25 21 12.1029
      vertex 29.1647 21 11.6533
    endloop
  endfacet
  facet normal 0 -1 0
    outer loop
      vertex 29.1705 21 10.1153
      vertex 29.1647 21 11.6533
      vertex 28 21 11.5
    endloop
  endfacet
  facet normal 0 -1 0
    outer loop
      vertex 26.8295 21 10.1153
      vertex 26.8353 21 11.6533
      vertex 25.7039 21 10.4567
    endloop
  endfacet
  facet normal 0 -1 0
    outer loop
      vertex 31.182 21 12.818
      vertex 31.3334 21 11.0112
      vertex 32.2426 21 11.7574
    endloop
  endfacet
  facet normal 0 -1 -0
    outer loop
      vertex 26.8353 21 11.6533
      vertex 26.8295 21 10.1153
      vertex 28 21 11.5
    endloop
  endfacet
  facet normal 0 -1 0
    outer loop
      vertex 30.25 21 12.1029
      vertex 30.2961 21 10.4567
      vertex 31.3334 21 11.0112
    endloop
  endfacet
  facet normal 0 -1 0
    outer loop
      vertex 28 21 10
      vertex 28 21 11.5
      vertex 26.8295 21 10.1153
    endloop
  endfacet
  facet normal 0 -1 0
    outer loop
      vertex 29.1647 21 11.6533
      vertex 29.1705 21 10.1153
      vertex 30.2961 21 10.4567
    endloop
  endfacet
  facet normal 0 -1 0
    outer loop
      vertex 28 21 11.5
      vertex 28 21 10
      vertex 29.1705 21 10.1153
    endloop
  endfacet
  facet normal -0.471431 0 0.881903
    outer loop
      vertex 24.6666 35 20.9888
      vertex 25.7039 21 21.5433
      vertex 25.7039 35 21.5433
    endloop
  endfacet
  facet normal -0.471431 0 0.881903
    outer loop
      vertex 25.7039 21 21.5433
      vertex 24.6666 35 20.9888
      vertex 24.6666 21 20.9888
    endloop
  endfacet
  facet normal -0.0980305 0 0.995183
    outer loop
      vertex 26.8295 35 21.8847
      vertex 28 21 22
      vertex 28 35 22
    endloop
  endfacet
  facet normal -0.0980305 0 0.995183
    outer loop
      vertex 28 21 22
      vertex 26.8295 35 21.8847
      vertex 26.8295 21 21.8847
    endloop
  endfacet
  facet normal 0.995183 7.89005e-06 -0.0980305
    outer loop
      vertex 34 35 16
      vertex 33.9705 29.75 15.7001
      vertex 33.8847 35 14.8295
    endloop
  endfacet
  facet normal 0.995197 0 -0.0978937
    outer loop
      vertex 34 35 16
      vertex 33.9705 26.25 15.7001
      vertex 33.9705 29.75 15.7001
    endloop
  endfacet
  facet normal 0.995197 0 -0.0978937
    outer loop
      vertex 34 21 16
      vertex 33.9705 26.25 15.7001
      vertex 34 35 16
    endloop
  endfacet
  facet normal 0.995183 -7.89005e-06 -0.0980305
    outer loop
      vertex 33.8847 21 14.8295
      vertex 33.9705 26.25 15.7001
      vertex 34 21 16
    endloop
  endfacet
  facet normal 0.995179 0 -0.0980776
    outer loop
      vertex 33.9705 26.25 15.7001
      vertex 33.8847 21 14.8295
      vertex 33.8847 26.25 14.8295
    endloop
  endfacet
  facet normal 0.995179 0 -0.0980776
    outer loop
      vertex 33.8847 35 14.8295
      vertex 33.9705 29.75 15.7001
      vertex 33.8847 29.75 14.8295
    endloop
  endfacet
  facet normal 0.0980305 0 -0.995183
    outer loop
      vertex 28 31 10
      vertex 29.1705 35 10.1153
      vertex 29.1705 31 10.1153
    endloop
  endfacet
  facet normal 0.0980305 0 -0.995183
    outer loop
      vertex 29.1705 35 10.1153
      vertex 28 31 10
      vertex 28 35 10
    endloop
  endfacet
  facet normal 0.0980305 0 -0.995183
    outer loop
      vertex 28 21 10
      vertex 29.1705 25 10.1153
      vertex 29.1705 21 10.1153
    endloop
  endfacet
  facet normal 0.0980305 0 -0.995183
    outer loop
      vertex 29.1705 25 10.1153
      vertex 28 21 10
      vertex 28 25 10
    endloop
  endfacet
  facet normal 0.472338 0 -0.881417
    outer loop
      vertex 31.3334 21 11.0112
      vertex 31.3125 25 11
      vertex 31.3334 35 11.0112
    endloop
  endfacet
  facet normal 0.471431 -6.10225e-06 -0.881903
    outer loop
      vertex 30.2961 21 10.4567
      vertex 31.3125 25 11
      vertex 31.3334 21 11.0112
    endloop
  endfacet
  facet normal 0.471412 0 -0.881913
    outer loop
      vertex 31.3125 25 11
      vertex 30.2961 21 10.4567
      vertex 30.2961 25 10.4567
    endloop
  endfacet
  facet normal 0.472338 0 -0.881417
    outer loop
      vertex 31.3125 31 11
      vertex 31.3334 35 11.0112
      vertex 31.3125 25 11
    endloop
  endfacet
  facet normal 0.471412 6.22779e-06 -0.881913
    outer loop
      vertex 30.2961 31 10.4567
      vertex 31.3334 35 11.0112
      vertex 31.3125 31 11
    endloop
  endfacet
  facet normal 0.471431 0 -0.881903
    outer loop
      vertex 31.3334 35 11.0112
      vertex 30.2961 31 10.4567
      vertex 30.2961 35 10.4567
    endloop
  endfacet
  facet normal -0.634413 0 -0.772994
    outer loop
      vertex 23.7574 21 11.7574
      vertex 24.6666 35 11.0112
      vertex 24.6666 21 11.0112
    endloop
  endfacet
  facet normal -0.634413 0 -0.772994
    outer loop
      vertex 24.6666 35 11.0112
      vertex 23.7574 21 11.7574
      vertex 23.7574 35 11.7574
    endloop
  endfacet
  facet normal -0.290248 0 -0.956951
    outer loop
      vertex 25.7039 31 10.4567
      vertex 26.8295 35 10.1153
      vertex 26.8295 31 10.1153
    endloop
  endfacet
  facet normal -0.290248 0 -0.956951
    outer loop
      vertex 26.8295 35 10.1153
      vertex 25.7039 31 10.4567
      vertex 25.7039 35 10.4567
    endloop
  endfacet
  facet normal -0.290248 0 -0.956951
    outer loop
      vertex 25.7039 21 10.4567
      vertex 26.8295 25 10.1153
      vertex 26.8295 21 10.1153
    endloop
  endfacet
  facet normal -0.290248 0 -0.956951
    outer loop
      vertex 26.8295 25 10.1153
      vertex 25.7039 21 10.4567
      vertex 25.7039 25 10.4567
    endloop
  endfacet
  facet normal -0.881903 0 -0.471431
    outer loop
      vertex 23.0112 21 12.6666
      vertex 22.4567 35 13.7039
      vertex 23.0112 35 12.6666
    endloop
  endfacet
  facet normal -0.881903 -0 -0.471431
    outer loop
      vertex 22.4567 35 13.7039
      vertex 23.0112 21 12.6666
      vertex 22.4567 21 13.7039
    endloop
  endfacet
  facet normal -0.995183 0 -0.0980305
    outer loop
      vertex 22.1153 21 14.8295
      vertex 22 35 16
      vertex 22.1153 35 14.8295
    endloop
  endfacet
  facet normal -0.995183 -0 -0.0980305
    outer loop
      vertex 22 35 16
      vertex 22.1153 21 14.8295
      vertex 22 21 16
    endloop
  endfacet
  facet normal 0.290248 0 -0.956951
    outer loop
      vertex 29.1705 31 10.1153
      vertex 30.2961 35 10.4567
      vertex 30.2961 31 10.4567
    endloop
  endfacet
  facet normal 0.290248 0 -0.956951
    outer loop
      vertex 30.2961 35 10.4567
      vertex 29.1705 31 10.1153
      vertex 29.1705 35 10.1153
    endloop
  endfacet
  facet normal 0.290248 0 -0.956951
    outer loop
      vertex 29.1705 21 10.1153
      vertex 30.2961 25 10.4567
      vertex 30.2961 21 10.4567
    endloop
  endfacet
  facet normal 0.290248 0 -0.956951
    outer loop
      vertex 30.2961 25 10.4567
      vertex 29.1705 21 10.1153
      vertex 29.1705 25 10.1153
    endloop
  endfacet
  facet normal 0.772994 0 -0.634413
    outer loop
      vertex 32.9888 21 12.6666
      vertex 32.2426 35 11.7574
      vertex 32.9888 35 12.6666
    endloop
  endfacet
  facet normal 0.772994 0 -0.634413
    outer loop
      vertex 32.2426 35 11.7574
      vertex 32.9888 21 12.6666
      vertex 32.2426 21 11.7574
    endloop
  endfacet
  facet normal -0.471412 0 -0.881913
    outer loop
      vertex 25.7039 21 10.4567
      vertex 24.6875 25 11
      vertex 25.7039 25 10.4567
    endloop
  endfacet
  facet normal -0.472338 0 -0.881417
    outer loop
      vertex 24.6875 25 11
      vertex 24.6666 21 11.0112
      vertex 24.6875 31 11
    endloop
  endfacet
  facet normal -0.471431 -6.10225e-06 -0.881903
    outer loop
      vertex 24.6666 21 11.0112
      vertex 24.6875 25 11
      vertex 25.7039 21 10.4567
    endloop
  endfacet
  facet normal -0.471412 0 -0.881913
    outer loop
      vertex 24.6875 31 11
      vertex 25.7039 35 10.4567
      vertex 25.7039 31 10.4567
    endloop
  endfacet
  facet normal -0.471431 6.10225e-06 -0.881903
    outer loop
      vertex 24.6875 31 11
      vertex 24.6666 35 11.0112
      vertex 25.7039 35 10.4567
    endloop
  endfacet
  facet normal -0.472338 -0 -0.881417
    outer loop
      vertex 24.6666 35 11.0112
      vertex 24.6875 31 11
      vertex 24.6666 21 11.0112
    endloop
  endfacet
  facet normal -0.0980305 0 -0.995183
    outer loop
      vertex 26.8295 31 10.1153
      vertex 28 35 10
      vertex 28 31 10
    endloop
  endfacet
  facet normal -0.0980305 0 -0.995183
    outer loop
      vertex 28 35 10
      vertex 26.8295 31 10.1153
      vertex 26.8295 35 10.1153
    endloop
  endfacet
  facet normal -0.0980305 0 -0.995183
    outer loop
      vertex 26.8295 21 10.1153
      vertex 28 25 10
      vertex 28 21 10
    endloop
  endfacet
  facet normal -0.0980305 0 -0.995183
    outer loop
      vertex 28 25 10
      vertex 26.8295 21 10.1153
      vertex 26.8295 25 10.1153
    endloop
  endfacet
  facet normal -0.772994 0 -0.634413
    outer loop
      vertex 23.7574 21 11.7574
      vertex 23.0112 35 12.6666
      vertex 23.7574 35 11.7574
    endloop
  endfacet
  facet normal -0.772994 -0 -0.634413
    outer loop
      vertex 23.0112 35 12.6666
      vertex 23.7574 21 11.7574
      vertex 23.0112 21 12.6666
    endloop
  endfacet
  facet normal -0.956951 0 -0.290248
    outer loop
      vertex 22.4567 21 13.7039
      vertex 22.1153 35 14.8295
      vertex 22.4567 35 13.7039
    endloop
  endfacet
  facet normal -0.956951 -0 -0.290248
    outer loop
      vertex 22.1153 35 14.8295
      vertex 22.4567 21 13.7039
      vertex 22.1153 21 14.8295
    endloop
  endfacet
  facet normal 0.881903 0 -0.471431
    outer loop
      vertex 33.5433 21 13.7039
      vertex 32.9888 35 12.6666
      vertex 33.5433 35 13.7039
    endloop
  endfacet
  facet normal 0.881903 0 -0.471431
    outer loop
      vertex 32.9888 35 12.6666
      vertex 33.5433 21 13.7039
      vertex 32.9888 21 12.6666
    endloop
  endfacet
  facet normal 0.956957 0 -0.290228
    outer loop
      vertex 33.8847 26.25 14.8295
      vertex 33.8847 21 14.8295
      vertex 33.8154 26.25 14.601
    endloop
  endfacet
  facet normal 0.956957 0 -0.290228
    outer loop
      vertex 33.8154 29.75 14.601
      vertex 33.8847 35 14.8295
      vertex 33.8847 29.75 14.8295
    endloop
  endfacet
  facet normal 0.956951 9.42474e-07 -0.290248
    outer loop
      vertex 33.8847 35 14.8295
      vertex 33.8154 29.75 14.601
      vertex 33.5433 35 13.7039
    endloop
  endfacet
  facet normal 0.95695 0 -0.290253
    outer loop
      vertex 33.8154 26.25 14.601
      vertex 33.5433 35 13.7039
      vertex 33.8154 29.75 14.601
    endloop
  endfacet
  facet normal 0.956951 -9.42474e-07 -0.290248
    outer loop
      vertex 33.5433 21 13.7039
      vertex 33.8154 26.25 14.601
      vertex 33.8847 21 14.8295
    endloop
  endfacet
  facet normal 0.95695 0 -0.290253
    outer loop
      vertex 33.8154 26.25 14.601
      vertex 33.5433 21 13.7039
      vertex 33.5433 35 13.7039
    endloop
  endfacet
  facet normal 0.991449 -0 0.130496
    outer loop
      vertex 32.3467 35 17.1647
      vertex 32.5 37.5 16
      vertex 32.3467 37.5 17.1647
    endloop
  endfacet
  facet normal 0.991449 0 0.130496
    outer loop
      vertex 32.5 37.5 16
      vertex 32.3467 35 17.1647
      vertex 32.5 35 16
    endloop
  endfacet
  facet normal 0.991449 -0 0.130496
    outer loop
      vertex 32.3467 18.5 17.1647
      vertex 32.5 21 16
      vertex 32.3467 21 17.1647
    endloop
  endfacet
  facet normal 0.991449 0 0.130496
    outer loop
      vertex 32.5 21 16
      vertex 32.3467 18.5 17.1647
      vertex 32.5 18.5 16
    endloop
  endfacet
  facet normal 0.608735 0 0.793373
    outer loop
      vertex 30.25 37.5 19.8971
      vertex 31.182 35 19.182
      vertex 31.182 37.5 19.182
    endloop
  endfacet
  facet normal 0.608735 0 0.793373
    outer loop
      vertex 31.182 35 19.182
      vertex 30.25 37.5 19.8971
      vertex 30.25 35 19.8971
    endloop
  endfacet
  facet normal 0.608735 0 0.793373
    outer loop
      vertex 30.25 21 19.8971
      vertex 31.182 18.5 19.182
      vertex 31.182 21 19.182
    endloop
  endfacet
  facet normal 0.608735 0 0.793373
    outer loop
      vertex 31.182 18.5 19.182
      vertex 30.25 21 19.8971
      vertex 30.25 18.5 19.8971
    endloop
  endfacet
  facet normal -0.382723 0 -0.923863
    outer loop
      vertex 25.75 35 12.1029
      vertex 26.8353 37.5 11.6533
      vertex 26.8353 35 11.6533
    endloop
  endfacet
  facet normal -0.382723 0 -0.923863
    outer loop
      vertex 26.8353 37.5 11.6533
      vertex 25.75 35 12.1029
      vertex 25.75 37.5 12.1029
    endloop
  endfacet
  facet normal -0.382723 0 -0.923863
    outer loop
      vertex 25.75 18.5 12.1029
      vertex 26.8353 21 11.6533
      vertex 26.8353 18.5 11.6533
    endloop
  endfacet
  facet normal -0.382723 0 -0.923863
    outer loop
      vertex 26.8353 21 11.6533
      vertex 25.75 18.5 12.1029
      vertex 25.75 21 12.1029
    endloop
  endfacet
  facet normal 0.793373 -0 0.608735
    outer loop
      vertex 31.182 18.5 19.182
      vertex 31.8971 21 18.25
      vertex 31.182 21 19.182
    endloop
  endfacet
  facet normal 0.793373 0 0.608735
    outer loop
      vertex 31.8971 21 18.25
      vertex 31.182 18.5 19.182
      vertex 31.8971 18.5 18.25
    endloop
  endfacet
  facet normal 0.793373 -0 0.608735
    outer loop
      vertex 31.182 35 19.182
      vertex 31.8971 37.5 18.25
      vertex 31.182 37.5 19.182
    endloop
  endfacet
  facet normal 0.793373 0 0.608735
    outer loop
      vertex 31.8971 37.5 18.25
      vertex 31.182 35 19.182
      vertex 31.8971 35 18.25
    endloop
  endfacet
  facet normal 0.923863 -0 0.382723
    outer loop
      vertex 31.8971 35 18.25
      vertex 32.3467 37.5 17.1647
      vertex 31.8971 37.5 18.25
    endloop
  endfacet
  facet normal 0.923863 0 0.382723
    outer loop
      vertex 32.3467 37.5 17.1647
      vertex 31.8971 35 18.25
      vertex 32.3467 35 17.1647
    endloop
  endfacet
  facet normal 0.923863 -0 0.382723
    outer loop
      vertex 31.8971 18.5 18.25
      vertex 32.3467 21 17.1647
      vertex 31.8971 21 18.25
    endloop
  endfacet
  facet normal 0.923863 0 0.382723
    outer loop
      vertex 32.3467 21 17.1647
      vertex 31.8971 18.5 18.25
      vertex 32.3467 18.5 17.1647
    endloop
  endfacet
  facet normal -0.382723 0 0.923863
    outer loop
      vertex 25.75 21 19.8971
      vertex 26.8353 18.5 20.3467
      vertex 26.8353 21 20.3467
    endloop
  endfacet
  facet normal -0.382723 0 0.923863
    outer loop
      vertex 26.8353 18.5 20.3467
      vertex 25.75 21 19.8971
      vertex 25.75 18.5 19.8971
    endloop
  endfacet
  facet normal -0.382723 0 0.923863
    outer loop
      vertex 25.75 37.5 19.8971
      vertex 26.8353 35 20.3467
      vertex 26.8353 37.5 20.3467
    endloop
  endfacet
  facet normal -0.382723 0 0.923863
    outer loop
      vertex 26.8353 35 20.3467
      vertex 25.75 37.5 19.8971
      vertex 25.75 35 19.8971
    endloop
  endfacet
  facet normal -0.608735 0 0.793373
    outer loop
      vertex 24.818 21 19.182
      vertex 25.75 18.5 19.8971
      vertex 25.75 21 19.8971
    endloop
  endfacet
  facet normal -0.608735 0 0.793373
    outer loop
      vertex 25.75 18.5 19.8971
      vertex 24.818 21 19.182
      vertex 24.818 18.5 19.182
    endloop
  endfacet
  facet normal -0.608735 0 0.793373
    outer loop
      vertex 24.818 37.5 19.182
      vertex 25.75 35 19.8971
      vertex 25.75 37.5 19.8971
    endloop
  endfacet
  facet normal -0.608735 0 0.793373
    outer loop
      vertex 25.75 35 19.8971
      vertex 24.818 37.5 19.182
      vertex 24.818 35 19.182
    endloop
  endfacet
  facet normal 0.608735 0 -0.793373
    outer loop
      vertex 30.25 35 12.1029
      vertex 31.182 37.5 12.818
      vertex 31.182 35 12.818
    endloop
  endfacet
  facet normal 0.608735 0 -0.793373
    outer loop
      vertex 31.182 37.5 12.818
      vertex 30.25 35 12.1029
      vertex 30.25 37.5 12.1029
    endloop
  endfacet
  facet normal 0.608735 0 -0.793373
    outer loop
      vertex 30.25 18.5 12.1029
      vertex 31.182 21 12.818
      vertex 31.182 18.5 12.818
    endloop
  endfacet
  facet normal 0.608735 0 -0.793373
    outer loop
      vertex 31.182 21 12.818
      vertex 30.25 18.5 12.1029
      vertex 30.25 21 12.1029
    endloop
  endfacet
  facet normal -0.923863 0 -0.382723
    outer loop
      vertex 24.1029 18.5 13.75
      vertex 23.6533 21 14.8353
      vertex 24.1029 21 13.75
    endloop
  endfacet
  facet normal -0.923863 -0 -0.382723
    outer loop
      vertex 23.6533 21 14.8353
      vertex 24.1029 18.5 13.75
      vertex 23.6533 18.5 14.8353
    endloop
  endfacet
  facet normal -0.923863 0 -0.382723
    outer loop
      vertex 24.1029 35 13.75
      vertex 23.6533 37.5 14.8353
      vertex 24.1029 37.5 13.75
    endloop
  endfacet
  facet normal -0.923863 -0 -0.382723
    outer loop
      vertex 23.6533 37.5 14.8353
      vertex 24.1029 35 13.75
      vertex 23.6533 35 14.8353
    endloop
  endfacet
  facet normal -0.608735 0 -0.793373
    outer loop
      vertex 24.818 35 12.818
      vertex 25.75 37.5 12.1029
      vertex 25.75 35 12.1029
    endloop
  endfacet
  facet normal -0.608735 0 -0.793373
    outer loop
      vertex 25.75 37.5 12.1029
      vertex 24.818 35 12.818
      vertex 24.818 37.5 12.818
    endloop
  endfacet
  facet normal -0.608735 0 -0.793373
    outer loop
      vertex 24.818 18.5 12.818
      vertex 25.75 21 12.1029
      vertex 25.75 18.5 12.1029
    endloop
  endfacet
  facet normal -0.608735 0 -0.793373
    outer loop
      vertex 25.75 21 12.1029
      vertex 24.818 18.5 12.818
      vertex 24.818 21 12.818
    endloop
  endfacet
  facet normal 0 1 0
    outer loop
      vertex 29.1647 37.5 20.3467
      vertex 26.8353 37.5 20.3467
      vertex 28 37.5 20.5
    endloop
  endfacet
  facet normal 0 1 0
    outer loop
      vertex 30.25 37.5 19.8971
      vertex 26.8353 37.5 20.3467
      vertex 29.1647 37.5 20.3467
    endloop
  endfacet
  facet normal 0 1 0
    outer loop
      vertex 30.25 37.5 19.8971
      vertex 25.75 37.5 19.8971
      vertex 26.8353 37.5 20.3467
    endloop
  endfacet
  facet normal 0 1 0
    outer loop
      vertex 31.182 37.5 19.182
      vertex 25.75 37.5 19.8971
      vertex 30.25 37.5 19.8971
    endloop
  endfacet
  facet normal 0 1 0
    outer loop
      vertex 31.182 37.5 19.182
      vertex 24.818 37.5 19.182
      vertex 25.75 37.5 19.8971
    endloop
  endfacet
  facet normal 0 1 0
    outer loop
      vertex 31.8971 37.5 18.25
      vertex 24.818 37.5 19.182
      vertex 31.182 37.5 19.182
    endloop
  endfacet
  facet normal 0 1 0
    outer loop
      vertex 31.8971 37.5 18.25
      vertex 24.1029 37.5 18.25
      vertex 24.818 37.5 19.182
    endloop
  endfacet
  facet normal 0 1 0
    outer loop
      vertex 32.3467 37.5 17.1647
      vertex 24.1029 37.5 18.25
      vertex 31.8971 37.5 18.25
    endloop
  endfacet
  facet normal 0 1 0
    outer loop
      vertex 32.3467 37.5 17.1647
      vertex 23.6533 37.5 17.1647
      vertex 24.1029 37.5 18.25
    endloop
  endfacet
  facet normal 0 1 0
    outer loop
      vertex 32.5 37.5 16
      vertex 23.6533 37.5 17.1647
      vertex 32.3467 37.5 17.1647
    endloop
  endfacet
  facet normal 0 1 0
    outer loop
      vertex 32.5 37.5 16
      vertex 23.5 37.5 16
      vertex 23.6533 37.5 17.1647
    endloop
  endfacet
  facet normal 0 1 -0
    outer loop
      vertex 32.3467 37.5 14.8353
      vertex 23.5 37.5 16
      vertex 32.5 37.5 16
    endloop
  endfacet
  facet normal 0 1 0
    outer loop
      vertex 32.3467 37.5 14.8353
      vertex 23.6533 37.5 14.8353
      vertex 23.5 37.5 16
    endloop
  endfacet
  facet normal 0 1 -0
    outer loop
      vertex 31.8971 37.5 13.75
      vertex 23.6533 37.5 14.8353
      vertex 32.3467 37.5 14.8353
    endloop
  endfacet
  facet normal 0 1 0
    outer loop
      vertex 31.8971 37.5 13.75
      vertex 24.1029 37.5 13.75
      vertex 23.6533 37.5 14.8353
    endloop
  endfacet
  facet normal 0 1 -0
    outer loop
      vertex 31.182 37.5 12.818
      vertex 24.1029 37.5 13.75
      vertex 31.8971 37.5 13.75
    endloop
  endfacet
  facet normal 0 1 0
    outer loop
      vertex 31.182 37.5 12.818
      vertex 24.818 37.5 12.818
      vertex 24.1029 37.5 13.75
    endloop
  endfacet
  facet normal 0 1 -0
    outer loop
      vertex 30.25 37.5 12.1029
      vertex 24.818 37.5 12.818
      vertex 31.182 37.5 12.818
    endloop
  endfacet
  facet normal 0 1 0
    outer loop
      vertex 30.25 37.5 12.1029
      vertex 25.75 37.5 12.1029
      vertex 24.818 37.5 12.818
    endloop
  endfacet
  facet normal 0 1 -0
    outer loop
      vertex 29.1647 37.5 11.6533
      vertex 25.75 37.5 12.1029
      vertex 30.25 37.5 12.1029
    endloop
  endfacet
  facet normal 0 1 0
    outer loop
      vertex 29.1647 37.5 11.6533
      vertex 26.8353 37.5 11.6533
      vertex 25.75 37.5 12.1029
    endloop
  endfacet
  facet normal -0 1 0
    outer loop
      vertex 26.8353 37.5 11.6533
      vertex 29.1647 37.5 11.6533
      vertex 28 37.5 11.5
    endloop
  endfacet
  facet normal -0.793373 0 -0.608735
    outer loop
      vertex 24.818 18.5 12.818
      vertex 24.1029 21 13.75
      vertex 24.818 21 12.818
    endloop
  endfacet
  facet normal -0.793373 -0 -0.608735
    outer loop
      vertex 24.1029 21 13.75
      vertex 24.818 18.5 12.818
      vertex 24.1029 18.5 13.75
    endloop
  endfacet
  facet normal -0.793373 0 -0.608735
    outer loop
      vertex 24.818 35 12.818
      vertex 24.1029 37.5 13.75
      vertex 24.818 37.5 12.818
    endloop
  endfacet
  facet normal -0.793373 -0 -0.608735
    outer loop
      vertex 24.1029 37.5 13.75
      vertex 24.818 35 12.818
      vertex 24.1029 35 13.75
    endloop
  endfacet
  facet normal 0.130496 0 0.991449
    outer loop
      vertex 28 37.5 20.5
      vertex 29.1647 35 20.3467
      vertex 29.1647 37.5 20.3467
    endloop
  endfacet
  facet normal 0.130496 0 0.991449
    outer loop
      vertex 29.1647 35 20.3467
      vertex 28 37.5 20.5
      vertex 28 35 20.5
    endloop
  endfacet
  facet normal 0.130496 0 0.991449
    outer loop
      vertex 28 21 20.5
      vertex 29.1647 18.5 20.3467
      vertex 29.1647 21 20.3467
    endloop
  endfacet
  facet normal 0.130496 0 0.991449
    outer loop
      vertex 29.1647 18.5 20.3467
      vertex 28 21 20.5
      vertex 28 18.5 20.5
    endloop
  endfacet
  facet normal -0.991449 0 0.130496
    outer loop
      vertex 23.5 35 16
      vertex 23.6533 37.5 17.1647
      vertex 23.5 37.5 16
    endloop
  endfacet
  facet normal -0.991449 0 0.130496
    outer loop
      vertex 23.6533 37.5 17.1647
      vertex 23.5 35 16
      vertex 23.6533 35 17.1647
    endloop
  endfacet
  facet normal -0.991449 0 0.130496
    outer loop
      vertex 23.5 18.5 16
      vertex 23.6533 21 17.1647
      vertex 23.5 21 16
    endloop
  endfacet
  facet normal -0.991449 0 0.130496
    outer loop
      vertex 23.6533 21 17.1647
      vertex 23.5 18.5 16
      vertex 23.6533 18.5 17.1647
    endloop
  endfacet
  facet normal -0.793373 0 0.608735
    outer loop
      vertex 24.1029 35 18.25
      vertex 24.818 37.5 19.182
      vertex 24.1029 37.5 18.25
    endloop
  endfacet
  facet normal -0.793373 0 0.608735
    outer loop
      vertex 24.818 37.5 19.182
      vertex 24.1029 35 18.25
      vertex 24.818 35 19.182
    endloop
  endfacet
  facet normal -0.793373 0 0.608735
    outer loop
      vertex 24.1029 18.5 18.25
      vertex 24.818 21 19.182
      vertex 24.1029 21 18.25
    endloop
  endfacet
  facet normal -0.793373 0 0.608735
    outer loop
      vertex 24.818 21 19.182
      vertex 24.1029 18.5 18.25
      vertex 24.818 18.5 19.182
    endloop
  endfacet
  facet normal -0.130496 0 0.991449
    outer loop
      vertex 26.8353 37.5 20.3467
      vertex 28 35 20.5
      vertex 28 37.5 20.5
    endloop
  endfacet
  facet normal -0.130496 0 0.991449
    outer loop
      vertex 28 35 20.5
      vertex 26.8353 37.5 20.3467
      vertex 26.8353 35 20.3467
    endloop
  endfacet
  facet normal -0.130496 0 0.991449
    outer loop
      vertex 26.8353 21 20.3467
      vertex 28 18.5 20.5
      vertex 28 21 20.5
    endloop
  endfacet
  facet normal -0.130496 0 0.991449
    outer loop
      vertex 28 18.5 20.5
      vertex 26.8353 21 20.3467
      vertex 26.8353 18.5 20.3467
    endloop
  endfacet
  facet normal 0.923863 0 -0.382723
    outer loop
      vertex 32.3467 35 14.8353
      vertex 31.8971 37.5 13.75
      vertex 32.3467 37.5 14.8353
    endloop
  endfacet
  facet normal 0.923863 0 -0.382723
    outer loop
      vertex 31.8971 37.5 13.75
      vertex 32.3467 35 14.8353
      vertex 31.8971 35 13.75
    endloop
  endfacet
  facet normal 0.923863 0 -0.382723
    outer loop
      vertex 32.3467 18.5 14.8353
      vertex 31.8971 21 13.75
      vertex 32.3467 21 14.8353
    endloop
  endfacet
  facet normal 0.923863 0 -0.382723
    outer loop
      vertex 31.8971 21 13.75
      vertex 32.3467 18.5 14.8353
      vertex 31.8971 18.5 13.75
    endloop
  endfacet
  facet normal 0.130496 0 -0.991449
    outer loop
      vertex 28 35 11.5
      vertex 29.1647 37.5 11.6533
      vertex 29.1647 35 11.6533
    endloop
  endfacet
  facet normal 0.130496 0 -0.991449
    outer loop
      vertex 29.1647 37.5 11.6533
      vertex 28 35 11.5
      vertex 28 37.5 11.5
    endloop
  endfacet
  facet normal 0.130496 0 -0.991449
    outer loop
      vertex 28 18.5 11.5
      vertex 29.1647 21 11.6533
      vertex 29.1647 18.5 11.6533
    endloop
  endfacet
  facet normal 0.130496 0 -0.991449
    outer loop
      vertex 29.1647 21 11.6533
      vertex 28 18.5 11.5
      vertex 28 21 11.5
    endloop
  endfacet
  facet normal 0.382723 0 -0.923863
    outer loop
      vertex 29.1647 35 11.6533
      vertex 30.25 37.5 12.1029
      vertex 30.25 35 12.1029
    endloop
  endfacet
  facet normal 0.382723 0 -0.923863
    outer loop
      vertex 30.25 37.5 12.1029
      vertex 29.1647 35 11.6533
      vertex 29.1647 37.5 11.6533
    endloop
  endfacet
  facet normal 0.382723 0 -0.923863
    outer loop
      vertex 29.1647 18.5 11.6533
      vertex 30.25 21 12.1029
      vertex 30.25 18.5 12.1029
    endloop
  endfacet
  facet normal 0.382723 0 -0.923863
    outer loop
      vertex 30.25 21 12.1029
      vertex 29.1647 18.5 11.6533
      vertex 29.1647 21 11.6533
    endloop
  endfacet
  facet normal -0.130496 0 -0.991449
    outer loop
      vertex 26.8353 35 11.6533
      vertex 28 37.5 11.5
      vertex 28 35 11.5
    endloop
  endfacet
  facet normal -0.130496 0 -0.991449
    outer loop
      vertex 28 37.5 11.5
      vertex 26.8353 35 11.6533
      vertex 26.8353 37.5 11.6533
    endloop
  endfacet
  facet normal -0.130496 0 -0.991449
    outer loop
      vertex 26.8353 18.5 11.6533
      vertex 28 21 11.5
      vertex 28 18.5 11.5
    endloop
  endfacet
  facet normal -0.130496 0 -0.991449
    outer loop
      vertex 28 21 11.5
      vertex 26.8353 18.5 11.6533
      vertex 26.8353 21 11.6533
    endloop
  endfacet
  facet normal -0.991449 0 -0.130496
    outer loop
      vertex 23.6533 35 14.8353
      vertex 23.5 37.5 16
      vertex 23.6533 37.5 14.8353
    endloop
  endfacet
  facet normal -0.991449 -0 -0.130496
    outer loop
      vertex 23.5 37.5 16
      vertex 23.6533 35 14.8353
      vertex 23.5 35 16
    endloop
  endfacet
  facet normal -0.991449 0 -0.130496
    outer loop
      vertex 23.6533 18.5 14.8353
      vertex 23.5 21 16
      vertex 23.6533 21 14.8353
    endloop
  endfacet
  facet normal -0.991449 -0 -0.130496
    outer loop
      vertex 23.5 21 16
      vertex 23.6533 18.5 14.8353
      vertex 23.5 18.5 16
    endloop
  endfacet
  facet normal 0.382723 0 0.923863
    outer loop
      vertex 29.1647 37.5 20.3467
      vertex 30.25 35 19.8971
      vertex 30.25 37.5 19.8971
    endloop
  endfacet
  facet normal 0.382723 0 0.923863
    outer loop
      vertex 30.25 35 19.8971
      vertex 29.1647 37.5 20.3467
      vertex 29.1647 35 20.3467
    endloop
  endfacet
  facet normal 0.382723 0 0.923863
    outer loop
      vertex 29.1647 21 20.3467
      vertex 30.25 18.5 19.8971
      vertex 30.25 21 19.8971
    endloop
  endfacet
  facet normal 0.382723 0 0.923863
    outer loop
      vertex 30.25 18.5 19.8971
      vertex 29.1647 21 20.3467
      vertex 29.1647 18.5 20.3467
    endloop
  endfacet
  facet normal 0 -1 0
    outer loop
      vertex 26.8353 18.5 20.3467
      vertex 29.1647 18.5 20.3467
      vertex 28 18.5 20.5
    endloop
  endfacet
  facet normal 0 -1 0
    outer loop
      vertex 25.75 18.5 19.8971
      vertex 29.1647 18.5 20.3467
      vertex 26.8353 18.5 20.3467
    endloop
  endfacet
  facet normal 0 -1 0
    outer loop
      vertex 25.75 18.5 19.8971
      vertex 30.25 18.5 19.8971
      vertex 29.1647 18.5 20.3467
    endloop
  endfacet
  facet normal 0 -1 0
    outer loop
      vertex 24.818 18.5 19.182
      vertex 30.25 18.5 19.8971
      vertex 25.75 18.5 19.8971
    endloop
  endfacet
  facet normal 0 -1 0
    outer loop
      vertex 24.818 18.5 19.182
      vertex 31.182 18.5 19.182
      vertex 30.25 18.5 19.8971
    endloop
  endfacet
  facet normal 0 -1 0
    outer loop
      vertex 24.1029 18.5 18.25
      vertex 31.182 18.5 19.182
      vertex 24.818 18.5 19.182
    endloop
  endfacet
  facet normal 0 -1 0
    outer loop
      vertex 24.1029 18.5 18.25
      vertex 31.8971 18.5 18.25
      vertex 31.182 18.5 19.182
    endloop
  endfacet
  facet normal 0 -1 0
    outer loop
      vertex 23.6533 18.5 17.1647
      vertex 31.8971 18.5 18.25
      vertex 24.1029 18.5 18.25
    endloop
  endfacet
  facet normal 0 -1 0
    outer loop
      vertex 23.6533 18.5 17.1647
      vertex 32.3467 18.5 17.1647
      vertex 31.8971 18.5 18.25
    endloop
  endfacet
  facet normal 0 -1 0
    outer loop
      vertex 23.5 18.5 16
      vertex 32.3467 18.5 17.1647
      vertex 23.6533 18.5 17.1647
    endloop
  endfacet
  facet normal 0 -1 0
    outer loop
      vertex 23.5 18.5 16
      vertex 32.5 18.5 16
      vertex 32.3467 18.5 17.1647
    endloop
  endfacet
  facet normal 0 -1 0
    outer loop
      vertex 23.6533 18.5 14.8353
      vertex 32.5 18.5 16
      vertex 23.5 18.5 16
    endloop
  endfacet
  facet normal 0 -1 0
    outer loop
      vertex 23.6533 18.5 14.8353
      vertex 32.3467 18.5 14.8353
      vertex 32.5 18.5 16
    endloop
  endfacet
  facet normal 0 -1 0
    outer loop
      vertex 24.1029 18.5 13.75
      vertex 32.3467 18.5 14.8353
      vertex 23.6533 18.5 14.8353
    endloop
  endfacet
  facet normal 0 -1 0
    outer loop
      vertex 24.1029 18.5 13.75
      vertex 31.8971 18.5 13.75
      vertex 32.3467 18.5 14.8353
    endloop
  endfacet
  facet normal 0 -1 0
    outer loop
      vertex 24.818 18.5 12.818
      vertex 31.8971 18.5 13.75
      vertex 24.1029 18.5 13.75
    endloop
  endfacet
  facet normal 0 -1 0
    outer loop
      vertex 24.818 18.5 12.818
      vertex 31.182 18.5 12.818
      vertex 31.8971 18.5 13.75
    endloop
  endfacet
  facet normal 0 -1 0
    outer loop
      vertex 25.75 18.5 12.1029
      vertex 31.182 18.5 12.818
      vertex 24.818 18.5 12.818
    endloop
  endfacet
  facet normal 0 -1 0
    outer loop
      vertex 25.75 18.5 12.1029
      vertex 30.25 18.5 12.1029
      vertex 31.182 18.5 12.818
    endloop
  endfacet
  facet normal 0 -1 0
    outer loop
      vertex 26.8353 18.5 11.6533
      vertex 30.25 18.5 12.1029
      vertex 25.75 18.5 12.1029
    endloop
  endfacet
  facet normal 0 -1 0
    outer loop
      vertex 26.8353 18.5 11.6533
      vertex 29.1647 18.5 11.6533
      vertex 30.25 18.5 12.1029
    endloop
  endfacet
  facet normal -0 -1 0
    outer loop
      vertex 29.1647 18.5 11.6533
      vertex 26.8353 18.5 11.6533
      vertex 28 18.5 11.5
    endloop
  endfacet
  facet normal -0.923863 0 0.382723
    outer loop
      vertex 23.6533 35 17.1647
      vertex 24.1029 37.5 18.25
      vertex 23.6533 37.5 17.1647
    endloop
  endfacet
  facet normal -0.923863 0 0.382723
    outer loop
      vertex 24.1029 37.5 18.25
      vertex 23.6533 35 17.1647
      vertex 24.1029 35 18.25
    endloop
  endfacet
  facet normal -0.923863 0 0.382723
    outer loop
      vertex 23.6533 18.5 17.1647
      vertex 24.1029 21 18.25
      vertex 23.6533 21 17.1647
    endloop
  endfacet
  facet normal -0.923863 0 0.382723
    outer loop
      vertex 24.1029 21 18.25
      vertex 23.6533 18.5 17.1647
      vertex 24.1029 18.5 18.25
    endloop
  endfacet
  facet normal 0.991449 0 -0.130496
    outer loop
      vertex 32.5 35 16
      vertex 32.3467 37.5 14.8353
      vertex 32.5 37.5 16
    endloop
  endfacet
  facet normal 0.991449 0 -0.130496
    outer loop
      vertex 32.3467 37.5 14.8353
      vertex 32.5 35 16
      vertex 32.3467 35 14.8353
    endloop
  endfacet
  facet normal 0.991449 0 -0.130496
    outer loop
      vertex 32.5 18.5 16
      vertex 32.3467 21 14.8353
      vertex 32.5 21 16
    endloop
  endfacet
  facet normal 0.991449 0 -0.130496
    outer loop
      vertex 32.3467 21 14.8353
      vertex 32.5 18.5 16
      vertex 32.3467 18.5 14.8353
    endloop
  endfacet
  facet normal 0.793373 0 -0.608735
    outer loop
      vertex 31.8971 18.5 13.75
      vertex 31.182 21 12.818
      vertex 31.8971 21 13.75
    endloop
  endfacet
  facet normal 0.793373 0 -0.608735
    outer loop
      vertex 31.182 21 12.818
      vertex 31.8971 18.5 13.75
      vertex 31.182 18.5 12.818
    endloop
  endfacet
  facet normal 0.793373 0 -0.608735
    outer loop
      vertex 31.8971 35 13.75
      vertex 31.182 37.5 12.818
      vertex 31.8971 37.5 13.75
    endloop
  endfacet
  facet normal 0.793373 0 -0.608735
    outer loop
      vertex 31.182 37.5 12.818
      vertex 31.8971 35 13.75
      vertex 31.182 35 12.818
    endloop
  endfacet
  facet normal 0.659307 0 0.751874
    outer loop
      vertex -40.6949 36 31.5202
      vertex -39.5147 20 30.4853
      vertex -39.5147 36 30.4853
    endloop
  endfacet
  facet normal 0.659307 0 0.751874
    outer loop
      vertex -39.5147 20 30.4853
      vertex -40.6949 36 31.5202
      vertex -40.6949 20 31.5202
    endloop
  endfacet
  facet normal -0.321399 0 -0.946944
    outer loop
      vertex -51.1058 20 10.4089
      vertex -52.5 25 10.8821
      vertex -51.1058 25 10.4089
    endloop
  endfacet
  facet normal -0.321461 0 -0.946923
    outer loop
      vertex -52.5 25 10.8821
      vertex -52.5922 20 10.9134
      vertex -52.5 31 10.8821
    endloop
  endfacet
  facet normal -0.321402 -1.20024e-06 -0.946943
    outer loop
      vertex -52.5922 20 10.9134
      vertex -52.5 25 10.8821
      vertex -51.1058 20 10.4089
    endloop
  endfacet
  facet normal -0.321399 0 -0.946944
    outer loop
      vertex -52.5 31 10.8821
      vertex -51.1058 36 10.4089
      vertex -51.1058 31 10.4089
    endloop
  endfacet
  facet normal -0.321402 1.20024e-06 -0.946943
    outer loop
      vertex -52.5 31 10.8821
      vertex -52.5922 36 10.9134
      vertex -51.1058 36 10.4089
    endloop
  endfacet
  facet normal -0.321461 -0 -0.946923
    outer loop
      vertex -52.5922 36 10.9134
      vertex -52.5 31 10.8821
      vertex -52.5922 20 10.9134
    endloop
  endfacet
  facet normal -0.321402 0 0.946943
    outer loop
      vertex -52.5922 25 33.0866
      vertex -51.1058 20 33.5911
      vertex -51.1058 25 33.5911
    endloop
  endfacet
  facet normal -0.321402 0 0.946943
    outer loop
      vertex -51.1058 20 33.5911
      vertex -52.5922 25 33.0866
      vertex -52.5922 20 33.0866
    endloop
  endfacet
  facet normal -0.321402 0 0.946943
    outer loop
      vertex -52.5922 36 33.0866
      vertex -51.1058 31 33.5911
      vertex -51.1058 36 33.5911
    endloop
  endfacet
  facet normal -0.321402 0 0.946943
    outer loop
      vertex -51.1058 31 33.5911
      vertex -52.5922 36 33.0866
      vertex -52.5922 31 33.0866
    endloop
  endfacet
  facet normal -0.89686 0 0.442314
    outer loop
      vertex -59.0866 31 26.5922
      vertex -58.3923 36 28
      vertex -59.0866 36 26.5922
    endloop
  endfacet
  facet normal -0.89686 0 0.442314
    outer loop
      vertex -58.3923 36 28
      vertex -59.0866 31 26.5922
      vertex -58.3923 31 28
    endloop
  endfacet
  facet normal -0.89686 0 0.442314
    outer loop
      vertex -59.0866 20 26.5922
      vertex -58.3923 25 28
      vertex -59.0866 25 26.5922
    endloop
  endfacet
  facet normal -0.89686 0 0.442314
    outer loop
      vertex -58.3923 25 28
      vertex -59.0866 20 26.5922
      vertex -58.3923 20 28
    endloop
  endfacet
  facet normal 0.947044 0 -0.321105
    outer loop
      vertex -36.8246 20 17.6697
      vertex -36.9134 36 17.4078
      vertex -36.8246 36 17.6697
    endloop
  endfacet
  facet normal 0.947044 0 -0.321105
    outer loop
      vertex -36.9134 36 17.4078
      vertex -36.8246 20 17.6697
      vertex -36.9134 20 17.4078
    endloop
  endfacet
  facet normal 0.89686 -0 0.442314
    outer loop
      vertex -37.6077 20 28
      vertex -36.9134 36 26.5922
      vertex -37.6077 36 28
    endloop
  endfacet
  facet normal 0.89686 0 0.442314
    outer loop
      vertex -36.9134 36 26.5922
      vertex -37.6077 20 28
      vertex -36.9134 20 26.5922
    endloop
  endfacet
  facet normal 0.980788 -0 0.195075
    outer loop
      vertex -36.4089 20 25.1058
      vertex -36.1027 36 23.5663
      vertex -36.4089 36 25.1058
    endloop
  endfacet
  facet normal 0.980788 0 0.195075
    outer loop
      vertex -36.1027 36 23.5663
      vertex -36.4089 20 25.1058
      vertex -36.1027 20 23.5663
    endloop
  endfacet
  facet normal 0.831452 -0 0.555597
    outer loop
      vertex -38.4798 20 29.3051
      vertex -37.6077 36 28
      vertex -38.4798 36 29.3051
    endloop
  endfacet
  facet normal 0.831452 0 0.555597
    outer loop
      vertex -37.6077 36 28
      vertex -38.4798 20 29.3051
      vertex -37.6077 20 28
    endloop
  endfacet
  facet normal 0.751874 -0 0.659307
    outer loop
      vertex -39.5147 20 30.4853
      vertex -38.4798 36 29.3051
      vertex -39.5147 36 30.4853
    endloop
  endfacet
  facet normal 0.751874 0 0.659307
    outer loop
      vertex -38.4798 36 29.3051
      vertex -39.5147 20 30.4853
      vertex -38.4798 20 29.3051
    endloop
  endfacet
  facet normal 0.442314 0 0.89686
    outer loop
      vertex -43.4078 36 33.0866
      vertex -42 20 32.3923
      vertex -42 36 32.3923
    endloop
  endfacet
  facet normal 0.442314 0 0.89686
    outer loop
      vertex -42 20 32.3923
      vertex -43.4078 36 33.0866
      vertex -43.4078 20 33.0866
    endloop
  endfacet
  facet normal -0.751874 0 0.659307
    outer loop
      vertex -57.5202 31 29.3051
      vertex -56.4853 36 30.4853
      vertex -57.5202 36 29.3051
    endloop
  endfacet
  facet normal -0.751874 0 0.659307
    outer loop
      vertex -56.4853 36 30.4853
      vertex -57.5202 31 29.3051
      vertex -56.4853 31 30.4853
    endloop
  endfacet
  facet normal -0.751874 0 0.659307
    outer loop
      vertex -57.5202 20 29.3051
      vertex -56.4853 25 30.4853
      vertex -57.5202 25 29.3051
    endloop
  endfacet
  facet normal -0.751874 0 0.659307
    outer loop
      vertex -56.4853 25 30.4853
      vertex -57.5202 20 29.3051
      vertex -56.4853 20 30.4853
    endloop
  endfacet
  facet normal -0.442314 0 0.89686
    outer loop
      vertex -54 25 32.3923
      vertex -52.5922 20 33.0866
      vertex -52.5922 25 33.0866
    endloop
  endfacet
  facet normal -0.442314 0 0.89686
    outer loop
      vertex -52.5922 20 33.0866
      vertex -54 25 32.3923
      vertex -54 20 32.3923
    endloop
  endfacet
  facet normal -0.442314 0 0.89686
    outer loop
      vertex -54 36 32.3923
      vertex -52.5922 31 33.0866
      vertex -52.5922 36 33.0866
    endloop
  endfacet
  facet normal -0.442314 0 0.89686
    outer loop
      vertex -52.5922 31 33.0866
      vertex -54 36 32.3923
      vertex -54 31 32.3923
    endloop
  endfacet
  facet normal -0.195075 0 0.980788
    outer loop
      vertex -51.1058 25 33.5911
      vertex -49.5663 20 33.8973
      vertex -49.5663 25 33.8973
    endloop
  endfacet
  facet normal -0.195075 0 0.980788
    outer loop
      vertex -49.5663 20 33.8973
      vertex -51.1058 25 33.5911
      vertex -51.1058 20 33.5911
    endloop
  endfacet
  facet normal -0.195075 0 0.980788
    outer loop
      vertex -51.1058 36 33.5911
      vertex -49.5663 31 33.8973
      vertex -49.5663 36 33.8973
    endloop
  endfacet
  facet normal -0.195075 0 0.980788
    outer loop
      vertex -49.5663 31 33.8973
      vertex -51.1058 36 33.5911
      vertex -51.1058 31 33.5911
    endloop
  endfacet
  facet normal 0.997857 -0 0.065428
    outer loop
      vertex -36.1027 20 23.5663
      vertex -36 36 22
      vertex -36.1027 36 23.5663
    endloop
  endfacet
  facet normal 0.997857 0 0.065428
    outer loop
      vertex -36 36 22
      vertex -36.1027 20 23.5663
      vertex -36 20 22
    endloop
  endfacet
  facet normal 0.831452 0 -0.555597
    outer loop
      vertex -37.6077 20 16
      vertex -38.4798 36 14.6949
      vertex -37.6077 36 16
    endloop
  endfacet
  facet normal 0.831452 0 -0.555597
    outer loop
      vertex -38.4798 36 14.6949
      vertex -37.6077 20 16
      vertex -38.4798 20 14.6949
    endloop
  endfacet
  facet normal -0.195075 0 -0.980788
    outer loop
      vertex -51.1058 31 10.4089
      vertex -49.5663 36 10.1027
      vertex -49.5663 31 10.1027
    endloop
  endfacet
  facet normal -0.195075 0 -0.980788
    outer loop
      vertex -49.5663 36 10.1027
      vertex -51.1058 31 10.4089
      vertex -51.1058 36 10.4089
    endloop
  endfacet
  facet normal -0.195075 0 -0.980788
    outer loop
      vertex -51.1058 20 10.4089
      vertex -49.5663 25 10.1027
      vertex -49.5663 20 10.1027
    endloop
  endfacet
  facet normal -0.195075 0 -0.980788
    outer loop
      vertex -49.5663 25 10.1027
      vertex -51.1058 20 10.4089
      vertex -51.1058 25 10.4089
    endloop
  endfacet
  facet normal -0.659307 0 -0.751874
    outer loop
      vertex -56.4853 20 13.5147
      vertex -55.3051 25 12.4798
      vertex -55.3051 20 12.4798
    endloop
  endfacet
  facet normal -0.659307 0 -0.751874
    outer loop
      vertex -55.3051 25 12.4798
      vertex -56.4853 20 13.5147
      vertex -56.4853 25 13.5147
    endloop
  endfacet
  facet normal -0.659307 0 -0.751874
    outer loop
      vertex -56.4853 31 13.5147
      vertex -55.3051 36 12.4798
      vertex -55.3051 31 12.4798
    endloop
  endfacet
  facet normal -0.659307 0 -0.751874
    outer loop
      vertex -55.3051 36 12.4798
      vertex -56.4853 31 13.5147
      vertex -56.4853 36 13.5147
    endloop
  endfacet
  facet normal -0.89686 0 -0.442314
    outer loop
      vertex -58.3923 31 16
      vertex -59.0866 36 17.4078
      vertex -58.3923 36 16
    endloop
  endfacet
  facet normal -0.89686 -0 -0.442314
    outer loop
      vertex -59.0866 36 17.4078
      vertex -58.3923 31 16
      vertex -59.0866 31 17.4078
    endloop
  endfacet
  facet normal -0.89686 0 -0.442314
    outer loop
      vertex -58.3923 20 16
      vertex -59.0866 25 17.4078
      vertex -58.3923 25 16
    endloop
  endfacet
  facet normal -0.89686 -0 -0.442314
    outer loop
      vertex -59.0866 25 17.4078
      vertex -58.3923 20 16
      vertex -59.0866 20 17.4078
    endloop
  endfacet
  facet normal -0.980788 0 -0.195075
    outer loop
      vertex -59.5911 20 18.8942
      vertex -59.8973 25 20.4337
      vertex -59.5911 25 18.8942
    endloop
  endfacet
  facet normal -0.980788 -0 -0.195075
    outer loop
      vertex -59.8973 25 20.4337
      vertex -59.5911 20 18.8942
      vertex -59.8973 20 20.4337
    endloop
  endfacet
  facet normal -0.980788 0 -0.195075
    outer loop
      vertex -59.5911 31 18.8942
      vertex -59.8973 36 20.4337
      vertex -59.5911 36 18.8942
    endloop
  endfacet
  facet normal -0.980788 -0 -0.195075
    outer loop
      vertex -59.8973 36 20.4337
      vertex -59.5911 31 18.8942
      vertex -59.8973 31 20.4337
    endloop
  endfacet
  facet normal 0.946943 -0 0.321402
    outer loop
      vertex -36.9134 20 26.5922
      vertex -36.4089 36 25.1058
      vertex -36.9134 36 26.5922
    endloop
  endfacet
  facet normal 0.946943 0 0.321402
    outer loop
      vertex -36.4089 36 25.1058
      vertex -36.9134 20 26.5922
      vertex -36.4089 20 25.1058
    endloop
  endfacet
  facet normal 0.555597 0 0.831452
    outer loop
      vertex -42 36 32.3923
      vertex -40.6949 20 31.5202
      vertex -40.6949 36 31.5202
    endloop
  endfacet
  facet normal 0.555597 0 0.831452
    outer loop
      vertex -40.6949 20 31.5202
      vertex -42 36 32.3923
      vertex -42 20 32.3923
    endloop
  endfacet
  facet normal 0.065428 0 0.997857
    outer loop
      vertex -48 36 34
      vertex -46.4337 31 33.8973
      vertex -46.4337 36 33.8973
    endloop
  endfacet
  facet normal 0.065428 0 0.997857
    outer loop
      vertex -46.4337 31 33.8973
      vertex -48 36 34
      vertex -48 31 34
    endloop
  endfacet
  facet normal 0.065428 0 0.997857
    outer loop
      vertex -48 25 34
      vertex -46.4337 20 33.8973
      vertex -46.4337 25 33.8973
    endloop
  endfacet
  facet normal 0.065428 0 0.997857
    outer loop
      vertex -46.4337 20 33.8973
      vertex -48 25 34
      vertex -48 20 34
    endloop
  endfacet
  facet normal 0.321376 0 0.946952
    outer loop
      vertex -43.4078 36 33.0866
      vertex -44.4497 31 33.4402
      vertex -43.4078 20 33.0866
    endloop
  endfacet
  facet normal 0.321402 -6.05345e-06 0.946943
    outer loop
      vertex -44.8942 36 33.5911
      vertex -44.4497 31 33.4402
      vertex -43.4078 36 33.0866
    endloop
  endfacet
  facet normal 0.321463 0 0.946922
    outer loop
      vertex -44.4497 31 33.4402
      vertex -44.8942 36 33.5911
      vertex -44.8942 31 33.5911
    endloop
  endfacet
  facet normal 0.321376 -0 0.946952
    outer loop
      vertex -44.4497 25 33.4402
      vertex -43.4078 20 33.0866
      vertex -44.4497 31 33.4402
    endloop
  endfacet
  facet normal 0.321463 -0 0.946922
    outer loop
      vertex -44.8942 20 33.5911
      vertex -44.4497 25 33.4402
      vertex -44.8942 25 33.5911
    endloop
  endfacet
  facet normal 0.321402 6.05345e-06 0.946943
    outer loop
      vertex -44.4497 25 33.4402
      vertex -44.8942 20 33.5911
      vertex -43.4078 20 33.0866
    endloop
  endfacet
  facet normal -0.997857 0 0.065428
    outer loop
      vertex -60 31 22
      vertex -59.8973 36 23.5663
      vertex -60 36 22
    endloop
  endfacet
  facet normal -0.997857 0 0.065428
    outer loop
      vertex -59.8973 36 23.5663
      vertex -60 31 22
      vertex -59.8973 31 23.5663
    endloop
  endfacet
  facet normal -0.997857 0 0.065428
    outer loop
      vertex -60 20 22
      vertex -59.8973 25 23.5663
      vertex -60 25 22
    endloop
  endfacet
  facet normal -0.997857 0 0.065428
    outer loop
      vertex -59.8973 25 23.5663
      vertex -60 20 22
      vertex -59.8973 20 23.5663
    endloop
  endfacet
  facet normal -0.946943 0 0.321402
    outer loop
      vertex -59.5911 31 25.1058
      vertex -59.0866 36 26.5922
      vertex -59.5911 36 25.1058
    endloop
  endfacet
  facet normal -0.946943 0 0.321402
    outer loop
      vertex -59.0866 36 26.5922
      vertex -59.5911 31 25.1058
      vertex -59.0866 31 26.5922
    endloop
  endfacet
  facet normal -0.946943 0 0.321402
    outer loop
      vertex -59.5911 20 25.1058
      vertex -59.0866 25 26.5922
      vertex -59.5911 25 25.1058
    endloop
  endfacet
  facet normal -0.946943 0 0.321402
    outer loop
      vertex -59.0866 25 26.5922
      vertex -59.5911 20 25.1058
      vertex -59.0866 20 26.5922
    endloop
  endfacet
  facet normal -0.831452 0 0.555597
    outer loop
      vertex -58.3923 31 28
      vertex -57.5202 36 29.3051
      vertex -58.3923 36 28
    endloop
  endfacet
  facet normal -0.831452 0 0.555597
    outer loop
      vertex -57.5202 36 29.3051
      vertex -58.3923 31 28
      vertex -57.5202 31 29.3051
    endloop
  endfacet
  facet normal -0.831452 0 0.555597
    outer loop
      vertex -58.3923 20 28
      vertex -57.5202 25 29.3051
      vertex -58.3923 25 28
    endloop
  endfacet
  facet normal -0.831452 0 0.555597
    outer loop
      vertex -57.5202 25 29.3051
      vertex -58.3923 20 28
      vertex -57.5202 20 29.3051
    endloop
  endfacet
  facet normal -0.065428 0 0.997857
    outer loop
      vertex -49.5663 36 33.8973
      vertex -48 31 34
      vertex -48 36 34
    endloop
  endfacet
  facet normal -0.065428 0 0.997857
    outer loop
      vertex -48 31 34
      vertex -49.5663 36 33.8973
      vertex -49.5663 31 33.8973
    endloop
  endfacet
  facet normal -0.065428 0 0.997857
    outer loop
      vertex -49.5663 25 33.8973
      vertex -48 20 34
      vertex -48 25 34
    endloop
  endfacet
  facet normal -0.065428 0 0.997857
    outer loop
      vertex -48 20 34
      vertex -49.5663 25 33.8973
      vertex -49.5663 20 33.8973
    endloop
  endfacet
  facet normal -0.555597 0 0.831452
    outer loop
      vertex -55.3051 36 31.5202
      vertex -54 31 32.3923
      vertex -54 36 32.3923
    endloop
  endfacet
  facet normal -0.555597 0 0.831452
    outer loop
      vertex -54 31 32.3923
      vertex -55.3051 36 31.5202
      vertex -55.3051 31 31.5202
    endloop
  endfacet
  facet normal -0.555597 0 0.831452
    outer loop
      vertex -55.3051 25 31.5202
      vertex -54 20 32.3923
      vertex -54 25 32.3923
    endloop
  endfacet
  facet normal -0.555597 0 0.831452
    outer loop
      vertex -54 20 32.3923
      vertex -55.3051 25 31.5202
      vertex -55.3051 20 31.5202
    endloop
  endfacet
  facet normal -0.659307 0 0.751874
    outer loop
      vertex -56.4853 36 30.4853
      vertex -55.3051 31 31.5202
      vertex -55.3051 36 31.5202
    endloop
  endfacet
  facet normal -0.659307 0 0.751874
    outer loop
      vertex -55.3051 31 31.5202
      vertex -56.4853 36 30.4853
      vertex -56.4853 31 30.4853
    endloop
  endfacet
  facet normal -0.659307 0 0.751874
    outer loop
      vertex -56.4853 25 30.4853
      vertex -55.3051 20 31.5202
      vertex -55.3051 25 31.5202
    endloop
  endfacet
  facet normal -0.659307 0 0.751874
    outer loop
      vertex -55.3051 20 31.5202
      vertex -56.4853 25 30.4853
      vertex -56.4853 20 30.4853
    endloop
  endfacet
  facet normal 0.980785 0 -0.19509
    outer loop
      vertex -36.1027 20 20.4337
      vertex -36.2891 36 19.4966
      vertex -36.1027 36 20.4337
    endloop
  endfacet
  facet normal 0.980785 0 -0.19509
    outer loop
      vertex -36.2891 36 19.4966
      vertex -36.1027 20 20.4337
      vertex -36.2891 20 19.4966
    endloop
  endfacet
  facet normal 0.065428 0 -0.997857
    outer loop
      vertex -48 31 10
      vertex -46.4337 36 10.1027
      vertex -46.4337 31 10.1027
    endloop
  endfacet
  facet normal 0.065428 0 -0.997857
    outer loop
      vertex -46.4337 36 10.1027
      vertex -48 31 10
      vertex -48 36 10
    endloop
  endfacet
  facet normal 0.065428 0 -0.997857
    outer loop
      vertex -48 20 10
      vertex -46.4337 25 10.1027
      vertex -46.4337 20 10.1027
    endloop
  endfacet
  facet normal 0.065428 0 -0.997857
    outer loop
      vertex -46.4337 25 10.1027
      vertex -48 20 10
      vertex -48 25 10
    endloop
  endfacet
  facet normal 0.195075 0 -0.980788
    outer loop
      vertex -46.4337 31 10.1027
      vertex -44.8942 36 10.4089
      vertex -44.8942 31 10.4089
    endloop
  endfacet
  facet normal 0.195075 0 -0.980788
    outer loop
      vertex -44.8942 36 10.4089
      vertex -46.4337 31 10.1027
      vertex -46.4337 36 10.1027
    endloop
  endfacet
  facet normal 0.195075 0 -0.980788
    outer loop
      vertex -46.4337 20 10.1027
      vertex -44.8942 25 10.4089
      vertex -44.8942 20 10.4089
    endloop
  endfacet
  facet normal 0.195075 0 -0.980788
    outer loop
      vertex -44.8942 25 10.4089
      vertex -46.4337 20 10.1027
      vertex -46.4337 25 10.1027
    endloop
  endfacet
  facet normal 0.321461 0 -0.946923
    outer loop
      vertex -43.4078 20 10.9134
      vertex -43.5 25 10.8821
      vertex -43.4078 36 10.9134
    endloop
  endfacet
  facet normal 0.321402 -1.20024e-06 -0.946943
    outer loop
      vertex -44.8942 20 10.4089
      vertex -43.5 25 10.8821
      vertex -43.4078 20 10.9134
    endloop
  endfacet
  facet normal 0.321399 0 -0.946944
    outer loop
      vertex -43.5 25 10.8821
      vertex -44.8942 20 10.4089
      vertex -44.8942 25 10.4089
    endloop
  endfacet
  facet normal 0.321461 0 -0.946923
    outer loop
      vertex -43.5 31 10.8821
      vertex -43.4078 36 10.9134
      vertex -43.5 25 10.8821
    endloop
  endfacet
  facet normal 0.321399 0 -0.946944
    outer loop
      vertex -44.8942 36 10.4089
      vertex -43.5 31 10.8821
      vertex -44.8942 31 10.4089
    endloop
  endfacet
  facet normal 0.321402 1.20024e-06 -0.946943
    outer loop
      vertex -43.5 31 10.8821
      vertex -44.8942 36 10.4089
      vertex -43.4078 36 10.9134
    endloop
  endfacet
  facet normal 0.751874 0 -0.659307
    outer loop
      vertex -38.4798 20 14.6949
      vertex -39.5147 36 13.5147
      vertex -38.4798 36 14.6949
    endloop
  endfacet
  facet normal 0.751874 0 -0.659307
    outer loop
      vertex -39.5147 36 13.5147
      vertex -38.4798 20 14.6949
      vertex -39.5147 20 13.5147
    endloop
  endfacet
  facet normal 0.555597 0 -0.831452
    outer loop
      vertex -42 20 11.6077
      vertex -40.6949 36 12.4798
      vertex -40.6949 20 12.4798
    endloop
  endfacet
  facet normal 0.555597 0 -0.831452
    outer loop
      vertex -40.6949 36 12.4798
      vertex -42 20 11.6077
      vertex -42 36 11.6077
    endloop
  endfacet
  facet normal 0.89686 0 -0.442314
    outer loop
      vertex -36.9134 20 17.4078
      vertex -37.6077 36 16
      vertex -36.9134 36 17.4078
    endloop
  endfacet
  facet normal 0.89686 0 -0.442314
    outer loop
      vertex -37.6077 36 16
      vertex -36.9134 20 17.4078
      vertex -37.6077 20 16
    endloop
  endfacet
  facet normal -0.065428 0 -0.997857
    outer loop
      vertex -49.5663 31 10.1027
      vertex -48 36 10
      vertex -48 31 10
    endloop
  endfacet
  facet normal -0.065428 0 -0.997857
    outer loop
      vertex -48 36 10
      vertex -49.5663 31 10.1027
      vertex -49.5663 36 10.1027
    endloop
  endfacet
  facet normal -0.065428 0 -0.997857
    outer loop
      vertex -49.5663 20 10.1027
      vertex -48 25 10
      vertex -48 20 10
    endloop
  endfacet
  facet normal -0.065428 0 -0.997857
    outer loop
      vertex -48 25 10
      vertex -49.5663 20 10.1027
      vertex -49.5663 25 10.1027
    endloop
  endfacet
  facet normal -0.442314 0 -0.89686
    outer loop
      vertex -54 20 11.6077
      vertex -52.5922 36 10.9134
      vertex -52.5922 20 10.9134
    endloop
  endfacet
  facet normal -0.442314 0 -0.89686
    outer loop
      vertex -52.5922 36 10.9134
      vertex -54 20 11.6077
      vertex -54 36 11.6077
    endloop
  endfacet
  facet normal -0.946943 0 -0.321402
    outer loop
      vertex -59.0866 31 17.4078
      vertex -59.5911 36 18.8942
      vertex -59.0866 36 17.4078
    endloop
  endfacet
  facet normal -0.946943 -0 -0.321402
    outer loop
      vertex -59.5911 36 18.8942
      vertex -59.0866 31 17.4078
      vertex -59.5911 31 18.8942
    endloop
  endfacet
  facet normal -0.946943 0 -0.321402
    outer loop
      vertex -59.0866 20 17.4078
      vertex -59.5911 25 18.8942
      vertex -59.0866 25 17.4078
    endloop
  endfacet
  facet normal -0.946943 -0 -0.321402
    outer loop
      vertex -59.5911 25 18.8942
      vertex -59.0866 20 17.4078
      vertex -59.5911 20 18.8942
    endloop
  endfacet
  facet normal -0.997857 0 -0.065428
    outer loop
      vertex -59.8973 31 20.4337
      vertex -60 36 22
      vertex -59.8973 36 20.4337
    endloop
  endfacet
  facet normal -0.997857 -0 -0.065428
    outer loop
      vertex -60 36 22
      vertex -59.8973 31 20.4337
      vertex -60 31 22
    endloop
  endfacet
  facet normal -0.997857 0 -0.065428
    outer loop
      vertex -59.8973 20 20.4337
      vertex -60 25 22
      vertex -59.8973 25 20.4337
    endloop
  endfacet
  facet normal -0.997857 -0 -0.065428
    outer loop
      vertex -60 25 22
      vertex -59.8973 20 20.4337
      vertex -60 20 22
    endloop
  endfacet
  facet normal -0.831452 0 -0.555597
    outer loop
      vertex -57.5202 20 14.6949
      vertex -58.3923 25 16
      vertex -57.5202 25 14.6949
    endloop
  endfacet
  facet normal -0.831452 -0 -0.555597
    outer loop
      vertex -58.3923 25 16
      vertex -57.5202 20 14.6949
      vertex -58.3923 20 16
    endloop
  endfacet
  facet normal -0.831452 0 -0.555597
    outer loop
      vertex -57.5202 31 14.6949
      vertex -58.3923 36 16
      vertex -57.5202 36 14.6949
    endloop
  endfacet
  facet normal -0.831452 -0 -0.555597
    outer loop
      vertex -58.3923 36 16
      vertex -57.5202 31 14.6949
      vertex -58.3923 31 16
    endloop
  endfacet
  facet normal 0.195075 0 0.980788
    outer loop
      vertex -46.4337 36 33.8973
      vertex -44.8942 31 33.5911
      vertex -44.8942 36 33.5911
    endloop
  endfacet
  facet normal 0.195075 0 0.980788
    outer loop
      vertex -44.8942 31 33.5911
      vertex -46.4337 36 33.8973
      vertex -46.4337 31 33.8973
    endloop
  endfacet
  facet normal 0.195075 0 0.980788
    outer loop
      vertex -46.4337 25 33.8973
      vertex -44.8942 20 33.5911
      vertex -44.8942 25 33.5911
    endloop
  endfacet
  facet normal 0.195075 0 0.980788
    outer loop
      vertex -44.8942 20 33.5911
      vertex -46.4337 25 33.8973
      vertex -46.4337 20 33.8973
    endloop
  endfacet
  facet normal -0.980788 0 0.195075
    outer loop
      vertex -59.8973 31 23.5663
      vertex -59.5911 36 25.1058
      vertex -59.8973 36 23.5663
    endloop
  endfacet
  facet normal -0.980788 0 0.195075
    outer loop
      vertex -59.5911 36 25.1058
      vertex -59.8973 31 23.5663
      vertex -59.5911 31 25.1058
    endloop
  endfacet
  facet normal -0.980788 0 0.195075
    outer loop
      vertex -59.8973 20 23.5663
      vertex -59.5911 25 25.1058
      vertex -59.8973 25 23.5663
    endloop
  endfacet
  facet normal -0.980788 0 0.195075
    outer loop
      vertex -59.5911 25 25.1058
      vertex -59.8973 20 23.5663
      vertex -59.5911 20 25.1058
    endloop
  endfacet
  facet normal 0.997857 0 -0.065428
    outer loop
      vertex -36 20 22
      vertex -36.1027 36 20.4337
      vertex -36 36 22
    endloop
  endfacet
  facet normal 0.997857 0 -0.065428
    outer loop
      vertex -36.1027 36 20.4337
      vertex -36 20 22
      vertex -36.1027 20 20.4337
    endloop
  endfacet
  facet normal 0.442314 0 -0.89686
    outer loop
      vertex -43.4078 20 10.9134
      vertex -42 36 11.6077
      vertex -42 20 11.6077
    endloop
  endfacet
  facet normal 0.442314 0 -0.89686
    outer loop
      vertex -42 36 11.6077
      vertex -43.4078 20 10.9134
      vertex -43.4078 36 10.9134
    endloop
  endfacet
  facet normal 0.659307 0 -0.751874
    outer loop
      vertex -40.6949 20 12.4798
      vertex -39.5147 36 13.5147
      vertex -39.5147 20 13.5147
    endloop
  endfacet
  facet normal 0.659307 0 -0.751874
    outer loop
      vertex -39.5147 36 13.5147
      vertex -40.6949 20 12.4798
      vertex -40.6949 36 12.4798
    endloop
  endfacet
  facet normal -0.555472 0 -0.831535
    outer loop
      vertex -54 20 11.6077
      vertex -54.1988 25 11.7405
      vertex -54 36 11.6077
    endloop
  endfacet
  facet normal -0.555597 -7.16077e-06 -0.831452
    outer loop
      vertex -55.3051 20 12.4798
      vertex -54.1988 25 11.7405
      vertex -54 20 11.6077
    endloop
  endfacet
  facet normal -0.555619 0 -0.831437
    outer loop
      vertex -54.1988 25 11.7405
      vertex -55.3051 20 12.4798
      vertex -55.3051 25 12.4798
    endloop
  endfacet
  facet normal -0.555472 -0 -0.831535
    outer loop
      vertex -54.1988 31 11.7405
      vertex -54 36 11.6077
      vertex -54.1988 25 11.7405
    endloop
  endfacet
  facet normal -0.555619 -0 -0.831437
    outer loop
      vertex -55.3051 36 12.4798
      vertex -54.1988 31 11.7405
      vertex -55.3051 31 12.4798
    endloop
  endfacet
  facet normal -0.555597 7.16077e-06 -0.831452
    outer loop
      vertex -54.1988 31 11.7405
      vertex -55.3051 36 12.4798
      vertex -54 36 11.6077
    endloop
  endfacet
  facet normal -0.751874 0 -0.659307
    outer loop
      vertex -56.4853 20 13.5147
      vertex -57.5202 25 14.6949
      vertex -56.4853 25 13.5147
    endloop
  endfacet
  facet normal -0.751874 -0 -0.659307
    outer loop
      vertex -57.5202 25 14.6949
      vertex -56.4853 20 13.5147
      vertex -57.5202 20 14.6949
    endloop
  endfacet
  facet normal -0.751874 0 -0.659307
    outer loop
      vertex -56.4853 31 13.5147
      vertex -57.5202 36 14.6949
      vertex -56.4853 36 13.5147
    endloop
  endfacet
  facet normal -0.751874 -0 -0.659307
    outer loop
      vertex -57.5202 36 14.6949
      vertex -56.4853 31 13.5147
      vertex -57.5202 31 14.6949
    endloop
  endfacet
  facet normal -0.997858 0 -0.065424
    outer loop
      vertex -38.5 20 22
      vertex -38.5813 36 23.24
      vertex -38.5 36 22
    endloop
  endfacet
  facet normal -0.997858 -0 -0.065424
    outer loop
      vertex -38.5813 36 23.24
      vertex -38.5 20 22
      vertex -38.5813 20 23.24
    endloop
  endfacet
  facet normal 0.997858 0 -0.065424
    outer loop
      vertex -57.4187 20 23.24
      vertex -57.5 36 22
      vertex -57.4187 36 23.24
    endloop
  endfacet
  facet normal 0.997858 0 -0.065424
    outer loop
      vertex -57.5 36 22
      vertex -57.4187 20 23.24
      vertex -57.5 20 22
    endloop
  endfacet
  facet normal -0.065424 0 -0.997858
    outer loop
      vertex -48 20 31.5
      vertex -46.76 36 31.4187
      vertex -46.76 20 31.4187
    endloop
  endfacet
  facet normal -0.065424 0 -0.997858
    outer loop
      vertex -46.76 36 31.4187
      vertex -48 20 31.5
      vertex -48 36 31.5
    endloop
  endfacet
  facet normal 0.065424 0 0.997858
    outer loop
      vertex -49.24 36 12.5813
      vertex -48 20 12.5
      vertex -48 36 12.5
    endloop
  endfacet
  facet normal 0.065424 0 0.997858
    outer loop
      vertex -48 20 12.5
      vertex -49.24 36 12.5813
      vertex -49.24 20 12.5813
    endloop
  endfacet
  facet normal 0.751823 -0 0.659364
    outer loop
      vertex -55.5369 20 16.2168
      vertex -54.7175 36 15.2825
      vertex -55.5369 36 16.2168
    endloop
  endfacet
  facet normal 0.751823 0 0.659364
    outer loop
      vertex -54.7175 36 15.2825
      vertex -55.5369 20 16.2168
      vertex -54.7175 20 15.2825
    endloop
  endfacet
  facet normal -0.751823 0 -0.659364
    outer loop
      vertex -40.4631 20 27.7832
      vertex -41.2825 36 28.7175
      vertex -40.4631 36 27.7832
    endloop
  endfacet
  facet normal -0.751823 -0 -0.659364
    outer loop
      vertex -41.2825 36 28.7175
      vertex -40.4631 20 27.7832
      vertex -41.2825 20 28.7175
    endloop
  endfacet
  facet normal 0.659364 0 -0.751823
    outer loop
      vertex -54.7175 20 28.7175
      vertex -53.7832 36 29.5369
      vertex -53.7832 20 29.5369
    endloop
  endfacet
  facet normal 0.659364 0 -0.751823
    outer loop
      vertex -53.7832 36 29.5369
      vertex -54.7175 20 28.7175
      vertex -54.7175 36 28.7175
    endloop
  endfacet
  facet normal 0.321414 0 -0.946939
    outer loop
      vertex -51.6355 20 30.7769
      vertex -50.4588 36 31.1763
      vertex -50.4588 20 31.1763
    endloop
  endfacet
  facet normal 0.321414 0 -0.946939
    outer loop
      vertex -50.4588 36 31.1763
      vertex -51.6355 20 30.7769
      vertex -51.6355 36 30.7769
    endloop
  endfacet
  facet normal -0.659364 0 0.751823
    outer loop
      vertex -42.2168 36 14.4631
      vertex -41.2825 20 15.2825
      vertex -41.2825 36 15.2825
    endloop
  endfacet
  facet normal -0.659364 0 0.751823
    outer loop
      vertex -41.2825 20 15.2825
      vertex -42.2168 36 14.4631
      vertex -42.2168 20 14.4631
    endloop
  endfacet
  facet normal -0.946939 0 -0.321414
    outer loop
      vertex -38.8237 20 24.4588
      vertex -39.2231 36 25.6355
      vertex -38.8237 36 24.4588
    endloop
  endfacet
  facet normal -0.946939 -0 -0.321414
    outer loop
      vertex -39.2231 36 25.6355
      vertex -38.8237 20 24.4588
      vertex -39.2231 20 25.6355
    endloop
  endfacet
  facet normal -0.980791 0 -0.195064
    outer loop
      vertex -38.5813 20 23.24
      vertex -38.8237 36 24.4588
      vertex -38.5813 36 23.24
    endloop
  endfacet
  facet normal -0.980791 -0 -0.195064
    outer loop
      vertex -38.8237 36 24.4588
      vertex -38.5813 20 23.24
      vertex -38.8237 20 24.4588
    endloop
  endfacet
  facet normal -0.442347 0 -0.896844
    outer loop
      vertex -44.3645 20 30.7769
      vertex -43.25 36 30.2272
      vertex -43.25 20 30.2272
    endloop
  endfacet
  facet normal -0.442347 0 -0.896844
    outer loop
      vertex -43.25 36 30.2272
      vertex -44.3645 20 30.7769
      vertex -44.3645 36 30.7769
    endloop
  endfacet
  facet normal -0.321414 0 -0.946939
    outer loop
      vertex -45.5412 20 31.1763
      vertex -44.3645 36 30.7769
      vertex -44.3645 20 30.7769
    endloop
  endfacet
  facet normal -0.321414 0 -0.946939
    outer loop
      vertex -44.3645 36 30.7769
      vertex -45.5412 20 31.1763
      vertex -45.5412 36 31.1763
    endloop
  endfacet
  facet normal -0.659364 0 -0.751823
    outer loop
      vertex -42.2168 20 29.5369
      vertex -41.2825 36 28.7175
      vertex -41.2825 20 28.7175
    endloop
  endfacet
  facet normal -0.659364 0 -0.751823
    outer loop
      vertex -41.2825 36 28.7175
      vertex -42.2168 20 29.5369
      vertex -42.2168 36 29.5369
    endloop
  endfacet
  facet normal 0.896844 0 -0.442347
    outer loop
      vertex -56.2272 20 26.75
      vertex -56.7769 36 25.6355
      vertex -56.2272 36 26.75
    endloop
  endfacet
  facet normal 0.896844 0 -0.442347
    outer loop
      vertex -56.7769 36 25.6355
      vertex -56.2272 20 26.75
      vertex -56.7769 20 25.6355
    endloop
  endfacet
  facet normal 0.751823 0 -0.659364
    outer loop
      vertex -54.7175 20 28.7175
      vertex -55.5369 36 27.7832
      vertex -54.7175 36 28.7175
    endloop
  endfacet
  facet normal 0.751823 0 -0.659364
    outer loop
      vertex -55.5369 36 27.7832
      vertex -54.7175 20 28.7175
      vertex -55.5369 20 27.7832
    endloop
  endfacet
  facet normal 0.946939 0 -0.321414
    outer loop
      vertex -56.7769 20 25.6355
      vertex -57.1763 36 24.4588
      vertex -56.7769 36 25.6355
    endloop
  endfacet
  facet normal 0.946939 0 -0.321414
    outer loop
      vertex -57.1763 36 24.4588
      vertex -56.7769 20 25.6355
      vertex -57.1763 20 24.4588
    endloop
  endfacet
  facet normal 0.195064 0 -0.980791
    outer loop
      vertex -50.4588 20 31.1763
      vertex -49.24 36 31.4187
      vertex -49.24 20 31.4187
    endloop
  endfacet
  facet normal 0.195064 0 -0.980791
    outer loop
      vertex -49.24 36 31.4187
      vertex -50.4588 20 31.1763
      vertex -50.4588 36 31.1763
    endloop
  endfacet
  facet normal 0.659364 0 0.751823
    outer loop
      vertex -54.7175 36 15.2825
      vertex -53.7832 20 14.4631
      vertex -53.7832 36 14.4631
    endloop
  endfacet
  facet normal 0.659364 0 0.751823
    outer loop
      vertex -53.7832 20 14.4631
      vertex -54.7175 36 15.2825
      vertex -54.7175 20 15.2825
    endloop
  endfacet
  facet normal 0.321414 0 0.946939
    outer loop
      vertex -51.6355 36 13.2231
      vertex -50.4588 20 12.8237
      vertex -50.4588 36 12.8237
    endloop
  endfacet
  facet normal 0.321414 0 0.946939
    outer loop
      vertex -50.4588 20 12.8237
      vertex -51.6355 36 13.2231
      vertex -51.6355 20 13.2231
    endloop
  endfacet
  facet normal -0.831493 0 -0.555536
    outer loop
      vertex -39.7728 20 26.75
      vertex -40.4631 36 27.7832
      vertex -39.7728 36 26.75
    endloop
  endfacet
  facet normal -0.831493 -0 -0.555536
    outer loop
      vertex -40.4631 36 27.7832
      vertex -39.7728 20 26.75
      vertex -40.4631 20 27.7832
    endloop
  endfacet
  facet normal -0.896844 0 -0.442347
    outer loop
      vertex -39.2231 20 25.6355
      vertex -39.7728 36 26.75
      vertex -39.2231 36 25.6355
    endloop
  endfacet
  facet normal -0.896844 -0 -0.442347
    outer loop
      vertex -39.7728 36 26.75
      vertex -39.2231 20 25.6355
      vertex -39.7728 20 26.75
    endloop
  endfacet
  facet normal -0.195064 0 -0.980791
    outer loop
      vertex -46.76 20 31.4187
      vertex -45.5412 36 31.1763
      vertex -45.5412 20 31.1763
    endloop
  endfacet
  facet normal -0.195064 0 -0.980791
    outer loop
      vertex -45.5412 36 31.1763
      vertex -46.76 20 31.4187
      vertex -46.76 36 31.4187
    endloop
  endfacet
  facet normal -0.555536 0 -0.831493
    outer loop
      vertex -43.25 20 30.2272
      vertex -42.2168 36 29.5369
      vertex -42.2168 20 29.5369
    endloop
  endfacet
  facet normal -0.555536 0 -0.831493
    outer loop
      vertex -42.2168 36 29.5369
      vertex -43.25 20 30.2272
      vertex -43.25 36 30.2272
    endloop
  endfacet
  facet normal 0.831493 0 -0.555536
    outer loop
      vertex -55.5369 20 27.7832
      vertex -56.2272 36 26.75
      vertex -55.5369 36 27.7832
    endloop
  endfacet
  facet normal 0.831493 0 -0.555536
    outer loop
      vertex -56.2272 36 26.75
      vertex -55.5369 20 27.7832
      vertex -56.2272 20 26.75
    endloop
  endfacet
  facet normal 0.980791 0 -0.195064
    outer loop
      vertex -57.1763 20 24.4588
      vertex -57.4187 36 23.24
      vertex -57.1763 36 24.4588
    endloop
  endfacet
  facet normal 0.980791 0 -0.195064
    outer loop
      vertex -57.4187 36 23.24
      vertex -57.1763 20 24.4588
      vertex -57.4187 20 23.24
    endloop
  endfacet
  facet normal 0.442347 0 -0.896844
    outer loop
      vertex -52.75 20 30.2272
      vertex -51.6355 36 30.7769
      vertex -51.6355 20 30.7769
    endloop
  endfacet
  facet normal 0.442347 0 -0.896844
    outer loop
      vertex -51.6355 36 30.7769
      vertex -52.75 20 30.2272
      vertex -52.75 36 30.2272
    endloop
  endfacet
  facet normal 0.555536 0 -0.831493
    outer loop
      vertex -53.7832 20 29.5369
      vertex -52.75 36 30.2272
      vertex -52.75 20 30.2272
    endloop
  endfacet
  facet normal 0.555536 0 -0.831493
    outer loop
      vertex -52.75 36 30.2272
      vertex -53.7832 20 29.5369
      vertex -53.7832 36 29.5369
    endloop
  endfacet
  facet normal 0.065424 0 -0.997858
    outer loop
      vertex -49.24 20 31.4187
      vertex -48 36 31.5
      vertex -48 20 31.5
    endloop
  endfacet
  facet normal 0.065424 0 -0.997858
    outer loop
      vertex -48 36 31.5
      vertex -49.24 20 31.4187
      vertex -49.24 36 31.4187
    endloop
  endfacet
  facet normal -0.997858 0 0.065424
    outer loop
      vertex -38.5813 20 20.76
      vertex -38.5 36 22
      vertex -38.5813 36 20.76
    endloop
  endfacet
  facet normal -0.997858 0 0.065424
    outer loop
      vertex -38.5 36 22
      vertex -38.5813 20 20.76
      vertex -38.5 20 22
    endloop
  endfacet
  facet normal -0.065424 0 0.997858
    outer loop
      vertex -48 36 12.5
      vertex -46.76 20 12.5813
      vertex -46.76 36 12.5813
    endloop
  endfacet
  facet normal -0.065424 0 0.997858
    outer loop
      vertex -46.76 20 12.5813
      vertex -48 36 12.5
      vertex -48 20 12.5
    endloop
  endfacet
  facet normal -0.321414 0 0.946939
    outer loop
      vertex -45.5412 36 12.8237
      vertex -44.3645 20 13.2231
      vertex -44.3645 36 13.2231
    endloop
  endfacet
  facet normal -0.321414 0 0.946939
    outer loop
      vertex -44.3645 20 13.2231
      vertex -45.5412 36 12.8237
      vertex -45.5412 20 12.8237
    endloop
  endfacet
  facet normal -0.442347 0 0.896844
    outer loop
      vertex -44.3645 36 13.2231
      vertex -43.25 20 13.7728
      vertex -43.25 36 13.7728
    endloop
  endfacet
  facet normal -0.442347 0 0.896844
    outer loop
      vertex -43.25 20 13.7728
      vertex -44.3645 36 13.2231
      vertex -44.3645 20 13.2231
    endloop
  endfacet
  facet normal -0.751823 0 0.659364
    outer loop
      vertex -41.2825 20 15.2825
      vertex -40.4631 36 16.2168
      vertex -41.2825 36 15.2825
    endloop
  endfacet
  facet normal -0.751823 0 0.659364
    outer loop
      vertex -40.4631 36 16.2168
      vertex -41.2825 20 15.2825
      vertex -40.4631 20 16.2168
    endloop
  endfacet
  facet normal 0.555536 0 0.831493
    outer loop
      vertex -53.7832 36 14.4631
      vertex -52.75 20 13.7728
      vertex -52.75 36 13.7728
    endloop
  endfacet
  facet normal 0.555536 0 0.831493
    outer loop
      vertex -52.75 20 13.7728
      vertex -53.7832 36 14.4631
      vertex -53.7832 20 14.4631
    endloop
  endfacet
  facet normal 0.195064 0 0.980791
    outer loop
      vertex -50.4588 36 12.8237
      vertex -49.24 20 12.5813
      vertex -49.24 36 12.5813
    endloop
  endfacet
  facet normal 0.195064 0 0.980791
    outer loop
      vertex -49.24 20 12.5813
      vertex -50.4588 36 12.8237
      vertex -50.4588 20 12.8237
    endloop
  endfacet
  facet normal 0.896844 -0 0.442347
    outer loop
      vertex -56.7769 20 18.3645
      vertex -56.2272 36 17.25
      vertex -56.7769 36 18.3645
    endloop
  endfacet
  facet normal 0.896844 0 0.442347
    outer loop
      vertex -56.2272 36 17.25
      vertex -56.7769 20 18.3645
      vertex -56.2272 20 17.25
    endloop
  endfacet
  facet normal 0.946939 -0 0.321414
    outer loop
      vertex -57.1763 20 19.5412
      vertex -56.7769 36 18.3645
      vertex -57.1763 36 19.5412
    endloop
  endfacet
  facet normal 0.946939 0 0.321414
    outer loop
      vertex -56.7769 36 18.3645
      vertex -57.1763 20 19.5412
      vertex -56.7769 20 18.3645
    endloop
  endfacet
  facet normal 0.997858 -0 0.065424
    outer loop
      vertex -57.5 20 22
      vertex -57.4187 36 20.76
      vertex -57.5 36 22
    endloop
  endfacet
  facet normal 0.997858 0 0.065424
    outer loop
      vertex -57.4187 36 20.76
      vertex -57.5 20 22
      vertex -57.4187 20 20.76
    endloop
  endfacet
  facet normal -0.946939 0 0.321414
    outer loop
      vertex -39.2231 20 18.3645
      vertex -38.8237 36 19.5412
      vertex -39.2231 36 18.3645
    endloop
  endfacet
  facet normal -0.946939 0 0.321414
    outer loop
      vertex -38.8237 36 19.5412
      vertex -39.2231 20 18.3645
      vertex -38.8237 20 19.5412
    endloop
  endfacet
  facet normal -0.195064 0 0.980791
    outer loop
      vertex -46.76 36 12.5813
      vertex -45.5412 20 12.8237
      vertex -45.5412 36 12.8237
    endloop
  endfacet
  facet normal -0.195064 0 0.980791
    outer loop
      vertex -45.5412 20 12.8237
      vertex -46.76 36 12.5813
      vertex -46.76 20 12.5813
    endloop
  endfacet
  facet normal -0.555536 0 0.831493
    outer loop
      vertex -43.25 36 13.7728
      vertex -42.2168 20 14.4631
      vertex -42.2168 36 14.4631
    endloop
  endfacet
  facet normal -0.555536 0 0.831493
    outer loop
      vertex -42.2168 20 14.4631
      vertex -43.25 36 13.7728
      vertex -43.25 20 13.7728
    endloop
  endfacet
  facet normal -0.831493 0 0.555536
    outer loop
      vertex -40.4631 20 16.2168
      vertex -39.7728 36 17.25
      vertex -40.4631 36 16.2168
    endloop
  endfacet
  facet normal -0.831493 0 0.555536
    outer loop
      vertex -39.7728 36 17.25
      vertex -40.4631 20 16.2168
      vertex -39.7728 20 17.25
    endloop
  endfacet
  facet normal 0.442347 0 0.896844
    outer loop
      vertex -52.75 36 13.7728
      vertex -51.6355 20 13.2231
      vertex -51.6355 36 13.2231
    endloop
  endfacet
  facet normal 0.442347 0 0.896844
    outer loop
      vertex -51.6355 20 13.2231
      vertex -52.75 36 13.7728
      vertex -52.75 20 13.7728
    endloop
  endfacet
  facet normal 0.831493 -0 0.555536
    outer loop
      vertex -56.2272 20 17.25
      vertex -55.5369 36 16.2168
      vertex -56.2272 36 17.25
    endloop
  endfacet
  facet normal 0.831493 0 0.555536
    outer loop
      vertex -55.5369 36 16.2168
      vertex -56.2272 20 17.25
      vertex -55.5369 20 16.2168
    endloop
  endfacet
  facet normal 0.980791 -0 0.195064
    outer loop
      vertex -57.4187 20 20.76
      vertex -57.1763 36 19.5412
      vertex -57.4187 36 20.76
    endloop
  endfacet
  facet normal 0.980791 0 0.195064
    outer loop
      vertex -57.1763 36 19.5412
      vertex -57.4187 20 20.76
      vertex -57.1763 20 19.5412
    endloop
  endfacet
  facet normal -0.980791 0 0.195064
    outer loop
      vertex -38.8237 20 19.5412
      vertex -38.5813 36 20.76
      vertex -38.8237 36 19.5412
    endloop
  endfacet
  facet normal -0.980791 0 0.195064
    outer loop
      vertex -38.5813 36 20.76
      vertex -38.8237 20 19.5412
      vertex -38.5813 20 20.76
    endloop
  endfacet
  facet normal -0.896844 0 0.442347
    outer loop
      vertex -39.7728 20 17.25
      vertex -39.2231 36 18.3645
      vertex -39.7728 36 17.25
    endloop
  endfacet
  facet normal -0.896844 0 0.442347
    outer loop
      vertex -39.2231 36 18.3645
      vertex -39.7728 20 17.25
      vertex -39.2231 20 18.3645
    endloop
  endfacet
  facet normal 0.995186 -0 0.0979996
    outer loop
      vertex -39.1729 21 23.7558
      vertex -39 35 22
      vertex -39.1729 35 23.7558
    endloop
  endfacet
  facet normal 0.995186 0 0.0979996
    outer loop
      vertex -39 35 22
      vertex -39.1729 21 23.7558
      vertex -39 21 22
    endloop
  endfacet
  facet normal -0.995186 0 0.0979996
    outer loop
      vertex -57 21 22
      vertex -56.8271 35 23.7558
      vertex -57 35 22
    endloop
  endfacet
  facet normal -0.995186 0 0.0979996
    outer loop
      vertex -56.8271 35 23.7558
      vertex -57 21 22
      vertex -56.8271 21 23.7558
    endloop
  endfacet
  facet normal 0.0979996 0 0.995186
    outer loop
      vertex -48 35 31
      vertex -46.2442 21 30.8271
      vertex -46.2442 35 30.8271
    endloop
  endfacet
  facet normal 0.0979996 0 0.995186
    outer loop
      vertex -46.2442 21 30.8271
      vertex -48 35 31
      vertex -48 21 31
    endloop
  endfacet
  facet normal 0.634351 0 0.773045
    outer loop
      vertex -42.9999 35 29.4832
      vertex -41.636 21 28.364
      vertex -41.636 35 28.364
    endloop
  endfacet
  facet normal 0.634351 0 0.773045
    outer loop
      vertex -41.636 21 28.364
      vertex -42.9999 35 29.4832
      vertex -42.9999 21 29.4832
    endloop
  endfacet
  facet normal 0.471397 0 0.881921
    outer loop
      vertex -44.5559 35 30.3149
      vertex -42.9999 21 29.4832
      vertex -42.9999 35 29.4832
    endloop
  endfacet
  facet normal 0.471397 0 0.881921
    outer loop
      vertex -42.9999 21 29.4832
      vertex -44.5559 35 30.3149
      vertex -44.5559 21 30.3149
    endloop
  endfacet
  facet normal -0.634351 0 0.773045
    outer loop
      vertex -54.364 35 28.364
      vertex -53.0001 21 29.4832
      vertex -53.0001 35 29.4832
    endloop
  endfacet
  facet normal -0.634351 0 0.773045
    outer loop
      vertex -53.0001 21 29.4832
      vertex -54.364 35 28.364
      vertex -54.364 21 28.364
    endloop
  endfacet
  facet normal -0.290316 0 0.956931
    outer loop
      vertex -51.4441 35 30.3149
      vertex -49.7558 21 30.8271
      vertex -49.7558 35 30.8271
    endloop
  endfacet
  facet normal -0.290316 0 0.956931
    outer loop
      vertex -49.7558 21 30.8271
      vertex -51.4441 35 30.3149
      vertex -51.4441 21 30.3149
    endloop
  endfacet
  facet normal 0.881921 0 -0.471397
    outer loop
      vertex -39.6851 21 18.5559
      vertex -40.5168 35 16.9999
      vertex -39.6851 35 18.5559
    endloop
  endfacet
  facet normal 0.881921 0 -0.471397
    outer loop
      vertex -40.5168 35 16.9999
      vertex -39.6851 21 18.5559
      vertex -40.5168 21 16.9999
    endloop
  endfacet
  facet normal 0 1 0
    outer loop
      vertex -48 35 27.5
      vertex -48 35 31
      vertex -46.2442 35 30.8271
    endloop
  endfacet
  facet normal 0 1 0
    outer loop
      vertex -46.5765 35 27.3126
      vertex -46.2442 35 30.8271
      vertex -44.5559 35 30.3149
    endloop
  endfacet
  facet normal 0 1 0
    outer loop
      vertex -48 35 31
      vertex -48 35 27.5
      vertex -49.7558 35 30.8271
    endloop
  endfacet
  facet normal 0 1 0
    outer loop
      vertex -45.25 35 26.7631
      vertex -44.5559 35 30.3149
      vertex -42.9999 35 29.4832
    endloop
  endfacet
  facet normal 0 1 -0
    outer loop
      vertex -49.4235 35 27.3126
      vertex -49.7558 35 30.8271
      vertex -48 35 27.5
    endloop
  endfacet
  facet normal 0 1 0
    outer loop
      vertex -44.1109 35 25.8891
      vertex -42.9999 35 29.4832
      vertex -41.636 35 28.364
    endloop
  endfacet
  facet normal 0 1 0
    outer loop
      vertex -49.7558 35 30.8271
      vertex -49.4235 35 27.3126
      vertex -51.4441 35 30.3149
    endloop
  endfacet
  facet normal 0 1 -0
    outer loop
      vertex -50.75 35 26.7631
      vertex -51.4441 35 30.3149
      vertex -49.4235 35 27.3126
    endloop
  endfacet
  facet normal 0 1 0
    outer loop
      vertex -46.2442 35 30.8271
      vertex -46.5765 35 27.3126
      vertex -48 35 27.5
    endloop
  endfacet
  facet normal 0 1 0
    outer loop
      vertex -44.1109 35 25.8891
      vertex -41.636 35 28.364
      vertex -40.5168 35 27.0001
    endloop
  endfacet
  facet normal 0 1 0
    outer loop
      vertex -44.5559 35 30.3149
      vertex -45.25 35 26.7631
      vertex -46.5765 35 27.3126
    endloop
  endfacet
  facet normal 0 1 0
    outer loop
      vertex -42.9999 35 29.4832
      vertex -44.1109 35 25.8891
      vertex -45.25 35 26.7631
    endloop
  endfacet
  facet normal 0 1 0
    outer loop
      vertex -43.2369 35 24.75
      vertex -40.5168 35 27.0001
      vertex -39.6851 35 25.4441
    endloop
  endfacet
  facet normal 0 1 0
    outer loop
      vertex -40.5168 35 27.0001
      vertex -43.2369 35 24.75
      vertex -44.1109 35 25.8891
    endloop
  endfacet
  facet normal 0 1 0
    outer loop
      vertex -42.6874 35 23.4235
      vertex -39.6851 35 25.4441
      vertex -39.1729 35 23.7558
    endloop
  endfacet
  facet normal 0 1 0
    outer loop
      vertex -39.6851 35 25.4441
      vertex -42.6874 35 23.4235
      vertex -43.2369 35 24.75
    endloop
  endfacet
  facet normal 0 1 0
    outer loop
      vertex -42.5 35 22
      vertex -39.1729 35 23.7558
      vertex -39 35 22
    endloop
  endfacet
  facet normal 0 1 0
    outer loop
      vertex -39.1729 35 23.7558
      vertex -42.5 35 22
      vertex -42.6874 35 23.4235
    endloop
  endfacet
  facet normal 0 1 -0
    outer loop
      vertex -39.1729 35 20.2442
      vertex -42.5 35 22
      vertex -39 35 22
    endloop
  endfacet
  facet normal 0 1 0
    outer loop
      vertex -42.5 35 22
      vertex -39.1729 35 20.2442
      vertex -42.6874 35 20.5765
    endloop
  endfacet
  facet normal 0 1 -0
    outer loop
      vertex -39.6851 35 18.5559
      vertex -42.6874 35 20.5765
      vertex -39.1729 35 20.2442
    endloop
  endfacet
  facet normal 0 1 0
    outer loop
      vertex -42.6874 35 20.5765
      vertex -39.6851 35 18.5559
      vertex -43.2369 35 19.25
    endloop
  endfacet
  facet normal 0 1 -0
    outer loop
      vertex -40.5168 35 16.9999
      vertex -43.2369 35 19.25
      vertex -39.6851 35 18.5559
    endloop
  endfacet
  facet normal 0 1 0
    outer loop
      vertex -43.2369 35 19.25
      vertex -40.5168 35 16.9999
      vertex -44.1109 35 18.1109
    endloop
  endfacet
  facet normal 0 1 -0
    outer loop
      vertex -41.636 35 15.636
      vertex -44.1109 35 18.1109
      vertex -40.5168 35 16.9999
    endloop
  endfacet
  facet normal 0 1 -0
    outer loop
      vertex -42.9999 35 14.5168
      vertex -44.1109 35 18.1109
      vertex -41.636 35 15.636
    endloop
  endfacet
  facet normal 0 1 0
    outer loop
      vertex -44.1109 35 18.1109
      vertex -42.9999 35 14.5168
      vertex -45.25 35 17.2369
    endloop
  endfacet
  facet normal 0 1 -0
    outer loop
      vertex -44.5559 35 13.6851
      vertex -45.25 35 17.2369
      vertex -42.9999 35 14.5168
    endloop
  endfacet
  facet normal 0 1 0
    outer loop
      vertex -51.4441 35 30.3149
      vertex -50.75 35 26.7631
      vertex -53.0001 35 29.4832
    endloop
  endfacet
  facet normal 0 1 -0
    outer loop
      vertex -51.8891 35 25.8891
      vertex -53.0001 35 29.4832
      vertex -50.75 35 26.7631
    endloop
  endfacet
  facet normal 0 1 0
    outer loop
      vertex -53.0001 35 29.4832
      vertex -51.8891 35 25.8891
      vertex -54.364 35 28.364
    endloop
  endfacet
  facet normal 0 1 0
    outer loop
      vertex -54.364 35 28.364
      vertex -51.8891 35 25.8891
      vertex -55.4832 35 27.0001
    endloop
  endfacet
  facet normal 0 1 -0
    outer loop
      vertex -52.7631 35 24.75
      vertex -55.4832 35 27.0001
      vertex -51.8891 35 25.8891
    endloop
  endfacet
  facet normal 0 1 0
    outer loop
      vertex -55.4832 35 27.0001
      vertex -52.7631 35 24.75
      vertex -56.3149 35 25.4441
    endloop
  endfacet
  facet normal 0 1 -0
    outer loop
      vertex -53.3126 35 23.4235
      vertex -56.3149 35 25.4441
      vertex -52.7631 35 24.75
    endloop
  endfacet
  facet normal 0 1 0
    outer loop
      vertex -56.3149 35 25.4441
      vertex -53.3126 35 23.4235
      vertex -56.8271 35 23.7558
    endloop
  endfacet
  facet normal 0 1 -0
    outer loop
      vertex -53.5 35 22
      vertex -56.8271 35 23.7558
      vertex -53.3126 35 23.4235
    endloop
  endfacet
  facet normal 0 1 0
    outer loop
      vertex -53.5 35 22
      vertex -57 35 22
      vertex -56.8271 35 23.7558
    endloop
  endfacet
  facet normal 0 1 0
    outer loop
      vertex -56.8271 35 20.2442
      vertex -53.5 35 22
      vertex -53.3126 35 20.5765
    endloop
  endfacet
  facet normal 0 1 0
    outer loop
      vertex -53.5 35 22
      vertex -56.8271 35 20.2442
      vertex -57 35 22
    endloop
  endfacet
  facet normal 0 1 0
    outer loop
      vertex -56.3149 35 18.5559
      vertex -53.3126 35 20.5765
      vertex -52.7631 35 19.25
    endloop
  endfacet
  facet normal 0 1 0
    outer loop
      vertex -53.3126 35 20.5765
      vertex -56.3149 35 18.5559
      vertex -56.8271 35 20.2442
    endloop
  endfacet
  facet normal 0 1 0
    outer loop
      vertex -55.4832 35 16.9999
      vertex -52.7631 35 19.25
      vertex -51.8891 35 18.1109
    endloop
  endfacet
  facet normal 0 1 0
    outer loop
      vertex -53.0001 35 14.5168
      vertex -51.8891 35 18.1109
      vertex -50.75 35 17.2369
    endloop
  endfacet
  facet normal 0 1 0
    outer loop
      vertex -52.7631 35 19.25
      vertex -55.4832 35 16.9999
      vertex -56.3149 35 18.5559
    endloop
  endfacet
  facet normal 0 1 0
    outer loop
      vertex -51.4441 35 13.6851
      vertex -50.75 35 17.2369
      vertex -49.4235 35 16.6874
    endloop
  endfacet
  facet normal 0 1 0
    outer loop
      vertex -49.7558 35 13.1729
      vertex -49.4235 35 16.6874
      vertex -48 35 16.5
    endloop
  endfacet
  facet normal 0 1 0
    outer loop
      vertex -45.25 35 17.2369
      vertex -44.5559 35 13.6851
      vertex -46.5765 35 16.6874
    endloop
  endfacet
  facet normal 0 1 0
    outer loop
      vertex -51.8891 35 18.1109
      vertex -54.364 35 15.636
      vertex -55.4832 35 16.9999
    endloop
  endfacet
  facet normal 0 1 -0
    outer loop
      vertex -46.2442 35 13.1729
      vertex -46.5765 35 16.6874
      vertex -44.5559 35 13.6851
    endloop
  endfacet
  facet normal 0 1 0
    outer loop
      vertex -51.8891 35 18.1109
      vertex -53.0001 35 14.5168
      vertex -54.364 35 15.636
    endloop
  endfacet
  facet normal 0 1 0
    outer loop
      vertex -46.5765 35 16.6874
      vertex -46.2442 35 13.1729
      vertex -48 35 16.5
    endloop
  endfacet
  facet normal 0 1 0
    outer loop
      vertex -50.75 35 17.2369
      vertex -51.4441 35 13.6851
      vertex -53.0001 35 14.5168
    endloop
  endfacet
  facet normal 0 1 0
    outer loop
      vertex -48 35 13
      vertex -48 35 16.5
      vertex -46.2442 35 13.1729
    endloop
  endfacet
  facet normal 0 1 0
    outer loop
      vertex -49.4235 35 16.6874
      vertex -49.7558 35 13.1729
      vertex -51.4441 35 13.6851
    endloop
  endfacet
  facet normal 0 1 0
    outer loop
      vertex -48 35 16.5
      vertex -48 35 13
      vertex -49.7558 35 13.1729
    endloop
  endfacet
  facet normal 0.881921 -0 0.471397
    outer loop
      vertex -40.5168 21 27.0001
      vertex -39.6851 35 25.4441
      vertex -40.5168 35 27.0001
    endloop
  endfacet
  facet normal 0.881921 0 0.471397
    outer loop
      vertex -39.6851 35 25.4441
      vertex -40.5168 21 27.0001
      vertex -39.6851 21 25.4441
    endloop
  endfacet
  facet normal 0.956931 -0 0.290316
    outer loop
      vertex -39.6851 21 25.4441
      vertex -39.1729 35 23.7558
      vertex -39.6851 35 25.4441
    endloop
  endfacet
  facet normal 0.956931 0 0.290316
    outer loop
      vertex -39.1729 35 23.7558
      vertex -39.6851 21 25.4441
      vertex -39.1729 21 23.7558
    endloop
  endfacet
  facet normal 0.773045 -0 0.634351
    outer loop
      vertex -41.636 21 28.364
      vertex -40.5168 35 27.0001
      vertex -41.636 35 28.364
    endloop
  endfacet
  facet normal 0.773045 0 0.634351
    outer loop
      vertex -40.5168 35 27.0001
      vertex -41.636 21 28.364
      vertex -40.5168 21 27.0001
    endloop
  endfacet
  facet normal 0.290316 0 0.956931
    outer loop
      vertex -46.2442 35 30.8271
      vertex -44.5559 21 30.3149
      vertex -44.5559 35 30.3149
    endloop
  endfacet
  facet normal 0.290316 0 0.956931
    outer loop
      vertex -44.5559 21 30.3149
      vertex -46.2442 35 30.8271
      vertex -46.2442 21 30.8271
    endloop
  endfacet
  facet normal -0.881921 0 0.471397
    outer loop
      vertex -56.3149 21 25.4441
      vertex -55.4832 35 27.0001
      vertex -56.3149 35 25.4441
    endloop
  endfacet
  facet normal -0.881921 0 0.471397
    outer loop
      vertex -55.4832 35 27.0001
      vertex -56.3149 21 25.4441
      vertex -55.4832 21 27.0001
    endloop
  endfacet
  facet normal -0.773045 0 0.634351
    outer loop
      vertex -55.4832 21 27.0001
      vertex -54.364 35 28.364
      vertex -55.4832 35 27.0001
    endloop
  endfacet
  facet normal -0.773045 0 0.634351
    outer loop
      vertex -54.364 35 28.364
      vertex -55.4832 21 27.0001
      vertex -54.364 21 28.364
    endloop
  endfacet
  facet normal -0.956931 0 0.290316
    outer loop
      vertex -56.8271 21 23.7558
      vertex -56.3149 35 25.4441
      vertex -56.8271 35 23.7558
    endloop
  endfacet
  facet normal -0.956931 0 0.290316
    outer loop
      vertex -56.3149 35 25.4441
      vertex -56.8271 21 23.7558
      vertex -56.3149 21 25.4441
    endloop
  endfacet
  facet normal 0 -1 0
    outer loop
      vertex -48 21 27.5
      vertex -48 21 31
      vertex -49.7558 21 30.8271
    endloop
  endfacet
  facet normal 0 -1 0
    outer loop
      vertex -49.4235 21 27.3126
      vertex -49.7558 21 30.8271
      vertex -51.4441 21 30.3149
    endloop
  endfacet
  facet normal 0 -1 0
    outer loop
      vertex -48 21 31
      vertex -48 21 27.5
      vertex -46.2442 21 30.8271
    endloop
  endfacet
  facet normal 0 -1 0
    outer loop
      vertex -50.75 21 26.7631
      vertex -51.4441 21 30.3149
      vertex -53.0001 21 29.4832
    endloop
  endfacet
  facet normal 0 -1 0
    outer loop
      vertex -46.5765 21 27.3126
      vertex -46.2442 21 30.8271
      vertex -48 21 27.5
    endloop
  endfacet
  facet normal 0 -1 0
    outer loop
      vertex -51.8891 21 25.8891
      vertex -53.0001 21 29.4832
      vertex -54.364 21 28.364
    endloop
  endfacet
  facet normal 0 -1 -0
    outer loop
      vertex -46.2442 21 30.8271
      vertex -46.5765 21 27.3126
      vertex -44.5559 21 30.3149
    endloop
  endfacet
  facet normal 0 -1 0
    outer loop
      vertex -45.25 21 26.7631
      vertex -44.5559 21 30.3149
      vertex -46.5765 21 27.3126
    endloop
  endfacet
  facet normal 0 -1 0
    outer loop
      vertex -49.7558 21 30.8271
      vertex -49.4235 21 27.3126
      vertex -48 21 27.5
    endloop
  endfacet
  facet normal 0 -1 0
    outer loop
      vertex -51.8891 21 25.8891
      vertex -54.364 21 28.364
      vertex -55.4832 21 27.0001
    endloop
  endfacet
  facet normal 0 -1 0
    outer loop
      vertex -51.4441 21 30.3149
      vertex -50.75 21 26.7631
      vertex -49.4235 21 27.3126
    endloop
  endfacet
  facet normal 0 -1 0
    outer loop
      vertex -53.0001 21 29.4832
      vertex -51.8891 21 25.8891
      vertex -50.75 21 26.7631
    endloop
  endfacet
  facet normal 0 -1 0
    outer loop
      vertex -52.7631 21 24.75
      vertex -55.4832 21 27.0001
      vertex -56.3149 21 25.4441
    endloop
  endfacet
  facet normal 0 -1 0
    outer loop
      vertex -55.4832 21 27.0001
      vertex -52.7631 21 24.75
      vertex -51.8891 21 25.8891
    endloop
  endfacet
  facet normal 0 -1 0
    outer loop
      vertex -53.3126 21 23.4235
      vertex -56.3149 21 25.4441
      vertex -56.8271 21 23.7558
    endloop
  endfacet
  facet normal 0 -1 0
    outer loop
      vertex -56.3149 21 25.4441
      vertex -53.3126 21 23.4235
      vertex -52.7631 21 24.75
    endloop
  endfacet
  facet normal 0 -1 0
    outer loop
      vertex -53.5 21 22
      vertex -56.8271 21 23.7558
      vertex -57 21 22
    endloop
  endfacet
  facet normal 0 -1 0
    outer loop
      vertex -56.8271 21 23.7558
      vertex -53.5 21 22
      vertex -53.3126 21 23.4235
    endloop
  endfacet
  facet normal 0 -1 0
    outer loop
      vertex -56.8271 21 20.2442
      vertex -53.5 21 22
      vertex -57 21 22
    endloop
  endfacet
  facet normal 0 -1 -0
    outer loop
      vertex -53.5 21 22
      vertex -56.8271 21 20.2442
      vertex -53.3126 21 20.5765
    endloop
  endfacet
  facet normal 0 -1 0
    outer loop
      vertex -56.3149 21 18.5559
      vertex -53.3126 21 20.5765
      vertex -56.8271 21 20.2442
    endloop
  endfacet
  facet normal 0 -1 -0
    outer loop
      vertex -53.3126 21 20.5765
      vertex -56.3149 21 18.5559
      vertex -52.7631 21 19.25
    endloop
  endfacet
  facet normal 0 -1 0
    outer loop
      vertex -55.4832 21 16.9999
      vertex -52.7631 21 19.25
      vertex -56.3149 21 18.5559
    endloop
  endfacet
  facet normal 0 -1 -0
    outer loop
      vertex -52.7631 21 19.25
      vertex -55.4832 21 16.9999
      vertex -51.8891 21 18.1109
    endloop
  endfacet
  facet normal 0 -1 0
    outer loop
      vertex -54.364 21 15.636
      vertex -51.8891 21 18.1109
      vertex -55.4832 21 16.9999
    endloop
  endfacet
  facet normal 0 -1 0
    outer loop
      vertex -53.0001 21 14.5168
      vertex -51.8891 21 18.1109
      vertex -54.364 21 15.636
    endloop
  endfacet
  facet normal 0 -1 -0
    outer loop
      vertex -51.8891 21 18.1109
      vertex -53.0001 21 14.5168
      vertex -50.75 21 17.2369
    endloop
  endfacet
  facet normal 0 -1 0
    outer loop
      vertex -51.4441 21 13.6851
      vertex -50.75 21 17.2369
      vertex -53.0001 21 14.5168
    endloop
  endfacet
  facet normal 0 -1 -0
    outer loop
      vertex -44.5559 21 30.3149
      vertex -45.25 21 26.7631
      vertex -42.9999 21 29.4832
    endloop
  endfacet
  facet normal 0 -1 0
    outer loop
      vertex -44.1109 21 25.8891
      vertex -42.9999 21 29.4832
      vertex -45.25 21 26.7631
    endloop
  endfacet
  facet normal 0 -1 -0
    outer loop
      vertex -42.9999 21 29.4832
      vertex -44.1109 21 25.8891
      vertex -41.636 21 28.364
    endloop
  endfacet
  facet normal 0 -1 -0
    outer loop
      vertex -41.636 21 28.364
      vertex -44.1109 21 25.8891
      vertex -40.5168 21 27.0001
    endloop
  endfacet
  facet normal 0 -1 0
    outer loop
      vertex -43.2369 21 24.75
      vertex -40.5168 21 27.0001
      vertex -44.1109 21 25.8891
    endloop
  endfacet
  facet normal 0 -1 -0
    outer loop
      vertex -40.5168 21 27.0001
      vertex -43.2369 21 24.75
      vertex -39.6851 21 25.4441
    endloop
  endfacet
  facet normal 0 -1 0
    outer loop
      vertex -42.6874 21 23.4235
      vertex -39.6851 21 25.4441
      vertex -43.2369 21 24.75
    endloop
  endfacet
  facet normal 0 -1 -0
    outer loop
      vertex -39.6851 21 25.4441
      vertex -42.6874 21 23.4235
      vertex -39.1729 21 23.7558
    endloop
  endfacet
  facet normal 0 -1 0
    outer loop
      vertex -42.5 21 22
      vertex -39.1729 21 23.7558
      vertex -42.6874 21 23.4235
    endloop
  endfacet
  facet normal 0 -1 0
    outer loop
      vertex -42.5 21 22
      vertex -39 21 22
      vertex -39.1729 21 23.7558
    endloop
  endfacet
  facet normal 0 -1 0
    outer loop
      vertex -39.1729 21 20.2442
      vertex -42.5 21 22
      vertex -42.6874 21 20.5765
    endloop
  endfacet
  facet normal 0 -1 0
    outer loop
      vertex -42.5 21 22
      vertex -39.1729 21 20.2442
      vertex -39 21 22
    endloop
  endfacet
  facet normal 0 -1 0
    outer loop
      vertex -39.6851 21 18.5559
      vertex -42.6874 21 20.5765
      vertex -43.2369 21 19.25
    endloop
  endfacet
  facet normal 0 -1 0
    outer loop
      vertex -42.6874 21 20.5765
      vertex -39.6851 21 18.5559
      vertex -39.1729 21 20.2442
    endloop
  endfacet
  facet normal 0 -1 0
    outer loop
      vertex -40.5168 21 16.9999
      vertex -43.2369 21 19.25
      vertex -44.1109 21 18.1109
    endloop
  endfacet
  facet normal 0 -1 0
    outer loop
      vertex -42.9999 21 14.5168
      vertex -44.1109 21 18.1109
      vertex -45.25 21 17.2369
    endloop
  endfacet
  facet normal 0 -1 0
    outer loop
      vertex -43.2369 21 19.25
      vertex -40.5168 21 16.9999
      vertex -39.6851 21 18.5559
    endloop
  endfacet
  facet normal 0 -1 0
    outer loop
      vertex -44.5559 21 13.6851
      vertex -45.25 21 17.2369
      vertex -46.5765 21 16.6874
    endloop
  endfacet
  facet normal 0 -1 0
    outer loop
      vertex -46.2442 21 13.1729
      vertex -46.5765 21 16.6874
      vertex -48 21 16.5
    endloop
  endfacet
  facet normal 0 -1 -0
    outer loop
      vertex -50.75 21 17.2369
      vertex -51.4441 21 13.6851
      vertex -49.4235 21 16.6874
    endloop
  endfacet
  facet normal 0 -1 0
    outer loop
      vertex -44.1109 21 18.1109
      vertex -41.636 21 15.636
      vertex -40.5168 21 16.9999
    endloop
  endfacet
  facet normal 0 -1 0
    outer loop
      vertex -49.7558 21 13.1729
      vertex -49.4235 21 16.6874
      vertex -51.4441 21 13.6851
    endloop
  endfacet
  facet normal 0 -1 0
    outer loop
      vertex -44.1109 21 18.1109
      vertex -42.9999 21 14.5168
      vertex -41.636 21 15.636
    endloop
  endfacet
  facet normal 0 -1 -0
    outer loop
      vertex -49.4235 21 16.6874
      vertex -49.7558 21 13.1729
      vertex -48 21 16.5
    endloop
  endfacet
  facet normal 0 -1 0
    outer loop
      vertex -45.25 21 17.2369
      vertex -44.5559 21 13.6851
      vertex -42.9999 21 14.5168
    endloop
  endfacet
  facet normal 0 -1 0
    outer loop
      vertex -48 21 13
      vertex -48 21 16.5
      vertex -49.7558 21 13.1729
    endloop
  endfacet
  facet normal 0 -1 0
    outer loop
      vertex -46.5765 21 16.6874
      vertex -46.2442 21 13.1729
      vertex -44.5559 21 13.6851
    endloop
  endfacet
  facet normal 0 -1 0
    outer loop
      vertex -48 21 16.5
      vertex -48 21 13
      vertex -46.2442 21 13.1729
    endloop
  endfacet
  facet normal -0.471397 0 0.881921
    outer loop
      vertex -53.0001 35 29.4832
      vertex -51.4441 21 30.3149
      vertex -51.4441 35 30.3149
    endloop
  endfacet
  facet normal -0.471397 0 0.881921
    outer loop
      vertex -51.4441 21 30.3149
      vertex -53.0001 35 29.4832
      vertex -53.0001 21 29.4832
    endloop
  endfacet
  facet normal -0.0979996 0 0.995186
    outer loop
      vertex -49.7558 35 30.8271
      vertex -48 21 31
      vertex -48 35 31
    endloop
  endfacet
  facet normal -0.0979996 0 0.995186
    outer loop
      vertex -48 21 31
      vertex -49.7558 35 30.8271
      vertex -49.7558 21 30.8271
    endloop
  endfacet
  facet normal 0.995186 0 -0.0979996
    outer loop
      vertex -39 21 22
      vertex -39.1729 35 20.2442
      vertex -39 35 22
    endloop
  endfacet
  facet normal 0.995186 0 -0.0979996
    outer loop
      vertex -39.1729 35 20.2442
      vertex -39 21 22
      vertex -39.1729 21 20.2442
    endloop
  endfacet
  facet normal 0.0979996 0 -0.995186
    outer loop
      vertex -48 21 13
      vertex -46.2442 35 13.1729
      vertex -46.2442 21 13.1729
    endloop
  endfacet
  facet normal 0.0979996 0 -0.995186
    outer loop
      vertex -46.2442 35 13.1729
      vertex -48 21 13
      vertex -48 35 13
    endloop
  endfacet
  facet normal 0.471397 0 -0.881921
    outer loop
      vertex -44.5559 21 13.6851
      vertex -42.9999 35 14.5168
      vertex -42.9999 21 14.5168
    endloop
  endfacet
  facet normal 0.471397 0 -0.881921
    outer loop
      vertex -42.9999 35 14.5168
      vertex -44.5559 21 13.6851
      vertex -44.5559 35 13.6851
    endloop
  endfacet
  facet normal -0.634351 0 -0.773045
    outer loop
      vertex -54.364 21 15.636
      vertex -53.0001 35 14.5168
      vertex -53.0001 21 14.5168
    endloop
  endfacet
  facet normal -0.634351 0 -0.773045
    outer loop
      vertex -53.0001 35 14.5168
      vertex -54.364 21 15.636
      vertex -54.364 35 15.636
    endloop
  endfacet
  facet normal -0.290316 0 -0.956931
    outer loop
      vertex -51.4441 21 13.6851
      vertex -49.7558 35 13.1729
      vertex -49.7558 21 13.1729
    endloop
  endfacet
  facet normal -0.290316 0 -0.956931
    outer loop
      vertex -49.7558 35 13.1729
      vertex -51.4441 21 13.6851
      vertex -51.4441 35 13.6851
    endloop
  endfacet
  facet normal -0.881921 0 -0.471397
    outer loop
      vertex -55.4832 21 16.9999
      vertex -56.3149 35 18.5559
      vertex -55.4832 35 16.9999
    endloop
  endfacet
  facet normal -0.881921 -0 -0.471397
    outer loop
      vertex -56.3149 35 18.5559
      vertex -55.4832 21 16.9999
      vertex -56.3149 21 18.5559
    endloop
  endfacet
  facet normal -0.995186 0 -0.0979996
    outer loop
      vertex -56.8271 21 20.2442
      vertex -57 35 22
      vertex -56.8271 35 20.2442
    endloop
  endfacet
  facet normal -0.995186 -0 -0.0979996
    outer loop
      vertex -57 35 22
      vertex -56.8271 21 20.2442
      vertex -57 21 22
    endloop
  endfacet
  facet normal 0.290316 0 -0.956931
    outer loop
      vertex -46.2442 21 13.1729
      vertex -44.5559 35 13.6851
      vertex -44.5559 21 13.6851
    endloop
  endfacet
  facet normal 0.290316 0 -0.956931
    outer loop
      vertex -44.5559 35 13.6851
      vertex -46.2442 21 13.1729
      vertex -46.2442 35 13.1729
    endloop
  endfacet
  facet normal 0.634351 0 -0.773045
    outer loop
      vertex -42.9999 21 14.5168
      vertex -41.636 35 15.636
      vertex -41.636 21 15.636
    endloop
  endfacet
  facet normal 0.634351 0 -0.773045
    outer loop
      vertex -41.636 35 15.636
      vertex -42.9999 21 14.5168
      vertex -42.9999 35 14.5168
    endloop
  endfacet
  facet normal 0.956931 0 -0.290316
    outer loop
      vertex -39.1729 21 20.2442
      vertex -39.6851 35 18.5559
      vertex -39.1729 35 20.2442
    endloop
  endfacet
  facet normal 0.956931 0 -0.290316
    outer loop
      vertex -39.6851 35 18.5559
      vertex -39.1729 21 20.2442
      vertex -39.6851 21 18.5559
    endloop
  endfacet
  facet normal -0.471397 0 -0.881921
    outer loop
      vertex -53.0001 21 14.5168
      vertex -51.4441 35 13.6851
      vertex -51.4441 21 13.6851
    endloop
  endfacet
  facet normal -0.471397 0 -0.881921
    outer loop
      vertex -51.4441 35 13.6851
      vertex -53.0001 21 14.5168
      vertex -53.0001 35 14.5168
    endloop
  endfacet
  facet normal -0.0979996 0 -0.995186
    outer loop
      vertex -49.7558 21 13.1729
      vertex -48 35 13
      vertex -48 21 13
    endloop
  endfacet
  facet normal -0.0979996 0 -0.995186
    outer loop
      vertex -48 35 13
      vertex -49.7558 21 13.1729
      vertex -49.7558 35 13.1729
    endloop
  endfacet
  facet normal -0.773045 0 -0.634351
    outer loop
      vertex -54.364 21 15.636
      vertex -55.4832 35 16.9999
      vertex -54.364 35 15.636
    endloop
  endfacet
  facet normal -0.773045 -0 -0.634351
    outer loop
      vertex -55.4832 35 16.9999
      vertex -54.364 21 15.636
      vertex -55.4832 21 16.9999
    endloop
  endfacet
  facet normal -0.956931 0 -0.290316
    outer loop
      vertex -56.3149 21 18.5559
      vertex -56.8271 35 20.2442
      vertex -56.3149 35 18.5559
    endloop
  endfacet
  facet normal -0.956931 -0 -0.290316
    outer loop
      vertex -56.8271 35 20.2442
      vertex -56.3149 21 18.5559
      vertex -56.8271 21 20.2442
    endloop
  endfacet
  facet normal 0.773045 0 -0.634351
    outer loop
      vertex -40.5168 21 16.9999
      vertex -41.636 35 15.636
      vertex -40.5168 35 16.9999
    endloop
  endfacet
  facet normal 0.773045 0 -0.634351
    outer loop
      vertex -41.636 35 15.636
      vertex -40.5168 21 16.9999
      vertex -41.636 21 15.636
    endloop
  endfacet
  facet normal 0.991446 -0 0.130521
    outer loop
      vertex -42.6874 35 23.4235
      vertex -42.5 37.5 22
      vertex -42.6874 37.5 23.4235
    endloop
  endfacet
  facet normal 0.991446 0 0.130521
    outer loop
      vertex -42.5 37.5 22
      vertex -42.6874 35 23.4235
      vertex -42.5 35 22
    endloop
  endfacet
  facet normal 0.991446 -0 0.130521
    outer loop
      vertex -42.6874 18.5 23.4235
      vertex -42.5 21 22
      vertex -42.6874 21 23.4235
    endloop
  endfacet
  facet normal 0.991446 0 0.130521
    outer loop
      vertex -42.5 21 22
      vertex -42.6874 18.5 23.4235
      vertex -42.5 18.5 22
    endloop
  endfacet
  facet normal 0.608734 0 0.793374
    outer loop
      vertex -45.25 37.5 26.7631
      vertex -44.1109 35 25.8891
      vertex -44.1109 37.5 25.8891
    endloop
  endfacet
  facet normal 0.608734 0 0.793374
    outer loop
      vertex -44.1109 35 25.8891
      vertex -45.25 37.5 26.7631
      vertex -45.25 35 26.7631
    endloop
  endfacet
  facet normal 0.608734 0 0.793374
    outer loop
      vertex -45.25 21 26.7631
      vertex -44.1109 18.5 25.8891
      vertex -44.1109 21 25.8891
    endloop
  endfacet
  facet normal 0.608734 0 0.793374
    outer loop
      vertex -44.1109 18.5 25.8891
      vertex -45.25 21 26.7631
      vertex -45.25 18.5 26.7631
    endloop
  endfacet
  facet normal -0.923868 0 0.382711
    outer loop
      vertex -53.3126 35 23.4235
      vertex -52.7631 37.5 24.75
      vertex -53.3126 37.5 23.4235
    endloop
  endfacet
  facet normal -0.923868 0 0.382711
    outer loop
      vertex -52.7631 37.5 24.75
      vertex -53.3126 35 23.4235
      vertex -52.7631 35 24.75
    endloop
  endfacet
  facet normal -0.923868 0 0.382711
    outer loop
      vertex -53.3126 18.5 23.4235
      vertex -52.7631 21 24.75
      vertex -53.3126 21 23.4235
    endloop
  endfacet
  facet normal -0.923868 0 0.382711
    outer loop
      vertex -52.7631 21 24.75
      vertex -53.3126 18.5 23.4235
      vertex -52.7631 18.5 24.75
    endloop
  endfacet
  facet normal -0.382711 0 -0.923868
    outer loop
      vertex -50.75 35 17.2369
      vertex -49.4235 37.5 16.6874
      vertex -49.4235 35 16.6874
    endloop
  endfacet
  facet normal -0.382711 0 -0.923868
    outer loop
      vertex -49.4235 37.5 16.6874
      vertex -50.75 35 17.2369
      vertex -50.75 37.5 17.2369
    endloop
  endfacet
  facet normal -0.382711 0 -0.923868
    outer loop
      vertex -50.75 18.5 17.2369
      vertex -49.4235 21 16.6874
      vertex -49.4235 18.5 16.6874
    endloop
  endfacet
  facet normal -0.382711 0 -0.923868
    outer loop
      vertex -49.4235 21 16.6874
      vertex -50.75 18.5 17.2369
      vertex -50.75 21 17.2369
    endloop
  endfacet
  facet normal 0.793374 -0 0.608734
    outer loop
      vertex -44.1109 18.5 25.8891
      vertex -43.2369 21 24.75
      vertex -44.1109 21 25.8891
    endloop
  endfacet
  facet normal 0.793374 0 0.608734
    outer loop
      vertex -43.2369 21 24.75
      vertex -44.1109 18.5 25.8891
      vertex -43.2369 18.5 24.75
    endloop
  endfacet
  facet normal 0.793374 -0 0.608734
    outer loop
      vertex -44.1109 35 25.8891
      vertex -43.2369 37.5 24.75
      vertex -44.1109 37.5 25.8891
    endloop
  endfacet
  facet normal 0.793374 0 0.608734
    outer loop
      vertex -43.2369 37.5 24.75
      vertex -44.1109 35 25.8891
      vertex -43.2369 35 24.75
    endloop
  endfacet
  facet normal 0.923868 -0 0.382711
    outer loop
      vertex -43.2369 35 24.75
      vertex -42.6874 37.5 23.4235
      vertex -43.2369 37.5 24.75
    endloop
  endfacet
  facet normal 0.923868 0 0.382711
    outer loop
      vertex -42.6874 37.5 23.4235
      vertex -43.2369 35 24.75
      vertex -42.6874 35 23.4235
    endloop
  endfacet
  facet normal 0.923868 -0 0.382711
    outer loop
      vertex -43.2369 18.5 24.75
      vertex -42.6874 21 23.4235
      vertex -43.2369 21 24.75
    endloop
  endfacet
  facet normal 0.923868 0 0.382711
    outer loop
      vertex -42.6874 21 23.4235
      vertex -43.2369 18.5 24.75
      vertex -42.6874 18.5 23.4235
    endloop
  endfacet
  facet normal -0.382711 0 0.923868
    outer loop
      vertex -50.75 21 26.7631
      vertex -49.4235 18.5 27.3126
      vertex -49.4235 21 27.3126
    endloop
  endfacet
  facet normal -0.382711 0 0.923868
    outer loop
      vertex -49.4235 18.5 27.3126
      vertex -50.75 21 26.7631
      vertex -50.75 18.5 26.7631
    endloop
  endfacet
  facet normal -0.382711 0 0.923868
    outer loop
      vertex -50.75 37.5 26.7631
      vertex -49.4235 35 27.3126
      vertex -49.4235 37.5 27.3126
    endloop
  endfacet
  facet normal -0.382711 0 0.923868
    outer loop
      vertex -49.4235 35 27.3126
      vertex -50.75 37.5 26.7631
      vertex -50.75 35 26.7631
    endloop
  endfacet
  facet normal -0.608734 0 0.793374
    outer loop
      vertex -51.8891 21 25.8891
      vertex -50.75 18.5 26.7631
      vertex -50.75 21 26.7631
    endloop
  endfacet
  facet normal -0.608734 0 0.793374
    outer loop
      vertex -50.75 18.5 26.7631
      vertex -51.8891 21 25.8891
      vertex -51.8891 18.5 25.8891
    endloop
  endfacet
  facet normal -0.608734 0 0.793374
    outer loop
      vertex -51.8891 37.5 25.8891
      vertex -50.75 35 26.7631
      vertex -50.75 37.5 26.7631
    endloop
  endfacet
  facet normal -0.608734 0 0.793374
    outer loop
      vertex -50.75 35 26.7631
      vertex -51.8891 37.5 25.8891
      vertex -51.8891 35 25.8891
    endloop
  endfacet
  facet normal 0.608734 0 -0.793374
    outer loop
      vertex -45.25 35 17.2369
      vertex -44.1109 37.5 18.1109
      vertex -44.1109 35 18.1109
    endloop
  endfacet
  facet normal 0.608734 0 -0.793374
    outer loop
      vertex -44.1109 37.5 18.1109
      vertex -45.25 35 17.2369
      vertex -45.25 37.5 17.2369
    endloop
  endfacet
  facet normal 0.608734 0 -0.793374
    outer loop
      vertex -45.25 18.5 17.2369
      vertex -44.1109 21 18.1109
      vertex -44.1109 18.5 18.1109
    endloop
  endfacet
  facet normal 0.608734 0 -0.793374
    outer loop
      vertex -44.1109 21 18.1109
      vertex -45.25 18.5 17.2369
      vertex -45.25 21 17.2369
    endloop
  endfacet
  facet normal -0.608734 0 -0.793374
    outer loop
      vertex -51.8891 35 18.1109
      vertex -50.75 37.5 17.2369
      vertex -50.75 35 17.2369
    endloop
  endfacet
  facet normal -0.608734 0 -0.793374
    outer loop
      vertex -50.75 37.5 17.2369
      vertex -51.8891 35 18.1109
      vertex -51.8891 37.5 18.1109
    endloop
  endfacet
  facet normal -0.608734 0 -0.793374
    outer loop
      vertex -51.8891 18.5 18.1109
      vertex -50.75 21 17.2369
      vertex -50.75 18.5 17.2369
    endloop
  endfacet
  facet normal -0.608734 0 -0.793374
    outer loop
      vertex -50.75 21 17.2369
      vertex -51.8891 18.5 18.1109
      vertex -51.8891 21 18.1109
    endloop
  endfacet
  facet normal -0.793374 0 -0.608734
    outer loop
      vertex -51.8891 18.5 18.1109
      vertex -52.7631 21 19.25
      vertex -51.8891 21 18.1109
    endloop
  endfacet
  facet normal -0.793374 -0 -0.608734
    outer loop
      vertex -52.7631 21 19.25
      vertex -51.8891 18.5 18.1109
      vertex -52.7631 18.5 19.25
    endloop
  endfacet
  facet normal -0.793374 0 -0.608734
    outer loop
      vertex -51.8891 35 18.1109
      vertex -52.7631 37.5 19.25
      vertex -51.8891 37.5 18.1109
    endloop
  endfacet
  facet normal -0.793374 -0 -0.608734
    outer loop
      vertex -52.7631 37.5 19.25
      vertex -51.8891 35 18.1109
      vertex -52.7631 35 19.25
    endloop
  endfacet
  facet normal 0.130521 0 0.991446
    outer loop
      vertex -48 37.5 27.5
      vertex -46.5765 35 27.3126
      vertex -46.5765 37.5 27.3126
    endloop
  endfacet
  facet normal 0.130521 0 0.991446
    outer loop
      vertex -46.5765 35 27.3126
      vertex -48 37.5 27.5
      vertex -48 35 27.5
    endloop
  endfacet
  facet normal 0.130521 0 0.991446
    outer loop
      vertex -48 21 27.5
      vertex -46.5765 18.5 27.3126
      vertex -46.5765 21 27.3126
    endloop
  endfacet
  facet normal 0.130521 0 0.991446
    outer loop
      vertex -46.5765 18.5 27.3126
      vertex -48 21 27.5
      vertex -48 18.5 27.5
    endloop
  endfacet
  facet normal 0.382711 0 0.923868
    outer loop
      vertex -46.5765 37.5 27.3126
      vertex -45.25 35 26.7631
      vertex -45.25 37.5 26.7631
    endloop
  endfacet
  facet normal 0.382711 0 0.923868
    outer loop
      vertex -45.25 35 26.7631
      vertex -46.5765 37.5 27.3126
      vertex -46.5765 35 27.3126
    endloop
  endfacet
  facet normal 0.382711 0 0.923868
    outer loop
      vertex -46.5765 21 27.3126
      vertex -45.25 18.5 26.7631
      vertex -45.25 21 26.7631
    endloop
  endfacet
  facet normal 0.382711 0 0.923868
    outer loop
      vertex -45.25 18.5 26.7631
      vertex -46.5765 21 27.3126
      vertex -46.5765 18.5 27.3126
    endloop
  endfacet
  facet normal -0.991446 0 0.130521
    outer loop
      vertex -53.5 35 22
      vertex -53.3126 37.5 23.4235
      vertex -53.5 37.5 22
    endloop
  endfacet
  facet normal -0.991446 0 0.130521
    outer loop
      vertex -53.3126 37.5 23.4235
      vertex -53.5 35 22
      vertex -53.3126 35 23.4235
    endloop
  endfacet
  facet normal -0.991446 0 0.130521
    outer loop
      vertex -53.5 18.5 22
      vertex -53.3126 21 23.4235
      vertex -53.5 21 22
    endloop
  endfacet
  facet normal -0.991446 0 0.130521
    outer loop
      vertex -53.3126 21 23.4235
      vertex -53.5 18.5 22
      vertex -53.3126 18.5 23.4235
    endloop
  endfacet
  facet normal -0.793374 0 0.608734
    outer loop
      vertex -52.7631 35 24.75
      vertex -51.8891 37.5 25.8891
      vertex -52.7631 37.5 24.75
    endloop
  endfacet
  facet normal -0.793374 0 0.608734
    outer loop
      vertex -51.8891 37.5 25.8891
      vertex -52.7631 35 24.75
      vertex -51.8891 35 25.8891
    endloop
  endfacet
  facet normal -0.793374 0 0.608734
    outer loop
      vertex -52.7631 18.5 24.75
      vertex -51.8891 21 25.8891
      vertex -52.7631 21 24.75
    endloop
  endfacet
  facet normal -0.793374 0 0.608734
    outer loop
      vertex -51.8891 21 25.8891
      vertex -52.7631 18.5 24.75
      vertex -51.8891 18.5 25.8891
    endloop
  endfacet
  facet normal -0.130521 0 0.991446
    outer loop
      vertex -49.4235 21 27.3126
      vertex -48 18.5 27.5
      vertex -48 21 27.5
    endloop
  endfacet
  facet normal -0.130521 0 0.991446
    outer loop
      vertex -48 18.5 27.5
      vertex -49.4235 21 27.3126
      vertex -49.4235 18.5 27.3126
    endloop
  endfacet
  facet normal -0.130521 0 0.991446
    outer loop
      vertex -49.4235 37.5 27.3126
      vertex -48 35 27.5
      vertex -48 37.5 27.5
    endloop
  endfacet
  facet normal -0.130521 0 0.991446
    outer loop
      vertex -48 35 27.5
      vertex -49.4235 37.5 27.3126
      vertex -49.4235 35 27.3126
    endloop
  endfacet
  facet normal 0.923868 0 -0.382711
    outer loop
      vertex -42.6874 35 20.5765
      vertex -43.2369 37.5 19.25
      vertex -42.6874 37.5 20.5765
    endloop
  endfacet
  facet normal 0.923868 0 -0.382711
    outer loop
      vertex -43.2369 37.5 19.25
      vertex -42.6874 35 20.5765
      vertex -43.2369 35 19.25
    endloop
  endfacet
  facet normal 0.923868 0 -0.382711
    outer loop
      vertex -42.6874 18.5 20.5765
      vertex -43.2369 21 19.25
      vertex -42.6874 21 20.5765
    endloop
  endfacet
  facet normal 0.923868 0 -0.382711
    outer loop
      vertex -43.2369 21 19.25
      vertex -42.6874 18.5 20.5765
      vertex -43.2369 18.5 19.25
    endloop
  endfacet
  facet normal 0.130521 0 -0.991446
    outer loop
      vertex -48 35 16.5
      vertex -46.5765 37.5 16.6874
      vertex -46.5765 35 16.6874
    endloop
  endfacet
  facet normal 0.130521 0 -0.991446
    outer loop
      vertex -46.5765 37.5 16.6874
      vertex -48 35 16.5
      vertex -48 37.5 16.5
    endloop
  endfacet
  facet normal 0.130521 0 -0.991446
    outer loop
      vertex -48 18.5 16.5
      vertex -46.5765 21 16.6874
      vertex -46.5765 18.5 16.6874
    endloop
  endfacet
  facet normal 0.130521 0 -0.991446
    outer loop
      vertex -46.5765 21 16.6874
      vertex -48 18.5 16.5
      vertex -48 21 16.5
    endloop
  endfacet
  facet normal 0.793374 0 -0.608734
    outer loop
      vertex -43.2369 35 19.25
      vertex -44.1109 37.5 18.1109
      vertex -43.2369 37.5 19.25
    endloop
  endfacet
  facet normal 0.793374 0 -0.608734
    outer loop
      vertex -44.1109 37.5 18.1109
      vertex -43.2369 35 19.25
      vertex -44.1109 35 18.1109
    endloop
  endfacet
  facet normal 0.793374 0 -0.608734
    outer loop
      vertex -43.2369 18.5 19.25
      vertex -44.1109 21 18.1109
      vertex -43.2369 21 19.25
    endloop
  endfacet
  facet normal 0.793374 0 -0.608734
    outer loop
      vertex -44.1109 21 18.1109
      vertex -43.2369 18.5 19.25
      vertex -44.1109 18.5 18.1109
    endloop
  endfacet
  facet normal 0.382711 0 -0.923868
    outer loop
      vertex -46.5765 35 16.6874
      vertex -45.25 37.5 17.2369
      vertex -45.25 35 17.2369
    endloop
  endfacet
  facet normal 0.382711 0 -0.923868
    outer loop
      vertex -45.25 37.5 17.2369
      vertex -46.5765 35 16.6874
      vertex -46.5765 37.5 16.6874
    endloop
  endfacet
  facet normal 0.382711 0 -0.923868
    outer loop
      vertex -46.5765 18.5 16.6874
      vertex -45.25 21 17.2369
      vertex -45.25 18.5 17.2369
    endloop
  endfacet
  facet normal 0.382711 0 -0.923868
    outer loop
      vertex -45.25 21 17.2369
      vertex -46.5765 18.5 16.6874
      vertex -46.5765 21 16.6874
    endloop
  endfacet
  facet normal -0.130521 0 -0.991446
    outer loop
      vertex -49.4235 35 16.6874
      vertex -48 37.5 16.5
      vertex -48 35 16.5
    endloop
  endfacet
  facet normal -0.130521 0 -0.991446
    outer loop
      vertex -48 37.5 16.5
      vertex -49.4235 35 16.6874
      vertex -49.4235 37.5 16.6874
    endloop
  endfacet
  facet normal -0.130521 0 -0.991446
    outer loop
      vertex -49.4235 18.5 16.6874
      vertex -48 21 16.5
      vertex -48 18.5 16.5
    endloop
  endfacet
  facet normal -0.130521 0 -0.991446
    outer loop
      vertex -48 21 16.5
      vertex -49.4235 18.5 16.6874
      vertex -49.4235 21 16.6874
    endloop
  endfacet
  facet normal -0.991446 0 -0.130521
    outer loop
      vertex -53.3126 35 20.5765
      vertex -53.5 37.5 22
      vertex -53.3126 37.5 20.5765
    endloop
  endfacet
  facet normal -0.991446 -0 -0.130521
    outer loop
      vertex -53.5 37.5 22
      vertex -53.3126 35 20.5765
      vertex -53.5 35 22
    endloop
  endfacet
  facet normal -0.991446 0 -0.130521
    outer loop
      vertex -53.3126 18.5 20.5765
      vertex -53.5 21 22
      vertex -53.3126 21 20.5765
    endloop
  endfacet
  facet normal -0.991446 -0 -0.130521
    outer loop
      vertex -53.5 21 22
      vertex -53.3126 18.5 20.5765
      vertex -53.5 18.5 22
    endloop
  endfacet
  facet normal 0 1 0
    outer loop
      vertex -46.5765 37.5 27.3126
      vertex -49.4235 37.5 27.3126
      vertex -48 37.5 27.5
    endloop
  endfacet
  facet normal 0 1 0
    outer loop
      vertex -45.25 37.5 26.7631
      vertex -49.4235 37.5 27.3126
      vertex -46.5765 37.5 27.3126
    endloop
  endfacet
  facet normal 0 1 0
    outer loop
      vertex -45.25 37.5 26.7631
      vertex -50.75 37.5 26.7631
      vertex -49.4235 37.5 27.3126
    endloop
  endfacet
  facet normal 0 1 0
    outer loop
      vertex -44.1109 37.5 25.8891
      vertex -50.75 37.5 26.7631
      vertex -45.25 37.5 26.7631
    endloop
  endfacet
  facet normal 0 1 0
    outer loop
      vertex -44.1109 37.5 25.8891
      vertex -51.8891 37.5 25.8891
      vertex -50.75 37.5 26.7631
    endloop
  endfacet
  facet normal 0 1 0
    outer loop
      vertex -43.2369 37.5 24.75
      vertex -51.8891 37.5 25.8891
      vertex -44.1109 37.5 25.8891
    endloop
  endfacet
  facet normal 0 1 0
    outer loop
      vertex -43.2369 37.5 24.75
      vertex -52.7631 37.5 24.75
      vertex -51.8891 37.5 25.8891
    endloop
  endfacet
  facet normal 0 1 0
    outer loop
      vertex -42.6874 37.5 23.4235
      vertex -52.7631 37.5 24.75
      vertex -43.2369 37.5 24.75
    endloop
  endfacet
  facet normal 0 1 0
    outer loop
      vertex -42.6874 37.5 23.4235
      vertex -53.3126 37.5 23.4235
      vertex -52.7631 37.5 24.75
    endloop
  endfacet
  facet normal 0 1 0
    outer loop
      vertex -42.5 37.5 22
      vertex -53.3126 37.5 23.4235
      vertex -42.6874 37.5 23.4235
    endloop
  endfacet
  facet normal 0 1 0
    outer loop
      vertex -42.5 37.5 22
      vertex -53.5 37.5 22
      vertex -53.3126 37.5 23.4235
    endloop
  endfacet
  facet normal 0 1 -0
    outer loop
      vertex -42.6874 37.5 20.5765
      vertex -53.5 37.5 22
      vertex -42.5 37.5 22
    endloop
  endfacet
  facet normal 0 1 0
    outer loop
      vertex -42.6874 37.5 20.5765
      vertex -53.3126 37.5 20.5765
      vertex -53.5 37.5 22
    endloop
  endfacet
  facet normal 0 1 -0
    outer loop
      vertex -43.2369 37.5 19.25
      vertex -53.3126 37.5 20.5765
      vertex -42.6874 37.5 20.5765
    endloop
  endfacet
  facet normal 0 1 0
    outer loop
      vertex -43.2369 37.5 19.25
      vertex -52.7631 37.5 19.25
      vertex -53.3126 37.5 20.5765
    endloop
  endfacet
  facet normal 0 1 -0
    outer loop
      vertex -44.1109 37.5 18.1109
      vertex -52.7631 37.5 19.25
      vertex -43.2369 37.5 19.25
    endloop
  endfacet
  facet normal 0 1 0
    outer loop
      vertex -44.1109 37.5 18.1109
      vertex -51.8891 37.5 18.1109
      vertex -52.7631 37.5 19.25
    endloop
  endfacet
  facet normal 0 1 -0
    outer loop
      vertex -45.25 37.5 17.2369
      vertex -51.8891 37.5 18.1109
      vertex -44.1109 37.5 18.1109
    endloop
  endfacet
  facet normal 0 1 0
    outer loop
      vertex -45.25 37.5 17.2369
      vertex -50.75 37.5 17.2369
      vertex -51.8891 37.5 18.1109
    endloop
  endfacet
  facet normal 0 1 -0
    outer loop
      vertex -46.5765 37.5 16.6874
      vertex -50.75 37.5 17.2369
      vertex -45.25 37.5 17.2369
    endloop
  endfacet
  facet normal 0 1 0
    outer loop
      vertex -46.5765 37.5 16.6874
      vertex -49.4235 37.5 16.6874
      vertex -50.75 37.5 17.2369
    endloop
  endfacet
  facet normal -0 1 0
    outer loop
      vertex -49.4235 37.5 16.6874
      vertex -46.5765 37.5 16.6874
      vertex -48 37.5 16.5
    endloop
  endfacet
  facet normal 0 -1 0
    outer loop
      vertex -49.4235 18.5 27.3126
      vertex -46.5765 18.5 27.3126
      vertex -48 18.5 27.5
    endloop
  endfacet
  facet normal 0 -1 0
    outer loop
      vertex -50.75 18.5 26.7631
      vertex -46.5765 18.5 27.3126
      vertex -49.4235 18.5 27.3126
    endloop
  endfacet
  facet normal 0 -1 0
    outer loop
      vertex -50.75 18.5 26.7631
      vertex -45.25 18.5 26.7631
      vertex -46.5765 18.5 27.3126
    endloop
  endfacet
  facet normal 0 -1 0
    outer loop
      vertex -51.8891 18.5 25.8891
      vertex -45.25 18.5 26.7631
      vertex -50.75 18.5 26.7631
    endloop
  endfacet
  facet normal 0 -1 0
    outer loop
      vertex -51.8891 18.5 25.8891
      vertex -44.1109 18.5 25.8891
      vertex -45.25 18.5 26.7631
    endloop
  endfacet
  facet normal 0 -1 0
    outer loop
      vertex -52.7631 18.5 24.75
      vertex -44.1109 18.5 25.8891
      vertex -51.8891 18.5 25.8891
    endloop
  endfacet
  facet normal 0 -1 0
    outer loop
      vertex -52.7631 18.5 24.75
      vertex -43.2369 18.5 24.75
      vertex -44.1109 18.5 25.8891
    endloop
  endfacet
  facet normal 0 -1 0
    outer loop
      vertex -53.3126 18.5 23.4235
      vertex -43.2369 18.5 24.75
      vertex -52.7631 18.5 24.75
    endloop
  endfacet
  facet normal 0 -1 0
    outer loop
      vertex -53.3126 18.5 23.4235
      vertex -42.6874 18.5 23.4235
      vertex -43.2369 18.5 24.75
    endloop
  endfacet
  facet normal 0 -1 0
    outer loop
      vertex -53.5 18.5 22
      vertex -42.6874 18.5 23.4235
      vertex -53.3126 18.5 23.4235
    endloop
  endfacet
  facet normal 0 -1 0
    outer loop
      vertex -53.5 18.5 22
      vertex -42.5 18.5 22
      vertex -42.6874 18.5 23.4235
    endloop
  endfacet
  facet normal 0 -1 0
    outer loop
      vertex -53.3126 18.5 20.5765
      vertex -42.5 18.5 22
      vertex -53.5 18.5 22
    endloop
  endfacet
  facet normal 0 -1 0
    outer loop
      vertex -53.3126 18.5 20.5765
      vertex -42.6874 18.5 20.5765
      vertex -42.5 18.5 22
    endloop
  endfacet
  facet normal 0 -1 0
    outer loop
      vertex -52.7631 18.5 19.25
      vertex -42.6874 18.5 20.5765
      vertex -53.3126 18.5 20.5765
    endloop
  endfacet
  facet normal 0 -1 0
    outer loop
      vertex -52.7631 18.5 19.25
      vertex -43.2369 18.5 19.25
      vertex -42.6874 18.5 20.5765
    endloop
  endfacet
  facet normal 0 -1 0
    outer loop
      vertex -51.8891 18.5 18.1109
      vertex -43.2369 18.5 19.25
      vertex -52.7631 18.5 19.25
    endloop
  endfacet
  facet normal 0 -1 0
    outer loop
      vertex -51.8891 18.5 18.1109
      vertex -44.1109 18.5 18.1109
      vertex -43.2369 18.5 19.25
    endloop
  endfacet
  facet normal 0 -1 0
    outer loop
      vertex -50.75 18.5 17.2369
      vertex -44.1109 18.5 18.1109
      vertex -51.8891 18.5 18.1109
    endloop
  endfacet
  facet normal 0 -1 0
    outer loop
      vertex -50.75 18.5 17.2369
      vertex -45.25 18.5 17.2369
      vertex -44.1109 18.5 18.1109
    endloop
  endfacet
  facet normal 0 -1 0
    outer loop
      vertex -49.4235 18.5 16.6874
      vertex -45.25 18.5 17.2369
      vertex -50.75 18.5 17.2369
    endloop
  endfacet
  facet normal 0 -1 0
    outer loop
      vertex -49.4235 18.5 16.6874
      vertex -46.5765 18.5 16.6874
      vertex -45.25 18.5 17.2369
    endloop
  endfacet
  facet normal -0 -1 0
    outer loop
      vertex -46.5765 18.5 16.6874
      vertex -49.4235 18.5 16.6874
      vertex -48 18.5 16.5
    endloop
  endfacet
  facet normal 0.991446 0 -0.130521
    outer loop
      vertex -42.5 35 22
      vertex -42.6874 37.5 20.5765
      vertex -42.5 37.5 22
    endloop
  endfacet
  facet normal 0.991446 0 -0.130521
    outer loop
      vertex -42.6874 37.5 20.5765
      vertex -42.5 35 22
      vertex -42.6874 35 20.5765
    endloop
  endfacet
  facet normal 0.991446 0 -0.130521
    outer loop
      vertex -42.5 18.5 22
      vertex -42.6874 21 20.5765
      vertex -42.5 21 22
    endloop
  endfacet
  facet normal 0.991446 0 -0.130521
    outer loop
      vertex -42.6874 21 20.5765
      vertex -42.5 18.5 22
      vertex -42.6874 18.5 20.5765
    endloop
  endfacet
  facet normal -0.923868 0 -0.382711
    outer loop
      vertex -52.7631 35 19.25
      vertex -53.3126 37.5 20.5765
      vertex -52.7631 37.5 19.25
    endloop
  endfacet
  facet normal -0.923868 -0 -0.382711
    outer loop
      vertex -53.3126 37.5 20.5765
      vertex -52.7631 35 19.25
      vertex -53.3126 35 20.5765
    endloop
  endfacet
  facet normal -0.923868 0 -0.382711
    outer loop
      vertex -52.7631 18.5 19.25
      vertex -53.3126 21 20.5765
      vertex -52.7631 21 19.25
    endloop
  endfacet
  facet normal -0.923868 -0 -0.382711
    outer loop
      vertex -53.3126 21 20.5765
      vertex -52.7631 18.5 19.25
      vertex -53.3126 18.5 20.5765
    endloop
  endfacet
  facet normal 0.659307 0 0.751874
    outer loop
      vertex 55.3051 25 31.5202
      vertex 56.4853 20 30.4853
      vertex 56.4853 25 30.4853
    endloop
  endfacet
  facet normal 0.659307 0 0.751874
    outer loop
      vertex 56.4853 20 30.4853
      vertex 55.3051 25 31.5202
      vertex 55.3051 20 31.5202
    endloop
  endfacet
  facet normal 0.659307 0 0.751874
    outer loop
      vertex 55.3051 36 31.5202
      vertex 56.4853 31 30.4853
      vertex 56.4853 36 30.4853
    endloop
  endfacet
  facet normal 0.659307 0 0.751874
    outer loop
      vertex 56.4853 31 30.4853
      vertex 55.3051 36 31.5202
      vertex 55.3051 31 31.5202
    endloop
  endfacet
  facet normal -0.321412 -0 -0.94694
    outer loop
      vertex 44.5 31 10.5427
      vertex 44.8942 29.75 10.4089
      vertex 44.5 29.75 10.5427
    endloop
  endfacet
  facet normal -0.321412 0 -0.94694
    outer loop
      vertex 44.8942 29.75 10.4089
      vertex 44.5 31 10.5427
      vertex 44.8942 36 10.4089
    endloop
  endfacet
  facet normal -0.321399 -0 -0.946944
    outer loop
      vertex 43.4078 36 10.9134
      vertex 44.5 31 10.5427
      vertex 43.4078 31 10.9134
    endloop
  endfacet
  facet normal -0.321402 -8.17999e-07 -0.946943
    outer loop
      vertex 44.5 31 10.5427
      vertex 43.4078 36 10.9134
      vertex 44.8942 36 10.4089
    endloop
  endfacet
  facet normal -0.321412 0 -0.94694
    outer loop
      vertex 44.8942 20 10.4089
      vertex 44.5 25 10.5427
      vertex 44.8942 26.25 10.4089
    endloop
  endfacet
  facet normal -0.321402 8.17999e-07 -0.946943
    outer loop
      vertex 43.4078 20 10.9134
      vertex 44.5 25 10.5427
      vertex 44.8942 20 10.4089
    endloop
  endfacet
  facet normal -0.321399 0 -0.946944
    outer loop
      vertex 44.5 25 10.5427
      vertex 43.4078 20 10.9134
      vertex 43.4078 25 10.9134
    endloop
  endfacet
  facet normal -0.321412 0 -0.94694
    outer loop
      vertex 44.8942 26.25 10.4089
      vertex 44.5 25 10.5427
      vertex 44.5 26.25 10.5427
    endloop
  endfacet
  facet normal -0.321385 0 0.946949
    outer loop
      vertex 44.7396 26.25 33.5386
      vertex 43.4078 26.25 33.0866
      vertex 44.7396 25 33.5386
    endloop
  endfacet
  facet normal -0.321551 0 0.946892
    outer loop
      vertex 44.7396 25 33.5386
      vertex 44.8942 20 33.5911
      vertex 44.8942 25 33.5911
    endloop
  endfacet
  facet normal -0.321385 0 0.946949
    outer loop
      vertex 43.4078 20 33.0866
      vertex 44.7396 25 33.5386
      vertex 43.4078 26.25 33.0866
    endloop
  endfacet
  facet normal -0.321402 5.13479e-06 0.946943
    outer loop
      vertex 44.7396 25 33.5386
      vertex 43.4078 20 33.0866
      vertex 44.8942 20 33.5911
    endloop
  endfacet
  facet normal -0.321551 0 0.946892
    outer loop
      vertex 44.8942 36 33.5911
      vertex 44.7396 31 33.5386
      vertex 44.8942 31 33.5911
    endloop
  endfacet
  facet normal -0.321402 -5.13479e-06 0.946943
    outer loop
      vertex 43.4078 36 33.0866
      vertex 44.7396 31 33.5386
      vertex 44.8942 36 33.5911
    endloop
  endfacet
  facet normal -0.321385 0 0.946949
    outer loop
      vertex 43.4078 29.75 33.0866
      vertex 44.7396 31 33.5386
      vertex 43.4078 36 33.0866
    endloop
  endfacet
  facet normal -0.321385 0 0.946949
    outer loop
      vertex 44.7396 31 33.5386
      vertex 43.4078 29.75 33.0866
      vertex 44.7396 29.75 33.5386
    endloop
  endfacet
  facet normal -0.89686 0 0.442314
    outer loop
      vertex 36.9134 29.75 26.5922
      vertex 37.6077 36 28
      vertex 36.9134 36 26.5922
    endloop
  endfacet
  facet normal -0.89686 0 0.442314
    outer loop
      vertex 37.6077 36 28
      vertex 36.9134 29.75 26.5922
      vertex 37.6077 29.75 28
    endloop
  endfacet
  facet normal -0.89686 0 0.442314
    outer loop
      vertex 36.9134 20 26.5922
      vertex 37.6077 26.25 28
      vertex 36.9134 26.25 26.5922
    endloop
  endfacet
  facet normal -0.89686 0 0.442314
    outer loop
      vertex 37.6077 26.25 28
      vertex 36.9134 20 26.5922
      vertex 37.6077 20 28
    endloop
  endfacet
  facet normal 0.946943 0 -0.321402
    outer loop
      vertex 59.5911 31 18.8942
      vertex 59.0866 36 17.4078
      vertex 59.5911 36 18.8942
    endloop
  endfacet
  facet normal 0.946943 0 -0.321402
    outer loop
      vertex 59.0866 36 17.4078
      vertex 59.5911 31 18.8942
      vertex 59.0866 31 17.4078
    endloop
  endfacet
  facet normal 0.946943 0 -0.321402
    outer loop
      vertex 59.5911 20 18.8942
      vertex 59.0866 25 17.4078
      vertex 59.5911 25 18.8942
    endloop
  endfacet
  facet normal 0.946943 0 -0.321402
    outer loop
      vertex 59.0866 25 17.4078
      vertex 59.5911 20 18.8942
      vertex 59.0866 20 17.4078
    endloop
  endfacet
  facet normal 0.89686 -0 0.442314
    outer loop
      vertex 58.3923 31 28
      vertex 59.0866 36 26.5922
      vertex 58.3923 36 28
    endloop
  endfacet
  facet normal 0.89686 0 0.442314
    outer loop
      vertex 59.0866 36 26.5922
      vertex 58.3923 31 28
      vertex 59.0866 31 26.5922
    endloop
  endfacet
  facet normal 0.89686 -0 0.442314
    outer loop
      vertex 58.3923 20 28
      vertex 59.0866 25 26.5922
      vertex 58.3923 25 28
    endloop
  endfacet
  facet normal 0.89686 0 0.442314
    outer loop
      vertex 59.0866 25 26.5922
      vertex 58.3923 20 28
      vertex 59.0866 20 26.5922
    endloop
  endfacet
  facet normal 0.980788 -0 0.195075
    outer loop
      vertex 59.5911 20 25.1058
      vertex 59.8973 25 23.5663
      vertex 59.5911 25 25.1058
    endloop
  endfacet
  facet normal 0.980788 0 0.195075
    outer loop
      vertex 59.8973 25 23.5663
      vertex 59.5911 20 25.1058
      vertex 59.8973 20 23.5663
    endloop
  endfacet
  facet normal 0.980788 -0 0.195075
    outer loop
      vertex 59.5911 31 25.1058
      vertex 59.8973 36 23.5663
      vertex 59.5911 36 25.1058
    endloop
  endfacet
  facet normal 0.980788 0 0.195075
    outer loop
      vertex 59.8973 36 23.5663
      vertex 59.5911 31 25.1058
      vertex 59.8973 31 23.5663
    endloop
  endfacet
  facet normal 0.831452 -0 0.555597
    outer loop
      vertex 57.5202 20 29.3051
      vertex 58.3923 25 28
      vertex 57.5202 25 29.3051
    endloop
  endfacet
  facet normal 0.831452 0 0.555597
    outer loop
      vertex 58.3923 25 28
      vertex 57.5202 20 29.3051
      vertex 58.3923 20 28
    endloop
  endfacet
  facet normal 0.831452 -0 0.555597
    outer loop
      vertex 57.5202 31 29.3051
      vertex 58.3923 36 28
      vertex 57.5202 36 29.3051
    endloop
  endfacet
  facet normal 0.831452 0 0.555597
    outer loop
      vertex 58.3923 36 28
      vertex 57.5202 31 29.3051
      vertex 58.3923 31 28
    endloop
  endfacet
  facet normal 0.751874 -0 0.659307
    outer loop
      vertex 56.4853 20 30.4853
      vertex 57.5202 25 29.3051
      vertex 56.4853 25 30.4853
    endloop
  endfacet
  facet normal 0.751874 0 0.659307
    outer loop
      vertex 57.5202 25 29.3051
      vertex 56.4853 20 30.4853
      vertex 57.5202 20 29.3051
    endloop
  endfacet
  facet normal 0.751874 -0 0.659307
    outer loop
      vertex 56.4853 31 30.4853
      vertex 57.5202 36 29.3051
      vertex 56.4853 36 30.4853
    endloop
  endfacet
  facet normal 0.751874 0 0.659307
    outer loop
      vertex 57.5202 36 29.3051
      vertex 56.4853 31 30.4853
      vertex 57.5202 31 29.3051
    endloop
  endfacet
  facet normal 0.442314 0 0.89686
    outer loop
      vertex 52.5922 36 33.0866
      vertex 54 31 32.3923
      vertex 54 36 32.3923
    endloop
  endfacet
  facet normal 0.442314 0 0.89686
    outer loop
      vertex 54 31 32.3923
      vertex 52.5922 36 33.0866
      vertex 52.5922 31 33.0866
    endloop
  endfacet
  facet normal 0.442314 0 0.89686
    outer loop
      vertex 52.5922 25 33.0866
      vertex 54 20 32.3923
      vertex 54 25 32.3923
    endloop
  endfacet
  facet normal 0.442314 0 0.89686
    outer loop
      vertex 54 20 32.3923
      vertex 52.5922 25 33.0866
      vertex 52.5922 20 33.0866
    endloop
  endfacet
  facet normal -0.751874 0 0.659307
    outer loop
      vertex 38.4798 29.75 29.3051
      vertex 39.5147 36 30.4853
      vertex 38.4798 36 29.3051
    endloop
  endfacet
  facet normal -0.751874 0 0.659307
    outer loop
      vertex 39.5147 36 30.4853
      vertex 38.4798 29.75 29.3051
      vertex 39.5147 29.75 30.4853
    endloop
  endfacet
  facet normal -0.751874 0 0.659307
    outer loop
      vertex 38.4798 20 29.3051
      vertex 39.5147 26.25 30.4853
      vertex 38.4798 26.25 29.3051
    endloop
  endfacet
  facet normal -0.751874 0 0.659307
    outer loop
      vertex 39.5147 26.25 30.4853
      vertex 38.4798 20 29.3051
      vertex 39.5147 20 30.4853
    endloop
  endfacet
  facet normal -0.442314 0 0.89686
    outer loop
      vertex 42 26.25 32.3923
      vertex 43.4078 20 33.0866
      vertex 43.4078 26.25 33.0866
    endloop
  endfacet
  facet normal -0.442314 0 0.89686
    outer loop
      vertex 43.4078 20 33.0866
      vertex 42 26.25 32.3923
      vertex 42 20 32.3923
    endloop
  endfacet
  facet normal -0.442314 0 0.89686
    outer loop
      vertex 42 36 32.3923
      vertex 43.4078 29.75 33.0866
      vertex 43.4078 36 33.0866
    endloop
  endfacet
  facet normal -0.442314 0 0.89686
    outer loop
      vertex 43.4078 29.75 33.0866
      vertex 42 36 32.3923
      vertex 42 29.75 32.3923
    endloop
  endfacet
  facet normal -0.195075 0 0.980788
    outer loop
      vertex 44.8942 25 33.5911
      vertex 46.4337 20 33.8973
      vertex 46.4337 25 33.8973
    endloop
  endfacet
  facet normal -0.195075 0 0.980788
    outer loop
      vertex 46.4337 20 33.8973
      vertex 44.8942 25 33.5911
      vertex 44.8942 20 33.5911
    endloop
  endfacet
  facet normal -0.195075 0 0.980788
    outer loop
      vertex 44.8942 36 33.5911
      vertex 46.4337 31 33.8973
      vertex 46.4337 36 33.8973
    endloop
  endfacet
  facet normal -0.195075 0 0.980788
    outer loop
      vertex 46.4337 31 33.8973
      vertex 44.8942 36 33.5911
      vertex 44.8942 31 33.5911
    endloop
  endfacet
  facet normal 0.997857 -0 0.065428
    outer loop
      vertex 59.8973 20 23.5663
      vertex 60 25 22
      vertex 59.8973 25 23.5663
    endloop
  endfacet
  facet normal 0.997857 0 0.065428
    outer loop
      vertex 60 25 22
      vertex 59.8973 20 23.5663
      vertex 60 20 22
    endloop
  endfacet
  facet normal 0.997857 -0 0.065428
    outer loop
      vertex 59.8973 31 23.5663
      vertex 60 36 22
      vertex 59.8973 36 23.5663
    endloop
  endfacet
  facet normal 0.997857 0 0.065428
    outer loop
      vertex 60 36 22
      vertex 59.8973 31 23.5663
      vertex 60 31 22
    endloop
  endfacet
  facet normal 0.831452 0 -0.555597
    outer loop
      vertex 58.3923 20 16
      vertex 57.5202 25 14.6949
      vertex 58.3923 25 16
    endloop
  endfacet
  facet normal 0.831452 0 -0.555597
    outer loop
      vertex 57.5202 25 14.6949
      vertex 58.3923 20 16
      vertex 57.5202 20 14.6949
    endloop
  endfacet
  facet normal 0.831452 0 -0.555597
    outer loop
      vertex 58.3923 31 16
      vertex 57.5202 36 14.6949
      vertex 58.3923 36 16
    endloop
  endfacet
  facet normal 0.831452 0 -0.555597
    outer loop
      vertex 57.5202 36 14.6949
      vertex 58.3923 31 16
      vertex 57.5202 31 14.6949
    endloop
  endfacet
  facet normal -0.195155 0 -0.980772
    outer loop
      vertex 45.7184 29.75 10.2449
      vertex 44.8942 29.75 10.4089
      vertex 45.7184 31 10.2449
    endloop
  endfacet
  facet normal -0.194982 0 -0.980807
    outer loop
      vertex 45.7184 31 10.2449
      vertex 46.4337 36 10.1027
      vertex 46.4337 31 10.1027
    endloop
  endfacet
  facet normal -0.195155 -0 -0.980772
    outer loop
      vertex 44.8942 36 10.4089
      vertex 45.7184 31 10.2449
      vertex 44.8942 29.75 10.4089
    endloop
  endfacet
  facet normal -0.195075 1.37559e-05 -0.980788
    outer loop
      vertex 45.7184 31 10.2449
      vertex 44.8942 36 10.4089
      vertex 46.4337 36 10.1027
    endloop
  endfacet
  facet normal -0.194982 0 -0.980807
    outer loop
      vertex 46.4337 20 10.1027
      vertex 45.7184 25 10.2449
      vertex 46.4337 25 10.1027
    endloop
  endfacet
  facet normal -0.195075 -1.37559e-05 -0.980788
    outer loop
      vertex 44.8942 20 10.4089
      vertex 45.7184 25 10.2449
      vertex 46.4337 20 10.1027
    endloop
  endfacet
  facet normal -0.195155 -0 -0.980772
    outer loop
      vertex 44.8942 26.25 10.4089
      vertex 45.7184 25 10.2449
      vertex 44.8942 20 10.4089
    endloop
  endfacet
  facet normal -0.195155 0 -0.980772
    outer loop
      vertex 45.7184 25 10.2449
      vertex 44.8942 26.25 10.4089
      vertex 45.7184 26.25 10.2449
    endloop
  endfacet
  facet normal -0.659307 0 -0.751874
    outer loop
      vertex 39.5147 20 13.5147
      vertex 40.6949 26.25 12.4798
      vertex 40.6949 20 12.4798
    endloop
  endfacet
  facet normal -0.659307 0 -0.751874
    outer loop
      vertex 40.6949 26.25 12.4798
      vertex 39.5147 20 13.5147
      vertex 39.5147 26.25 13.5147
    endloop
  endfacet
  facet normal -0.659307 0 -0.751874
    outer loop
      vertex 39.5147 29.75 13.5147
      vertex 40.6949 36 12.4798
      vertex 40.6949 29.75 12.4798
    endloop
  endfacet
  facet normal -0.659307 0 -0.751874
    outer loop
      vertex 40.6949 36 12.4798
      vertex 39.5147 29.75 13.5147
      vertex 39.5147 36 13.5147
    endloop
  endfacet
  facet normal -0.89686 0 -0.442314
    outer loop
      vertex 37.6077 29.75 16
      vertex 36.9134 36 17.4078
      vertex 37.6077 36 16
    endloop
  endfacet
  facet normal -0.89686 -0 -0.442314
    outer loop
      vertex 36.9134 36 17.4078
      vertex 37.6077 29.75 16
      vertex 36.9134 29.75 17.4078
    endloop
  endfacet
  facet normal -0.89686 0 -0.442314
    outer loop
      vertex 37.6077 20 16
      vertex 36.9134 26.25 17.4078
      vertex 37.6077 26.25 16
    endloop
  endfacet
  facet normal -0.89686 -0 -0.442314
    outer loop
      vertex 36.9134 26.25 17.4078
      vertex 37.6077 20 16
      vertex 36.9134 20 17.4078
    endloop
  endfacet
  facet normal -0.980785 0 -0.19509
    outer loop
      vertex 36.2891 20 19.4966
      vertex 36.1027 26.25 20.4337
      vertex 36.2891 26.25 19.4966
    endloop
  endfacet
  facet normal -0.980785 -0 -0.19509
    outer loop
      vertex 36.1027 26.25 20.4337
      vertex 36.2891 20 19.4966
      vertex 36.1027 20 20.4337
    endloop
  endfacet
  facet normal -0.980785 0 -0.19509
    outer loop
      vertex 36.2891 29.75 19.4966
      vertex 36.1027 36 20.4337
      vertex 36.2891 36 19.4966
    endloop
  endfacet
  facet normal -0.980785 -0 -0.19509
    outer loop
      vertex 36.1027 36 20.4337
      vertex 36.2891 29.75 19.4966
      vertex 36.1027 29.75 20.4337
    endloop
  endfacet
  facet normal 0.946943 -0 0.321402
    outer loop
      vertex 59.0866 31 26.5922
      vertex 59.5911 36 25.1058
      vertex 59.0866 36 26.5922
    endloop
  endfacet
  facet normal 0.946943 0 0.321402
    outer loop
      vertex 59.5911 36 25.1058
      vertex 59.0866 31 26.5922
      vertex 59.5911 31 25.1058
    endloop
  endfacet
  facet normal 0.946943 -0 0.321402
    outer loop
      vertex 59.0866 20 26.5922
      vertex 59.5911 25 25.1058
      vertex 59.0866 25 26.5922
    endloop
  endfacet
  facet normal 0.946943 0 0.321402
    outer loop
      vertex 59.5911 25 25.1058
      vertex 59.0866 20 26.5922
      vertex 59.5911 20 25.1058
    endloop
  endfacet
  facet normal 0.555597 0 0.831452
    outer loop
      vertex 54 36 32.3923
      vertex 55.3051 31 31.5202
      vertex 55.3051 36 31.5202
    endloop
  endfacet
  facet normal 0.555597 0 0.831452
    outer loop
      vertex 55.3051 31 31.5202
      vertex 54 36 32.3923
      vertex 54 31 32.3923
    endloop
  endfacet
  facet normal 0.555597 0 0.831452
    outer loop
      vertex 54 25 32.3923
      vertex 55.3051 20 31.5202
      vertex 55.3051 25 31.5202
    endloop
  endfacet
  facet normal 0.555597 0 0.831452
    outer loop
      vertex 55.3051 20 31.5202
      vertex 54 25 32.3923
      vertex 54 20 32.3923
    endloop
  endfacet
  facet normal 0.065428 0 0.997857
    outer loop
      vertex 48 36 34
      vertex 49.5663 31 33.8973
      vertex 49.5663 36 33.8973
    endloop
  endfacet
  facet normal 0.065428 0 0.997857
    outer loop
      vertex 49.5663 31 33.8973
      vertex 48 36 34
      vertex 48 31 34
    endloop
  endfacet
  facet normal 0.065428 0 0.997857
    outer loop
      vertex 48 25 34
      vertex 49.5663 20 33.8973
      vertex 49.5663 25 33.8973
    endloop
  endfacet
  facet normal 0.065428 0 0.997857
    outer loop
      vertex 49.5663 20 33.8973
      vertex 48 25 34
      vertex 48 20 34
    endloop
  endfacet
  facet normal 0.321402 0 0.946943
    outer loop
      vertex 51.1058 36 33.5911
      vertex 52.5922 31 33.0866
      vertex 52.5922 36 33.0866
    endloop
  endfacet
  facet normal 0.321402 0 0.946943
    outer loop
      vertex 52.5922 31 33.0866
      vertex 51.1058 36 33.5911
      vertex 51.1058 31 33.5911
    endloop
  endfacet
  facet normal 0.321402 0 0.946943
    outer loop
      vertex 51.1058 25 33.5911
      vertex 52.5922 20 33.0866
      vertex 52.5922 25 33.0866
    endloop
  endfacet
  facet normal 0.321402 0 0.946943
    outer loop
      vertex 52.5922 20 33.0866
      vertex 51.1058 25 33.5911
      vertex 51.1058 20 33.5911
    endloop
  endfacet
  facet normal -0.997857 0 0.065428
    outer loop
      vertex 36 29.75 22
      vertex 36.1027 36 23.5663
      vertex 36 36 22
    endloop
  endfacet
  facet normal -0.997857 0 0.065428
    outer loop
      vertex 36.1027 36 23.5663
      vertex 36 29.75 22
      vertex 36.1027 29.75 23.5663
    endloop
  endfacet
  facet normal -0.997857 0 0.065428
    outer loop
      vertex 36 20 22
      vertex 36.1027 26.25 23.5663
      vertex 36 26.25 22
    endloop
  endfacet
  facet normal -0.997857 0 0.065428
    outer loop
      vertex 36.1027 26.25 23.5663
      vertex 36 20 22
      vertex 36.1027 20 23.5663
    endloop
  endfacet
  facet normal -0.946943 0 0.321402
    outer loop
      vertex 36.4089 29.75 25.1058
      vertex 36.9134 36 26.5922
      vertex 36.4089 36 25.1058
    endloop
  endfacet
  facet normal -0.946943 0 0.321402
    outer loop
      vertex 36.9134 36 26.5922
      vertex 36.4089 29.75 25.1058
      vertex 36.9134 29.75 26.5922
    endloop
  endfacet
  facet normal -0.946943 0 0.321402
    outer loop
      vertex 36.4089 20 25.1058
      vertex 36.9134 26.25 26.5922
      vertex 36.4089 26.25 25.1058
    endloop
  endfacet
  facet normal -0.946943 0 0.321402
    outer loop
      vertex 36.9134 26.25 26.5922
      vertex 36.4089 20 25.1058
      vertex 36.9134 20 26.5922
    endloop
  endfacet
  facet normal -0.831452 0 0.555597
    outer loop
      vertex 37.6077 29.75 28
      vertex 38.4798 36 29.3051
      vertex 37.6077 36 28
    endloop
  endfacet
  facet normal -0.831452 0 0.555597
    outer loop
      vertex 38.4798 36 29.3051
      vertex 37.6077 29.75 28
      vertex 38.4798 29.75 29.3051
    endloop
  endfacet
  facet normal -0.831452 0 0.555597
    outer loop
      vertex 37.6077 20 28
      vertex 38.4798 26.25 29.3051
      vertex 37.6077 26.25 28
    endloop
  endfacet
  facet normal -0.831452 0 0.555597
    outer loop
      vertex 38.4798 26.25 29.3051
      vertex 37.6077 20 28
      vertex 38.4798 20 29.3051
    endloop
  endfacet
  facet normal -0.065428 0 0.997857
    outer loop
      vertex 46.4337 36 33.8973
      vertex 48 31 34
      vertex 48 36 34
    endloop
  endfacet
  facet normal -0.065428 0 0.997857
    outer loop
      vertex 48 31 34
      vertex 46.4337 36 33.8973
      vertex 46.4337 31 33.8973
    endloop
  endfacet
  facet normal -0.065428 0 0.997857
    outer loop
      vertex 46.4337 25 33.8973
      vertex 48 20 34
      vertex 48 25 34
    endloop
  endfacet
  facet normal -0.065428 0 0.997857
    outer loop
      vertex 48 20 34
      vertex 46.4337 25 33.8973
      vertex 46.4337 20 33.8973
    endloop
  endfacet
  facet normal -0.555597 0 0.831452
    outer loop
      vertex 40.6949 36 31.5202
      vertex 42 29.75 32.3923
      vertex 42 36 32.3923
    endloop
  endfacet
  facet normal -0.555597 0 0.831452
    outer loop
      vertex 42 29.75 32.3923
      vertex 40.6949 36 31.5202
      vertex 40.6949 29.75 31.5202
    endloop
  endfacet
  facet normal -0.555597 0 0.831452
    outer loop
      vertex 40.6949 26.25 31.5202
      vertex 42 20 32.3923
      vertex 42 26.25 32.3923
    endloop
  endfacet
  facet normal -0.555597 0 0.831452
    outer loop
      vertex 42 20 32.3923
      vertex 40.6949 26.25 31.5202
      vertex 40.6949 20 31.5202
    endloop
  endfacet
  facet normal -0.659307 0 0.751874
    outer loop
      vertex 39.5147 36 30.4853
      vertex 40.6949 29.75 31.5202
      vertex 40.6949 36 31.5202
    endloop
  endfacet
  facet normal -0.659307 0 0.751874
    outer loop
      vertex 40.6949 29.75 31.5202
      vertex 39.5147 36 30.4853
      vertex 39.5147 29.75 30.4853
    endloop
  endfacet
  facet normal -0.659307 0 0.751874
    outer loop
      vertex 39.5147 26.25 30.4853
      vertex 40.6949 20 31.5202
      vertex 40.6949 26.25 31.5202
    endloop
  endfacet
  facet normal -0.659307 0 0.751874
    outer loop
      vertex 40.6949 20 31.5202
      vertex 39.5147 26.25 30.4853
      vertex 39.5147 20 30.4853
    endloop
  endfacet
  facet normal 0.980788 0 -0.195075
    outer loop
      vertex 59.8973 31 20.4337
      vertex 59.5911 36 18.8942
      vertex 59.8973 36 20.4337
    endloop
  endfacet
  facet normal 0.980788 0 -0.195075
    outer loop
      vertex 59.5911 36 18.8942
      vertex 59.8973 31 20.4337
      vertex 59.5911 31 18.8942
    endloop
  endfacet
  facet normal 0.980788 0 -0.195075
    outer loop
      vertex 59.8973 20 20.4337
      vertex 59.5911 25 18.8942
      vertex 59.8973 25 20.4337
    endloop
  endfacet
  facet normal 0.980788 0 -0.195075
    outer loop
      vertex 59.5911 25 18.8942
      vertex 59.8973 20 20.4337
      vertex 59.5911 20 18.8942
    endloop
  endfacet
  facet normal 0.065428 0 -0.997857
    outer loop
      vertex 48 31 10
      vertex 49.5663 36 10.1027
      vertex 49.5663 31 10.1027
    endloop
  endfacet
  facet normal 0.065428 0 -0.997857
    outer loop
      vertex 49.5663 36 10.1027
      vertex 48 31 10
      vertex 48 36 10
    endloop
  endfacet
  facet normal 0.065428 0 -0.997857
    outer loop
      vertex 48 20 10
      vertex 49.5663 25 10.1027
      vertex 49.5663 20 10.1027
    endloop
  endfacet
  facet normal 0.065428 0 -0.997857
    outer loop
      vertex 49.5663 25 10.1027
      vertex 48 20 10
      vertex 48 25 10
    endloop
  endfacet
  facet normal 0.195075 0 -0.980788
    outer loop
      vertex 49.5663 31 10.1027
      vertex 51.1058 36 10.4089
      vertex 51.1058 31 10.4089
    endloop
  endfacet
  facet normal 0.195075 0 -0.980788
    outer loop
      vertex 51.1058 36 10.4089
      vertex 49.5663 31 10.1027
      vertex 49.5663 36 10.1027
    endloop
  endfacet
  facet normal 0.195075 0 -0.980788
    outer loop
      vertex 49.5663 20 10.1027
      vertex 51.1058 25 10.4089
      vertex 51.1058 20 10.4089
    endloop
  endfacet
  facet normal 0.195075 0 -0.980788
    outer loop
      vertex 51.1058 25 10.4089
      vertex 49.5663 20 10.1027
      vertex 49.5663 25 10.1027
    endloop
  endfacet
  facet normal 0.321402 0 -0.946943
    outer loop
      vertex 51.1058 31 10.4089
      vertex 52.5922 36 10.9134
      vertex 52.5922 31 10.9134
    endloop
  endfacet
  facet normal 0.321402 0 -0.946943
    outer loop
      vertex 52.5922 36 10.9134
      vertex 51.1058 31 10.4089
      vertex 51.1058 36 10.4089
    endloop
  endfacet
  facet normal 0.321402 0 -0.946943
    outer loop
      vertex 51.1058 20 10.4089
      vertex 52.5922 25 10.9134
      vertex 52.5922 20 10.9134
    endloop
  endfacet
  facet normal 0.321402 0 -0.946943
    outer loop
      vertex 52.5922 25 10.9134
      vertex 51.1058 20 10.4089
      vertex 51.1058 25 10.4089
    endloop
  endfacet
  facet normal 0.751874 0 -0.659307
    outer loop
      vertex 57.5202 20 14.6949
      vertex 56.4853 25 13.5147
      vertex 57.5202 25 14.6949
    endloop
  endfacet
  facet normal 0.751874 0 -0.659307
    outer loop
      vertex 56.4853 25 13.5147
      vertex 57.5202 20 14.6949
      vertex 56.4853 20 13.5147
    endloop
  endfacet
  facet normal 0.751874 0 -0.659307
    outer loop
      vertex 57.5202 31 14.6949
      vertex 56.4853 36 13.5147
      vertex 57.5202 36 14.6949
    endloop
  endfacet
  facet normal 0.751874 0 -0.659307
    outer loop
      vertex 56.4853 36 13.5147
      vertex 57.5202 31 14.6949
      vertex 56.4853 31 13.5147
    endloop
  endfacet
  facet normal 0.555597 0 -0.831452
    outer loop
      vertex 54 31 11.6077
      vertex 55.3051 36 12.4798
      vertex 55.3051 31 12.4798
    endloop
  endfacet
  facet normal 0.555597 0 -0.831452
    outer loop
      vertex 55.3051 36 12.4798
      vertex 54 31 11.6077
      vertex 54 36 11.6077
    endloop
  endfacet
  facet normal 0.555597 0 -0.831452
    outer loop
      vertex 54 20 11.6077
      vertex 55.3051 25 12.4798
      vertex 55.3051 20 12.4798
    endloop
  endfacet
  facet normal 0.555597 0 -0.831452
    outer loop
      vertex 55.3051 25 12.4798
      vertex 54 20 11.6077
      vertex 54 25 11.6077
    endloop
  endfacet
  facet normal 0.89686 0 -0.442314
    outer loop
      vertex 59.0866 31 17.4078
      vertex 58.3923 36 16
      vertex 59.0866 36 17.4078
    endloop
  endfacet
  facet normal 0.89686 0 -0.442314
    outer loop
      vertex 58.3923 36 16
      vertex 59.0866 31 17.4078
      vertex 58.3923 31 16
    endloop
  endfacet
  facet normal 0.89686 0 -0.442314
    outer loop
      vertex 59.0866 20 17.4078
      vertex 58.3923 25 16
      vertex 59.0866 25 17.4078
    endloop
  endfacet
  facet normal 0.89686 0 -0.442314
    outer loop
      vertex 58.3923 25 16
      vertex 59.0866 20 17.4078
      vertex 58.3923 20 16
    endloop
  endfacet
  facet normal -0.065428 0 -0.997857
    outer loop
      vertex 46.4337 31 10.1027
      vertex 48 36 10
      vertex 48 31 10
    endloop
  endfacet
  facet normal -0.065428 0 -0.997857
    outer loop
      vertex 48 36 10
      vertex 46.4337 31 10.1027
      vertex 46.4337 36 10.1027
    endloop
  endfacet
  facet normal -0.065428 0 -0.997857
    outer loop
      vertex 46.4337 20 10.1027
      vertex 48 25 10
      vertex 48 20 10
    endloop
  endfacet
  facet normal -0.065428 0 -0.997857
    outer loop
      vertex 48 25 10
      vertex 46.4337 20 10.1027
      vertex 46.4337 25 10.1027
    endloop
  endfacet
  facet normal -0.442287 0 -0.896874
    outer loop
      vertex 43.2323 29.75 11
      vertex 42 29.75 11.6077
      vertex 43.2323 31 11
    endloop
  endfacet
  facet normal -0.442506 0 -0.896765
    outer loop
      vertex 43.2323 31 11
      vertex 43.4078 36 10.9134
      vertex 43.4078 31 10.9134
    endloop
  endfacet
  facet normal -0.442287 -0 -0.896874
    outer loop
      vertex 42 36 11.6077
      vertex 43.2323 31 11
      vertex 42 29.75 11.6077
    endloop
  endfacet
  facet normal -0.442314 -8.3876e-06 -0.89686
    outer loop
      vertex 43.2323 31 11
      vertex 42 36 11.6077
      vertex 43.4078 36 10.9134
    endloop
  endfacet
  facet normal -0.442506 0 -0.896765
    outer loop
      vertex 43.4078 20 10.9134
      vertex 43.2323 25 11
      vertex 43.4078 25 10.9134
    endloop
  endfacet
  facet normal -0.442314 8.3876e-06 -0.89686
    outer loop
      vertex 42 20 11.6077
      vertex 43.2323 25 11
      vertex 43.4078 20 10.9134
    endloop
  endfacet
  facet normal -0.442287 -0 -0.896874
    outer loop
      vertex 42 26.25 11.6077
      vertex 43.2323 25 11
      vertex 42 20 11.6077
    endloop
  endfacet
  facet normal -0.442287 0 -0.896874
    outer loop
      vertex 43.2323 25 11
      vertex 42 26.25 11.6077
      vertex 43.2323 26.25 11
    endloop
  endfacet
  facet normal -0.947044 0 -0.321105
    outer loop
      vertex 36.9134 29.75 17.4078
      vertex 36.8246 36 17.6697
      vertex 36.9134 36 17.4078
    endloop
  endfacet
  facet normal -0.947044 -0 -0.321105
    outer loop
      vertex 36.8246 36 17.6697
      vertex 36.9134 29.75 17.4078
      vertex 36.8246 29.75 17.6697
    endloop
  endfacet
  facet normal -0.947044 0 -0.321105
    outer loop
      vertex 36.9134 20 17.4078
      vertex 36.8246 26.25 17.6697
      vertex 36.9134 26.25 17.4078
    endloop
  endfacet
  facet normal -0.947044 -0 -0.321105
    outer loop
      vertex 36.8246 26.25 17.6697
      vertex 36.9134 20 17.4078
      vertex 36.8246 20 17.6697
    endloop
  endfacet
  facet normal -0.997857 0 -0.065428
    outer loop
      vertex 36.1027 29.75 20.4337
      vertex 36 36 22
      vertex 36.1027 36 20.4337
    endloop
  endfacet
  facet normal -0.997857 -0 -0.065428
    outer loop
      vertex 36 36 22
      vertex 36.1027 29.75 20.4337
      vertex 36 29.75 22
    endloop
  endfacet
  facet normal -0.997857 0 -0.065428
    outer loop
      vertex 36.1027 20 20.4337
      vertex 36 26.25 22
      vertex 36.1027 26.25 20.4337
    endloop
  endfacet
  facet normal -0.997857 -0 -0.065428
    outer loop
      vertex 36 26.25 22
      vertex 36.1027 20 20.4337
      vertex 36 20 22
    endloop
  endfacet
  facet normal -0.831452 0 -0.555597
    outer loop
      vertex 38.4798 20 14.6949
      vertex 37.6077 26.25 16
      vertex 38.4798 26.25 14.6949
    endloop
  endfacet
  facet normal -0.831452 -0 -0.555597
    outer loop
      vertex 37.6077 26.25 16
      vertex 38.4798 20 14.6949
      vertex 37.6077 20 16
    endloop
  endfacet
  facet normal -0.831452 0 -0.555597
    outer loop
      vertex 38.4798 29.75 14.6949
      vertex 37.6077 36 16
      vertex 38.4798 36 14.6949
    endloop
  endfacet
  facet normal -0.831452 -0 -0.555597
    outer loop
      vertex 37.6077 36 16
      vertex 38.4798 29.75 14.6949
      vertex 37.6077 29.75 16
    endloop
  endfacet
  facet normal 0.195075 0 0.980788
    outer loop
      vertex 49.5663 36 33.8973
      vertex 51.1058 31 33.5911
      vertex 51.1058 36 33.5911
    endloop
  endfacet
  facet normal 0.195075 0 0.980788
    outer loop
      vertex 51.1058 31 33.5911
      vertex 49.5663 36 33.8973
      vertex 49.5663 31 33.8973
    endloop
  endfacet
  facet normal 0.195075 0 0.980788
    outer loop
      vertex 49.5663 25 33.8973
      vertex 51.1058 20 33.5911
      vertex 51.1058 25 33.5911
    endloop
  endfacet
  facet normal 0.195075 0 0.980788
    outer loop
      vertex 51.1058 20 33.5911
      vertex 49.5663 25 33.8973
      vertex 49.5663 20 33.8973
    endloop
  endfacet
  facet normal -0.980788 0 0.195075
    outer loop
      vertex 36.1027 29.75 23.5663
      vertex 36.4089 36 25.1058
      vertex 36.1027 36 23.5663
    endloop
  endfacet
  facet normal -0.980788 0 0.195075
    outer loop
      vertex 36.4089 36 25.1058
      vertex 36.1027 29.75 23.5663
      vertex 36.4089 29.75 25.1058
    endloop
  endfacet
  facet normal -0.980788 0 0.195075
    outer loop
      vertex 36.1027 20 23.5663
      vertex 36.4089 26.25 25.1058
      vertex 36.1027 26.25 23.5663
    endloop
  endfacet
  facet normal -0.980788 0 0.195075
    outer loop
      vertex 36.4089 26.25 25.1058
      vertex 36.1027 20 23.5663
      vertex 36.4089 20 25.1058
    endloop
  endfacet
  facet normal 0.997857 0 -0.065428
    outer loop
      vertex 60 31 22
      vertex 59.8973 36 20.4337
      vertex 60 36 22
    endloop
  endfacet
  facet normal 0.997857 0 -0.065428
    outer loop
      vertex 59.8973 36 20.4337
      vertex 60 31 22
      vertex 59.8973 31 20.4337
    endloop
  endfacet
  facet normal 0.997857 0 -0.065428
    outer loop
      vertex 60 20 22
      vertex 59.8973 25 20.4337
      vertex 60 25 22
    endloop
  endfacet
  facet normal 0.997857 0 -0.065428
    outer loop
      vertex 59.8973 25 20.4337
      vertex 60 20 22
      vertex 59.8973 20 20.4337
    endloop
  endfacet
  facet normal 0.442314 0 -0.89686
    outer loop
      vertex 52.5922 20 10.9134
      vertex 54 25 11.6077
      vertex 54 20 11.6077
    endloop
  endfacet
  facet normal 0.442314 0 -0.89686
    outer loop
      vertex 54 25 11.6077
      vertex 52.5922 20 10.9134
      vertex 52.5922 25 10.9134
    endloop
  endfacet
  facet normal 0.442314 0 -0.89686
    outer loop
      vertex 52.5922 31 10.9134
      vertex 54 36 11.6077
      vertex 54 31 11.6077
    endloop
  endfacet
  facet normal 0.442314 0 -0.89686
    outer loop
      vertex 54 36 11.6077
      vertex 52.5922 31 10.9134
      vertex 52.5922 36 10.9134
    endloop
  endfacet
  facet normal 0.659307 0 -0.751874
    outer loop
      vertex 55.3051 20 12.4798
      vertex 56.4853 25 13.5147
      vertex 56.4853 20 13.5147
    endloop
  endfacet
  facet normal 0.659307 0 -0.751874
    outer loop
      vertex 56.4853 25 13.5147
      vertex 55.3051 20 12.4798
      vertex 55.3051 25 12.4798
    endloop
  endfacet
  facet normal 0.659307 0 -0.751874
    outer loop
      vertex 55.3051 31 12.4798
      vertex 56.4853 36 13.5147
      vertex 56.4853 31 13.5147
    endloop
  endfacet
  facet normal 0.659307 0 -0.751874
    outer loop
      vertex 56.4853 36 13.5147
      vertex 55.3051 31 12.4798
      vertex 55.3051 36 12.4798
    endloop
  endfacet
  facet normal -0.555597 0 -0.831452
    outer loop
      vertex 40.6949 29.75 12.4798
      vertex 42 36 11.6077
      vertex 42 29.75 11.6077
    endloop
  endfacet
  facet normal -0.555597 0 -0.831452
    outer loop
      vertex 42 36 11.6077
      vertex 40.6949 29.75 12.4798
      vertex 40.6949 36 12.4798
    endloop
  endfacet
  facet normal -0.555597 0 -0.831452
    outer loop
      vertex 40.6949 20 12.4798
      vertex 42 26.25 11.6077
      vertex 42 20 11.6077
    endloop
  endfacet
  facet normal -0.555597 0 -0.831452
    outer loop
      vertex 42 26.25 11.6077
      vertex 40.6949 20 12.4798
      vertex 40.6949 26.25 12.4798
    endloop
  endfacet
  facet normal -0.751874 0 -0.659307
    outer loop
      vertex 39.5147 20 13.5147
      vertex 38.4798 26.25 14.6949
      vertex 39.5147 26.25 13.5147
    endloop
  endfacet
  facet normal -0.751874 -0 -0.659307
    outer loop
      vertex 38.4798 26.25 14.6949
      vertex 39.5147 20 13.5147
      vertex 38.4798 20 14.6949
    endloop
  endfacet
  facet normal -0.751874 0 -0.659307
    outer loop
      vertex 39.5147 29.75 13.5147
      vertex 38.4798 36 14.6949
      vertex 39.5147 36 13.5147
    endloop
  endfacet
  facet normal -0.751874 -0 -0.659307
    outer loop
      vertex 38.4798 36 14.6949
      vertex 39.5147 29.75 13.5147
      vertex 38.4798 29.75 14.6949
    endloop
  endfacet
  facet normal -0.997858 0 -0.065424
    outer loop
      vertex 57.5 29.75 22
      vertex 57.4187 36 23.24
      vertex 57.5 36 22
    endloop
  endfacet
  facet normal -0.997858 0 -0.065424
    outer loop
      vertex 57.5 26.25 22
      vertex 57.4187 36 23.24
      vertex 57.5 29.75 22
    endloop
  endfacet
  facet normal -0.997858 0 -0.065424
    outer loop
      vertex 57.4187 20 23.24
      vertex 57.5 26.25 22
      vertex 57.5 20 22
    endloop
  endfacet
  facet normal -0.997858 0 -0.065424
    outer loop
      vertex 57.5 26.25 22
      vertex 57.4187 20 23.24
      vertex 57.4187 36 23.24
    endloop
  endfacet
  facet normal 0.997858 0 -0.065424
    outer loop
      vertex 38.5813 36 23.24
      vertex 38.5 29.75 22
      vertex 38.5 36 22
    endloop
  endfacet
  facet normal 0.997858 0 -0.065424
    outer loop
      vertex 38.5813 36 23.24
      vertex 38.5 26.25 22
      vertex 38.5 29.75 22
    endloop
  endfacet
  facet normal 0.997858 0 -0.065424
    outer loop
      vertex 38.5813 20 23.24
      vertex 38.5 26.25 22
      vertex 38.5813 36 23.24
    endloop
  endfacet
  facet normal 0.997858 0 -0.065424
    outer loop
      vertex 38.5 26.25 22
      vertex 38.5813 20 23.24
      vertex 38.5 20 22
    endloop
  endfacet
  facet normal -0.065424 -0 -0.997858
    outer loop
      vertex 48 26.25 31.5
      vertex 49.24 20 31.4187
      vertex 48 20 31.5
    endloop
  endfacet
  facet normal -0.065424 0 -0.997858
    outer loop
      vertex 49.24 20 31.4187
      vertex 48 26.25 31.5
      vertex 49.24 36 31.4187
    endloop
  endfacet
  facet normal -0.065424 -0 -0.997858
    outer loop
      vertex 48 29.75 31.5
      vertex 49.24 36 31.4187
      vertex 48 26.25 31.5
    endloop
  endfacet
  facet normal -0.065424 0 -0.997858
    outer loop
      vertex 49.24 36 31.4187
      vertex 48 29.75 31.5
      vertex 48 36 31.5
    endloop
  endfacet
  facet normal 0.065424 0 0.997858
    outer loop
      vertex 46.76 36 12.5813
      vertex 48 29.75 12.5
      vertex 48 36 12.5
    endloop
  endfacet
  facet normal 0.065424 0 0.997858
    outer loop
      vertex 48 29.75 12.5
      vertex 46.76 36 12.5813
      vertex 48 26.25 12.5
    endloop
  endfacet
  facet normal 0.065424 -0 0.997858
    outer loop
      vertex 46.76 20 12.5813
      vertex 48 26.25 12.5
      vertex 46.76 36 12.5813
    endloop
  endfacet
  facet normal 0.065424 0 0.997858
    outer loop
      vertex 48 26.25 12.5
      vertex 46.76 20 12.5813
      vertex 48 20 12.5
    endloop
  endfacet
  facet normal 0.751823 -0 0.659364
    outer loop
      vertex 40.4631 20 16.2168
      vertex 41.2825 36 15.2825
      vertex 40.4631 36 16.2168
    endloop
  endfacet
  facet normal 0.751823 0 0.659364
    outer loop
      vertex 41.2825 36 15.2825
      vertex 40.4631 20 16.2168
      vertex 41.2825 20 15.2825
    endloop
  endfacet
  facet normal -0.751823 0 -0.659364
    outer loop
      vertex 55.5369 20 27.7832
      vertex 54.7175 36 28.7175
      vertex 55.5369 36 27.7832
    endloop
  endfacet
  facet normal -0.751823 -0 -0.659364
    outer loop
      vertex 54.7175 36 28.7175
      vertex 55.5369 20 27.7832
      vertex 54.7175 20 28.7175
    endloop
  endfacet
  facet normal 0.659364 0 -0.751823
    outer loop
      vertex 41.2825 20 28.7175
      vertex 42.2168 36 29.5369
      vertex 42.2168 20 29.5369
    endloop
  endfacet
  facet normal 0.659364 0 -0.751823
    outer loop
      vertex 42.2168 36 29.5369
      vertex 41.2825 20 28.7175
      vertex 41.2825 36 28.7175
    endloop
  endfacet
  facet normal 0.321414 0 -0.946939
    outer loop
      vertex 44.3645 20 30.7769
      vertex 45.5412 36 31.1763
      vertex 45.5412 20 31.1763
    endloop
  endfacet
  facet normal 0.321414 0 -0.946939
    outer loop
      vertex 45.5412 36 31.1763
      vertex 44.3645 20 30.7769
      vertex 44.3645 36 30.7769
    endloop
  endfacet
  facet normal -0.659364 0 0.751823
    outer loop
      vertex 53.7832 36 14.4631
      vertex 54.7175 20 15.2825
      vertex 54.7175 36 15.2825
    endloop
  endfacet
  facet normal -0.659364 0 0.751823
    outer loop
      vertex 54.7175 20 15.2825
      vertex 53.7832 36 14.4631
      vertex 53.7832 20 14.4631
    endloop
  endfacet
  facet normal -0.946939 0 -0.321414
    outer loop
      vertex 57.1763 20 24.4588
      vertex 56.7769 36 25.6355
      vertex 57.1763 36 24.4588
    endloop
  endfacet
  facet normal -0.946939 -0 -0.321414
    outer loop
      vertex 56.7769 36 25.6355
      vertex 57.1763 20 24.4588
      vertex 56.7769 20 25.6355
    endloop
  endfacet
  facet normal -0.980791 0 -0.195064
    outer loop
      vertex 57.4187 20 23.24
      vertex 57.1763 36 24.4588
      vertex 57.4187 36 23.24
    endloop
  endfacet
  facet normal -0.980791 -0 -0.195064
    outer loop
      vertex 57.1763 36 24.4588
      vertex 57.4187 20 23.24
      vertex 57.1763 20 24.4588
    endloop
  endfacet
  facet normal -0.442347 0 -0.896844
    outer loop
      vertex 51.6355 20 30.7769
      vertex 52.75 26.25 30.2272
      vertex 52.75 20 30.2272
    endloop
  endfacet
  facet normal -0.442347 0 -0.896844
    outer loop
      vertex 52.75 26.25 30.2272
      vertex 51.6355 20 30.7769
      vertex 52.75 29.75 30.2272
    endloop
  endfacet
  facet normal -0.442347 -0 -0.896844
    outer loop
      vertex 51.6355 36 30.7769
      vertex 52.75 29.75 30.2272
      vertex 51.6355 20 30.7769
    endloop
  endfacet
  facet normal -0.442347 0 -0.896844
    outer loop
      vertex 52.75 29.75 30.2272
      vertex 51.6355 36 30.7769
      vertex 52.75 36 30.2272
    endloop
  endfacet
  facet normal -0.321414 0 -0.946939
    outer loop
      vertex 50.4588 20 31.1763
      vertex 51.6355 36 30.7769
      vertex 51.6355 20 30.7769
    endloop
  endfacet
  facet normal -0.321414 0 -0.946939
    outer loop
      vertex 51.6355 36 30.7769
      vertex 50.4588 20 31.1763
      vertex 50.4588 36 31.1763
    endloop
  endfacet
  facet normal -0.659364 0 -0.751823
    outer loop
      vertex 53.7832 20 29.5369
      vertex 54.7175 36 28.7175
      vertex 54.7175 20 28.7175
    endloop
  endfacet
  facet normal -0.659364 0 -0.751823
    outer loop
      vertex 54.7175 36 28.7175
      vertex 53.7832 20 29.5369
      vertex 53.7832 36 29.5369
    endloop
  endfacet
  facet normal 0.896844 0 -0.442347
    outer loop
      vertex 39.7728 29.75 26.75
      vertex 39.2231 36 25.6355
      vertex 39.7728 36 26.75
    endloop
  endfacet
  facet normal 0.896844 0 -0.442347
    outer loop
      vertex 39.7728 26.25 26.75
      vertex 39.2231 36 25.6355
      vertex 39.7728 29.75 26.75
    endloop
  endfacet
  facet normal 0.896844 0 -0.442347
    outer loop
      vertex 39.2231 20 25.6355
      vertex 39.7728 26.25 26.75
      vertex 39.7728 20 26.75
    endloop
  endfacet
  facet normal 0.896844 0 -0.442347
    outer loop
      vertex 39.7728 26.25 26.75
      vertex 39.2231 20 25.6355
      vertex 39.2231 36 25.6355
    endloop
  endfacet
  facet normal 0.751823 0 -0.659364
    outer loop
      vertex 41.2825 20 28.7175
      vertex 40.4631 36 27.7832
      vertex 41.2825 36 28.7175
    endloop
  endfacet
  facet normal 0.751823 0 -0.659364
    outer loop
      vertex 40.4631 36 27.7832
      vertex 41.2825 20 28.7175
      vertex 40.4631 20 27.7832
    endloop
  endfacet
  facet normal 0.946939 0 -0.321414
    outer loop
      vertex 39.2231 20 25.6355
      vertex 38.8237 36 24.4588
      vertex 39.2231 36 25.6355
    endloop
  endfacet
  facet normal 0.946939 0 -0.321414
    outer loop
      vertex 38.8237 36 24.4588
      vertex 39.2231 20 25.6355
      vertex 38.8237 20 24.4588
    endloop
  endfacet
  facet normal 0.195064 0 -0.980791
    outer loop
      vertex 45.5412 20 31.1763
      vertex 46.76 36 31.4187
      vertex 46.76 20 31.4187
    endloop
  endfacet
  facet normal 0.195064 0 -0.980791
    outer loop
      vertex 46.76 36 31.4187
      vertex 45.5412 20 31.1763
      vertex 45.5412 36 31.1763
    endloop
  endfacet
  facet normal 0.659364 0 0.751823
    outer loop
      vertex 41.2825 36 15.2825
      vertex 42.2168 20 14.4631
      vertex 42.2168 36 14.4631
    endloop
  endfacet
  facet normal 0.659364 0 0.751823
    outer loop
      vertex 42.2168 20 14.4631
      vertex 41.2825 36 15.2825
      vertex 41.2825 20 15.2825
    endloop
  endfacet
  facet normal 0.321414 0 0.946939
    outer loop
      vertex 44.3645 36 13.2231
      vertex 45.5412 20 12.8237
      vertex 45.5412 36 12.8237
    endloop
  endfacet
  facet normal 0.321414 0 0.946939
    outer loop
      vertex 45.5412 20 12.8237
      vertex 44.3645 36 13.2231
      vertex 44.3645 20 13.2231
    endloop
  endfacet
  facet normal -0.831493 0 -0.555536
    outer loop
      vertex 56.2272 29.75 26.75
      vertex 55.5369 36 27.7832
      vertex 56.2272 36 26.75
    endloop
  endfacet
  facet normal -0.831493 0 -0.555536
    outer loop
      vertex 56.2272 26.25 26.75
      vertex 55.5369 36 27.7832
      vertex 56.2272 29.75 26.75
    endloop
  endfacet
  facet normal -0.831493 0 -0.555536
    outer loop
      vertex 55.5369 20 27.7832
      vertex 56.2272 26.25 26.75
      vertex 56.2272 20 26.75
    endloop
  endfacet
  facet normal -0.831493 0 -0.555536
    outer loop
      vertex 56.2272 26.25 26.75
      vertex 55.5369 20 27.7832
      vertex 55.5369 36 27.7832
    endloop
  endfacet
  facet normal -0.896844 0 -0.442347
    outer loop
      vertex 56.7769 36 25.6355
      vertex 56.2272 29.75 26.75
      vertex 56.2272 36 26.75
    endloop
  endfacet
  facet normal -0.896844 0 -0.442347
    outer loop
      vertex 56.7769 36 25.6355
      vertex 56.2272 26.25 26.75
      vertex 56.2272 29.75 26.75
    endloop
  endfacet
  facet normal -0.896844 0 -0.442347
    outer loop
      vertex 56.7769 20 25.6355
      vertex 56.2272 26.25 26.75
      vertex 56.7769 36 25.6355
    endloop
  endfacet
  facet normal -0.896844 -0 -0.442347
    outer loop
      vertex 56.2272 26.25 26.75
      vertex 56.7769 20 25.6355
      vertex 56.2272 20 26.75
    endloop
  endfacet
  facet normal -0.195064 0 -0.980791
    outer loop
      vertex 49.24 20 31.4187
      vertex 50.4588 36 31.1763
      vertex 50.4588 20 31.1763
    endloop
  endfacet
  facet normal -0.195064 0 -0.980791
    outer loop
      vertex 50.4588 36 31.1763
      vertex 49.24 20 31.4187
      vertex 49.24 36 31.4187
    endloop
  endfacet
  facet normal -0.555536 -0 -0.831493
    outer loop
      vertex 52.75 26.25 30.2272
      vertex 53.7832 20 29.5369
      vertex 52.75 20 30.2272
    endloop
  endfacet
  facet normal -0.555536 0 -0.831493
    outer loop
      vertex 53.7832 20 29.5369
      vertex 52.75 26.25 30.2272
      vertex 53.7832 36 29.5369
    endloop
  endfacet
  facet normal -0.555536 -0 -0.831493
    outer loop
      vertex 52.75 29.75 30.2272
      vertex 53.7832 36 29.5369
      vertex 52.75 26.25 30.2272
    endloop
  endfacet
  facet normal -0.555536 0 -0.831493
    outer loop
      vertex 53.7832 36 29.5369
      vertex 52.75 29.75 30.2272
      vertex 52.75 36 30.2272
    endloop
  endfacet
  facet normal 0.831493 0 -0.555536
    outer loop
      vertex 40.4631 36 27.7832
      vertex 39.7728 29.75 26.75
      vertex 39.7728 36 26.75
    endloop
  endfacet
  facet normal 0.831493 0 -0.555536
    outer loop
      vertex 40.4631 36 27.7832
      vertex 39.7728 26.25 26.75
      vertex 39.7728 29.75 26.75
    endloop
  endfacet
  facet normal 0.831493 0 -0.555536
    outer loop
      vertex 40.4631 20 27.7832
      vertex 39.7728 26.25 26.75
      vertex 40.4631 36 27.7832
    endloop
  endfacet
  facet normal 0.831493 0 -0.555536
    outer loop
      vertex 39.7728 26.25 26.75
      vertex 40.4631 20 27.7832
      vertex 39.7728 20 26.75
    endloop
  endfacet
  facet normal 0.980791 0 -0.195064
    outer loop
      vertex 38.8237 20 24.4588
      vertex 38.5813 36 23.24
      vertex 38.8237 36 24.4588
    endloop
  endfacet
  facet normal 0.980791 0 -0.195064
    outer loop
      vertex 38.5813 36 23.24
      vertex 38.8237 20 24.4588
      vertex 38.5813 20 23.24
    endloop
  endfacet
  facet normal 0.442347 0 -0.896844
    outer loop
      vertex 43.25 26.25 30.2272
      vertex 44.3645 20 30.7769
      vertex 43.25 20 30.2272
    endloop
  endfacet
  facet normal 0.442347 0 -0.896844
    outer loop
      vertex 44.3645 20 30.7769
      vertex 43.25 26.25 30.2272
      vertex 44.3645 36 30.7769
    endloop
  endfacet
  facet normal 0.442347 0 -0.896844
    outer loop
      vertex 43.25 29.75 30.2272
      vertex 44.3645 36 30.7769
      vertex 43.25 26.25 30.2272
    endloop
  endfacet
  facet normal 0.442347 0 -0.896844
    outer loop
      vertex 44.3645 36 30.7769
      vertex 43.25 29.75 30.2272
      vertex 43.25 36 30.2272
    endloop
  endfacet
  facet normal 0.555536 0 -0.831493
    outer loop
      vertex 42.2168 20 29.5369
      vertex 43.25 26.25 30.2272
      vertex 43.25 20 30.2272
    endloop
  endfacet
  facet normal 0.555536 0 -0.831493
    outer loop
      vertex 43.25 26.25 30.2272
      vertex 42.2168 20 29.5369
      vertex 43.25 29.75 30.2272
    endloop
  endfacet
  facet normal 0.555536 0 -0.831493
    outer loop
      vertex 42.2168 36 29.5369
      vertex 43.25 29.75 30.2272
      vertex 42.2168 20 29.5369
    endloop
  endfacet
  facet normal 0.555536 0 -0.831493
    outer loop
      vertex 43.25 29.75 30.2272
      vertex 42.2168 36 29.5369
      vertex 43.25 36 30.2272
    endloop
  endfacet
  facet normal 0.065424 0 -0.997858
    outer loop
      vertex 46.76 20 31.4187
      vertex 48 26.25 31.5
      vertex 48 20 31.5
    endloop
  endfacet
  facet normal 0.065424 0 -0.997858
    outer loop
      vertex 48 26.25 31.5
      vertex 46.76 20 31.4187
      vertex 48 29.75 31.5
    endloop
  endfacet
  facet normal 0.065424 0 -0.997858
    outer loop
      vertex 46.76 36 31.4187
      vertex 48 29.75 31.5
      vertex 46.76 20 31.4187
    endloop
  endfacet
  facet normal 0.065424 0 -0.997858
    outer loop
      vertex 48 29.75 31.5
      vertex 46.76 36 31.4187
      vertex 48 36 31.5
    endloop
  endfacet
  facet normal -0.997858 0 0.065424
    outer loop
      vertex 57.4187 36 20.76
      vertex 57.5 29.75 22
      vertex 57.5 36 22
    endloop
  endfacet
  facet normal -0.997858 0 0.065424
    outer loop
      vertex 57.4187 36 20.76
      vertex 57.5 26.25 22
      vertex 57.5 29.75 22
    endloop
  endfacet
  facet normal -0.997858 0 0.065424
    outer loop
      vertex 57.4187 20 20.76
      vertex 57.5 26.25 22
      vertex 57.4187 36 20.76
    endloop
  endfacet
  facet normal -0.997858 0 0.065424
    outer loop
      vertex 57.5 26.25 22
      vertex 57.4187 20 20.76
      vertex 57.5 20 22
    endloop
  endfacet
  facet normal -0.065424 0 0.997858
    outer loop
      vertex 48 29.75 12.5
      vertex 49.24 36 12.5813
      vertex 48 36 12.5
    endloop
  endfacet
  facet normal -0.065424 0 0.997858
    outer loop
      vertex 49.24 36 12.5813
      vertex 48 29.75 12.5
      vertex 49.24 20 12.5813
    endloop
  endfacet
  facet normal -0.065424 0 0.997858
    outer loop
      vertex 48 26.25 12.5
      vertex 49.24 20 12.5813
      vertex 48 29.75 12.5
    endloop
  endfacet
  facet normal -0.065424 0 0.997858
    outer loop
      vertex 49.24 20 12.5813
      vertex 48 26.25 12.5
      vertex 48 20 12.5
    endloop
  endfacet
  facet normal -0.321414 0 0.946939
    outer loop
      vertex 50.4588 36 12.8237
      vertex 51.6355 20 13.2231
      vertex 51.6355 36 13.2231
    endloop
  endfacet
  facet normal -0.321414 0 0.946939
    outer loop
      vertex 51.6355 20 13.2231
      vertex 50.4588 36 12.8237
      vertex 50.4588 20 12.8237
    endloop
  endfacet
  facet normal -0.442347 0 0.896844
    outer loop
      vertex 51.6355 36 13.2231
      vertex 52.75 29.75 13.7728
      vertex 52.75 36 13.7728
    endloop
  endfacet
  facet normal -0.442347 0 0.896844
    outer loop
      vertex 52.75 29.75 13.7728
      vertex 51.6355 36 13.2231
      vertex 52.75 26.25 13.7728
    endloop
  endfacet
  facet normal -0.442347 0 0.896844
    outer loop
      vertex 51.6355 20 13.2231
      vertex 52.75 26.25 13.7728
      vertex 51.6355 36 13.2231
    endloop
  endfacet
  facet normal -0.442347 0 0.896844
    outer loop
      vertex 52.75 26.25 13.7728
      vertex 51.6355 20 13.2231
      vertex 52.75 20 13.7728
    endloop
  endfacet
  facet normal -0.751823 0 0.659364
    outer loop
      vertex 54.7175 20 15.2825
      vertex 55.5369 36 16.2168
      vertex 54.7175 36 15.2825
    endloop
  endfacet
  facet normal -0.751823 0 0.659364
    outer loop
      vertex 55.5369 36 16.2168
      vertex 54.7175 20 15.2825
      vertex 55.5369 20 16.2168
    endloop
  endfacet
  facet normal 0.555536 0 0.831493
    outer loop
      vertex 42.2168 36 14.4631
      vertex 43.25 29.75 13.7728
      vertex 43.25 36 13.7728
    endloop
  endfacet
  facet normal 0.555536 0 0.831493
    outer loop
      vertex 43.25 29.75 13.7728
      vertex 42.2168 36 14.4631
      vertex 43.25 26.25 13.7728
    endloop
  endfacet
  facet normal 0.555536 -0 0.831493
    outer loop
      vertex 42.2168 20 14.4631
      vertex 43.25 26.25 13.7728
      vertex 42.2168 36 14.4631
    endloop
  endfacet
  facet normal 0.555536 0 0.831493
    outer loop
      vertex 43.25 26.25 13.7728
      vertex 42.2168 20 14.4631
      vertex 43.25 20 13.7728
    endloop
  endfacet
  facet normal 0.195064 0 0.980791
    outer loop
      vertex 45.5412 36 12.8237
      vertex 46.76 20 12.5813
      vertex 46.76 36 12.5813
    endloop
  endfacet
  facet normal 0.195064 0 0.980791
    outer loop
      vertex 46.76 20 12.5813
      vertex 45.5412 36 12.8237
      vertex 45.5412 20 12.8237
    endloop
  endfacet
  facet normal 0.896844 0 0.442347
    outer loop
      vertex 39.2231 36 18.3645
      vertex 39.7728 29.75 17.25
      vertex 39.7728 36 17.25
    endloop
  endfacet
  facet normal 0.896844 0 0.442347
    outer loop
      vertex 39.2231 36 18.3645
      vertex 39.7728 26.25 17.25
      vertex 39.7728 29.75 17.25
    endloop
  endfacet
  facet normal 0.896844 -0 0.442347
    outer loop
      vertex 39.2231 20 18.3645
      vertex 39.7728 26.25 17.25
      vertex 39.2231 36 18.3645
    endloop
  endfacet
  facet normal 0.896844 0 0.442347
    outer loop
      vertex 39.7728 26.25 17.25
      vertex 39.2231 20 18.3645
      vertex 39.7728 20 17.25
    endloop
  endfacet
  facet normal 0.946939 -0 0.321414
    outer loop
      vertex 38.8237 20 19.5412
      vertex 39.2231 36 18.3645
      vertex 38.8237 36 19.5412
    endloop
  endfacet
  facet normal 0.946939 0 0.321414
    outer loop
      vertex 39.2231 36 18.3645
      vertex 38.8237 20 19.5412
      vertex 39.2231 20 18.3645
    endloop
  endfacet
  facet normal 0.997858 -0 0.065424
    outer loop
      vertex 38.5 29.75 22
      vertex 38.5813 36 20.76
      vertex 38.5 36 22
    endloop
  endfacet
  facet normal 0.997858 -0 0.065424
    outer loop
      vertex 38.5 26.25 22
      vertex 38.5813 36 20.76
      vertex 38.5 29.75 22
    endloop
  endfacet
  facet normal 0.997858 0 0.065424
    outer loop
      vertex 38.5813 20 20.76
      vertex 38.5 26.25 22
      vertex 38.5 20 22
    endloop
  endfacet
  facet normal 0.997858 0 0.065424
    outer loop
      vertex 38.5 26.25 22
      vertex 38.5813 20 20.76
      vertex 38.5813 36 20.76
    endloop
  endfacet
  facet normal -0.946939 0 0.321414
    outer loop
      vertex 56.7769 20 18.3645
      vertex 57.1763 36 19.5412
      vertex 56.7769 36 18.3645
    endloop
  endfacet
  facet normal -0.946939 0 0.321414
    outer loop
      vertex 57.1763 36 19.5412
      vertex 56.7769 20 18.3645
      vertex 57.1763 20 19.5412
    endloop
  endfacet
  facet normal -0.195064 0 0.980791
    outer loop
      vertex 49.24 36 12.5813
      vertex 50.4588 20 12.8237
      vertex 50.4588 36 12.8237
    endloop
  endfacet
  facet normal -0.195064 0 0.980791
    outer loop
      vertex 50.4588 20 12.8237
      vertex 49.24 36 12.5813
      vertex 49.24 20 12.5813
    endloop
  endfacet
  facet normal -0.555536 0 0.831493
    outer loop
      vertex 52.75 29.75 13.7728
      vertex 53.7832 36 14.4631
      vertex 52.75 36 13.7728
    endloop
  endfacet
  facet normal -0.555536 0 0.831493
    outer loop
      vertex 53.7832 36 14.4631
      vertex 52.75 29.75 13.7728
      vertex 53.7832 20 14.4631
    endloop
  endfacet
  facet normal -0.555536 0 0.831493
    outer loop
      vertex 52.75 26.25 13.7728
      vertex 53.7832 20 14.4631
      vertex 52.75 29.75 13.7728
    endloop
  endfacet
  facet normal -0.555536 0 0.831493
    outer loop
      vertex 53.7832 20 14.4631
      vertex 52.75 26.25 13.7728
      vertex 52.75 20 13.7728
    endloop
  endfacet
  facet normal -0.831493 0 0.555536
    outer loop
      vertex 55.5369 36 16.2168
      vertex 56.2272 29.75 17.25
      vertex 56.2272 36 17.25
    endloop
  endfacet
  facet normal -0.831493 0 0.555536
    outer loop
      vertex 55.5369 36 16.2168
      vertex 56.2272 26.25 17.25
      vertex 56.2272 29.75 17.25
    endloop
  endfacet
  facet normal -0.831493 0 0.555536
    outer loop
      vertex 55.5369 20 16.2168
      vertex 56.2272 26.25 17.25
      vertex 55.5369 36 16.2168
    endloop
  endfacet
  facet normal -0.831493 0 0.555536
    outer loop
      vertex 56.2272 26.25 17.25
      vertex 55.5369 20 16.2168
      vertex 56.2272 20 17.25
    endloop
  endfacet
  facet normal 0.442347 -0 0.896844
    outer loop
      vertex 43.25 29.75 13.7728
      vertex 44.3645 36 13.2231
      vertex 43.25 36 13.7728
    endloop
  endfacet
  facet normal 0.442347 0 0.896844
    outer loop
      vertex 44.3645 36 13.2231
      vertex 43.25 29.75 13.7728
      vertex 44.3645 20 13.2231
    endloop
  endfacet
  facet normal 0.442347 -0 0.896844
    outer loop
      vertex 43.25 26.25 13.7728
      vertex 44.3645 20 13.2231
      vertex 43.25 29.75 13.7728
    endloop
  endfacet
  facet normal 0.442347 0 0.896844
    outer loop
      vertex 44.3645 20 13.2231
      vertex 43.25 26.25 13.7728
      vertex 43.25 20 13.7728
    endloop
  endfacet
  facet normal 0.831493 -0 0.555536
    outer loop
      vertex 39.7728 29.75 17.25
      vertex 40.4631 36 16.2168
      vertex 39.7728 36 17.25
    endloop
  endfacet
  facet normal 0.831493 -0 0.555536
    outer loop
      vertex 39.7728 26.25 17.25
      vertex 40.4631 36 16.2168
      vertex 39.7728 29.75 17.25
    endloop
  endfacet
  facet normal 0.831493 0 0.555536
    outer loop
      vertex 40.4631 20 16.2168
      vertex 39.7728 26.25 17.25
      vertex 39.7728 20 17.25
    endloop
  endfacet
  facet normal 0.831493 0 0.555536
    outer loop
      vertex 39.7728 26.25 17.25
      vertex 40.4631 20 16.2168
      vertex 40.4631 36 16.2168
    endloop
  endfacet
  facet normal 0.980791 -0 0.195064
    outer loop
      vertex 38.5813 20 20.76
      vertex 38.8237 36 19.5412
      vertex 38.5813 36 20.76
    endloop
  endfacet
  facet normal 0.980791 0 0.195064
    outer loop
      vertex 38.8237 36 19.5412
      vertex 38.5813 20 20.76
      vertex 38.8237 20 19.5412
    endloop
  endfacet
  facet normal -0.980791 0 0.195064
    outer loop
      vertex 57.1763 20 19.5412
      vertex 57.4187 36 20.76
      vertex 57.1763 36 19.5412
    endloop
  endfacet
  facet normal -0.980791 0 0.195064
    outer loop
      vertex 57.4187 36 20.76
      vertex 57.1763 20 19.5412
      vertex 57.4187 20 20.76
    endloop
  endfacet
  facet normal -0.896844 0 0.442347
    outer loop
      vertex 56.2272 29.75 17.25
      vertex 56.7769 36 18.3645
      vertex 56.2272 36 17.25
    endloop
  endfacet
  facet normal -0.896844 0 0.442347
    outer loop
      vertex 56.2272 26.25 17.25
      vertex 56.7769 36 18.3645
      vertex 56.2272 29.75 17.25
    endloop
  endfacet
  facet normal -0.896844 0 0.442347
    outer loop
      vertex 56.7769 20 18.3645
      vertex 56.2272 26.25 17.25
      vertex 56.2272 20 17.25
    endloop
  endfacet
  facet normal -0.896844 0 0.442347
    outer loop
      vertex 56.2272 26.25 17.25
      vertex 56.7769 20 18.3645
      vertex 56.7769 36 18.3645
    endloop
  endfacet
  facet normal 0.995186 -0 0.0979996
    outer loop
      vertex 56.8271 21 23.7558
      vertex 57 35 22
      vertex 56.8271 35 23.7558
    endloop
  endfacet
  facet normal 0.995186 0 0.0979996
    outer loop
      vertex 57 35 22
      vertex 56.8271 21 23.7558
      vertex 57 21 22
    endloop
  endfacet
  facet normal -0.995186 0 0.0979996
    outer loop
      vertex 39 21 22
      vertex 39.1729 35 23.7558
      vertex 39 35 22
    endloop
  endfacet
  facet normal -0.995186 0 0.0979996
    outer loop
      vertex 39.1729 35 23.7558
      vertex 39 21 22
      vertex 39.1729 21 23.7558
    endloop
  endfacet
  facet normal 0.0979996 0 0.995186
    outer loop
      vertex 48 35 31
      vertex 49.7558 21 30.8271
      vertex 49.7558 35 30.8271
    endloop
  endfacet
  facet normal 0.0979996 0 0.995186
    outer loop
      vertex 49.7558 21 30.8271
      vertex 48 35 31
      vertex 48 21 31
    endloop
  endfacet
  facet normal 0.634351 0 0.773045
    outer loop
      vertex 53.0001 35 29.4832
      vertex 54.364 21 28.364
      vertex 54.364 35 28.364
    endloop
  endfacet
  facet normal 0.634351 0 0.773045
    outer loop
      vertex 54.364 21 28.364
      vertex 53.0001 35 29.4832
      vertex 53.0001 21 29.4832
    endloop
  endfacet
  facet normal 0.471397 0 0.881921
    outer loop
      vertex 51.4441 35 30.3149
      vertex 53.0001 21 29.4832
      vertex 53.0001 35 29.4832
    endloop
  endfacet
  facet normal 0.471397 0 0.881921
    outer loop
      vertex 53.0001 21 29.4832
      vertex 51.4441 35 30.3149
      vertex 51.4441 21 30.3149
    endloop
  endfacet
  facet normal -0.634351 0 0.773045
    outer loop
      vertex 41.636 35 28.364
      vertex 42.9999 21 29.4832
      vertex 42.9999 35 29.4832
    endloop
  endfacet
  facet normal -0.634351 0 0.773045
    outer loop
      vertex 42.9999 21 29.4832
      vertex 41.636 35 28.364
      vertex 41.636 21 28.364
    endloop
  endfacet
  facet normal -0.290316 0 0.956931
    outer loop
      vertex 44.5559 35 30.3149
      vertex 46.2442 21 30.8271
      vertex 46.2442 35 30.8271
    endloop
  endfacet
  facet normal -0.290316 0 0.956931
    outer loop
      vertex 46.2442 21 30.8271
      vertex 44.5559 35 30.3149
      vertex 44.5559 21 30.3149
    endloop
  endfacet
  facet normal 0.881921 0 -0.471397
    outer loop
      vertex 56.3149 21 18.5559
      vertex 55.4832 35 16.9999
      vertex 56.3149 35 18.5559
    endloop
  endfacet
  facet normal 0.881921 0 -0.471397
    outer loop
      vertex 55.4832 35 16.9999
      vertex 56.3149 21 18.5559
      vertex 55.4832 21 16.9999
    endloop
  endfacet
  facet normal 0 1 0
    outer loop
      vertex 48 35 27.5
      vertex 48 35 31
      vertex 49.7558 35 30.8271
    endloop
  endfacet
  facet normal 0 1 0
    outer loop
      vertex 49.4235 35 27.3126
      vertex 49.7558 35 30.8271
      vertex 51.4441 35 30.3149
    endloop
  endfacet
  facet normal 0 1 0
    outer loop
      vertex 48 35 31
      vertex 48 35 27.5
      vertex 46.2442 35 30.8271
    endloop
  endfacet
  facet normal 0 1 0
    outer loop
      vertex 50.75 35 26.7631
      vertex 51.4441 35 30.3149
      vertex 53.0001 35 29.4832
    endloop
  endfacet
  facet normal 0 1 -0
    outer loop
      vertex 46.5765 35 27.3126
      vertex 46.2442 35 30.8271
      vertex 48 35 27.5
    endloop
  endfacet
  facet normal 0 1 0
    outer loop
      vertex 51.8891 35 25.8891
      vertex 53.0001 35 29.4832
      vertex 54.364 35 28.364
    endloop
  endfacet
  facet normal 0 1 0
    outer loop
      vertex 46.2442 35 30.8271
      vertex 46.5765 35 27.3126
      vertex 44.5559 35 30.3149
    endloop
  endfacet
  facet normal 0 1 -0
    outer loop
      vertex 45.25 35 26.7631
      vertex 44.5559 35 30.3149
      vertex 46.5765 35 27.3126
    endloop
  endfacet
  facet normal 0 1 0
    outer loop
      vertex 49.7558 35 30.8271
      vertex 49.4235 35 27.3126
      vertex 48 35 27.5
    endloop
  endfacet
  facet normal 0 1 0
    outer loop
      vertex 51.8891 35 25.8891
      vertex 54.364 35 28.364
      vertex 55.4832 35 27.0001
    endloop
  endfacet
  facet normal 0 1 0
    outer loop
      vertex 51.4441 35 30.3149
      vertex 50.75 35 26.7631
      vertex 49.4235 35 27.3126
    endloop
  endfacet
  facet normal 0 1 0
    outer loop
      vertex 53.0001 35 29.4832
      vertex 51.8891 35 25.8891
      vertex 50.75 35 26.7631
    endloop
  endfacet
  facet normal 0 1 0
    outer loop
      vertex 52.7631 35 24.75
      vertex 55.4832 35 27.0001
      vertex 56.3149 35 25.4441
    endloop
  endfacet
  facet normal 0 1 0
    outer loop
      vertex 55.4832 35 27.0001
      vertex 52.7631 35 24.75
      vertex 51.8891 35 25.8891
    endloop
  endfacet
  facet normal 0 1 0
    outer loop
      vertex 53.3126 35 23.4235
      vertex 56.3149 35 25.4441
      vertex 56.8271 35 23.7558
    endloop
  endfacet
  facet normal 0 1 0
    outer loop
      vertex 56.3149 35 25.4441
      vertex 53.3126 35 23.4235
      vertex 52.7631 35 24.75
    endloop
  endfacet
  facet normal 0 1 0
    outer loop
      vertex 53.5 35 22
      vertex 56.8271 35 23.7558
      vertex 57 35 22
    endloop
  endfacet
  facet normal 0 1 0
    outer loop
      vertex 56.8271 35 23.7558
      vertex 53.5 35 22
      vertex 53.3126 35 23.4235
    endloop
  endfacet
  facet normal 0 1 -0
    outer loop
      vertex 56.8271 35 20.2442
      vertex 53.5 35 22
      vertex 57 35 22
    endloop
  endfacet
  facet normal 0 1 0
    outer loop
      vertex 53.5 35 22
      vertex 56.8271 35 20.2442
      vertex 53.3126 35 20.5765
    endloop
  endfacet
  facet normal 0 1 -0
    outer loop
      vertex 56.3149 35 18.5559
      vertex 53.3126 35 20.5765
      vertex 56.8271 35 20.2442
    endloop
  endfacet
  facet normal 0 1 0
    outer loop
      vertex 53.3126 35 20.5765
      vertex 56.3149 35 18.5559
      vertex 52.7631 35 19.25
    endloop
  endfacet
  facet normal 0 1 -0
    outer loop
      vertex 55.4832 35 16.9999
      vertex 52.7631 35 19.25
      vertex 56.3149 35 18.5559
    endloop
  endfacet
  facet normal 0 1 0
    outer loop
      vertex 52.7631 35 19.25
      vertex 55.4832 35 16.9999
      vertex 51.8891 35 18.1109
    endloop
  endfacet
  facet normal 0 1 -0
    outer loop
      vertex 54.364 35 15.636
      vertex 51.8891 35 18.1109
      vertex 55.4832 35 16.9999
    endloop
  endfacet
  facet normal 0 1 -0
    outer loop
      vertex 53.0001 35 14.5168
      vertex 51.8891 35 18.1109
      vertex 54.364 35 15.636
    endloop
  endfacet
  facet normal 0 1 0
    outer loop
      vertex 51.8891 35 18.1109
      vertex 53.0001 35 14.5168
      vertex 50.75 35 17.2369
    endloop
  endfacet
  facet normal 0 1 -0
    outer loop
      vertex 51.4441 35 13.6851
      vertex 50.75 35 17.2369
      vertex 53.0001 35 14.5168
    endloop
  endfacet
  facet normal 0 1 0
    outer loop
      vertex 44.5559 35 30.3149
      vertex 45.25 35 26.7631
      vertex 42.9999 35 29.4832
    endloop
  endfacet
  facet normal 0 1 -0
    outer loop
      vertex 44.1109 35 25.8891
      vertex 42.9999 35 29.4832
      vertex 45.25 35 26.7631
    endloop
  endfacet
  facet normal 0 1 0
    outer loop
      vertex 42.9999 35 29.4832
      vertex 44.1109 35 25.8891
      vertex 41.636 35 28.364
    endloop
  endfacet
  facet normal 0 1 0
    outer loop
      vertex 41.636 35 28.364
      vertex 44.1109 35 25.8891
      vertex 40.5168 35 27.0001
    endloop
  endfacet
  facet normal 0 1 -0
    outer loop
      vertex 43.2369 35 24.75
      vertex 40.5168 35 27.0001
      vertex 44.1109 35 25.8891
    endloop
  endfacet
  facet normal 0 1 0
    outer loop
      vertex 40.5168 35 27.0001
      vertex 43.2369 35 24.75
      vertex 39.6851 35 25.4441
    endloop
  endfacet
  facet normal 0 1 -0
    outer loop
      vertex 42.6874 35 23.4235
      vertex 39.6851 35 25.4441
      vertex 43.2369 35 24.75
    endloop
  endfacet
  facet normal 0 1 0
    outer loop
      vertex 39.6851 35 25.4441
      vertex 42.6874 35 23.4235
      vertex 39.1729 35 23.7558
    endloop
  endfacet
  facet normal 0 1 -0
    outer loop
      vertex 42.5 35 22
      vertex 39.1729 35 23.7558
      vertex 42.6874 35 23.4235
    endloop
  endfacet
  facet normal 0 1 0
    outer loop
      vertex 42.5 35 22
      vertex 39 35 22
      vertex 39.1729 35 23.7558
    endloop
  endfacet
  facet normal 0 1 0
    outer loop
      vertex 39.1729 35 20.2442
      vertex 42.5 35 22
      vertex 42.6874 35 20.5765
    endloop
  endfacet
  facet normal 0 1 0
    outer loop
      vertex 42.5 35 22
      vertex 39.1729 35 20.2442
      vertex 39 35 22
    endloop
  endfacet
  facet normal 0 1 0
    outer loop
      vertex 39.6851 35 18.5559
      vertex 42.6874 35 20.5765
      vertex 43.2369 35 19.25
    endloop
  endfacet
  facet normal 0 1 0
    outer loop
      vertex 42.6874 35 20.5765
      vertex 39.6851 35 18.5559
      vertex 39.1729 35 20.2442
    endloop
  endfacet
  facet normal 0 1 0
    outer loop
      vertex 40.5168 35 16.9999
      vertex 43.2369 35 19.25
      vertex 44.1109 35 18.1109
    endloop
  endfacet
  facet normal 0 1 0
    outer loop
      vertex 42.9999 35 14.5168
      vertex 44.1109 35 18.1109
      vertex 45.25 35 17.2369
    endloop
  endfacet
  facet normal 0 1 0
    outer loop
      vertex 43.2369 35 19.25
      vertex 40.5168 35 16.9999
      vertex 39.6851 35 18.5559
    endloop
  endfacet
  facet normal 0 1 0
    outer loop
      vertex 44.5559 35 13.6851
      vertex 45.25 35 17.2369
      vertex 46.5765 35 16.6874
    endloop
  endfacet
  facet normal 0 1 0
    outer loop
      vertex 46.2442 35 13.1729
      vertex 46.5765 35 16.6874
      vertex 48 35 16.5
    endloop
  endfacet
  facet normal 0 1 0
    outer loop
      vertex 50.75 35 17.2369
      vertex 51.4441 35 13.6851
      vertex 49.4235 35 16.6874
    endloop
  endfacet
  facet normal 0 1 0
    outer loop
      vertex 44.1109 35 18.1109
      vertex 41.636 35 15.636
      vertex 40.5168 35 16.9999
    endloop
  endfacet
  facet normal 0 1 -0
    outer loop
      vertex 49.7558 35 13.1729
      vertex 49.4235 35 16.6874
      vertex 51.4441 35 13.6851
    endloop
  endfacet
  facet normal 0 1 0
    outer loop
      vertex 44.1109 35 18.1109
      vertex 42.9999 35 14.5168
      vertex 41.636 35 15.636
    endloop
  endfacet
  facet normal 0 1 0
    outer loop
      vertex 49.4235 35 16.6874
      vertex 49.7558 35 13.1729
      vertex 48 35 16.5
    endloop
  endfacet
  facet normal 0 1 0
    outer loop
      vertex 45.25 35 17.2369
      vertex 44.5559 35 13.6851
      vertex 42.9999 35 14.5168
    endloop
  endfacet
  facet normal 0 1 0
    outer loop
      vertex 48 35 13
      vertex 48 35 16.5
      vertex 49.7558 35 13.1729
    endloop
  endfacet
  facet normal 0 1 0
    outer loop
      vertex 46.5765 35 16.6874
      vertex 46.2442 35 13.1729
      vertex 44.5559 35 13.6851
    endloop
  endfacet
  facet normal 0 1 0
    outer loop
      vertex 48 35 16.5
      vertex 48 35 13
      vertex 46.2442 35 13.1729
    endloop
  endfacet
  facet normal 0.881921 -0 0.471397
    outer loop
      vertex 55.4832 21 27.0001
      vertex 56.3149 35 25.4441
      vertex 55.4832 35 27.0001
    endloop
  endfacet
  facet normal 0.881921 0 0.471397
    outer loop
      vertex 56.3149 35 25.4441
      vertex 55.4832 21 27.0001
      vertex 56.3149 21 25.4441
    endloop
  endfacet
  facet normal 0.956931 -0 0.290316
    outer loop
      vertex 56.3149 21 25.4441
      vertex 56.8271 35 23.7558
      vertex 56.3149 35 25.4441
    endloop
  endfacet
  facet normal 0.956931 0 0.290316
    outer loop
      vertex 56.8271 35 23.7558
      vertex 56.3149 21 25.4441
      vertex 56.8271 21 23.7558
    endloop
  endfacet
  facet normal 0.773045 -0 0.634351
    outer loop
      vertex 54.364 21 28.364
      vertex 55.4832 35 27.0001
      vertex 54.364 35 28.364
    endloop
  endfacet
  facet normal 0.773045 0 0.634351
    outer loop
      vertex 55.4832 35 27.0001
      vertex 54.364 21 28.364
      vertex 55.4832 21 27.0001
    endloop
  endfacet
  facet normal 0.290316 0 0.956931
    outer loop
      vertex 49.7558 35 30.8271
      vertex 51.4441 21 30.3149
      vertex 51.4441 35 30.3149
    endloop
  endfacet
  facet normal 0.290316 0 0.956931
    outer loop
      vertex 51.4441 21 30.3149
      vertex 49.7558 35 30.8271
      vertex 49.7558 21 30.8271
    endloop
  endfacet
  facet normal -0.881921 0 0.471397
    outer loop
      vertex 39.6851 21 25.4441
      vertex 40.5168 35 27.0001
      vertex 39.6851 35 25.4441
    endloop
  endfacet
  facet normal -0.881921 0 0.471397
    outer loop
      vertex 40.5168 35 27.0001
      vertex 39.6851 21 25.4441
      vertex 40.5168 21 27.0001
    endloop
  endfacet
  facet normal -0.773045 0 0.634351
    outer loop
      vertex 40.5168 21 27.0001
      vertex 41.636 35 28.364
      vertex 40.5168 35 27.0001
    endloop
  endfacet
  facet normal -0.773045 0 0.634351
    outer loop
      vertex 41.636 35 28.364
      vertex 40.5168 21 27.0001
      vertex 41.636 21 28.364
    endloop
  endfacet
  facet normal -0.956931 0 0.290316
    outer loop
      vertex 39.1729 21 23.7558
      vertex 39.6851 35 25.4441
      vertex 39.1729 35 23.7558
    endloop
  endfacet
  facet normal -0.956931 0 0.290316
    outer loop
      vertex 39.6851 35 25.4441
      vertex 39.1729 21 23.7558
      vertex 39.6851 21 25.4441
    endloop
  endfacet
  facet normal 0 -1 0
    outer loop
      vertex 48 21 27.5
      vertex 48 21 31
      vertex 46.2442 21 30.8271
    endloop
  endfacet
  facet normal 0 -1 0
    outer loop
      vertex 46.5765 21 27.3126
      vertex 46.2442 21 30.8271
      vertex 44.5559 21 30.3149
    endloop
  endfacet
  facet normal 0 -1 0
    outer loop
      vertex 48 21 31
      vertex 48 21 27.5
      vertex 49.7558 21 30.8271
    endloop
  endfacet
  facet normal 0 -1 0
    outer loop
      vertex 45.25 21 26.7631
      vertex 44.5559 21 30.3149
      vertex 42.9999 21 29.4832
    endloop
  endfacet
  facet normal 0 -1 0
    outer loop
      vertex 49.4235 21 27.3126
      vertex 49.7558 21 30.8271
      vertex 48 21 27.5
    endloop
  endfacet
  facet normal 0 -1 0
    outer loop
      vertex 44.1109 21 25.8891
      vertex 42.9999 21 29.4832
      vertex 41.636 21 28.364
    endloop
  endfacet
  facet normal 0 -1 -0
    outer loop
      vertex 49.7558 21 30.8271
      vertex 49.4235 21 27.3126
      vertex 51.4441 21 30.3149
    endloop
  endfacet
  facet normal 0 -1 0
    outer loop
      vertex 50.75 21 26.7631
      vertex 51.4441 21 30.3149
      vertex 49.4235 21 27.3126
    endloop
  endfacet
  facet normal 0 -1 0
    outer loop
      vertex 46.2442 21 30.8271
      vertex 46.5765 21 27.3126
      vertex 48 21 27.5
    endloop
  endfacet
  facet normal 0 -1 0
    outer loop
      vertex 44.1109 21 25.8891
      vertex 41.636 21 28.364
      vertex 40.5168 21 27.0001
    endloop
  endfacet
  facet normal 0 -1 0
    outer loop
      vertex 44.5559 21 30.3149
      vertex 45.25 21 26.7631
      vertex 46.5765 21 27.3126
    endloop
  endfacet
  facet normal 0 -1 0
    outer loop
      vertex 42.9999 21 29.4832
      vertex 44.1109 21 25.8891
      vertex 45.25 21 26.7631
    endloop
  endfacet
  facet normal 0 -1 0
    outer loop
      vertex 43.2369 21 24.75
      vertex 40.5168 21 27.0001
      vertex 39.6851 21 25.4441
    endloop
  endfacet
  facet normal 0 -1 0
    outer loop
      vertex 40.5168 21 27.0001
      vertex 43.2369 21 24.75
      vertex 44.1109 21 25.8891
    endloop
  endfacet
  facet normal 0 -1 0
    outer loop
      vertex 42.6874 21 23.4235
      vertex 39.6851 21 25.4441
      vertex 39.1729 21 23.7558
    endloop
  endfacet
  facet normal 0 -1 0
    outer loop
      vertex 39.6851 21 25.4441
      vertex 42.6874 21 23.4235
      vertex 43.2369 21 24.75
    endloop
  endfacet
  facet normal 0 -1 0
    outer loop
      vertex 42.5 21 22
      vertex 39.1729 21 23.7558
      vertex 39 21 22
    endloop
  endfacet
  facet normal 0 -1 0
    outer loop
      vertex 39.1729 21 23.7558
      vertex 42.5 21 22
      vertex 42.6874 21 23.4235
    endloop
  endfacet
  facet normal 0 -1 0
    outer loop
      vertex 39.1729 21 20.2442
      vertex 42.5 21 22
      vertex 39 21 22
    endloop
  endfacet
  facet normal 0 -1 -0
    outer loop
      vertex 42.5 21 22
      vertex 39.1729 21 20.2442
      vertex 42.6874 21 20.5765
    endloop
  endfacet
  facet normal 0 -1 0
    outer loop
      vertex 39.6851 21 18.5559
      vertex 42.6874 21 20.5765
      vertex 39.1729 21 20.2442
    endloop
  endfacet
  facet normal 0 -1 -0
    outer loop
      vertex 42.6874 21 20.5765
      vertex 39.6851 21 18.5559
      vertex 43.2369 21 19.25
    endloop
  endfacet
  facet normal 0 -1 0
    outer loop
      vertex 40.5168 21 16.9999
      vertex 43.2369 21 19.25
      vertex 39.6851 21 18.5559
    endloop
  endfacet
  facet normal 0 -1 -0
    outer loop
      vertex 43.2369 21 19.25
      vertex 40.5168 21 16.9999
      vertex 44.1109 21 18.1109
    endloop
  endfacet
  facet normal 0 -1 0
    outer loop
      vertex 41.636 21 15.636
      vertex 44.1109 21 18.1109
      vertex 40.5168 21 16.9999
    endloop
  endfacet
  facet normal 0 -1 0
    outer loop
      vertex 42.9999 21 14.5168
      vertex 44.1109 21 18.1109
      vertex 41.636 21 15.636
    endloop
  endfacet
  facet normal 0 -1 -0
    outer loop
      vertex 44.1109 21 18.1109
      vertex 42.9999 21 14.5168
      vertex 45.25 21 17.2369
    endloop
  endfacet
  facet normal 0 -1 0
    outer loop
      vertex 44.5559 21 13.6851
      vertex 45.25 21 17.2369
      vertex 42.9999 21 14.5168
    endloop
  endfacet
  facet normal 0 -1 -0
    outer loop
      vertex 51.4441 21 30.3149
      vertex 50.75 21 26.7631
      vertex 53.0001 21 29.4832
    endloop
  endfacet
  facet normal 0 -1 0
    outer loop
      vertex 51.8891 21 25.8891
      vertex 53.0001 21 29.4832
      vertex 50.75 21 26.7631
    endloop
  endfacet
  facet normal 0 -1 -0
    outer loop
      vertex 53.0001 21 29.4832
      vertex 51.8891 21 25.8891
      vertex 54.364 21 28.364
    endloop
  endfacet
  facet normal 0 -1 -0
    outer loop
      vertex 54.364 21 28.364
      vertex 51.8891 21 25.8891
      vertex 55.4832 21 27.0001
    endloop
  endfacet
  facet normal 0 -1 0
    outer loop
      vertex 52.7631 21 24.75
      vertex 55.4832 21 27.0001
      vertex 51.8891 21 25.8891
    endloop
  endfacet
  facet normal 0 -1 -0
    outer loop
      vertex 55.4832 21 27.0001
      vertex 52.7631 21 24.75
      vertex 56.3149 21 25.4441
    endloop
  endfacet
  facet normal 0 -1 0
    outer loop
      vertex 53.3126 21 23.4235
      vertex 56.3149 21 25.4441
      vertex 52.7631 21 24.75
    endloop
  endfacet
  facet normal 0 -1 -0
    outer loop
      vertex 56.3149 21 25.4441
      vertex 53.3126 21 23.4235
      vertex 56.8271 21 23.7558
    endloop
  endfacet
  facet normal 0 -1 0
    outer loop
      vertex 53.5 21 22
      vertex 56.8271 21 23.7558
      vertex 53.3126 21 23.4235
    endloop
  endfacet
  facet normal 0 -1 0
    outer loop
      vertex 53.5 21 22
      vertex 57 21 22
      vertex 56.8271 21 23.7558
    endloop
  endfacet
  facet normal 0 -1 0
    outer loop
      vertex 56.8271 21 20.2442
      vertex 53.5 21 22
      vertex 53.3126 21 20.5765
    endloop
  endfacet
  facet normal 0 -1 0
    outer loop
      vertex 53.5 21 22
      vertex 56.8271 21 20.2442
      vertex 57 21 22
    endloop
  endfacet
  facet normal 0 -1 0
    outer loop
      vertex 56.3149 21 18.5559
      vertex 53.3126 21 20.5765
      vertex 52.7631 21 19.25
    endloop
  endfacet
  facet normal 0 -1 0
    outer loop
      vertex 53.3126 21 20.5765
      vertex 56.3149 21 18.5559
      vertex 56.8271 21 20.2442
    endloop
  endfacet
  facet normal 0 -1 0
    outer loop
      vertex 55.4832 21 16.9999
      vertex 52.7631 21 19.25
      vertex 51.8891 21 18.1109
    endloop
  endfacet
  facet normal 0 -1 0
    outer loop
      vertex 53.0001 21 14.5168
      vertex 51.8891 21 18.1109
      vertex 50.75 21 17.2369
    endloop
  endfacet
  facet normal 0 -1 0
    outer loop
      vertex 52.7631 21 19.25
      vertex 55.4832 21 16.9999
      vertex 56.3149 21 18.5559
    endloop
  endfacet
  facet normal 0 -1 0
    outer loop
      vertex 51.4441 21 13.6851
      vertex 50.75 21 17.2369
      vertex 49.4235 21 16.6874
    endloop
  endfacet
  facet normal 0 -1 0
    outer loop
      vertex 49.7558 21 13.1729
      vertex 49.4235 21 16.6874
      vertex 48 21 16.5
    endloop
  endfacet
  facet normal 0 -1 -0
    outer loop
      vertex 45.25 21 17.2369
      vertex 44.5559 21 13.6851
      vertex 46.5765 21 16.6874
    endloop
  endfacet
  facet normal 0 -1 0
    outer loop
      vertex 51.8891 21 18.1109
      vertex 54.364 21 15.636
      vertex 55.4832 21 16.9999
    endloop
  endfacet
  facet normal 0 -1 0
    outer loop
      vertex 46.2442 21 13.1729
      vertex 46.5765 21 16.6874
      vertex 44.5559 21 13.6851
    endloop
  endfacet
  facet normal 0 -1 0
    outer loop
      vertex 51.8891 21 18.1109
      vertex 53.0001 21 14.5168
      vertex 54.364 21 15.636
    endloop
  endfacet
  facet normal 0 -1 -0
    outer loop
      vertex 46.5765 21 16.6874
      vertex 46.2442 21 13.1729
      vertex 48 21 16.5
    endloop
  endfacet
  facet normal 0 -1 0
    outer loop
      vertex 50.75 21 17.2369
      vertex 51.4441 21 13.6851
      vertex 53.0001 21 14.5168
    endloop
  endfacet
  facet normal 0 -1 0
    outer loop
      vertex 48 21 13
      vertex 48 21 16.5
      vertex 46.2442 21 13.1729
    endloop
  endfacet
  facet normal 0 -1 0
    outer loop
      vertex 49.4235 21 16.6874
      vertex 49.7558 21 13.1729
      vertex 51.4441 21 13.6851
    endloop
  endfacet
  facet normal 0 -1 0
    outer loop
      vertex 48 21 16.5
      vertex 48 21 13
      vertex 49.7558 21 13.1729
    endloop
  endfacet
  facet normal -0.471397 0 0.881921
    outer loop
      vertex 42.9999 35 29.4832
      vertex 44.5559 21 30.3149
      vertex 44.5559 35 30.3149
    endloop
  endfacet
  facet normal -0.471397 0 0.881921
    outer loop
      vertex 44.5559 21 30.3149
      vertex 42.9999 35 29.4832
      vertex 42.9999 21 29.4832
    endloop
  endfacet
  facet normal -0.0979996 0 0.995186
    outer loop
      vertex 46.2442 35 30.8271
      vertex 48 21 31
      vertex 48 35 31
    endloop
  endfacet
  facet normal -0.0979996 0 0.995186
    outer loop
      vertex 48 21 31
      vertex 46.2442 35 30.8271
      vertex 46.2442 21 30.8271
    endloop
  endfacet
  facet normal 0.995186 0 -0.0979996
    outer loop
      vertex 57 21 22
      vertex 56.8271 35 20.2442
      vertex 57 35 22
    endloop
  endfacet
  facet normal 0.995186 0 -0.0979996
    outer loop
      vertex 56.8271 35 20.2442
      vertex 57 21 22
      vertex 56.8271 21 20.2442
    endloop
  endfacet
  facet normal 0.0979996 0 -0.995186
    outer loop
      vertex 48 21 13
      vertex 49.7558 35 13.1729
      vertex 49.7558 21 13.1729
    endloop
  endfacet
  facet normal 0.0979996 0 -0.995186
    outer loop
      vertex 49.7558 35 13.1729
      vertex 48 21 13
      vertex 48 35 13
    endloop
  endfacet
  facet normal 0.471397 0 -0.881921
    outer loop
      vertex 51.4441 21 13.6851
      vertex 53.0001 35 14.5168
      vertex 53.0001 21 14.5168
    endloop
  endfacet
  facet normal 0.471397 0 -0.881921
    outer loop
      vertex 53.0001 35 14.5168
      vertex 51.4441 21 13.6851
      vertex 51.4441 35 13.6851
    endloop
  endfacet
  facet normal -0.634351 0 -0.773045
    outer loop
      vertex 41.636 21 15.636
      vertex 42.9999 35 14.5168
      vertex 42.9999 21 14.5168
    endloop
  endfacet
  facet normal -0.634351 0 -0.773045
    outer loop
      vertex 42.9999 35 14.5168
      vertex 41.636 21 15.636
      vertex 41.636 35 15.636
    endloop
  endfacet
  facet normal -0.290316 0 -0.956931
    outer loop
      vertex 44.5559 21 13.6851
      vertex 46.2442 35 13.1729
      vertex 46.2442 21 13.1729
    endloop
  endfacet
  facet normal -0.290316 0 -0.956931
    outer loop
      vertex 46.2442 35 13.1729
      vertex 44.5559 21 13.6851
      vertex 44.5559 35 13.6851
    endloop
  endfacet
  facet normal -0.881921 0 -0.471397
    outer loop
      vertex 40.5168 21 16.9999
      vertex 39.6851 35 18.5559
      vertex 40.5168 35 16.9999
    endloop
  endfacet
  facet normal -0.881921 -0 -0.471397
    outer loop
      vertex 39.6851 35 18.5559
      vertex 40.5168 21 16.9999
      vertex 39.6851 21 18.5559
    endloop
  endfacet
  facet normal -0.995186 0 -0.0979996
    outer loop
      vertex 39.1729 21 20.2442
      vertex 39 35 22
      vertex 39.1729 35 20.2442
    endloop
  endfacet
  facet normal -0.995186 -0 -0.0979996
    outer loop
      vertex 39 35 22
      vertex 39.1729 21 20.2442
      vertex 39 21 22
    endloop
  endfacet
  facet normal 0.290316 0 -0.956931
    outer loop
      vertex 49.7558 21 13.1729
      vertex 51.4441 35 13.6851
      vertex 51.4441 21 13.6851
    endloop
  endfacet
  facet normal 0.290316 0 -0.956931
    outer loop
      vertex 51.4441 35 13.6851
      vertex 49.7558 21 13.1729
      vertex 49.7558 35 13.1729
    endloop
  endfacet
  facet normal 0.634351 0 -0.773045
    outer loop
      vertex 53.0001 21 14.5168
      vertex 54.364 35 15.636
      vertex 54.364 21 15.636
    endloop
  endfacet
  facet normal 0.634351 0 -0.773045
    outer loop
      vertex 54.364 35 15.636
      vertex 53.0001 21 14.5168
      vertex 53.0001 35 14.5168
    endloop
  endfacet
  facet normal 0.956931 0 -0.290316
    outer loop
      vertex 56.8271 21 20.2442
      vertex 56.3149 35 18.5559
      vertex 56.8271 35 20.2442
    endloop
  endfacet
  facet normal 0.956931 0 -0.290316
    outer loop
      vertex 56.3149 35 18.5559
      vertex 56.8271 21 20.2442
      vertex 56.3149 21 18.5559
    endloop
  endfacet
  facet normal -0.471397 0 -0.881921
    outer loop
      vertex 42.9999 21 14.5168
      vertex 44.5559 35 13.6851
      vertex 44.5559 21 13.6851
    endloop
  endfacet
  facet normal -0.471397 0 -0.881921
    outer loop
      vertex 44.5559 35 13.6851
      vertex 42.9999 21 14.5168
      vertex 42.9999 35 14.5168
    endloop
  endfacet
  facet normal -0.0979996 0 -0.995186
    outer loop
      vertex 46.2442 21 13.1729
      vertex 48 35 13
      vertex 48 21 13
    endloop
  endfacet
  facet normal -0.0979996 0 -0.995186
    outer loop
      vertex 48 35 13
      vertex 46.2442 21 13.1729
      vertex 46.2442 35 13.1729
    endloop
  endfacet
  facet normal -0.773045 0 -0.634351
    outer loop
      vertex 41.636 21 15.636
      vertex 40.5168 35 16.9999
      vertex 41.636 35 15.636
    endloop
  endfacet
  facet normal -0.773045 -0 -0.634351
    outer loop
      vertex 40.5168 35 16.9999
      vertex 41.636 21 15.636
      vertex 40.5168 21 16.9999
    endloop
  endfacet
  facet normal -0.956931 0 -0.290316
    outer loop
      vertex 39.6851 21 18.5559
      vertex 39.1729 35 20.2442
      vertex 39.6851 35 18.5559
    endloop
  endfacet
  facet normal -0.956931 -0 -0.290316
    outer loop
      vertex 39.1729 35 20.2442
      vertex 39.6851 21 18.5559
      vertex 39.1729 21 20.2442
    endloop
  endfacet
  facet normal 0.773045 0 -0.634351
    outer loop
      vertex 55.4832 21 16.9999
      vertex 54.364 35 15.636
      vertex 55.4832 35 16.9999
    endloop
  endfacet
  facet normal 0.773045 0 -0.634351
    outer loop
      vertex 54.364 35 15.636
      vertex 55.4832 21 16.9999
      vertex 54.364 21 15.636
    endloop
  endfacet
  facet normal 0.991446 -0 0.130521
    outer loop
      vertex 53.3126 35 23.4235
      vertex 53.5 37.5 22
      vertex 53.3126 37.5 23.4235
    endloop
  endfacet
  facet normal 0.991446 0 0.130521
    outer loop
      vertex 53.5 37.5 22
      vertex 53.3126 35 23.4235
      vertex 53.5 35 22
    endloop
  endfacet
  facet normal 0.991446 -0 0.130521
    outer loop
      vertex 53.3126 18.5 23.4235
      vertex 53.5 21 22
      vertex 53.3126 21 23.4235
    endloop
  endfacet
  facet normal 0.991446 0 0.130521
    outer loop
      vertex 53.5 21 22
      vertex 53.3126 18.5 23.4235
      vertex 53.5 18.5 22
    endloop
  endfacet
  facet normal 0.608734 0 0.793374
    outer loop
      vertex 50.75 37.5 26.7631
      vertex 51.8891 35 25.8891
      vertex 51.8891 37.5 25.8891
    endloop
  endfacet
  facet normal 0.608734 0 0.793374
    outer loop
      vertex 51.8891 35 25.8891
      vertex 50.75 37.5 26.7631
      vertex 50.75 35 26.7631
    endloop
  endfacet
  facet normal 0.608734 0 0.793374
    outer loop
      vertex 50.75 21 26.7631
      vertex 51.8891 18.5 25.8891
      vertex 51.8891 21 25.8891
    endloop
  endfacet
  facet normal 0.608734 0 0.793374
    outer loop
      vertex 51.8891 18.5 25.8891
      vertex 50.75 21 26.7631
      vertex 50.75 18.5 26.7631
    endloop
  endfacet
  facet normal -0.923868 0 0.382711
    outer loop
      vertex 42.6874 35 23.4235
      vertex 43.2369 37.5 24.75
      vertex 42.6874 37.5 23.4235
    endloop
  endfacet
  facet normal -0.923868 0 0.382711
    outer loop
      vertex 43.2369 37.5 24.75
      vertex 42.6874 35 23.4235
      vertex 43.2369 35 24.75
    endloop
  endfacet
  facet normal -0.923868 0 0.382711
    outer loop
      vertex 42.6874 18.5 23.4235
      vertex 43.2369 21 24.75
      vertex 42.6874 21 23.4235
    endloop
  endfacet
  facet normal -0.923868 0 0.382711
    outer loop
      vertex 43.2369 21 24.75
      vertex 42.6874 18.5 23.4235
      vertex 43.2369 18.5 24.75
    endloop
  endfacet
  facet normal -0.382711 0 -0.923868
    outer loop
      vertex 45.25 35 17.2369
      vertex 46.5765 37.5 16.6874
      vertex 46.5765 35 16.6874
    endloop
  endfacet
  facet normal -0.382711 0 -0.923868
    outer loop
      vertex 46.5765 37.5 16.6874
      vertex 45.25 35 17.2369
      vertex 45.25 37.5 17.2369
    endloop
  endfacet
  facet normal -0.382711 0 -0.923868
    outer loop
      vertex 45.25 18.5 17.2369
      vertex 46.5765 21 16.6874
      vertex 46.5765 18.5 16.6874
    endloop
  endfacet
  facet normal -0.382711 0 -0.923868
    outer loop
      vertex 46.5765 21 16.6874
      vertex 45.25 18.5 17.2369
      vertex 45.25 21 17.2369
    endloop
  endfacet
  facet normal 0.793374 -0 0.608734
    outer loop
      vertex 51.8891 18.5 25.8891
      vertex 52.7631 21 24.75
      vertex 51.8891 21 25.8891
    endloop
  endfacet
  facet normal 0.793374 0 0.608734
    outer loop
      vertex 52.7631 21 24.75
      vertex 51.8891 18.5 25.8891
      vertex 52.7631 18.5 24.75
    endloop
  endfacet
  facet normal 0.793374 -0 0.608734
    outer loop
      vertex 51.8891 35 25.8891
      vertex 52.7631 37.5 24.75
      vertex 51.8891 37.5 25.8891
    endloop
  endfacet
  facet normal 0.793374 0 0.608734
    outer loop
      vertex 52.7631 37.5 24.75
      vertex 51.8891 35 25.8891
      vertex 52.7631 35 24.75
    endloop
  endfacet
  facet normal 0.923868 -0 0.382711
    outer loop
      vertex 52.7631 35 24.75
      vertex 53.3126 37.5 23.4235
      vertex 52.7631 37.5 24.75
    endloop
  endfacet
  facet normal 0.923868 0 0.382711
    outer loop
      vertex 53.3126 37.5 23.4235
      vertex 52.7631 35 24.75
      vertex 53.3126 35 23.4235
    endloop
  endfacet
  facet normal 0.923868 -0 0.382711
    outer loop
      vertex 52.7631 18.5 24.75
      vertex 53.3126 21 23.4235
      vertex 52.7631 21 24.75
    endloop
  endfacet
  facet normal 0.923868 0 0.382711
    outer loop
      vertex 53.3126 21 23.4235
      vertex 52.7631 18.5 24.75
      vertex 53.3126 18.5 23.4235
    endloop
  endfacet
  facet normal -0.382711 0 0.923868
    outer loop
      vertex 45.25 21 26.7631
      vertex 46.5765 18.5 27.3126
      vertex 46.5765 21 27.3126
    endloop
  endfacet
  facet normal -0.382711 0 0.923868
    outer loop
      vertex 46.5765 18.5 27.3126
      vertex 45.25 21 26.7631
      vertex 45.25 18.5 26.7631
    endloop
  endfacet
  facet normal -0.382711 0 0.923868
    outer loop
      vertex 45.25 37.5 26.7631
      vertex 46.5765 35 27.3126
      vertex 46.5765 37.5 27.3126
    endloop
  endfacet
  facet normal -0.382711 0 0.923868
    outer loop
      vertex 46.5765 35 27.3126
      vertex 45.25 37.5 26.7631
      vertex 45.25 35 26.7631
    endloop
  endfacet
  facet normal -0.608734 0 0.793374
    outer loop
      vertex 44.1109 21 25.8891
      vertex 45.25 18.5 26.7631
      vertex 45.25 21 26.7631
    endloop
  endfacet
  facet normal -0.608734 0 0.793374
    outer loop
      vertex 45.25 18.5 26.7631
      vertex 44.1109 21 25.8891
      vertex 44.1109 18.5 25.8891
    endloop
  endfacet
  facet normal -0.608734 0 0.793374
    outer loop
      vertex 44.1109 37.5 25.8891
      vertex 45.25 35 26.7631
      vertex 45.25 37.5 26.7631
    endloop
  endfacet
  facet normal -0.608734 0 0.793374
    outer loop
      vertex 45.25 35 26.7631
      vertex 44.1109 37.5 25.8891
      vertex 44.1109 35 25.8891
    endloop
  endfacet
  facet normal 0.608734 0 -0.793374
    outer loop
      vertex 50.75 35 17.2369
      vertex 51.8891 37.5 18.1109
      vertex 51.8891 35 18.1109
    endloop
  endfacet
  facet normal 0.608734 0 -0.793374
    outer loop
      vertex 51.8891 37.5 18.1109
      vertex 50.75 35 17.2369
      vertex 50.75 37.5 17.2369
    endloop
  endfacet
  facet normal 0.608734 0 -0.793374
    outer loop
      vertex 50.75 18.5 17.2369
      vertex 51.8891 21 18.1109
      vertex 51.8891 18.5 18.1109
    endloop
  endfacet
  facet normal 0.608734 0 -0.793374
    outer loop
      vertex 51.8891 21 18.1109
      vertex 50.75 18.5 17.2369
      vertex 50.75 21 17.2369
    endloop
  endfacet
  facet normal -0.608734 0 -0.793374
    outer loop
      vertex 44.1109 35 18.1109
      vertex 45.25 37.5 17.2369
      vertex 45.25 35 17.2369
    endloop
  endfacet
  facet normal -0.608734 0 -0.793374
    outer loop
      vertex 45.25 37.5 17.2369
      vertex 44.1109 35 18.1109
      vertex 44.1109 37.5 18.1109
    endloop
  endfacet
  facet normal -0.608734 0 -0.793374
    outer loop
      vertex 44.1109 18.5 18.1109
      vertex 45.25 21 17.2369
      vertex 45.25 18.5 17.2369
    endloop
  endfacet
  facet normal -0.608734 0 -0.793374
    outer loop
      vertex 45.25 21 17.2369
      vertex 44.1109 18.5 18.1109
      vertex 44.1109 21 18.1109
    endloop
  endfacet
  facet normal -0.793374 0 -0.608734
    outer loop
      vertex 44.1109 18.5 18.1109
      vertex 43.2369 21 19.25
      vertex 44.1109 21 18.1109
    endloop
  endfacet
  facet normal -0.793374 -0 -0.608734
    outer loop
      vertex 43.2369 21 19.25
      vertex 44.1109 18.5 18.1109
      vertex 43.2369 18.5 19.25
    endloop
  endfacet
  facet normal -0.793374 0 -0.608734
    outer loop
      vertex 44.1109 35 18.1109
      vertex 43.2369 37.5 19.25
      vertex 44.1109 37.5 18.1109
    endloop
  endfacet
  facet normal -0.793374 -0 -0.608734
    outer loop
      vertex 43.2369 37.5 19.25
      vertex 44.1109 35 18.1109
      vertex 43.2369 35 19.25
    endloop
  endfacet
  facet normal 0.130521 0 0.991446
    outer loop
      vertex 48 37.5 27.5
      vertex 49.4235 35 27.3126
      vertex 49.4235 37.5 27.3126
    endloop
  endfacet
  facet normal 0.130521 0 0.991446
    outer loop
      vertex 49.4235 35 27.3126
      vertex 48 37.5 27.5
      vertex 48 35 27.5
    endloop
  endfacet
  facet normal 0.130521 0 0.991446
    outer loop
      vertex 48 21 27.5
      vertex 49.4235 18.5 27.3126
      vertex 49.4235 21 27.3126
    endloop
  endfacet
  facet normal 0.130521 0 0.991446
    outer loop
      vertex 49.4235 18.5 27.3126
      vertex 48 21 27.5
      vertex 48 18.5 27.5
    endloop
  endfacet
  facet normal 0.382711 0 0.923868
    outer loop
      vertex 49.4235 37.5 27.3126
      vertex 50.75 35 26.7631
      vertex 50.75 37.5 26.7631
    endloop
  endfacet
  facet normal 0.382711 0 0.923868
    outer loop
      vertex 50.75 35 26.7631
      vertex 49.4235 37.5 27.3126
      vertex 49.4235 35 27.3126
    endloop
  endfacet
  facet normal 0.382711 0 0.923868
    outer loop
      vertex 49.4235 21 27.3126
      vertex 50.75 18.5 26.7631
      vertex 50.75 21 26.7631
    endloop
  endfacet
  facet normal 0.382711 0 0.923868
    outer loop
      vertex 50.75 18.5 26.7631
      vertex 49.4235 21 27.3126
      vertex 49.4235 18.5 27.3126
    endloop
  endfacet
  facet normal -0.991446 0 0.130521
    outer loop
      vertex 42.5 35 22
      vertex 42.6874 37.5 23.4235
      vertex 42.5 37.5 22
    endloop
  endfacet
  facet normal -0.991446 0 0.130521
    outer loop
      vertex 42.6874 37.5 23.4235
      vertex 42.5 35 22
      vertex 42.6874 35 23.4235
    endloop
  endfacet
  facet normal -0.991446 0 0.130521
    outer loop
      vertex 42.5 18.5 22
      vertex 42.6874 21 23.4235
      vertex 42.5 21 22
    endloop
  endfacet
  facet normal -0.991446 0 0.130521
    outer loop
      vertex 42.6874 21 23.4235
      vertex 42.5 18.5 22
      vertex 42.6874 18.5 23.4235
    endloop
  endfacet
  facet normal -0.793374 0 0.608734
    outer loop
      vertex 43.2369 35 24.75
      vertex 44.1109 37.5 25.8891
      vertex 43.2369 37.5 24.75
    endloop
  endfacet
  facet normal -0.793374 0 0.608734
    outer loop
      vertex 44.1109 37.5 25.8891
      vertex 43.2369 35 24.75
      vertex 44.1109 35 25.8891
    endloop
  endfacet
  facet normal -0.793374 0 0.608734
    outer loop
      vertex 43.2369 18.5 24.75
      vertex 44.1109 21 25.8891
      vertex 43.2369 21 24.75
    endloop
  endfacet
  facet normal -0.793374 0 0.608734
    outer loop
      vertex 44.1109 21 25.8891
      vertex 43.2369 18.5 24.75
      vertex 44.1109 18.5 25.8891
    endloop
  endfacet
  facet normal -0.130521 0 0.991446
    outer loop
      vertex 46.5765 21 27.3126
      vertex 48 18.5 27.5
      vertex 48 21 27.5
    endloop
  endfacet
  facet normal -0.130521 0 0.991446
    outer loop
      vertex 48 18.5 27.5
      vertex 46.5765 21 27.3126
      vertex 46.5765 18.5 27.3126
    endloop
  endfacet
  facet normal -0.130521 0 0.991446
    outer loop
      vertex 46.5765 37.5 27.3126
      vertex 48 35 27.5
      vertex 48 37.5 27.5
    endloop
  endfacet
  facet normal -0.130521 0 0.991446
    outer loop
      vertex 48 35 27.5
      vertex 46.5765 37.5 27.3126
      vertex 46.5765 35 27.3126
    endloop
  endfacet
  facet normal 0.923868 0 -0.382711
    outer loop
      vertex 53.3126 35 20.5765
      vertex 52.7631 37.5 19.25
      vertex 53.3126 37.5 20.5765
    endloop
  endfacet
  facet normal 0.923868 0 -0.382711
    outer loop
      vertex 52.7631 37.5 19.25
      vertex 53.3126 35 20.5765
      vertex 52.7631 35 19.25
    endloop
  endfacet
  facet normal 0.923868 0 -0.382711
    outer loop
      vertex 53.3126 18.5 20.5765
      vertex 52.7631 21 19.25
      vertex 53.3126 21 20.5765
    endloop
  endfacet
  facet normal 0.923868 0 -0.382711
    outer loop
      vertex 52.7631 21 19.25
      vertex 53.3126 18.5 20.5765
      vertex 52.7631 18.5 19.25
    endloop
  endfacet
  facet normal 0.130521 0 -0.991446
    outer loop
      vertex 48 35 16.5
      vertex 49.4235 37.5 16.6874
      vertex 49.4235 35 16.6874
    endloop
  endfacet
  facet normal 0.130521 0 -0.991446
    outer loop
      vertex 49.4235 37.5 16.6874
      vertex 48 35 16.5
      vertex 48 37.5 16.5
    endloop
  endfacet
  facet normal 0.130521 0 -0.991446
    outer loop
      vertex 48 18.5 16.5
      vertex 49.4235 21 16.6874
      vertex 49.4235 18.5 16.6874
    endloop
  endfacet
  facet normal 0.130521 0 -0.991446
    outer loop
      vertex 49.4235 21 16.6874
      vertex 48 18.5 16.5
      vertex 48 21 16.5
    endloop
  endfacet
  facet normal 0.793374 0 -0.608734
    outer loop
      vertex 52.7631 35 19.25
      vertex 51.8891 37.5 18.1109
      vertex 52.7631 37.5 19.25
    endloop
  endfacet
  facet normal 0.793374 0 -0.608734
    outer loop
      vertex 51.8891 37.5 18.1109
      vertex 52.7631 35 19.25
      vertex 51.8891 35 18.1109
    endloop
  endfacet
  facet normal 0.793374 0 -0.608734
    outer loop
      vertex 52.7631 18.5 19.25
      vertex 51.8891 21 18.1109
      vertex 52.7631 21 19.25
    endloop
  endfacet
  facet normal 0.793374 0 -0.608734
    outer loop
      vertex 51.8891 21 18.1109
      vertex 52.7631 18.5 19.25
      vertex 51.8891 18.5 18.1109
    endloop
  endfacet
  facet normal 0.382711 0 -0.923868
    outer loop
      vertex 49.4235 35 16.6874
      vertex 50.75 37.5 17.2369
      vertex 50.75 35 17.2369
    endloop
  endfacet
  facet normal 0.382711 0 -0.923868
    outer loop
      vertex 50.75 37.5 17.2369
      vertex 49.4235 35 16.6874
      vertex 49.4235 37.5 16.6874
    endloop
  endfacet
  facet normal 0.382711 0 -0.923868
    outer loop
      vertex 49.4235 18.5 16.6874
      vertex 50.75 21 17.2369
      vertex 50.75 18.5 17.2369
    endloop
  endfacet
  facet normal 0.382711 0 -0.923868
    outer loop
      vertex 50.75 21 17.2369
      vertex 49.4235 18.5 16.6874
      vertex 49.4235 21 16.6874
    endloop
  endfacet
  facet normal -0.130521 0 -0.991446
    outer loop
      vertex 46.5765 35 16.6874
      vertex 48 37.5 16.5
      vertex 48 35 16.5
    endloop
  endfacet
  facet normal -0.130521 0 -0.991446
    outer loop
      vertex 48 37.5 16.5
      vertex 46.5765 35 16.6874
      vertex 46.5765 37.5 16.6874
    endloop
  endfacet
  facet normal -0.130521 0 -0.991446
    outer loop
      vertex 46.5765 18.5 16.6874
      vertex 48 21 16.5
      vertex 48 18.5 16.5
    endloop
  endfacet
  facet normal -0.130521 0 -0.991446
    outer loop
      vertex 48 21 16.5
      vertex 46.5765 18.5 16.6874
      vertex 46.5765 21 16.6874
    endloop
  endfacet
  facet normal -0.991446 0 -0.130521
    outer loop
      vertex 42.6874 35 20.5765
      vertex 42.5 37.5 22
      vertex 42.6874 37.5 20.5765
    endloop
  endfacet
  facet normal -0.991446 -0 -0.130521
    outer loop
      vertex 42.5 37.5 22
      vertex 42.6874 35 20.5765
      vertex 42.5 35 22
    endloop
  endfacet
  facet normal -0.991446 0 -0.130521
    outer loop
      vertex 42.6874 18.5 20.5765
      vertex 42.5 21 22
      vertex 42.6874 21 20.5765
    endloop
  endfacet
  facet normal -0.991446 -0 -0.130521
    outer loop
      vertex 42.5 21 22
      vertex 42.6874 18.5 20.5765
      vertex 42.5 18.5 22
    endloop
  endfacet
  facet normal 0 1 0
    outer loop
      vertex 49.4235 37.5 27.3126
      vertex 46.5765 37.5 27.3126
      vertex 48 37.5 27.5
    endloop
  endfacet
  facet normal 0 1 0
    outer loop
      vertex 50.75 37.5 26.7631
      vertex 46.5765 37.5 27.3126
      vertex 49.4235 37.5 27.3126
    endloop
  endfacet
  facet normal 0 1 0
    outer loop
      vertex 50.75 37.5 26.7631
      vertex 45.25 37.5 26.7631
      vertex 46.5765 37.5 27.3126
    endloop
  endfacet
  facet normal 0 1 0
    outer loop
      vertex 51.8891 37.5 25.8891
      vertex 45.25 37.5 26.7631
      vertex 50.75 37.5 26.7631
    endloop
  endfacet
  facet normal 0 1 0
    outer loop
      vertex 51.8891 37.5 25.8891
      vertex 44.1109 37.5 25.8891
      vertex 45.25 37.5 26.7631
    endloop
  endfacet
  facet normal 0 1 0
    outer loop
      vertex 52.7631 37.5 24.75
      vertex 44.1109 37.5 25.8891
      vertex 51.8891 37.5 25.8891
    endloop
  endfacet
  facet normal 0 1 0
    outer loop
      vertex 52.7631 37.5 24.75
      vertex 43.2369 37.5 24.75
      vertex 44.1109 37.5 25.8891
    endloop
  endfacet
  facet normal 0 1 0
    outer loop
      vertex 53.3126 37.5 23.4235
      vertex 43.2369 37.5 24.75
      vertex 52.7631 37.5 24.75
    endloop
  endfacet
  facet normal 0 1 0
    outer loop
      vertex 53.3126 37.5 23.4235
      vertex 42.6874 37.5 23.4235
      vertex 43.2369 37.5 24.75
    endloop
  endfacet
  facet normal 0 1 0
    outer loop
      vertex 53.5 37.5 22
      vertex 42.6874 37.5 23.4235
      vertex 53.3126 37.5 23.4235
    endloop
  endfacet
  facet normal 0 1 0
    outer loop
      vertex 53.5 37.5 22
      vertex 42.5 37.5 22
      vertex 42.6874 37.5 23.4235
    endloop
  endfacet
  facet normal 0 1 -0
    outer loop
      vertex 53.3126 37.5 20.5765
      vertex 42.5 37.5 22
      vertex 53.5 37.5 22
    endloop
  endfacet
  facet normal 0 1 0
    outer loop
      vertex 53.3126 37.5 20.5765
      vertex 42.6874 37.5 20.5765
      vertex 42.5 37.5 22
    endloop
  endfacet
  facet normal 0 1 -0
    outer loop
      vertex 52.7631 37.5 19.25
      vertex 42.6874 37.5 20.5765
      vertex 53.3126 37.5 20.5765
    endloop
  endfacet
  facet normal 0 1 0
    outer loop
      vertex 52.7631 37.5 19.25
      vertex 43.2369 37.5 19.25
      vertex 42.6874 37.5 20.5765
    endloop
  endfacet
  facet normal 0 1 -0
    outer loop
      vertex 51.8891 37.5 18.1109
      vertex 43.2369 37.5 19.25
      vertex 52.7631 37.5 19.25
    endloop
  endfacet
  facet normal 0 1 0
    outer loop
      vertex 51.8891 37.5 18.1109
      vertex 44.1109 37.5 18.1109
      vertex 43.2369 37.5 19.25
    endloop
  endfacet
  facet normal 0 1 -0
    outer loop
      vertex 50.75 37.5 17.2369
      vertex 44.1109 37.5 18.1109
      vertex 51.8891 37.5 18.1109
    endloop
  endfacet
  facet normal 0 1 0
    outer loop
      vertex 50.75 37.5 17.2369
      vertex 45.25 37.5 17.2369
      vertex 44.1109 37.5 18.1109
    endloop
  endfacet
  facet normal 0 1 -0
    outer loop
      vertex 49.4235 37.5 16.6874
      vertex 45.25 37.5 17.2369
      vertex 50.75 37.5 17.2369
    endloop
  endfacet
  facet normal 0 1 0
    outer loop
      vertex 49.4235 37.5 16.6874
      vertex 46.5765 37.5 16.6874
      vertex 45.25 37.5 17.2369
    endloop
  endfacet
  facet normal -0 1 0
    outer loop
      vertex 46.5765 37.5 16.6874
      vertex 49.4235 37.5 16.6874
      vertex 48 37.5 16.5
    endloop
  endfacet
  facet normal 0 -1 0
    outer loop
      vertex 46.5765 18.5 27.3126
      vertex 49.4235 18.5 27.3126
      vertex 48 18.5 27.5
    endloop
  endfacet
  facet normal 0 -1 0
    outer loop
      vertex 45.25 18.5 26.7631
      vertex 49.4235 18.5 27.3126
      vertex 46.5765 18.5 27.3126
    endloop
  endfacet
  facet normal 0 -1 0
    outer loop
      vertex 45.25 18.5 26.7631
      vertex 50.75 18.5 26.7631
      vertex 49.4235 18.5 27.3126
    endloop
  endfacet
  facet normal 0 -1 0
    outer loop
      vertex 44.1109 18.5 25.8891
      vertex 50.75 18.5 26.7631
      vertex 45.25 18.5 26.7631
    endloop
  endfacet
  facet normal 0 -1 0
    outer loop
      vertex 44.1109 18.5 25.8891
      vertex 51.8891 18.5 25.8891
      vertex 50.75 18.5 26.7631
    endloop
  endfacet
  facet normal 0 -1 0
    outer loop
      vertex 43.2369 18.5 24.75
      vertex 51.8891 18.5 25.8891
      vertex 44.1109 18.5 25.8891
    endloop
  endfacet
  facet normal 0 -1 0
    outer loop
      vertex 43.2369 18.5 24.75
      vertex 52.7631 18.5 24.75
      vertex 51.8891 18.5 25.8891
    endloop
  endfacet
  facet normal 0 -1 0
    outer loop
      vertex 42.6874 18.5 23.4235
      vertex 52.7631 18.5 24.75
      vertex 43.2369 18.5 24.75
    endloop
  endfacet
  facet normal 0 -1 0
    outer loop
      vertex 42.6874 18.5 23.4235
      vertex 53.3126 18.5 23.4235
      vertex 52.7631 18.5 24.75
    endloop
  endfacet
  facet normal 0 -1 0
    outer loop
      vertex 42.5 18.5 22
      vertex 53.3126 18.5 23.4235
      vertex 42.6874 18.5 23.4235
    endloop
  endfacet
  facet normal 0 -1 0
    outer loop
      vertex 42.5 18.5 22
      vertex 53.5 18.5 22
      vertex 53.3126 18.5 23.4235
    endloop
  endfacet
  facet normal 0 -1 0
    outer loop
      vertex 42.6874 18.5 20.5765
      vertex 53.5 18.5 22
      vertex 42.5 18.5 22
    endloop
  endfacet
  facet normal 0 -1 0
    outer loop
      vertex 42.6874 18.5 20.5765
      vertex 53.3126 18.5 20.5765
      vertex 53.5 18.5 22
    endloop
  endfacet
  facet normal 0 -1 0
    outer loop
      vertex 43.2369 18.5 19.25
      vertex 53.3126 18.5 20.5765
      vertex 42.6874 18.5 20.5765
    endloop
  endfacet
  facet normal 0 -1 0
    outer loop
      vertex 43.2369 18.5 19.25
      vertex 52.7631 18.5 19.25
      vertex 53.3126 18.5 20.5765
    endloop
  endfacet
  facet normal 0 -1 0
    outer loop
      vertex 44.1109 18.5 18.1109
      vertex 52.7631 18.5 19.25
      vertex 43.2369 18.5 19.25
    endloop
  endfacet
  facet normal 0 -1 0
    outer loop
      vertex 44.1109 18.5 18.1109
      vertex 51.8891 18.5 18.1109
      vertex 52.7631 18.5 19.25
    endloop
  endfacet
  facet normal 0 -1 0
    outer loop
      vertex 45.25 18.5 17.2369
      vertex 51.8891 18.5 18.1109
      vertex 44.1109 18.5 18.1109
    endloop
  endfacet
  facet normal 0 -1 0
    outer loop
      vertex 45.25 18.5 17.2369
      vertex 50.75 18.5 17.2369
      vertex 51.8891 18.5 18.1109
    endloop
  endfacet
  facet normal 0 -1 0
    outer loop
      vertex 46.5765 18.5 16.6874
      vertex 50.75 18.5 17.2369
      vertex 45.25 18.5 17.2369
    endloop
  endfacet
  facet normal 0 -1 0
    outer loop
      vertex 46.5765 18.5 16.6874
      vertex 49.4235 18.5 16.6874
      vertex 50.75 18.5 17.2369
    endloop
  endfacet
  facet normal -0 -1 0
    outer loop
      vertex 49.4235 18.5 16.6874
      vertex 46.5765 18.5 16.6874
      vertex 48 18.5 16.5
    endloop
  endfacet
  facet normal 0.991446 0 -0.130521
    outer loop
      vertex 53.5 35 22
      vertex 53.3126 37.5 20.5765
      vertex 53.5 37.5 22
    endloop
  endfacet
  facet normal 0.991446 0 -0.130521
    outer loop
      vertex 53.3126 37.5 20.5765
      vertex 53.5 35 22
      vertex 53.3126 35 20.5765
    endloop
  endfacet
  facet normal 0.991446 0 -0.130521
    outer loop
      vertex 53.5 18.5 22
      vertex 53.3126 21 20.5765
      vertex 53.5 21 22
    endloop
  endfacet
  facet normal 0.991446 0 -0.130521
    outer loop
      vertex 53.3126 21 20.5765
      vertex 53.5 18.5 22
      vertex 53.3126 18.5 20.5765
    endloop
  endfacet
  facet normal -0.923868 0 -0.382711
    outer loop
      vertex 43.2369 35 19.25
      vertex 42.6874 37.5 20.5765
      vertex 43.2369 37.5 19.25
    endloop
  endfacet
  facet normal -0.923868 -0 -0.382711
    outer loop
      vertex 42.6874 37.5 20.5765
      vertex 43.2369 35 19.25
      vertex 42.6874 35 20.5765
    endloop
  endfacet
  facet normal -0.923868 0 -0.382711
    outer loop
      vertex 43.2369 18.5 19.25
      vertex 42.6874 21 20.5765
      vertex 43.2369 21 19.25
    endloop
  endfacet
  facet normal -0.923868 -0 -0.382711
    outer loop
      vertex 42.6874 21 20.5765
      vertex 43.2369 18.5 19.25
      vertex 42.6874 18.5 20.5765
    endloop
  endfacet
  facet normal 0 -1 0
    outer loop
      vertex 31.8087 26.25 20.9558
      vertex 31.9569 26.25 21.1568
      vertex 31.9337 26.25 21.1723
    endloop
  endfacet
  facet normal 0 -1 0
    outer loop
      vertex 31.8087 26.25 20.9558
      vertex 32.5962 26.25 20.5962
      vertex 31.9569 26.25 21.1568
    endloop
  endfacet
  facet normal -0 -1 -0
    outer loop
      vertex 32.5962 26.25 20.5962
      vertex 31.8087 26.25 20.9558
      vertex 32.7651 26.25 20.4035
    endloop
  endfacet
  facet normal 0 -1 0
    outer loop
      vertex 34.5 26.25 29.7942
      vertex 36.5885 26.25 31
      vertex 34.5 26.25 31
    endloop
  endfacet
  facet normal 0 -1 0
    outer loop
      vertex 37.6077 26.25 28
      vertex 36.5885 26.25 31
      vertex 34.5 26.25 29.7942
    endloop
  endfacet
  facet normal 0 -1 0
    outer loop
      vertex 36.5885 26.25 31
      vertex 38.4798 26.25 29.3051
      vertex 39.5147 26.25 30.4853
    endloop
  endfacet
  facet normal 0 -1 0
    outer loop
      vertex 34.5 26.25 27.3827
      vertex 34.5 26.25 29.7942
      vertex 33.4558 26.25 29.1913
    endloop
  endfacet
  facet normal 0 -1 0
    outer loop
      vertex 36.5885 26.25 31
      vertex 37.6077 26.25 28
      vertex 38.4798 26.25 29.3051
    endloop
  endfacet
  facet normal 0 -1 0
    outer loop
      vertex 34.5 26.25 29.7942
      vertex 34.5 26.25 27.3827
      vertex 37.6077 26.25 28
    endloop
  endfacet
  facet normal 0 -1 0
    outer loop
      vertex 34.5 26.25 27.3827
      vertex 36.9134 26.25 26.5922
      vertex 37.6077 26.25 28
    endloop
  endfacet
  facet normal 0 -1 0
    outer loop
      vertex 34.5 26.25 25.6173
      vertex 36.9134 26.25 26.5922
      vertex 34.5 26.25 27.3827
    endloop
  endfacet
  facet normal 0 -1 0
    outer loop
      vertex 34.5 26.25 25.6173
      vertex 36.4089 26.25 25.1058
      vertex 36.9134 26.25 26.5922
    endloop
  endfacet
  facet normal 0 -1 0
    outer loop
      vertex 36.1027 26.25 23.5663
      vertex 34.5 26.25 25.6173
      vertex 33.6173 26.25 24.0885
    endloop
  endfacet
  facet normal 0 -1 0
    outer loop
      vertex 33.4789 26.25 23.1402
      vertex 33.6173 26.25 24.0885
      vertex 32.7817 26.25 23.606
    endloop
  endfacet
  facet normal 0 -1 0
    outer loop
      vertex 34.364 26.25 22.364
      vertex 33.6173 26.25 24.0885
      vertex 33.4789 26.25 23.1402
    endloop
  endfacet
  facet normal 0 -1 0
    outer loop
      vertex 34.5 26.25 25.6173
      vertex 36.1027 26.25 23.5663
      vertex 36.4089 26.25 25.1058
    endloop
  endfacet
  facet normal 0 -1 0
    outer loop
      vertex 33.6173 26.25 24.0885
      vertex 34.364 26.25 22.364
      vertex 36.1027 26.25 23.5663
    endloop
  endfacet
  facet normal 0 -1 0
    outer loop
      vertex 34.364 26.25 22.364
      vertex 36 26.25 22
      vertex 36.1027 26.25 23.5663
    endloop
  endfacet
  facet normal 0 -1 0
    outer loop
      vertex 35.1402 26.25 21.4789
      vertex 36 26.25 22
      vertex 34.364 26.25 22.364
    endloop
  endfacet
  facet normal 0 -1 0
    outer loop
      vertex 35.7942 26.25 20.5
      vertex 36 26.25 22
      vertex 35.1402 26.25 21.4789
    endloop
  endfacet
  facet normal 0 -1 0
    outer loop
      vertex 35.7942 26.25 20.5
      vertex 36.1027 26.25 20.4337
      vertex 36 26.25 22
    endloop
  endfacet
  facet normal -0 -1 -0
    outer loop
      vertex 36.1027 26.25 20.4337
      vertex 35.7942 26.25 20.5
      vertex 36.2891 26.25 19.4966
    endloop
  endfacet
  facet normal 0 -1 0
    outer loop
      vertex 38.7624 26.25 33
      vertex 42 26.25 32.3923
      vertex 43.1947 26.25 33
    endloop
  endfacet
  facet normal 0 -1 0
    outer loop
      vertex 40.6949 26.25 31.5202
      vertex 38.7624 26.25 33
      vertex 38.1173 26.25 31.8827
    endloop
  endfacet
  facet normal 0 -1 0
    outer loop
      vertex 38.7624 26.25 33
      vertex 40.6949 26.25 31.5202
      vertex 42 26.25 32.3923
    endloop
  endfacet
  facet normal 0 -1 0
    outer loop
      vertex 39.5147 26.25 30.4853
      vertex 38.1173 26.25 31.8827
      vertex 36.5885 26.25 31
    endloop
  endfacet
  facet normal 0 -1 0
    outer loop
      vertex 38.1173 26.25 31.8827
      vertex 39.5147 26.25 30.4853
      vertex 40.6949 26.25 31.5202
    endloop
  endfacet
  facet normal 0 -1 0
    outer loop
      vertex 43.1947 26.25 35.5
      vertex 44.7396 26.25 33.5386
      vertex 44.3827 26.25 35.5
    endloop
  endfacet
  facet normal 0 -1 0
    outer loop
      vertex 43.1947 26.25 35.5
      vertex 43.4078 26.25 33.0866
      vertex 44.7396 26.25 33.5386
    endloop
  endfacet
  facet normal 0 -1 0
    outer loop
      vertex 43.1947 26.25 33
      vertex 43.4078 26.25 33.0866
      vertex 43.1947 26.25 35.5
    endloop
  endfacet
  facet normal 0 -1 0
    outer loop
      vertex 43.4078 26.25 33.0866
      vertex 43.1947 26.25 33
      vertex 42 26.25 32.3923
    endloop
  endfacet
  facet normal 0 -1 0
    outer loop
      vertex 44.9936 26.25 35.8527
      vertex 44.3827 26.25 35.5
      vertex 44.7396 26.25 33.5386
    endloop
  endfacet
  facet normal 0 -1 0
    outer loop
      vertex 61.2998 26.25 28.2741
      vertex 61.5 26.25 27.3827
      vertex 61.7418 26.25 27.8014
    endloop
  endfacet
  facet normal 0 -1 0
    outer loop
      vertex 59.9448 26.25 27.0072
      vertex 61.5 26.25 27.3827
      vertex 61.2998 26.25 28.2741
    endloop
  endfacet
  facet normal 0 -1 -0
    outer loop
      vertex 61.5 26.25 27.3827
      vertex 59.9448 26.25 27.0072
      vertex 61.5 26.25 27.0728
    endloop
  endfacet
  facet normal 0 -1 0
    outer loop
      vertex 36.923 26.25 17.1747
      vertex 36.9134 26.25 17.4078
      vertex 36.8246 26.25 17.6697
    endloop
  endfacet
  facet normal 0 -1 0
    outer loop
      vertex 37.6077 26.25 16
      vertex 36.923 26.25 17.1747
      vertex 37 26.25 16
    endloop
  endfacet
  facet normal 0 -1 0
    outer loop
      vertex 36.923 26.25 17.1747
      vertex 37.6077 26.25 16
      vertex 36.9134 26.25 17.4078
    endloop
  endfacet
  facet normal 0 -1 0
    outer loop
      vertex 36.923 26.25 14.8253
      vertex 37.6077 26.25 16
      vertex 37 26.25 16
    endloop
  endfacet
  facet normal 0 -1 0
    outer loop
      vertex 36.923 26.25 14.8253
      vertex 38.4798 26.25 14.6949
      vertex 37.6077 26.25 16
    endloop
  endfacet
  facet normal 0 -1 0
    outer loop
      vertex 36.6933 26.25 13.6706
      vertex 38.4798 26.25 14.6949
      vertex 36.923 26.25 14.8253
    endloop
  endfacet
  facet normal 0 -1 0
    outer loop
      vertex 38.1173 26.25 12.1173
      vertex 38.4798 26.25 14.6949
      vertex 36.6933 26.25 13.6706
    endloop
  endfacet
  facet normal 0 -1 0
    outer loop
      vertex 36.5885 26.25 13
      vertex 36.6933 26.25 13.6706
      vertex 36.4657 26.25 13
    endloop
  endfacet
  facet normal 0 -1 0
    outer loop
      vertex 38.1173 26.25 12.1173
      vertex 36.6933 26.25 13.6706
      vertex 36.5885 26.25 13
    endloop
  endfacet
  facet normal 0 -1 -0
    outer loop
      vertex 38.4798 26.25 14.6949
      vertex 38.1173 26.25 12.1173
      vertex 39.5147 26.25 13.5147
    endloop
  endfacet
  facet normal 0 -1 -0
    outer loop
      vertex 39.5147 26.25 13.5147
      vertex 38.1173 26.25 12.1173
      vertex 40.6949 26.25 12.4798
    endloop
  endfacet
  facet normal 0 -1 0
    outer loop
      vertex 38.7624 26.25 11
      vertex 40.6949 26.25 12.4798
      vertex 38.1173 26.25 12.1173
    endloop
  endfacet
  facet normal 0 -1 -0
    outer loop
      vertex 40.6949 26.25 12.4798
      vertex 38.7624 26.25 11
      vertex 42 26.25 11.6077
    endloop
  endfacet
  facet normal 0 -1 -0
    outer loop
      vertex 42 26.25 11.6077
      vertex 38.7624 26.25 11
      vertex 43.2323 26.25 11
    endloop
  endfacet
  facet normal 0 -1 0
    outer loop
      vertex 44.5 26.25 8.43227
      vertex 44.8942 26.25 10.4089
      vertex 44.5 26.25 10.5427
    endloop
  endfacet
  facet normal 0 -1 0
    outer loop
      vertex 44.5 26.25 8.43227
      vertex 45.7184 26.25 10.2449
      vertex 44.8942 26.25 10.4089
    endloop
  endfacet
  facet normal 0 -1 0
    outer loop
      vertex 45.2487 26.25 8
      vertex 45.7184 26.25 10.2449
      vertex 44.5 26.25 8.43227
    endloop
  endfacet
  facet normal 0 -1 0
    outer loop
      vertex 46 26.25 8
      vertex 45.7184 26.25 10.2449
      vertex 45.2487 26.25 8
    endloop
  endfacet
  facet normal 0 -1 0
    outer loop
      vertex 46 26.25 8
      vertex 46.2768 26.25 7.39587
      vertex 45.7184 26.25 10.2449
    endloop
  endfacet
  facet normal 0 -1 0
    outer loop
      vertex 46 26.25 7.4641
      vertex 46.2768 26.25 7.39587
      vertex 46 26.25 8
    endloop
  endfacet
  facet normal -0 -1 0
    outer loop
      vertex 46.2768 26.25 7.39587
      vertex 46 26.25 7.4641
      vertex 46.0635 26.25 7.35406
    endloop
  endfacet
  facet normal 0 -1 -0
    outer loop
      vertex 61.5 26.25 18.0648
      vertex 60.3237 26.25 18.0152
      vertex 61.5 26.25 17.0879
    endloop
  endfacet
  facet normal 0 -1 0
    outer loop
      vertex 54.752 26.25 10.9473
      vertex 55.7832 26.25 9.25915
      vertex 56.2087 26.25 9.79891
    endloop
  endfacet
  facet normal -0 -1 0
    outer loop
      vertex 55.7832 26.25 9.25915
      vertex 54.752 26.25 10.9473
      vertex 55.1088 26.25 9.12695
    endloop
  endfacet
  facet normal 0 -1 0
    outer loop
      vertex 54.0008 26.25 35.4254
      vertex 55.1534 26.25 34.8483
      vertex 54.684 26.25 35.3504
    endloop
  endfacet
  facet normal -0 -1 0
    outer loop
      vertex 55.1534 26.25 34.8483
      vertex 54.0008 26.25 35.4254
      vertex 53.7984 26.25 33.5815
    endloop
  endfacet
  facet normal 0 -1 0
    outer loop
      vertex 33.9705 26.25 15.7001
      vertex 34.5 26.25 16
      vertex 34.4637 26.25 16.5544
    endloop
  endfacet
  facet normal 0 -1 0
    outer loop
      vertex 33.9705 26.25 15.7001
      vertex 34.4444 26.25 15.1516
      vertex 34.5 26.25 16
    endloop
  endfacet
  facet normal 0 -1 0
    outer loop
      vertex 33.8847 26.25 14.8295
      vertex 34.4444 26.25 15.1516
      vertex 33.9705 26.25 15.7001
    endloop
  endfacet
  facet normal 0 -1 0
    outer loop
      vertex 34.2814 26.25 14.332
      vertex 33.8847 26.25 14.8295
      vertex 33.8154 26.25 14.601
    endloop
  endfacet
  facet normal 0 -1 0
    outer loop
      vertex 33.8847 26.25 14.8295
      vertex 34.2814 26.25 14.332
      vertex 34.4444 26.25 15.1516
    endloop
  endfacet
  facet normal 1 -0 0
    outer loop
      vertex 61.5 26.25 27.3827
      vertex 61.5 29.75 27.0728
      vertex 61.5 29.75 27.3827
    endloop
  endfacet
  facet normal 1 0 0
    outer loop
      vertex 61.5 29.75 27.0728
      vertex 61.5 26.25 27.3827
      vertex 61.5 26.25 27.0728
    endloop
  endfacet
  facet normal 1 -0 0
    outer loop
      vertex 61.5 26.25 18.0648
      vertex 61.5 29.75 17.0879
      vertex 61.5 29.75 18.0648
    endloop
  endfacet
  facet normal 1 0 0
    outer loop
      vertex 61.5 29.75 17.0879
      vertex 61.5 26.25 18.0648
      vertex 61.5 26.25 17.0879
    endloop
  endfacet
  facet normal 0 1 0
    outer loop
      vertex 31.9569 29.75 21.1568
      vertex 31.8087 29.75 20.9558
      vertex 31.9337 29.75 21.1723
    endloop
  endfacet
  facet normal 0 1 0
    outer loop
      vertex 32.5962 29.75 20.5962
      vertex 31.8087 29.75 20.9558
      vertex 31.9569 29.75 21.1568
    endloop
  endfacet
  facet normal 0 1 0
    outer loop
      vertex 31.8087 29.75 20.9558
      vertex 32.5962 29.75 20.5962
      vertex 32.7651 29.75 20.4035
    endloop
  endfacet
  facet normal 0 1 -0
    outer loop
      vertex 44.7396 29.75 33.5386
      vertex 44.3827 29.75 35.5
      vertex 44.9936 29.75 35.8527
    endloop
  endfacet
  facet normal 0 1 0
    outer loop
      vertex 44.7396 29.75 33.5386
      vertex 43.1947 29.75 35.5
      vertex 44.3827 29.75 35.5
    endloop
  endfacet
  facet normal 0 1 -0
    outer loop
      vertex 43.4078 29.75 33.0866
      vertex 43.1947 29.75 35.5
      vertex 44.7396 29.75 33.5386
    endloop
  endfacet
  facet normal 0 1 0
    outer loop
      vertex 43.4078 29.75 33.0866
      vertex 43.1947 29.75 33
      vertex 43.1947 29.75 35.5
    endloop
  endfacet
  facet normal 0 1 0
    outer loop
      vertex 42 29.75 32.3923
      vertex 43.1947 29.75 33
      vertex 43.4078 29.75 33.0866
    endloop
  endfacet
  facet normal 0 1 -0
    outer loop
      vertex 42 29.75 32.3923
      vertex 38.7624 29.75 33
      vertex 43.1947 29.75 33
    endloop
  endfacet
  facet normal 0 1 -0
    outer loop
      vertex 40.6949 29.75 31.5202
      vertex 38.7624 29.75 33
      vertex 42 29.75 32.3923
    endloop
  endfacet
  facet normal 0 1 0
    outer loop
      vertex 38.7624 29.75 33
      vertex 40.6949 29.75 31.5202
      vertex 38.1173 29.75 31.8827
    endloop
  endfacet
  facet normal 0 1 -0
    outer loop
      vertex 39.5147 29.75 30.4853
      vertex 38.1173 29.75 31.8827
      vertex 40.6949 29.75 31.5202
    endloop
  endfacet
  facet normal 0 1 -0
    outer loop
      vertex 38.4798 29.75 29.3051
      vertex 38.1173 29.75 31.8827
      vertex 39.5147 29.75 30.4853
    endloop
  endfacet
  facet normal 0 1 0
    outer loop
      vertex 38.1173 29.75 31.8827
      vertex 38.4798 29.75 29.3051
      vertex 36.5885 29.75 31
    endloop
  endfacet
  facet normal 0 1 -0
    outer loop
      vertex 37.6077 29.75 28
      vertex 36.5885 29.75 31
      vertex 38.4798 29.75 29.3051
    endloop
  endfacet
  facet normal 0 1 0
    outer loop
      vertex 36.5885 29.75 31
      vertex 34.5 29.75 29.7942
      vertex 34.5 29.75 31
    endloop
  endfacet
  facet normal 0 1 0
    outer loop
      vertex 36.5885 29.75 31
      vertex 37.6077 29.75 28
      vertex 34.5 29.75 29.7942
    endloop
  endfacet
  facet normal 0 1 0
    outer loop
      vertex 34.5 29.75 27.3827
      vertex 34.5 29.75 29.7942
      vertex 37.6077 29.75 28
    endloop
  endfacet
  facet normal 0 1 0
    outer loop
      vertex 34.5 29.75 29.7942
      vertex 34.5 29.75 27.3827
      vertex 33.4558 29.75 29.1913
    endloop
  endfacet
  facet normal 0 1 -0
    outer loop
      vertex 36.9134 29.75 26.5922
      vertex 34.5 29.75 27.3827
      vertex 37.6077 29.75 28
    endloop
  endfacet
  facet normal 0 1 0
    outer loop
      vertex 36.9134 29.75 26.5922
      vertex 34.5 29.75 25.6173
      vertex 34.5 29.75 27.3827
    endloop
  endfacet
  facet normal 0 1 -0
    outer loop
      vertex 36.4089 29.75 25.1058
      vertex 34.5 29.75 25.6173
      vertex 36.9134 29.75 26.5922
    endloop
  endfacet
  facet normal 0 1 -0
    outer loop
      vertex 36.1027 29.75 23.5663
      vertex 34.5 29.75 25.6173
      vertex 36.4089 29.75 25.1058
    endloop
  endfacet
  facet normal 0 1 0
    outer loop
      vertex 34.5 29.75 25.6173
      vertex 36.1027 29.75 23.5663
      vertex 33.6173 29.75 24.0885
    endloop
  endfacet
  facet normal 0 1 -0
    outer loop
      vertex 34.364 29.75 22.364
      vertex 33.6173 29.75 24.0885
      vertex 36.1027 29.75 23.5663
    endloop
  endfacet
  facet normal 0 1 0
    outer loop
      vertex 33.6173 29.75 24.0885
      vertex 33.4789 29.75 23.1402
      vertex 32.7817 29.75 23.606
    endloop
  endfacet
  facet normal 0 1 0
    outer loop
      vertex 33.6173 29.75 24.0885
      vertex 34.364 29.75 22.364
      vertex 33.4789 29.75 23.1402
    endloop
  endfacet
  facet normal 0 1 -0
    outer loop
      vertex 36 29.75 22
      vertex 34.364 29.75 22.364
      vertex 36.1027 29.75 23.5663
    endloop
  endfacet
  facet normal 0 1 0
    outer loop
      vertex 36 29.75 22
      vertex 35.1402 29.75 21.4789
      vertex 34.364 29.75 22.364
    endloop
  endfacet
  facet normal 0 1 0
    outer loop
      vertex 36 29.75 22
      vertex 35.7942 29.75 20.5
      vertex 35.1402 29.75 21.4789
    endloop
  endfacet
  facet normal 0 1 0
    outer loop
      vertex 36.1027 29.75 20.4337
      vertex 35.7942 29.75 20.5
      vertex 36 29.75 22
    endloop
  endfacet
  facet normal 0 1 0
    outer loop
      vertex 35.7942 29.75 20.5
      vertex 36.1027 29.75 20.4337
      vertex 36.2891 29.75 19.4966
    endloop
  endfacet
  facet normal 0 1 -0
    outer loop
      vertex 61.5 29.75 27.3827
      vertex 61.2998 29.75 28.2741
      vertex 61.7418 29.75 27.8014
    endloop
  endfacet
  facet normal 0 1 0
    outer loop
      vertex 59.9448 29.75 27.0072
      vertex 61.5 29.75 27.3827
      vertex 61.5 29.75 27.0728
    endloop
  endfacet
  facet normal 0 1 0
    outer loop
      vertex 61.5 29.75 27.3827
      vertex 59.9448 29.75 27.0072
      vertex 61.2998 29.75 28.2741
    endloop
  endfacet
  facet normal 0 1 0
    outer loop
      vertex 38.1173 29.75 12.1173
      vertex 39.5147 29.75 13.5147
      vertex 40.6949 29.75 12.4798
    endloop
  endfacet
  facet normal 0 1 0
    outer loop
      vertex 39.5147 29.75 13.5147
      vertex 38.1173 29.75 12.1173
      vertex 36.5885 29.75 13
    endloop
  endfacet
  facet normal 0 1 0
    outer loop
      vertex 38.7624 29.75 11
      vertex 40.6949 29.75 12.4798
      vertex 42 29.75 11.6077
    endloop
  endfacet
  facet normal 0 1 0
    outer loop
      vertex 38.7624 29.75 11
      vertex 42 29.75 11.6077
      vertex 43.2323 29.75 11
    endloop
  endfacet
  facet normal 0 1 0
    outer loop
      vertex 40.6949 29.75 12.4798
      vertex 38.7624 29.75 11
      vertex 38.1173 29.75 12.1173
    endloop
  endfacet
  facet normal 0 1 0
    outer loop
      vertex 36.9134 29.75 17.4078
      vertex 36.923 29.75 17.1747
      vertex 36.8246 29.75 17.6697
    endloop
  endfacet
  facet normal 0 1 0
    outer loop
      vertex 37.6077 29.75 16
      vertex 36.923 29.75 17.1747
      vertex 36.9134 29.75 17.4078
    endloop
  endfacet
  facet normal 0 1 0
    outer loop
      vertex 37.6077 29.75 16
      vertex 37 29.75 16
      vertex 36.923 29.75 17.1747
    endloop
  endfacet
  facet normal 0 1 0
    outer loop
      vertex 37.6077 29.75 16
      vertex 36.923 29.75 14.8253
      vertex 37 29.75 16
    endloop
  endfacet
  facet normal 0 1 0
    outer loop
      vertex 38.4798 29.75 14.6949
      vertex 36.923 29.75 14.8253
      vertex 37.6077 29.75 16
    endloop
  endfacet
  facet normal 0 1 0
    outer loop
      vertex 38.4798 29.75 14.6949
      vertex 36.6933 29.75 13.6706
      vertex 36.923 29.75 14.8253
    endloop
  endfacet
  facet normal 0 1 0
    outer loop
      vertex 39.5147 29.75 13.5147
      vertex 36.6933 29.75 13.6706
      vertex 38.4798 29.75 14.6949
    endloop
  endfacet
  facet normal 0 1 0
    outer loop
      vertex 36.5885 29.75 13
      vertex 36.6933 29.75 13.6706
      vertex 39.5147 29.75 13.5147
    endloop
  endfacet
  facet normal 0 1 0
    outer loop
      vertex 36.6933 29.75 13.6706
      vertex 36.5885 29.75 13
      vertex 36.4657 29.75 13
    endloop
  endfacet
  facet normal 0 1 0
    outer loop
      vertex 44.8942 29.75 10.4089
      vertex 44.5 29.75 8.43227
      vertex 44.5 29.75 10.5427
    endloop
  endfacet
  facet normal 0 1 0
    outer loop
      vertex 45.7184 29.75 10.2449
      vertex 44.5 29.75 8.43227
      vertex 44.8942 29.75 10.4089
    endloop
  endfacet
  facet normal 0 1 0
    outer loop
      vertex 45.2487 29.75 8
      vertex 45.7184 29.75 10.2449
      vertex 46 29.75 8
    endloop
  endfacet
  facet normal 0 1 0
    outer loop
      vertex 46.2768 29.75 7.39587
      vertex 46 29.75 8
      vertex 45.7184 29.75 10.2449
    endloop
  endfacet
  facet normal 0 1 0
    outer loop
      vertex 46.2768 29.75 7.39587
      vertex 46 29.75 7.4641
      vertex 46 29.75 8
    endloop
  endfacet
  facet normal 0 1 0
    outer loop
      vertex 46 29.75 7.4641
      vertex 46.2768 29.75 7.39587
      vertex 46.0635 29.75 7.35406
    endloop
  endfacet
  facet normal 0 1 0
    outer loop
      vertex 45.7184 29.75 10.2449
      vertex 45.2487 29.75 8
      vertex 44.5 29.75 8.43227
    endloop
  endfacet
  facet normal 0 1 -0
    outer loop
      vertex 61.5 29.75 17.0879
      vertex 60.3237 29.75 18.0152
      vertex 61.5 29.75 18.0648
    endloop
  endfacet
  facet normal 0 1 -0
    outer loop
      vertex 55.7832 29.75 9.25915
      vertex 54.752 29.75 10.9473
      vertex 56.2087 29.75 9.79891
    endloop
  endfacet
  facet normal 0 1 0
    outer loop
      vertex 54.752 29.75 10.9473
      vertex 55.7832 29.75 9.25915
      vertex 55.1088 29.75 9.12695
    endloop
  endfacet
  facet normal 0 1 0
    outer loop
      vertex 55.1534 29.75 34.8483
      vertex 54.0008 29.75 35.4254
      vertex 54.684 29.75 35.3504
    endloop
  endfacet
  facet normal 0 1 0
    outer loop
      vertex 54.0008 29.75 35.4254
      vertex 55.1534 29.75 34.8483
      vertex 53.7984 29.75 33.5815
    endloop
  endfacet
  facet normal 0 1 0
    outer loop
      vertex 34.5 29.75 16
      vertex 33.9705 29.75 15.7001
      vertex 34.4637 29.75 16.5544
    endloop
  endfacet
  facet normal 0 1 -0
    outer loop
      vertex 34.4444 29.75 15.1516
      vertex 33.9705 29.75 15.7001
      vertex 34.5 29.75 16
    endloop
  endfacet
  facet normal 0 1 0
    outer loop
      vertex 34.4444 29.75 15.1516
      vertex 33.8847 29.75 14.8295
      vertex 33.9705 29.75 15.7001
    endloop
  endfacet
  facet normal 0 1 -0
    outer loop
      vertex 34.2814 29.75 14.332
      vertex 33.8847 29.75 14.8295
      vertex 34.4444 29.75 15.1516
    endloop
  endfacet
  facet normal 0 1 0
    outer loop
      vertex 33.8847 29.75 14.8295
      vertex 34.2814 29.75 14.332
      vertex 33.8154 29.75 14.601
    endloop
  endfacet
  facet normal 0.865969 0 -0.500098
    outer loop
      vertex 61.7418 26.25 27.8014
      vertex 61.5 29.75 27.3827
      vertex 61.7418 29.75 27.8014
    endloop
  endfacet
  facet normal 0.865969 0 -0.500098
    outer loop
      vertex 61.5 29.75 27.3827
      vertex 61.7418 26.25 27.8014
      vertex 61.5 26.25 27.3827
    endloop
  endfacet
  facet normal -0 0 1
    outer loop
      vertex 43.1947 29.75 35.5
      vertex 44.3827 26.25 35.5
      vertex 44.3827 29.75 35.5
    endloop
  endfacet
  facet normal 0 0 1
    outer loop
      vertex 44.3827 26.25 35.5
      vertex 43.1947 29.75 35.5
      vertex 43.1947 26.25 35.5
    endloop
  endfacet
  facet normal -0.500019 0 0.866014
    outer loop
      vertex 33.4558 29.75 29.1913
      vertex 34.5 26.25 29.7942
      vertex 34.5 29.75 29.7942
    endloop
  endfacet
  facet normal -0.500019 0 0.866014
    outer loop
      vertex 34.5 26.25 29.7942
      vertex 33.4558 29.75 29.1913
      vertex 33.4558 26.25 29.1913
    endloop
  endfacet
  facet normal -0.499997 0 0.866027
    outer loop
      vertex 44.3827 29.75 35.5
      vertex 44.9936 26.25 35.8527
      vertex 44.9936 29.75 35.8527
    endloop
  endfacet
  facet normal -0.499997 0 0.866027
    outer loop
      vertex 44.9936 26.25 35.8527
      vertex 44.3827 29.75 35.5
      vertex 44.3827 26.25 35.5
    endloop
  endfacet
  facet normal -0.50002 0 0.866014
    outer loop
      vertex 36.5885 29.75 31
      vertex 38.1173 26.25 31.8827
      vertex 38.1173 29.75 31.8827
    endloop
  endfacet
  facet normal -0.50002 0 0.866014
    outer loop
      vertex 38.1173 26.25 31.8827
      vertex 36.5885 29.75 31
      vertex 36.5885 26.25 31
    endloop
  endfacet
  facet normal -0.866025 0 -0.500002
    outer loop
      vertex 34.5 26.25 27.3827
      vertex 33.4558 29.75 29.1913
      vertex 34.5 29.75 27.3827
    endloop
  endfacet
  facet normal -0.866025 -0 -0.500002
    outer loop
      vertex 33.4558 29.75 29.1913
      vertex 34.5 26.25 27.3827
      vertex 33.4558 26.25 29.1913
    endloop
  endfacet
  facet normal -0.866019 0 0.500011
    outer loop
      vertex 31.8087 26.25 20.9558
      vertex 31.9337 29.75 21.1723
      vertex 31.8087 29.75 20.9558
    endloop
  endfacet
  facet normal -0.866019 0 0.500011
    outer loop
      vertex 31.9337 29.75 21.1723
      vertex 31.8087 26.25 20.9558
      vertex 31.9337 26.25 21.1723
    endloop
  endfacet
  facet normal -0.866014 0 0.50002
    outer loop
      vertex 33.6173 26.25 24.0885
      vertex 34.5 29.75 25.6173
      vertex 33.6173 29.75 24.0885
    endloop
  endfacet
  facet normal -0.866014 0 0.50002
    outer loop
      vertex 34.5 29.75 25.6173
      vertex 33.6173 26.25 24.0885
      vertex 34.5 26.25 25.6173
    endloop
  endfacet
  facet normal -0.866016 0 0.500015
    outer loop
      vertex 38.1173 26.25 31.8827
      vertex 38.7624 29.75 33
      vertex 38.1173 29.75 31.8827
    endloop
  endfacet
  facet normal -0.866016 0 0.500015
    outer loop
      vertex 38.7624 29.75 33
      vertex 38.1173 26.25 31.8827
      vertex 38.7624 26.25 33
    endloop
  endfacet
  facet normal -0.500083 0 -0.865977
    outer loop
      vertex 31.8087 26.25 20.9558
      vertex 32.7651 29.75 20.4035
      vertex 32.7651 26.25 20.4035
    endloop
  endfacet
  facet normal -0.500083 0 -0.865977
    outer loop
      vertex 32.7651 29.75 20.4035
      vertex 31.8087 26.25 20.9558
      vertex 31.8087 29.75 20.9558
    endloop
  endfacet
  facet normal -1 0 0
    outer loop
      vertex 34.5 26.25 29.7942
      vertex 34.5 29.75 31
      vertex 34.5 29.75 29.7942
    endloop
  endfacet
  facet normal -1 -0 0
    outer loop
      vertex 34.5 29.75 31
      vertex 34.5 26.25 29.7942
      vertex 34.5 26.25 31
    endloop
  endfacet
  facet normal -1 0 0
    outer loop
      vertex 34.5 26.25 25.6173
      vertex 34.5 29.75 27.3827
      vertex 34.5 29.75 25.6173
    endloop
  endfacet
  facet normal -1 -0 0
    outer loop
      vertex 34.5 29.75 27.3827
      vertex 34.5 26.25 25.6173
      vertex 34.5 26.25 27.3827
    endloop
  endfacet
  facet normal -0 0 1
    outer loop
      vertex 34.5 29.75 31
      vertex 36.5885 26.25 31
      vertex 36.5885 29.75 31
    endloop
  endfacet
  facet normal 0 0 1
    outer loop
      vertex 36.5885 26.25 31
      vertex 34.5 29.75 31
      vertex 34.5 26.25 31
    endloop
  endfacet
  facet normal 0 0 -1
    outer loop
      vertex 36.4657 26.25 13
      vertex 36.5885 29.75 13
      vertex 36.5885 26.25 13
    endloop
  endfacet
  facet normal -0 0 -1
    outer loop
      vertex 36.5885 29.75 13
      vertex 36.4657 26.25 13
      vertex 36.4657 29.75 13
    endloop
  endfacet
  facet normal -0.866016 0 -0.500015
    outer loop
      vertex 38.7624 26.25 11
      vertex 38.1173 29.75 12.1173
      vertex 38.7624 29.75 11
    endloop
  endfacet
  facet normal -0.866016 -0 -0.500015
    outer loop
      vertex 38.1173 29.75 12.1173
      vertex 38.7624 26.25 11
      vertex 38.1173 26.25 12.1173
    endloop
  endfacet
  facet normal -0.500051 0 0.865996
    outer loop
      vertex 32.7817 29.75 23.606
      vertex 33.6173 26.25 24.0885
      vertex 33.6173 29.75 24.0885
    endloop
  endfacet
  facet normal -0.500051 0 0.865996
    outer loop
      vertex 33.6173 26.25 24.0885
      vertex 32.7817 29.75 23.606
      vertex 32.7817 26.25 23.606
    endloop
  endfacet
  facet normal -0.499937 0 -0.866062
    outer loop
      vertex 33.8154 26.25 14.601
      vertex 34.2814 29.75 14.332
      vertex 34.2814 26.25 14.332
    endloop
  endfacet
  facet normal -0.499937 0 -0.866062
    outer loop
      vertex 34.2814 29.75 14.332
      vertex 33.8154 26.25 14.601
      vertex 33.8154 29.75 14.601
    endloop
  endfacet
  facet normal -0.500007 0 -0.866021
    outer loop
      vertex 44.5 26.25 8.43227
      vertex 45.2487 29.75 8
      vertex 45.2487 26.25 8
    endloop
  endfacet
  facet normal -0.500007 0 -0.866021
    outer loop
      vertex 45.2487 29.75 8
      vertex 44.5 26.25 8.43227
      vertex 44.5 29.75 8.43227
    endloop
  endfacet
  facet normal -0.50002 0 -0.866014
    outer loop
      vertex 36.5885 26.25 13
      vertex 38.1173 29.75 12.1173
      vertex 38.1173 26.25 12.1173
    endloop
  endfacet
  facet normal -0.50002 0 -0.866014
    outer loop
      vertex 38.1173 29.75 12.1173
      vertex 36.5885 26.25 13
      vertex 36.5885 29.75 13
    endloop
  endfacet
  facet normal -0.866039 0 0.499977
    outer loop
      vertex 33.9705 26.25 15.7001
      vertex 34.4637 29.75 16.5544
      vertex 33.9705 29.75 15.7001
    endloop
  endfacet
  facet normal -0.866039 0 0.499977
    outer loop
      vertex 34.4637 29.75 16.5544
      vertex 33.9705 26.25 15.7001
      vertex 34.4637 26.25 16.5544
    endloop
  endfacet
  facet normal -0.866133 0 -0.499813
    outer loop
      vertex 46.0635 26.25 7.35406
      vertex 46 29.75 7.4641
      vertex 46.0635 29.75 7.35406
    endloop
  endfacet
  facet normal -0.866133 -0 -0.499813
    outer loop
      vertex 46 29.75 7.4641
      vertex 46.0635 26.25 7.35406
      vertex 46 26.25 7.4641
    endloop
  endfacet
  facet normal -1 0 0
    outer loop
      vertex -54 19 5
      vertex -54 37 8
      vertex -54 37 5
    endloop
  endfacet
  facet normal -1 -0 0
    outer loop
      vertex -54 37 8
      vertex -54 19 5
      vertex -54 19 8
    endloop
  endfacet
  facet normal 0 0 1
    outer loop
      vertex -21.5 31 8
      vertex -23.9173 36 8
      vertex -23.9173 31 8
    endloop
  endfacet
  facet normal 0 0 1
    outer loop
      vertex -12.0827 25 8
      vertex -19.5 25 8
      vertex -12.0827 20 8
    endloop
  endfacet
  facet normal 0 0 1
    outer loop
      vertex 0.5 31 8
      vertex -3.91726 36 8
      vertex -3.91726 31 8
    endloop
  endfacet
  facet normal 0 0 1
    outer loop
      vertex 3.91726 25 8
      vertex 2.5 25 8
      vertex 3.91726 20 8
    endloop
  endfacet
  facet normal -0 0 1
    outer loop
      vertex 44.5 31 8
      vertex 46 29.75 8
      vertex 46 37 8
    endloop
  endfacet
  facet normal 0 0 1
    outer loop
      vertex 45.2487 29.75 8
      vertex 44.5 31 8
      vertex 45.2487 26.25 8
    endloop
  endfacet
  facet normal 0 0 1
    outer loop
      vertex 46 29.75 8
      vertex 44.5 31 8
      vertex 45.2487 29.75 8
    endloop
  endfacet
  facet normal 0 0 1
    outer loop
      vertex 46 37 8
      vertex 35.5 31 8
      vertex 44.5 31 8
    endloop
  endfacet
  facet normal 0 0 1
    outer loop
      vertex 35.5 31 8
      vertex 33.5 31 8
      vertex 35.5 25 8
    endloop
  endfacet
  facet normal -0 0 1
    outer loop
      vertex 32.0827 36 8
      vertex 35.5 31 8
      vertex 46 37 8
    endloop
  endfacet
  facet normal 0 0 1
    outer loop
      vertex 35.5 31 8
      vertex 32.0827 36 8
      vertex 33.5 31 8
    endloop
  endfacet
  facet normal 0 0 1
    outer loop
      vertex 46 37 8
      vertex 23.9173 36 8
      vertex 32.0827 36 8
    endloop
  endfacet
  facet normal 0 0 1
    outer loop
      vertex 23.9173 36 8
      vertex 22.5 31 8
      vertex 23.9173 20 8
    endloop
  endfacet
  facet normal 0 0 1
    outer loop
      vertex 23.9173 36 8
      vertex 13.5 31 8
      vertex 22.5 31 8
    endloop
  endfacet
  facet normal 0 0 1
    outer loop
      vertex 13.5 31 8
      vertex 12.0827 36 8
      vertex 13.5 25 8
    endloop
  endfacet
  facet normal 0 0 1
    outer loop
      vertex 23.9173 36 8
      vertex 12.0827 36 8
      vertex 13.5 31 8
    endloop
  endfacet
  facet normal 0 0 1
    outer loop
      vertex 46 37 8
      vertex 12.0827 36 8
      vertex 23.9173 36 8
    endloop
  endfacet
  facet normal 0 0 1
    outer loop
      vertex 46 37 8
      vertex 3.91726 36 8
      vertex 12.0827 36 8
    endloop
  endfacet
  facet normal 0 0 1
    outer loop
      vertex 3.91726 36 8
      vertex 2.5 31 8
      vertex 3.91726 31 8
    endloop
  endfacet
  facet normal 0 0 1
    outer loop
      vertex 2.5 31 8
      vertex 0.5 31 8
      vertex 2.5 25 8
    endloop
  endfacet
  facet normal 0 0 1
    outer loop
      vertex 3.91726 36 8
      vertex 0.5 31 8
      vertex 2.5 31 8
    endloop
  endfacet
  facet normal 0 0 1
    outer loop
      vertex 3.91726 36 8
      vertex -3.91726 36 8
      vertex 0.5 31 8
    endloop
  endfacet
  facet normal 0 0 1
    outer loop
      vertex 46 37 8
      vertex -3.91726 36 8
      vertex 3.91726 36 8
    endloop
  endfacet
  facet normal 0 0 1
    outer loop
      vertex 46 37 8
      vertex -12.0827 36 8
      vertex -3.91726 36 8
    endloop
  endfacet
  facet normal 0 0 1
    outer loop
      vertex -12.0827 36 8
      vertex -19.5 31 8
      vertex -12.0827 31 8
    endloop
  endfacet
  facet normal 0 0 1
    outer loop
      vertex -19.5 31 8
      vertex -21.5 31 8
      vertex -19.5 25 8
    endloop
  endfacet
  facet normal -0 0 1
    outer loop
      vertex -23.9173 36 8
      vertex -19.5 31 8
      vertex -12.0827 36 8
    endloop
  endfacet
  facet normal 0 0 1
    outer loop
      vertex -19.5 31 8
      vertex -23.9173 36 8
      vertex -21.5 31 8
    endloop
  endfacet
  facet normal -0 0 1
    outer loop
      vertex -54 37 8
      vertex -12.0827 36 8
      vertex 46 37 8
    endloop
  endfacet
  facet normal 0 0 1
    outer loop
      vertex -12.0827 36 8
      vertex -54 37 8
      vertex -23.9173 36 8
    endloop
  endfacet
  facet normal 0 0 1
    outer loop
      vertex -32.0827 36 8
      vertex -32.5 31 8
      vertex -32.0827 20 8
    endloop
  endfacet
  facet normal 0 0 1
    outer loop
      vertex -32.0827 36 8
      vertex -41.5 31 8
      vertex -32.5 31 8
    endloop
  endfacet
  facet normal 0 0 1
    outer loop
      vertex -41.5 31 8
      vertex -43.5 31 8
      vertex -41.5 25 8
    endloop
  endfacet
  facet normal 0 0 1
    outer loop
      vertex -32.0827 36 8
      vertex -43.5 31 8
      vertex -41.5 31 8
    endloop
  endfacet
  facet normal 0 0 1
    outer loop
      vertex -54 37 8
      vertex -43.5 31 8
      vertex -32.0827 36 8
    endloop
  endfacet
  facet normal 0 0 1
    outer loop
      vertex -52.5 31 8
      vertex -54 37 8
      vertex -52.5 25 8
    endloop
  endfacet
  facet normal 0 0 1
    outer loop
      vertex -43.5 31 8
      vertex -54 37 8
      vertex -52.5 31 8
    endloop
  endfacet
  facet normal 0 0 1
    outer loop
      vertex -23.9173 36 8
      vertex -54 37 8
      vertex -32.0827 36 8
    endloop
  endfacet
  facet normal 0 0 1
    outer loop
      vertex 44.5 25 8
      vertex 46 26.25 8
      vertex 45.2487 26.25 8
    endloop
  endfacet
  facet normal 0 0 1
    outer loop
      vertex 44.5 25 8
      vertex 45.2487 26.25 8
      vertex 44.5 31 8
    endloop
  endfacet
  facet normal 0 0 1
    outer loop
      vertex 46 26.25 8
      vertex 44.5 25 8
      vertex 46 19 8
    endloop
  endfacet
  facet normal -0 0 1
    outer loop
      vertex 35.5 25 8
      vertex 46 19 8
      vertex 44.5 25 8
    endloop
  endfacet
  facet normal 0 0 1
    outer loop
      vertex 33.5 25 8
      vertex 35.5 25 8
      vertex 33.5 31 8
    endloop
  endfacet
  facet normal 0 0 1
    outer loop
      vertex 32.0827 20 8
      vertex 35.5 25 8
      vertex 33.5 25 8
    endloop
  endfacet
  facet normal 0 0 1
    outer loop
      vertex 32.0827 20 8
      vertex 33.5 25 8
      vertex 32.0827 25 8
    endloop
  endfacet
  facet normal 0 0 1
    outer loop
      vertex 35.5 25 8
      vertex 32.0827 20 8
      vertex 46 19 8
    endloop
  endfacet
  facet normal -0 0 1
    outer loop
      vertex 23.9173 20 8
      vertex 46 19 8
      vertex 32.0827 20 8
    endloop
  endfacet
  facet normal -0 0 1
    outer loop
      vertex 22.5 25 8
      vertex 23.9173 20 8
      vertex 22.5 31 8
    endloop
  endfacet
  facet normal -0 0 1
    outer loop
      vertex 13.5 25 8
      vertex 23.9173 20 8
      vertex 22.5 25 8
    endloop
  endfacet
  facet normal 0 0 1
    outer loop
      vertex 12.0827 20 8
      vertex 13.5 25 8
      vertex 12.0827 36 8
    endloop
  endfacet
  facet normal 0 0 1
    outer loop
      vertex 12.0827 20 8
      vertex 23.9173 20 8
      vertex 13.5 25 8
    endloop
  endfacet
  facet normal -0 0 1
    outer loop
      vertex 12.0827 20 8
      vertex 46 19 8
      vertex 23.9173 20 8
    endloop
  endfacet
  facet normal -0 0 1
    outer loop
      vertex 3.91726 20 8
      vertex 46 19 8
      vertex 12.0827 20 8
    endloop
  endfacet
  facet normal 0 0 1
    outer loop
      vertex 0.5 25 8
      vertex 2.5 25 8
      vertex 0.5 31 8
    endloop
  endfacet
  facet normal 0 0 1
    outer loop
      vertex 2.5 25 8
      vertex 0.5 25 8
      vertex 3.91726 20 8
    endloop
  endfacet
  facet normal 0 0 1
    outer loop
      vertex -3.91726 20 8
      vertex 0.5 25 8
      vertex -3.91726 25 8
    endloop
  endfacet
  facet normal 0 0 1
    outer loop
      vertex 0.5 25 8
      vertex -3.91726 20 8
      vertex 3.91726 20 8
    endloop
  endfacet
  facet normal -0 0 1
    outer loop
      vertex -3.91726 20 8
      vertex 46 19 8
      vertex 3.91726 20 8
    endloop
  endfacet
  facet normal -0 0 1
    outer loop
      vertex -12.0827 20 8
      vertex 46 19 8
      vertex -3.91726 20 8
    endloop
  endfacet
  facet normal 0 0 1
    outer loop
      vertex -21.5 25 8
      vertex -19.5 25 8
      vertex -21.5 31 8
    endloop
  endfacet
  facet normal 0 0 1
    outer loop
      vertex -23.9173 20 8
      vertex -19.5 25 8
      vertex -21.5 25 8
    endloop
  endfacet
  facet normal 0 0 1
    outer loop
      vertex -23.9173 20 8
      vertex -21.5 25 8
      vertex -23.9173 25 8
    endloop
  endfacet
  facet normal 0 0 1
    outer loop
      vertex -19.5 25 8
      vertex -23.9173 20 8
      vertex -12.0827 20 8
    endloop
  endfacet
  facet normal 0 0 1
    outer loop
      vertex -54 19 8
      vertex -12.0827 20 8
      vertex -23.9173 20 8
    endloop
  endfacet
  facet normal 0 0 1
    outer loop
      vertex -54 19 8
      vertex -23.9173 20 8
      vertex -32.0827 20 8
    endloop
  endfacet
  facet normal -0 0 1
    outer loop
      vertex -32.5 25 8
      vertex -32.0827 20 8
      vertex -32.5 31 8
    endloop
  endfacet
  facet normal -0 0 1
    outer loop
      vertex -41.5 25 8
      vertex -32.0827 20 8
      vertex -32.5 25 8
    endloop
  endfacet
  facet normal 0 0 1
    outer loop
      vertex -43.5 25 8
      vertex -41.5 25 8
      vertex -43.5 31 8
    endloop
  endfacet
  facet normal -0 0 1
    outer loop
      vertex -43.5 25 8
      vertex -32.0827 20 8
      vertex -41.5 25 8
    endloop
  endfacet
  facet normal 0 0 1
    outer loop
      vertex -54 19 8
      vertex -43.5 25 8
      vertex -52.5 25 8
    endloop
  endfacet
  facet normal 0 0 1
    outer loop
      vertex -12.0827 20 8
      vertex -54 19 8
      vertex 46 19 8
    endloop
  endfacet
  facet normal 0 0 1
    outer loop
      vertex -43.5 25 8
      vertex -54 19 8
      vertex -32.0827 20 8
    endloop
  endfacet
  facet normal 0 0 1
    outer loop
      vertex -54 19 8
      vertex -52.5 25 8
      vertex -54 37 8
    endloop
  endfacet
  facet normal 0 0 1
    outer loop
      vertex 33.5 31 8
      vertex 32.0827 36 8
      vertex 32.0827 31 8
    endloop
  endfacet
  facet normal 0 0 -1
    outer loop
      vertex -54 19 5
      vertex 45.2179 37 5
      vertex 45.2179 19 5
    endloop
  endfacet
  facet normal -0 0 -1
    outer loop
      vertex 45.2179 37 5
      vertex -54 19 5
      vertex -54 37 5
    endloop
  endfacet
  facet normal 0 -1 0
    outer loop
      vertex 45.2179 19 5
      vertex 46 19 8
      vertex -54 19 8
    endloop
  endfacet
  facet normal 0 -1 -0
    outer loop
      vertex 46 19 8
      vertex 45.2179 19 5
      vertex 46 19 7.34161
    endloop
  endfacet
  facet normal 0 -1 0
    outer loop
      vertex 45.3819 19 4.16337
      vertex 46 19 7.34161
      vertex 45.2179 19 5
    endloop
  endfacet
  facet normal 0 -1 0
    outer loop
      vertex 45.2179 19 5
      vertex -54 19 8
      vertex -54 19 5
    endloop
  endfacet
  facet normal 0 -1 0
    outer loop
      vertex 46 19 7.34161
      vertex 57.1578 19 6.47148
      vertex 57.0026 19 7.26303
    endloop
  endfacet
  facet normal 0 -1 -0
    outer loop
      vertex 46 19 7.34161
      vertex 45.3819 19 4.16337
      vertex 57.1578 19 6.47148
    endloop
  endfacet
  facet normal 0 -1 0
    outer loop
      vertex -64.5585 19 29.1285
      vertex -61.6199 19 28.1161
      vertex -63.7537 19 29.0743
    endloop
  endfacet
  facet normal 0 -1 0
    outer loop
      vertex -64.5585 19 29.1285
      vertex -62.3168 19 17.7649
      vertex -61.6199 19 28.1161
    endloop
  endfacet
  facet normal 0 -1 0
    outer loop
      vertex -65.3647 19 17.1556
      vertex -62.3168 19 17.7649
      vertex -64.5585 19 29.1285
    endloop
  endfacet
  facet normal 0 -1 0
    outer loop
      vertex -64.5599 19 17.1014
      vertex -62.3168 19 17.7649
      vertex -65.3647 19 17.1556
    endloop
  endfacet
  facet normal 0 -1 0
    outer loop
      vertex -65.2057 19 16.6181
      vertex -62.3168 19 17.7649
      vertex -64.5599 19 17.1014
    endloop
  endfacet
  facet normal 0 -1 0
    outer loop
      vertex -58.0158 19 7.01052
      vertex -62.3168 19 17.7649
      vertex -65.2057 19 16.6181
    endloop
  endfacet
  facet normal 0 -1 0
    outer loop
      vertex -62.3168 19 17.7649
      vertex -58.0158 19 7.01052
      vertex -55.6139 19 8.808
    endloop
  endfacet
  facet normal 0 -1 0
    outer loop
      vertex 54.684 19 35.3504
      vertex 55.8192 19 38.2438
      vertex 44.6947 19 36.4469
    endloop
  endfacet
  facet normal 0 -1 0
    outer loop
      vertex -44.3053 19 36
      vertex -43.4137 19 39
      vertex -44.3053 19 36.3617
    endloop
  endfacet
  facet normal 0 -1 0
    outer loop
      vertex -55.3408 19 37.6313
      vertex -54.3465 19 35.5141
      vertex -44.3053 19 36.3617
    endloop
  endfacet
  facet normal 0 -1 0
    outer loop
      vertex -55.916 19 38.1968
      vertex -54.3465 19 35.5141
      vertex -55.3408 19 37.6313
    endloop
  endfacet
  facet normal 0 -1 0
    outer loop
      vertex -64.3289 19 29.6398
      vertex -54.3465 19 35.5141
      vertex -55.916 19 38.1968
    endloop
  endfacet
  facet normal 0 -1 0
    outer loop
      vertex -61.6199 19 28.1161
      vertex -64.3289 19 29.6398
      vertex -63.7537 19 29.0743
    endloop
  endfacet
  facet normal 0 -1 0
    outer loop
      vertex -64.3289 19 29.6398
      vertex -61.6199 19 28.1161
      vertex -54.3465 19 35.5141
    endloop
  endfacet
  facet normal 0 -1 0
    outer loop
      vertex -44.3053 19 36.3617
      vertex -55.4087 19 38.4351
      vertex -55.3408 19 37.6313
    endloop
  endfacet
  facet normal 0 -1 0
    outer loop
      vertex -44.3053 19 36.3617
      vertex -43.4512 19 39.4444
      vertex -55.4087 19 38.4351
    endloop
  endfacet
  facet normal 0 -1 0
    outer loop
      vertex 44.6947 19 36.4469
      vertex 43.8908 19 39.5532
      vertex 43.8301 19 39
    endloop
  endfacet
  facet normal 0 -1 -0
    outer loop
      vertex -43.4512 19 39.4444
      vertex -44.3053 19 36.3617
      vertex -43.4137 19 39
    endloop
  endfacet
  facet normal 0 -1 0
    outer loop
      vertex 44.6947 19 36.4469
      vertex 43.8301 19 39
      vertex -43.4137 19 39
    endloop
  endfacet
  facet normal 0 -1 0
    outer loop
      vertex 43.8908 19 39.5532
      vertex 44.6947 19 36.4469
      vertex 55.8192 19 38.2438
    endloop
  endfacet
  facet normal 0 -1 0
    outer loop
      vertex 55.8192 19 38.2438
      vertex 54.684 19 35.3504
      vertex 55.7311 19 37.442
    endloop
  endfacet
  facet normal 0 -1 0
    outer loop
      vertex 54.684 19 35.3504
      vertex 56.3204 19 37.9929
      vertex 55.7311 19 37.442
    endloop
  endfacet
  facet normal 0 -1 0
    outer loop
      vertex 54.684 19 35.3504
      vertex 64.5157 19 29.2272
      vertex 56.3204 19 37.9929
    endloop
  endfacet
  facet normal 0 -1 0
    outer loop
      vertex 61.7692 19 27.772
      vertex 64.5157 19 29.2272
      vertex 54.684 19 35.3504
    endloop
  endfacet
  facet normal 0 -1 0
    outer loop
      vertex 64.5157 19 29.2272
      vertex 61.7692 19 27.772
      vertex 63.9265 19 28.6763
    endloop
  endfacet
  facet normal 0 -1 0
    outer loop
      vertex 44.6947 19 36
      vertex -43.4137 19 39
      vertex -44.3053 19 36
    endloop
  endfacet
  facet normal 0 -1 0
    outer loop
      vertex -43.4137 19 39
      vertex 44.6947 19 36
      vertex 44.6947 19 36.4469
    endloop
  endfacet
  facet normal 0 -1 0
    outer loop
      vertex 61.7692 19 27.772
      vertex 64.7324 19 28.7103
      vertex 63.9265 19 28.6763
    endloop
  endfacet
  facet normal 0 -1 0
    outer loop
      vertex 62.2059 19 17.4066
      vertex 64.7324 19 28.7103
      vertex 61.7692 19 27.772
    endloop
  endfacet
  facet normal 0 -1 0
    outer loop
      vertex 62.2059 19 17.4066
      vertex 65.2375 19 16.7209
      vertex 64.7324 19 28.7103
    endloop
  endfacet
  facet normal 0 -1 0
    outer loop
      vertex 62.2059 19 17.4066
      vertex 64.4316 19 16.687
      vertex 65.2375 19 16.7209
    endloop
  endfacet
  facet normal 0 -1 0
    outer loop
      vertex 62.2059 19 17.4066
      vertex 65.0651 19 16.1876
      vertex 64.4316 19 16.687
    endloop
  endfacet
  facet normal 0 -1 0
    outer loop
      vertex 55.7832 19 9.25915
      vertex 65.0651 19 16.1876
      vertex 62.2059 19 17.4066
    endloop
  endfacet
  facet normal 0 -1 0
    outer loop
      vertex 57.0026 19 7.26303
      vertex 55.7832 19 9.25915
      vertex 46 19 7.34161
    endloop
  endfacet
  facet normal 0 -1 0
    outer loop
      vertex 57.6361 19 6.76367
      vertex 55.7832 19 9.25915
      vertex 57.0026 19 7.26303
    endloop
  endfacet
  facet normal 0 -1 0
    outer loop
      vertex 55.7832 19 9.25915
      vertex 57.6361 19 6.76367
      vertex 65.0651 19 16.1876
    endloop
  endfacet
  facet normal 0 1 0
    outer loop
      vertex -44.3053 37 36
      vertex -43.4137 37 39
      vertex 44.6947 37 36
    endloop
  endfacet
  facet normal 0 1 0
    outer loop
      vertex -43.4137 37 39
      vertex -44.3053 37 36
      vertex -44.3053 37 36.3617
    endloop
  endfacet
  facet normal 0 1 0
    outer loop
      vertex 55.8192 37 38.2438
      vertex 54.684 37 35.3504
      vertex 44.6947 37 36.4469
    endloop
  endfacet
  facet normal 0 1 0
    outer loop
      vertex 56.3204 37 37.9929
      vertex 54.684 37 35.3504
      vertex 55.7311 37 37.442
    endloop
  endfacet
  facet normal 0 1 0
    outer loop
      vertex 64.5157 37 29.2272
      vertex 54.684 37 35.3504
      vertex 56.3204 37 37.9929
    endloop
  endfacet
  facet normal 0 1 0
    outer loop
      vertex 61.7692 37 27.772
      vertex 64.5157 37 29.2272
      vertex 63.9265 37 28.6763
    endloop
  endfacet
  facet normal 0 1 0
    outer loop
      vertex 64.5157 37 29.2272
      vertex 61.7692 37 27.772
      vertex 54.684 37 35.3504
    endloop
  endfacet
  facet normal 0 1 0
    outer loop
      vertex 44.6947 37 36
      vertex -43.4137 37 39
      vertex 43.8301 37 39
    endloop
  endfacet
  facet normal 0 1 -0
    outer loop
      vertex 44.6947 37 36.4469
      vertex 43.8908 37 39.5532
      vertex 55.8192 37 38.2438
    endloop
  endfacet
  facet normal 0 1 0
    outer loop
      vertex 43.8908 37 39.5532
      vertex 44.6947 37 36.4469
      vertex 43.8301 37 39
    endloop
  endfacet
  facet normal 0 1 -0
    outer loop
      vertex 44.6947 37 36
      vertex 43.8301 37 39
      vertex 44.6947 37 36.4469
    endloop
  endfacet
  facet normal 0 1 0
    outer loop
      vertex 54.684 37 35.3504
      vertex 55.8192 37 38.2438
      vertex 55.7311 37 37.442
    endloop
  endfacet
  facet normal 0 1 0
    outer loop
      vertex -43.4512 37 39.4444
      vertex -43.4137 37 39
      vertex -55.4087 37 38.4351
    endloop
  endfacet
  facet normal 0 1 0
    outer loop
      vertex -43.4137 37 39
      vertex -44.3053 37 36.3617
      vertex -55.4087 37 38.4351
    endloop
  endfacet
  facet normal 0 1 -0
    outer loop
      vertex -54.3465 37 35.5141
      vertex -55.4087 37 38.4351
      vertex -44.3053 37 36.3617
    endloop
  endfacet
  facet normal 0 1 0
    outer loop
      vertex -55.4087 37 38.4351
      vertex -54.3465 37 35.5141
      vertex -55.3408 37 37.6313
    endloop
  endfacet
  facet normal 0 1 0
    outer loop
      vertex -54.3465 37 35.5141
      vertex -55.916 37 38.1968
      vertex -55.3408 37 37.6313
    endloop
  endfacet
  facet normal 0 1 0
    outer loop
      vertex -54.3465 37 35.5141
      vertex -64.3289 37 29.6398
      vertex -55.916 37 38.1968
    endloop
  endfacet
  facet normal 0 1 -0
    outer loop
      vertex -61.6199 37 28.1161
      vertex -64.3289 37 29.6398
      vertex -54.3465 37 35.5141
    endloop
  endfacet
  facet normal 0 1 0
    outer loop
      vertex -64.3289 37 29.6398
      vertex -61.6199 37 28.1161
      vertex -63.7537 37 29.0743
    endloop
  endfacet
  facet normal 0 1 0
    outer loop
      vertex -61.6199 37 28.1161
      vertex -64.5585 37 29.1285
      vertex -63.7537 37 29.0743
    endloop
  endfacet
  facet normal 0 1 -0
    outer loop
      vertex -62.3168 37 17.7649
      vertex -64.5585 37 29.1285
      vertex -61.6199 37 28.1161
    endloop
  endfacet
  facet normal 0 1 0
    outer loop
      vertex -62.3168 37 17.7649
      vertex -65.3647 37 17.1556
      vertex -64.5585 37 29.1285
    endloop
  endfacet
  facet normal 0 1 0
    outer loop
      vertex -62.3168 37 17.7649
      vertex -64.5599 37 17.1014
      vertex -65.3647 37 17.1556
    endloop
  endfacet
  facet normal 0 1 0
    outer loop
      vertex -62.3168 37 17.7649
      vertex -65.2057 37 16.6181
      vertex -64.5599 37 17.1014
    endloop
  endfacet
  facet normal 0 1 -0
    outer loop
      vertex -58.0158 37 7.01052
      vertex -62.3168 37 17.7649
      vertex -55.6139 37 8.808
    endloop
  endfacet
  facet normal 0 1 0
    outer loop
      vertex -62.3168 37 17.7649
      vertex -58.0158 37 7.01052
      vertex -65.2057 37 16.6181
    endloop
  endfacet
  facet normal 0 1 0
    outer loop
      vertex 46 37 7.34161
      vertex 45.3819 37 4.16337
      vertex 45.2179 37 5
    endloop
  endfacet
  facet normal 0 1 0
    outer loop
      vertex 64.7324 37 28.7103
      vertex 61.7692 37 27.772
      vertex 63.9265 37 28.6763
    endloop
  endfacet
  facet normal 0 1 0
    outer loop
      vertex 64.7324 37 28.7103
      vertex 62.2059 37 17.4066
      vertex 61.7692 37 27.772
    endloop
  endfacet
  facet normal 0 1 0
    outer loop
      vertex 65.2375 37 16.7209
      vertex 62.2059 37 17.4066
      vertex 64.7324 37 28.7103
    endloop
  endfacet
  facet normal 0 1 -0
    outer loop
      vertex 64.4316 37 16.687
      vertex 62.2059 37 17.4066
      vertex 65.2375 37 16.7209
    endloop
  endfacet
  facet normal 0 1 0
    outer loop
      vertex 65.0651 37 16.1876
      vertex 62.2059 37 17.4066
      vertex 64.4316 37 16.687
    endloop
  endfacet
  facet normal 0 1 0
    outer loop
      vertex 65.0651 37 16.1876
      vertex 55.7832 37 9.25915
      vertex 62.2059 37 17.4066
    endloop
  endfacet
  facet normal 0 1 0
    outer loop
      vertex 57.1578 37 6.47148
      vertex 55.7832 37 9.25915
      vertex 57.0026 37 7.26303
    endloop
  endfacet
  facet normal 0 1 -0
    outer loop
      vertex 57.6361 37 6.76367
      vertex 55.7832 37 9.25915
      vertex 65.0651 37 16.1876
    endloop
  endfacet
  facet normal 0 1 0
    outer loop
      vertex 55.7832 37 9.25915
      vertex 57.6361 37 6.76367
      vertex 57.0026 37 7.26303
    endloop
  endfacet
  facet normal 0 1 0
    outer loop
      vertex 45.2179 37 5
      vertex 46 37 8
      vertex 46 37 7.34161
    endloop
  endfacet
  facet normal 0 1 0
    outer loop
      vertex 55.7832 37 9.25915
      vertex 57.1578 37 6.47148
      vertex 46 37 7.34161
    endloop
  endfacet
  facet normal 0 1 0
    outer loop
      vertex 45.3819 37 4.16337
      vertex 46 37 7.34161
      vertex 57.1578 37 6.47148
    endloop
  endfacet
  facet normal 0 1 0
    outer loop
      vertex 46 37 8
      vertex 45.2179 37 5
      vertex -54 37 8
    endloop
  endfacet
  facet normal 0 1 0
    outer loop
      vertex -54 37 8
      vertex 45.2179 37 5
      vertex -54 37 5
    endloop
  endfacet
  facet normal -1 0 0
    outer loop
      vertex -52.5 25 8
      vertex -52.5 31 10.8821
      vertex -52.5 31 8
    endloop
  endfacet
  facet normal -1 -0 0
    outer loop
      vertex -52.5 31 10.8821
      vertex -52.5 25 8
      vertex -52.5 25 10.8821
    endloop
  endfacet
  facet normal 1 -0 0
    outer loop
      vertex -43.5 25 10.8821
      vertex -43.5 31 8
      vertex -43.5 31 10.8821
    endloop
  endfacet
  facet normal 1 0 0
    outer loop
      vertex -43.5 31 8
      vertex -43.5 25 10.8821
      vertex -43.5 25 8
    endloop
  endfacet
  facet normal 0 -1 -0
    outer loop
      vertex -49.5663 25 10.1027
      vertex -52.5 25 8
      vertex -48 25 10
    endloop
  endfacet
  facet normal 0 -1 -0
    outer loop
      vertex -51.1058 25 10.4089
      vertex -52.5 25 8
      vertex -49.5663 25 10.1027
    endloop
  endfacet
  facet normal 0 -1 0
    outer loop
      vertex -52.5 25 8
      vertex -51.1058 25 10.4089
      vertex -52.5 25 10.8821
    endloop
  endfacet
  facet normal 0 -1 0
    outer loop
      vertex -43.5 25 8
      vertex -48 25 10
      vertex -52.5 25 8
    endloop
  endfacet
  facet normal 0 -1 0
    outer loop
      vertex -48 25 10
      vertex -43.5 25 8
      vertex -46.4337 25 10.1027
    endloop
  endfacet
  facet normal 0 -1 0
    outer loop
      vertex -44.8942 25 10.4089
      vertex -43.5 25 8
      vertex -43.5 25 10.8821
    endloop
  endfacet
  facet normal 0 -1 0
    outer loop
      vertex -46.4337 25 10.1027
      vertex -43.5 25 8
      vertex -44.8942 25 10.4089
    endloop
  endfacet
  facet normal 0 1 0
    outer loop
      vertex -46.4337 31 10.1027
      vertex -43.5 31 8
      vertex -48 31 10
    endloop
  endfacet
  facet normal 0 1 0
    outer loop
      vertex -44.8942 31 10.4089
      vertex -43.5 31 8
      vertex -46.4337 31 10.1027
    endloop
  endfacet
  facet normal 0 1 -0
    outer loop
      vertex -43.5 31 8
      vertex -44.8942 31 10.4089
      vertex -43.5 31 10.8821
    endloop
  endfacet
  facet normal 0 1 0
    outer loop
      vertex -52.5 31 8
      vertex -48 31 10
      vertex -43.5 31 8
    endloop
  endfacet
  facet normal 0 1 0
    outer loop
      vertex -48 31 10
      vertex -52.5 31 8
      vertex -49.5663 31 10.1027
    endloop
  endfacet
  facet normal 0 1 0
    outer loop
      vertex -51.1058 31 10.4089
      vertex -52.5 31 8
      vertex -52.5 31 10.8821
    endloop
  endfacet
  facet normal 0 1 0
    outer loop
      vertex -49.5663 31 10.1027
      vertex -52.5 31 8
      vertex -51.1058 31 10.4089
    endloop
  endfacet
  facet normal -1 0 0
    outer loop
      vertex -41.5 25 8
      vertex -41.5 31 11
      vertex -41.5 31 8
    endloop
  endfacet
  facet normal -1 -0 0
    outer loop
      vertex -41.5 31 11
      vertex -41.5 25 8
      vertex -41.5 25 11
    endloop
  endfacet
  facet normal -0 0 1
    outer loop
      vertex -41.5 31 11
      vertex -35.4601 25 11
      vertex -35.4601 31 11
    endloop
  endfacet
  facet normal 0 0 1
    outer loop
      vertex -35.4601 25 11
      vertex -41.5 31 11
      vertex -41.5 25 11
    endloop
  endfacet
  facet normal 1 -0 0
    outer loop
      vertex -32.5 25 8.20577
      vertex -32.5 31 8
      vertex -32.5 31 8.20577
    endloop
  endfacet
  facet normal 1 0 0
    outer loop
      vertex -32.5 31 8
      vertex -32.5 25 8.20577
      vertex -32.5 25 8
    endloop
  endfacet
  facet normal 0 -1 0
    outer loop
      vertex -41.5 25 8
      vertex -35.4601 25 11
      vertex -41.5 25 11
    endloop
  endfacet
  facet normal 0 -1 -0
    outer loop
      vertex -35.4601 25 11
      vertex -41.5 25 8
      vertex -35.1402 25 10.5211
    endloop
  endfacet
  facet normal 0 -1 -0
    outer loop
      vertex -35.1402 25 10.5211
      vertex -41.5 25 8
      vertex -34.364 25 9.63604
    endloop
  endfacet
  facet normal 0 -1 -0
    outer loop
      vertex -34.364 25 9.63604
      vertex -41.5 25 8
      vertex -33.4789 25 8.85982
    endloop
  endfacet
  facet normal 0 -1 0
    outer loop
      vertex -32.5 25 8
      vertex -33.4789 25 8.85982
      vertex -41.5 25 8
    endloop
  endfacet
  facet normal 0 -1 0
    outer loop
      vertex -33.4789 25 8.85982
      vertex -32.5 25 8
      vertex -32.5 25 8.20577
    endloop
  endfacet
  facet normal 0 1 0
    outer loop
      vertex -41.5 31 8
      vertex -35.4601 31 11
      vertex -35.1402 31 10.5211
    endloop
  endfacet
  facet normal 0 1 0
    outer loop
      vertex -41.5 31 8
      vertex -35.1402 31 10.5211
      vertex -34.364 31 9.63604
    endloop
  endfacet
  facet normal 0 1 0
    outer loop
      vertex -41.5 31 8
      vertex -34.364 31 9.63604
      vertex -33.4789 31 8.85982
    endloop
  endfacet
  facet normal 0 1 -0
    outer loop
      vertex -32.5 31 8
      vertex -33.4789 31 8.85982
      vertex -32.5 31 8.20577
    endloop
  endfacet
  facet normal 0 1 0
    outer loop
      vertex -33.4789 31 8.85982
      vertex -32.5 31 8
      vertex -41.5 31 8
    endloop
  endfacet
  facet normal 0 1 0
    outer loop
      vertex -35.4601 31 11
      vertex -41.5 31 8
      vertex -41.5 31 11
    endloop
  endfacet
  facet normal -1 0 0
    outer loop
      vertex -30.5 25 10.001
      vertex -30.5 31 10.5657
      vertex -30.5 31 10.001
    endloop
  endfacet
  facet normal -1 -0 0
    outer loop
      vertex -30.5 31 10.5657
      vertex -30.5 25 10.001
      vertex -30.5 25 10.5657
    endloop
  endfacet
  facet normal -0 0 1
    outer loop
      vertex -24.6875 31 11
      vertex -23.8643 25 11
      vertex -23.8643 31 11
    endloop
  endfacet
  facet normal 0 0 1
    outer loop
      vertex -23.8643 25 11
      vertex -24.6875 31 11
      vertex -24.6875 25 11
    endloop
  endfacet
  facet normal 1 -0 0
    outer loop
      vertex -21.5 25 9.79116
      vertex -21.5 31 8
      vertex -21.5 31 9.79116
    endloop
  endfacet
  facet normal 1 0 0
    outer loop
      vertex -21.5 31 8
      vertex -21.5 25 9.79116
      vertex -21.5 25 8
    endloop
  endfacet
  facet normal 0 -1 0
    outer loop
      vertex -21.636 25 9.63604
      vertex -21.5 25 8
      vertex -21.5 25 9.79116
    endloop
  endfacet
  facet normal 0 -1 0
    outer loop
      vertex -22.5211 25 8.85982
      vertex -21.5 25 8
      vertex -21.636 25 9.63604
    endloop
  endfacet
  facet normal 0 -1 0
    outer loop
      vertex -23.5 25 8.20577
      vertex -21.5 25 8
      vertex -22.5211 25 8.85982
    endloop
  endfacet
  facet normal 0 -1 0
    outer loop
      vertex -21.5 25 8
      vertex -23.5 25 8.20577
      vertex -23.9173 25 8
    endloop
  endfacet
  facet normal 0 -1 0
    outer loop
      vertex -30.5 25 10.001
      vertex -30.2961 25 10.4567
      vertex -30.5 25 10.5657
    endloop
  endfacet
  facet normal 0 -1 0
    outer loop
      vertex -30.4874 25 9.99478
      vertex -30.2961 25 10.4567
      vertex -30.5 25 10.001
    endloop
  endfacet
  facet normal 0 -1 0
    outer loop
      vertex -29.6823 25 9.72148
      vertex -30.2961 25 10.4567
      vertex -30.4874 25 9.99478
    endloop
  endfacet
  facet normal 0 -1 0
    outer loop
      vertex -30.2961 25 10.4567
      vertex -29.6823 25 9.72148
      vertex -29.1705 25 10.1153
    endloop
  endfacet
  facet normal 0 -1 0
    outer loop
      vertex -24.6875 25 11
      vertex -24.0431 25 10.8432
      vertex -23.8643 25 11
    endloop
  endfacet
  facet normal 0 -1 0
    outer loop
      vertex -24.75 25 10.3708
      vertex -24.6875 25 11
      vertex -25.7039 25 10.4567
    endloop
  endfacet
  facet normal 0 -1 -0
    outer loop
      vertex -24.6875 25 11
      vertex -24.75 25 10.3708
      vertex -24.0431 25 10.8432
    endloop
  endfacet
  facet normal 0 -1 0
    outer loop
      vertex -26.3177 25 9.72148
      vertex -25.7039 25 10.4567
      vertex -26.8295 25 10.1153
    endloop
  endfacet
  facet normal 0 -1 0
    outer loop
      vertex -25.7039 25 10.4567
      vertex -25.5126 25 9.99478
      vertex -24.75 25 10.3708
    endloop
  endfacet
  facet normal 0 -1 0
    outer loop
      vertex -27.1516 25 9.55561
      vertex -26.8295 25 10.1153
      vertex -28 25 10
    endloop
  endfacet
  facet normal 0 -1 0
    outer loop
      vertex -28.8484 25 9.55561
      vertex -29.1705 25 10.1153
      vertex -29.6823 25 9.72148
    endloop
  endfacet
  facet normal 0 -1 0
    outer loop
      vertex -29.1705 25 10.1153
      vertex -28.8484 25 9.55561
      vertex -28 25 10
    endloop
  endfacet
  facet normal 0 -1 -0
    outer loop
      vertex -25.7039 25 10.4567
      vertex -26.3177 25 9.72148
      vertex -25.5126 25 9.99478
    endloop
  endfacet
  facet normal 0 -1 0
    outer loop
      vertex -28 25 9.5
      vertex -28 25 10
      vertex -28.8484 25 9.55561
    endloop
  endfacet
  facet normal 0 -1 -0
    outer loop
      vertex -26.8295 25 10.1153
      vertex -27.1516 25 9.55561
      vertex -26.3177 25 9.72148
    endloop
  endfacet
  facet normal 0 -1 0
    outer loop
      vertex -28 25 10
      vertex -28 25 9.5
      vertex -27.1516 25 9.55561
    endloop
  endfacet
  facet normal 0 1 -0
    outer loop
      vertex -21.5 31 8
      vertex -21.636 31 9.63604
      vertex -21.5 31 9.79116
    endloop
  endfacet
  facet normal 0 1 0
    outer loop
      vertex -21.5 31 8
      vertex -22.5211 31 8.85982
      vertex -21.636 31 9.63604
    endloop
  endfacet
  facet normal 0 1 0
    outer loop
      vertex -21.5 31 8
      vertex -23.5 31 8.20577
      vertex -22.5211 31 8.85982
    endloop
  endfacet
  facet normal 0 1 0
    outer loop
      vertex -23.5 31 8.20577
      vertex -21.5 31 8
      vertex -23.9173 31 8
    endloop
  endfacet
  facet normal 0 1 -0
    outer loop
      vertex -24.0431 31 10.8432
      vertex -24.6875 31 11
      vertex -23.8643 31 11
    endloop
  endfacet
  facet normal 0 1 0
    outer loop
      vertex -24.75 31 10.3708
      vertex -24.6875 31 11
      vertex -24.0431 31 10.8432
    endloop
  endfacet
  facet normal 0 1 0
    outer loop
      vertex -24.6875 31 11
      vertex -24.75 31 10.3708
      vertex -25.7039 31 10.4567
    endloop
  endfacet
  facet normal 0 1 -0
    outer loop
      vertex -25.5126 31 9.99478
      vertex -25.7039 31 10.4567
      vertex -24.75 31 10.3708
    endloop
  endfacet
  facet normal 0 1 0
    outer loop
      vertex -25.7039 31 10.4567
      vertex -26.3177 31 9.72148
      vertex -26.8295 31 10.1153
    endloop
  endfacet
  facet normal 0 1 0
    outer loop
      vertex -26.3177 31 9.72148
      vertex -25.7039 31 10.4567
      vertex -25.5126 31 9.99478
    endloop
  endfacet
  facet normal 0 1 0
    outer loop
      vertex -30.2961 31 10.4567
      vertex -30.5 31 10.001
      vertex -30.5 31 10.5657
    endloop
  endfacet
  facet normal 0 1 -0
    outer loop
      vertex -29.6823 31 9.72148
      vertex -30.2961 31 10.4567
      vertex -29.1705 31 10.1153
    endloop
  endfacet
  facet normal 0 1 -0
    outer loop
      vertex -28.8484 31 9.55561
      vertex -29.1705 31 10.1153
      vertex -28 31 10
    endloop
  endfacet
  facet normal 0 1 0
    outer loop
      vertex -27.1516 31 9.55561
      vertex -26.8295 31 10.1153
      vertex -26.3177 31 9.72148
    endloop
  endfacet
  facet normal 0 1 0
    outer loop
      vertex -26.8295 31 10.1153
      vertex -27.1516 31 9.55561
      vertex -28 31 10
    endloop
  endfacet
  facet normal 0 1 0
    outer loop
      vertex -30.2961 31 10.4567
      vertex -29.6823 31 9.72148
      vertex -30.4874 31 9.99478
    endloop
  endfacet
  facet normal 0 1 0
    outer loop
      vertex -30.2961 31 10.4567
      vertex -30.4874 31 9.99478
      vertex -30.5 31 10.001
    endloop
  endfacet
  facet normal 0 1 0
    outer loop
      vertex -28 31 9.5
      vertex -28 31 10
      vertex -27.1516 31 9.55561
    endloop
  endfacet
  facet normal 0 1 0
    outer loop
      vertex -29.1705 31 10.1153
      vertex -28.8484 31 9.55561
      vertex -29.6823 31 9.72148
    endloop
  endfacet
  facet normal 0 1 0
    outer loop
      vertex -28 31 10
      vertex -28 31 9.5
      vertex -28.8484 31 9.55561
    endloop
  endfacet
  facet normal -1 0 0
    outer loop
      vertex -19.5 25 8
      vertex -19.5 31 11
      vertex -19.5 31 8
    endloop
  endfacet
  facet normal -1 -0 0
    outer loop
      vertex -19.5 31 11
      vertex -19.5 25 8
      vertex -19.5 25 11
    endloop
  endfacet
  facet normal -0 0 1
    outer loop
      vertex -19.5 31 11
      vertex -15.4601 25 11
      vertex -15.4601 31 11
    endloop
  endfacet
  facet normal 0 0 1
    outer loop
      vertex -15.4601 25 11
      vertex -19.5 31 11
      vertex -19.5 25 11
    endloop
  endfacet
  facet normal -0 0 1
    outer loop
      vertex -12.1357 31 11
      vertex -11.3125 25 11
      vertex -11.3125 31 11
    endloop
  endfacet
  facet normal 0 0 1
    outer loop
      vertex -11.3125 25 11
      vertex -12.1357 31 11
      vertex -12.1357 25 11
    endloop
  endfacet
  facet normal 1 -0 0
    outer loop
      vertex -10.5 25 10.5657
      vertex -10.5 31 10.001
      vertex -10.5 31 10.5657
    endloop
  endfacet
  facet normal 1 0 0
    outer loop
      vertex -10.5 31 10.001
      vertex -10.5 25 10.5657
      vertex -10.5 25 10.001
    endloop
  endfacet
  facet normal 0 -1 0
    outer loop
      vertex -19.5 25 8
      vertex -15.4601 25 11
      vertex -19.5 25 11
    endloop
  endfacet
  facet normal 0 -1 -0
    outer loop
      vertex -15.4601 25 11
      vertex -19.5 25 8
      vertex -15.1402 25 10.5211
    endloop
  endfacet
  facet normal 0 -1 -0
    outer loop
      vertex -15.1402 25 10.5211
      vertex -19.5 25 8
      vertex -14.364 25 9.63604
    endloop
  endfacet
  facet normal 0 -1 -0
    outer loop
      vertex -14.364 25 9.63604
      vertex -19.5 25 8
      vertex -13.4789 25 8.85982
    endloop
  endfacet
  facet normal 0 -1 -0
    outer loop
      vertex -13.4789 25 8.85982
      vertex -19.5 25 8
      vertex -12.5 25 8.20577
    endloop
  endfacet
  facet normal 0 -1 -0
    outer loop
      vertex -12.5 25 8.20577
      vertex -19.5 25 8
      vertex -12.0827 25 8
    endloop
  endfacet
  facet normal 0 -1 0
    outer loop
      vertex -11.9569 25 10.8432
      vertex -11.3125 25 11
      vertex -12.1357 25 11
    endloop
  endfacet
  facet normal 0 -1 0
    outer loop
      vertex -11.25 25 10.3708
      vertex -11.3125 25 11
      vertex -11.9569 25 10.8432
    endloop
  endfacet
  facet normal 0 -1 0
    outer loop
      vertex -11.3125 25 11
      vertex -11.25 25 10.3708
      vertex -10.5 25 10.5657
    endloop
  endfacet
  facet normal 0 -1 -0
    outer loop
      vertex -10.5 25 10.5657
      vertex -11.25 25 10.3708
      vertex -10.5 25 10.001
    endloop
  endfacet
  facet normal 0 1 0
    outer loop
      vertex -19.5 31 8
      vertex -15.4601 31 11
      vertex -15.1402 31 10.5211
    endloop
  endfacet
  facet normal 0 1 0
    outer loop
      vertex -19.5 31 8
      vertex -15.1402 31 10.5211
      vertex -14.364 31 9.63604
    endloop
  endfacet
  facet normal 0 1 0
    outer loop
      vertex -19.5 31 8
      vertex -14.364 31 9.63604
      vertex -13.4789 31 8.85982
    endloop
  endfacet
  facet normal 0 1 0
    outer loop
      vertex -19.5 31 8
      vertex -13.4789 31 8.85982
      vertex -12.5 31 8.20577
    endloop
  endfacet
  facet normal 0 1 0
    outer loop
      vertex -19.5 31 8
      vertex -12.5 31 8.20577
      vertex -12.0827 31 8
    endloop
  endfacet
  facet normal 0 1 0
    outer loop
      vertex -15.4601 31 11
      vertex -19.5 31 8
      vertex -19.5 31 11
    endloop
  endfacet
  facet normal 0 1 0
    outer loop
      vertex -11.3125 31 11
      vertex -11.9569 31 10.8432
      vertex -12.1357 31 11
    endloop
  endfacet
  facet normal 0 1 -0
    outer loop
      vertex -11.25 31 10.3708
      vertex -11.3125 31 11
      vertex -10.5 31 10.5657
    endloop
  endfacet
  facet normal 0 1 0
    outer loop
      vertex -11.3125 31 11
      vertex -11.25 31 10.3708
      vertex -11.9569 31 10.8432
    endloop
  endfacet
  facet normal -0 1 0
    outer loop
      vertex -11.25 31 10.3708
      vertex -10.5 31 10.5657
      vertex -10.5 31 10.001
    endloop
  endfacet
  facet normal -1 0 0
    outer loop
      vertex -8.5 25 9.53277
      vertex -8.5 31 10.0492
      vertex -8.5 31 9.53277
    endloop
  endfacet
  facet normal -1 -0 0
    outer loop
      vertex -8.5 31 10.0492
      vertex -8.5 25 9.53277
      vertex -8.5 25 10.0492
    endloop
  endfacet
  facet normal -0 0 1
    outer loop
      vertex -0.539861 31 11
      vertex 0.5 25 11
      vertex 0.5 31 11
    endloop
  endfacet
  facet normal 0 0 1
    outer loop
      vertex 0.5 25 11
      vertex -0.539861 31 11
      vertex -0.539861 25 11
    endloop
  endfacet
  facet normal -0 0 1
    outer loop
      vertex -4.6875 31 11
      vertex -3.86426 25 11
      vertex -3.86426 31 11
    endloop
  endfacet
  facet normal 0 0 1
    outer loop
      vertex -3.86426 25 11
      vertex -4.6875 31 11
      vertex -4.6875 25 11
    endloop
  endfacet
  facet normal 1 -0 0
    outer loop
      vertex 0.5 25 11
      vertex 0.5 31 8
      vertex 0.5 31 11
    endloop
  endfacet
  facet normal 1 0 0
    outer loop
      vertex 0.5 31 8
      vertex 0.5 25 11
      vertex 0.5 25 8
    endloop
  endfacet
  facet normal 0 -1 0
    outer loop
      vertex -0.85982 25 10.5211
      vertex 0.5 25 11
      vertex -0.539861 25 11
    endloop
  endfacet
  facet normal 0 -1 0
    outer loop
      vertex 0.5 25 8
      vertex -0.85982 25 10.5211
      vertex -1.63604 25 9.63604
    endloop
  endfacet
  facet normal 0 -1 0
    outer loop
      vertex 0.5 25 8
      vertex -1.63604 25 9.63604
      vertex -2.52115 25 8.85982
    endloop
  endfacet
  facet normal 0 -1 0
    outer loop
      vertex -0.85982 25 10.5211
      vertex 0.5 25 8
      vertex 0.5 25 11
    endloop
  endfacet
  facet normal 0 -1 0
    outer loop
      vertex -3.5 25 8.20577
      vertex 0.5 25 8
      vertex -2.52115 25 8.85982
    endloop
  endfacet
  facet normal 0 -1 0
    outer loop
      vertex 0.5 25 8
      vertex -3.5 25 8.20577
      vertex -3.91726 25 8
    endloop
  endfacet
  facet normal 0 -1 -0
    outer loop
      vertex -5.7039 25 10.4567
      vertex -6.31768 25 9.72148
      vertex -5.51256 25 9.99478
    endloop
  endfacet
  facet normal 0 -1 0
    outer loop
      vertex -8.5 25 9.53277
      vertex -8 25 10
      vertex -8.5 25 10.0492
    endloop
  endfacet
  facet normal 0 -1 -0
    outer loop
      vertex -6.82946 25 10.1153
      vertex -7.15158 25 9.55561
      vertex -6.31768 25 9.72148
    endloop
  endfacet
  facet normal 0 -1 -0
    outer loop
      vertex -8 25 10
      vertex -8.5 25 9.53277
      vertex -8 25 9.5
    endloop
  endfacet
  facet normal 0 -1 0
    outer loop
      vertex -8 25 10
      vertex -8 25 9.5
      vertex -7.15158 25 9.55561
    endloop
  endfacet
  facet normal 0 -1 0
    outer loop
      vertex -4.6875 25 11
      vertex -4.04305 25 10.8432
      vertex -3.86426 25 11
    endloop
  endfacet
  facet normal 0 -1 0
    outer loop
      vertex -4.75 25 10.3708
      vertex -4.6875 25 11
      vertex -5.7039 25 10.4567
    endloop
  endfacet
  facet normal 0 -1 -0
    outer loop
      vertex -4.6875 25 11
      vertex -4.75 25 10.3708
      vertex -4.04305 25 10.8432
    endloop
  endfacet
  facet normal 0 -1 0
    outer loop
      vertex -6.31768 25 9.72148
      vertex -5.7039 25 10.4567
      vertex -6.82946 25 10.1153
    endloop
  endfacet
  facet normal 0 -1 0
    outer loop
      vertex -5.7039 25 10.4567
      vertex -5.51256 25 9.99478
      vertex -4.75 25 10.3708
    endloop
  endfacet
  facet normal 0 -1 0
    outer loop
      vertex -7.15158 25 9.55561
      vertex -6.82946 25 10.1153
      vertex -8 25 10
    endloop
  endfacet
  facet normal 0 1 0
    outer loop
      vertex 0.5 31 11
      vertex -0.85982 31 10.5211
      vertex -0.539861 31 11
    endloop
  endfacet
  facet normal 0 1 -0
    outer loop
      vertex 0.5 31 8
      vertex -0.85982 31 10.5211
      vertex 0.5 31 11
    endloop
  endfacet
  facet normal 0 1 0
    outer loop
      vertex -0.85982 31 10.5211
      vertex 0.5 31 8
      vertex -1.63604 31 9.63604
    endloop
  endfacet
  facet normal 0 1 0
    outer loop
      vertex -1.63604 31 9.63604
      vertex 0.5 31 8
      vertex -2.52115 31 8.85982
    endloop
  endfacet
  facet normal 0 1 0
    outer loop
      vertex 0.5 31 8
      vertex -3.5 31 8.20577
      vertex -2.52115 31 8.85982
    endloop
  endfacet
  facet normal 0 1 0
    outer loop
      vertex -3.5 31 8.20577
      vertex 0.5 31 8
      vertex -3.91726 31 8
    endloop
  endfacet
  facet normal 0 1 -0
    outer loop
      vertex -4.04305 31 10.8432
      vertex -4.6875 31 11
      vertex -3.86426 31 11
    endloop
  endfacet
  facet normal 0 1 0
    outer loop
      vertex -4.75 31 10.3708
      vertex -4.6875 31 11
      vertex -4.04305 31 10.8432
    endloop
  endfacet
  facet normal 0 1 0
    outer loop
      vertex -4.6875 31 11
      vertex -4.75 31 10.3708
      vertex -5.7039 31 10.4567
    endloop
  endfacet
  facet normal 0 1 -0
    outer loop
      vertex -5.51256 31 9.99478
      vertex -5.7039 31 10.4567
      vertex -4.75 31 10.3708
    endloop
  endfacet
  facet normal 0 1 0
    outer loop
      vertex -5.7039 31 10.4567
      vertex -6.31768 31 9.72148
      vertex -6.82946 31 10.1153
    endloop
  endfacet
  facet normal 0 1 0
    outer loop
      vertex -6.31768 31 9.72148
      vertex -5.7039 31 10.4567
      vertex -5.51256 31 9.99478
    endloop
  endfacet
  facet normal 0 1 0
    outer loop
      vertex -7.15158 31 9.55561
      vertex -6.82946 31 10.1153
      vertex -6.31768 31 9.72148
    endloop
  endfacet
  facet normal 0 1 0
    outer loop
      vertex -6.82946 31 10.1153
      vertex -7.15158 31 9.55561
      vertex -8 31 10
    endloop
  endfacet
  facet normal 0 1 0
    outer loop
      vertex -8 31 9.5
      vertex -8 31 10
      vertex -7.15158 31 9.55561
    endloop
  endfacet
  facet normal -0 1 0
    outer loop
      vertex -8.5 31 9.53277
      vertex -8 31 10
      vertex -8 31 9.5
    endloop
  endfacet
  facet normal 0 1 0
    outer loop
      vertex -8 31 10
      vertex -8.5 31 9.53277
      vertex -8.5 31 10.0492
    endloop
  endfacet
  facet normal -1 0 0
    outer loop
      vertex 2.5 25 8
      vertex 2.5 31 8.87837
      vertex 2.5 31 8
    endloop
  endfacet
  facet normal -1 -0 0
    outer loop
      vertex 2.5 31 8.87837
      vertex 2.5 25 8
      vertex 2.5 25 8.87837
    endloop
  endfacet
  facet normal -0 0 1
    outer loop
      vertex 11.3125 31 11
      vertex 11.5 25 11
      vertex 11.5 31 11
    endloop
  endfacet
  facet normal 0 0 1
    outer loop
      vertex 11.5 25 11
      vertex 11.3125 31 11
      vertex 11.3125 25 11
    endloop
  endfacet
  facet normal -0 0 1
    outer loop
      vertex 3.86426 31 11
      vertex 4.6875 25 11
      vertex 4.6875 31 11
    endloop
  endfacet
  facet normal 0 0 1
    outer loop
      vertex 4.6875 25 11
      vertex 3.86426 31 11
      vertex 3.86426 25 11
    endloop
  endfacet
  facet normal 1 -0 0
    outer loop
      vertex 11.5 25 11
      vertex 11.5 31 10.5379
      vertex 11.5 31 11
    endloop
  endfacet
  facet normal 1 0 0
    outer loop
      vertex 11.5 31 10.5379
      vertex 11.5 25 11
      vertex 11.5 25 10.5379
    endloop
  endfacet
  facet normal 0 -1 0
    outer loop
      vertex 4.04305 25 10.8432
      vertex 4.6875 25 11
      vertex 3.86426 25 11
    endloop
  endfacet
  facet normal 0 -1 0
    outer loop
      vertex 4.75 25 10.3708
      vertex 4.6875 25 11
      vertex 4.04305 25 10.8432
    endloop
  endfacet
  facet normal 0 -1 0
    outer loop
      vertex 4.6875 25 11
      vertex 4.75 25 10.3708
      vertex 5.7039 25 10.4567
    endloop
  endfacet
  facet normal 0 -1 0
    outer loop
      vertex 5.51256 25 9.99478
      vertex 5.7039 25 10.4567
      vertex 4.75 25 10.3708
    endloop
  endfacet
  facet normal 0 -1 0
    outer loop
      vertex 5.7039 25 10.4567
      vertex 6.31768 25 9.72148
      vertex 6.82946 25 10.1153
    endloop
  endfacet
  facet normal 0 -1 0
    outer loop
      vertex 6.31768 25 9.72148
      vertex 5.7039 25 10.4567
      vertex 5.51256 25 9.99478
    endloop
  endfacet
  facet normal 0 -1 0
    outer loop
      vertex 11.3125 25 11
      vertex 11.5 25 10.5379
      vertex 11.5 25 11
    endloop
  endfacet
  facet normal 0 -1 0
    outer loop
      vertex 11.25 25 10.3708
      vertex 11.3125 25 11
      vertex 10.2961 25 10.4567
    endloop
  endfacet
  facet normal 0 -1 -0
    outer loop
      vertex 11.3125 25 11
      vertex 11.25 25 10.3708
      vertex 11.5 25 10.5379
    endloop
  endfacet
  facet normal 0 -1 0
    outer loop
      vertex 9.68232 25 9.72148
      vertex 10.2961 25 10.4567
      vertex 9.17054 25 10.1153
    endloop
  endfacet
  facet normal 0 -1 0
    outer loop
      vertex 10.2961 25 10.4567
      vertex 10.4874 25 9.99478
      vertex 11.25 25 10.3708
    endloop
  endfacet
  facet normal 0 -1 0
    outer loop
      vertex 8.84842 25 9.55561
      vertex 9.17054 25 10.1153
      vertex 8 25 10
    endloop
  endfacet
  facet normal 0 -1 0
    outer loop
      vertex 7.15158 25 9.55561
      vertex 6.82946 25 10.1153
      vertex 6.31768 25 9.72148
    endloop
  endfacet
  facet normal 0 -1 0
    outer loop
      vertex 6.82946 25 10.1153
      vertex 7.15158 25 9.55561
      vertex 8 25 10
    endloop
  endfacet
  facet normal 0 -1 -0
    outer loop
      vertex 10.2961 25 10.4567
      vertex 9.68232 25 9.72148
      vertex 10.4874 25 9.99478
    endloop
  endfacet
  facet normal 0 -1 0
    outer loop
      vertex 8 25 9.5
      vertex 8 25 10
      vertex 7.15158 25 9.55561
    endloop
  endfacet
  facet normal 0 -1 -0
    outer loop
      vertex 9.17054 25 10.1153
      vertex 8.84842 25 9.55561
      vertex 9.68232 25 9.72148
    endloop
  endfacet
  facet normal 0 -1 0
    outer loop
      vertex 8 25 10
      vertex 8 25 9.5
      vertex 8.84842 25 9.55561
    endloop
  endfacet
  facet normal 0 -1 0
    outer loop
      vertex 2.5 25 8
      vertex 2.52115 25 8.85982
      vertex 2.5 25 8.87837
    endloop
  endfacet
  facet normal 0 -1 0
    outer loop
      vertex 2.5 25 8
      vertex 3.5 25 8.20577
      vertex 2.52115 25 8.85982
    endloop
  endfacet
  facet normal 0 -1 -0
    outer loop
      vertex 3.5 25 8.20577
      vertex 2.5 25 8
      vertex 3.91726 25 8
    endloop
  endfacet
  facet normal 0 1 -0
    outer loop
      vertex 11.5 31 10.5379
      vertex 11.3125 31 11
      vertex 11.5 31 11
    endloop
  endfacet
  facet normal 0 1 0
    outer loop
      vertex 11.25 31 10.3708
      vertex 11.3125 31 11
      vertex 11.5 31 10.5379
    endloop
  endfacet
  facet normal 0 1 0
    outer loop
      vertex 11.3125 31 11
      vertex 11.25 31 10.3708
      vertex 10.2961 31 10.4567
    endloop
  endfacet
  facet normal 0 1 -0
    outer loop
      vertex 10.4874 31 9.99478
      vertex 10.2961 31 10.4567
      vertex 11.25 31 10.3708
    endloop
  endfacet
  facet normal 0 1 0
    outer loop
      vertex 10.2961 31 10.4567
      vertex 9.68232 31 9.72148
      vertex 9.17054 31 10.1153
    endloop
  endfacet
  facet normal 0 1 0
    outer loop
      vertex 9.68232 31 9.72148
      vertex 10.2961 31 10.4567
      vertex 10.4874 31 9.99478
    endloop
  endfacet
  facet normal 0 1 0
    outer loop
      vertex 4.6875 31 11
      vertex 4.04305 31 10.8432
      vertex 3.86426 31 11
    endloop
  endfacet
  facet normal 0 1 -0
    outer loop
      vertex 4.75 31 10.3708
      vertex 4.6875 31 11
      vertex 5.7039 31 10.4567
    endloop
  endfacet
  facet normal 0 1 0
    outer loop
      vertex 4.6875 31 11
      vertex 4.75 31 10.3708
      vertex 4.04305 31 10.8432
    endloop
  endfacet
  facet normal 0 1 -0
    outer loop
      vertex 6.31768 31 9.72148
      vertex 5.7039 31 10.4567
      vertex 6.82946 31 10.1153
    endloop
  endfacet
  facet normal 0 1 0
    outer loop
      vertex 5.7039 31 10.4567
      vertex 5.51256 31 9.99478
      vertex 4.75 31 10.3708
    endloop
  endfacet
  facet normal 0 1 -0
    outer loop
      vertex 7.15158 31 9.55561
      vertex 6.82946 31 10.1153
      vertex 8 31 10
    endloop
  endfacet
  facet normal 0 1 0
    outer loop
      vertex 8.84842 31 9.55561
      vertex 9.17054 31 10.1153
      vertex 9.68232 31 9.72148
    endloop
  endfacet
  facet normal 0 1 0
    outer loop
      vertex 9.17054 31 10.1153
      vertex 8.84842 31 9.55561
      vertex 8 31 10
    endloop
  endfacet
  facet normal 0 1 0
    outer loop
      vertex 5.7039 31 10.4567
      vertex 6.31768 31 9.72148
      vertex 5.51256 31 9.99478
    endloop
  endfacet
  facet normal 0 1 0
    outer loop
      vertex 8 31 9.5
      vertex 8 31 10
      vertex 8.84842 31 9.55561
    endloop
  endfacet
  facet normal 0 1 0
    outer loop
      vertex 6.82946 31 10.1153
      vertex 7.15158 31 9.55561
      vertex 6.31768 31 9.72148
    endloop
  endfacet
  facet normal 0 1 0
    outer loop
      vertex 8 31 10
      vertex 8 31 9.5
      vertex 7.15158 31 9.55561
    endloop
  endfacet
  facet normal 0 1 0
    outer loop
      vertex 2.52115 31 8.85982
      vertex 2.5 31 8
      vertex 2.5 31 8.87837
    endloop
  endfacet
  facet normal 0 1 0
    outer loop
      vertex 3.5 31 8.20577
      vertex 2.5 31 8
      vertex 2.52115 31 8.85982
    endloop
  endfacet
  facet normal 0 1 0
    outer loop
      vertex 2.5 31 8
      vertex 3.5 31 8.20577
      vertex 3.91726 31 8
    endloop
  endfacet
  facet normal -1 0 0
    outer loop
      vertex 13.5 25 8
      vertex 13.5 31 8.87837
      vertex 13.5 31 8
    endloop
  endfacet
  facet normal -1 -0 0
    outer loop
      vertex 13.5 31 8.87837
      vertex 13.5 25 8
      vertex 13.5 25 8.87837
    endloop
  endfacet
  facet normal -0 0 1
    outer loop
      vertex 15.4601 31 11
      vertex 20.5399 25 11
      vertex 20.5399 31 11
    endloop
  endfacet
  facet normal 0 0 1
    outer loop
      vertex 20.5399 25 11
      vertex 15.4601 31 11
      vertex 15.4601 25 11
    endloop
  endfacet
  facet normal 1 -0 0
    outer loop
      vertex 22.5 25 8.87837
      vertex 22.5 31 8
      vertex 22.5 31 8.87837
    endloop
  endfacet
  facet normal 1 0 0
    outer loop
      vertex 22.5 31 8
      vertex 22.5 25 8.87837
      vertex 22.5 25 8
    endloop
  endfacet
  facet normal 0 -1 0
    outer loop
      vertex 15.1402 25 10.5211
      vertex 20.5399 25 11
      vertex 15.4601 25 11
    endloop
  endfacet
  facet normal 0 -1 0
    outer loop
      vertex 15.1402 25 10.5211
      vertex 20.8598 25 10.5211
      vertex 20.5399 25 11
    endloop
  endfacet
  facet normal 0 -1 0
    outer loop
      vertex 14.364 25 9.63604
      vertex 20.8598 25 10.5211
      vertex 15.1402 25 10.5211
    endloop
  endfacet
  facet normal 0 -1 0
    outer loop
      vertex 14.364 25 9.63604
      vertex 21.636 25 9.63604
      vertex 20.8598 25 10.5211
    endloop
  endfacet
  facet normal 0 -1 0
    outer loop
      vertex 13.5 25 8
      vertex 14.364 25 9.63604
      vertex 13.5 25 8.87837
    endloop
  endfacet
  facet normal 0 -1 -0
    outer loop
      vertex 14.364 25 9.63604
      vertex 13.5 25 8
      vertex 21.636 25 9.63604
    endloop
  endfacet
  facet normal 0 -1 0
    outer loop
      vertex 22.5 25 8
      vertex 21.636 25 9.63604
      vertex 13.5 25 8
    endloop
  endfacet
  facet normal 0 -1 0
    outer loop
      vertex 21.636 25 9.63604
      vertex 22.5 25 8
      vertex 22.5 25 8.87837
    endloop
  endfacet
  facet normal 0 1 0
    outer loop
      vertex 20.8598 31 10.5211
      vertex 15.4601 31 11
      vertex 20.5399 31 11
    endloop
  endfacet
  facet normal 0 1 0
    outer loop
      vertex 20.8598 31 10.5211
      vertex 15.1402 31 10.5211
      vertex 15.4601 31 11
    endloop
  endfacet
  facet normal 0 1 0
    outer loop
      vertex 21.636 31 9.63604
      vertex 15.1402 31 10.5211
      vertex 20.8598 31 10.5211
    endloop
  endfacet
  facet normal 0 1 0
    outer loop
      vertex 21.636 31 9.63604
      vertex 14.364 31 9.63604
      vertex 15.1402 31 10.5211
    endloop
  endfacet
  facet normal 0 1 -0
    outer loop
      vertex 22.5 31 8
      vertex 21.636 31 9.63604
      vertex 22.5 31 8.87837
    endloop
  endfacet
  facet normal 0 1 0
    outer loop
      vertex 21.636 31 9.63604
      vertex 22.5 31 8
      vertex 14.364 31 9.63604
    endloop
  endfacet
  facet normal 0 1 0
    outer loop
      vertex 13.5 31 8
      vertex 14.364 31 9.63604
      vertex 22.5 31 8
    endloop
  endfacet
  facet normal 0 1 0
    outer loop
      vertex 14.364 31 9.63604
      vertex 13.5 31 8
      vertex 13.5 31 8.87837
    endloop
  endfacet
  facet normal -1 0 0
    outer loop
      vertex 24.5 25 10.5379
      vertex 24.5 31 11
      vertex 24.5 31 10.5379
    endloop
  endfacet
  facet normal -1 -0 0
    outer loop
      vertex 24.5 31 11
      vertex 24.5 25 10.5379
      vertex 24.5 25 11
    endloop
  endfacet
  facet normal -0 0 1
    outer loop
      vertex 24.5 31 11
      vertex 24.6875 25 11
      vertex 24.6875 31 11
    endloop
  endfacet
  facet normal 0 0 1
    outer loop
      vertex 24.6875 25 11
      vertex 24.5 31 11
      vertex 24.5 25 11
    endloop
  endfacet
  facet normal -0 0 1
    outer loop
      vertex 31.3125 31 11
      vertex 32.1357 25 11
      vertex 32.1357 31 11
    endloop
  endfacet
  facet normal 0 0 1
    outer loop
      vertex 32.1357 25 11
      vertex 31.3125 31 11
      vertex 31.3125 25 11
    endloop
  endfacet
  facet normal 1 -0 0
    outer loop
      vertex 33.5 25 8.87837
      vertex 33.5 31 8
      vertex 33.5 31 8.87837
    endloop
  endfacet
  facet normal 1 0 0
    outer loop
      vertex 33.5 31 8
      vertex 33.5 25 8.87837
      vertex 33.5 25 8
    endloop
  endfacet
  facet normal 0 -1 0
    outer loop
      vertex 24.5 25 10.5379
      vertex 24.6875 25 11
      vertex 24.5 25 11
    endloop
  endfacet
  facet normal 0 -1 0
    outer loop
      vertex 24.75 25 10.3708
      vertex 24.6875 25 11
      vertex 24.5 25 10.5379
    endloop
  endfacet
  facet normal 0 -1 0
    outer loop
      vertex 24.6875 25 11
      vertex 24.75 25 10.3708
      vertex 25.7039 25 10.4567
    endloop
  endfacet
  facet normal 0 -1 0
    outer loop
      vertex 25.5126 25 9.99478
      vertex 25.7039 25 10.4567
      vertex 24.75 25 10.3708
    endloop
  endfacet
  facet normal 0 -1 0
    outer loop
      vertex 25.7039 25 10.4567
      vertex 26.3177 25 9.72148
      vertex 26.8295 25 10.1153
    endloop
  endfacet
  facet normal 0 -1 0
    outer loop
      vertex 26.3177 25 9.72148
      vertex 25.7039 25 10.4567
      vertex 25.5126 25 9.99478
    endloop
  endfacet
  facet normal 0 -1 0
    outer loop
      vertex 31.3125 25 11
      vertex 31.9569 25 10.8432
      vertex 32.1357 25 11
    endloop
  endfacet
  facet normal 0 -1 0
    outer loop
      vertex 31.25 25 10.3708
      vertex 31.3125 25 11
      vertex 30.2961 25 10.4567
    endloop
  endfacet
  facet normal 0 -1 -0
    outer loop
      vertex 31.3125 25 11
      vertex 31.25 25 10.3708
      vertex 31.9569 25 10.8432
    endloop
  endfacet
  facet normal 0 -1 0
    outer loop
      vertex 29.6823 25 9.72148
      vertex 30.2961 25 10.4567
      vertex 29.1705 25 10.1153
    endloop
  endfacet
  facet normal 0 -1 0
    outer loop
      vertex 30.2961 25 10.4567
      vertex 30.4874 25 9.99478
      vertex 31.25 25 10.3708
    endloop
  endfacet
  facet normal 0 -1 0
    outer loop
      vertex 28.8484 25 9.55561
      vertex 29.1705 25 10.1153
      vertex 28 25 10
    endloop
  endfacet
  facet normal 0 -1 0
    outer loop
      vertex 27.1516 25 9.55561
      vertex 26.8295 25 10.1153
      vertex 26.3177 25 9.72148
    endloop
  endfacet
  facet normal 0 -1 0
    outer loop
      vertex 26.8295 25 10.1153
      vertex 27.1516 25 9.55561
      vertex 28 25 10
    endloop
  endfacet
  facet normal 0 -1 -0
    outer loop
      vertex 30.2961 25 10.4567
      vertex 29.6823 25 9.72148
      vertex 30.4874 25 9.99478
    endloop
  endfacet
  facet normal 0 -1 0
    outer loop
      vertex 28 25 9.5
      vertex 28 25 10
      vertex 27.1516 25 9.55561
    endloop
  endfacet
  facet normal 0 -1 -0
    outer loop
      vertex 29.1705 25 10.1153
      vertex 28.8484 25 9.55561
      vertex 29.6823 25 9.72148
    endloop
  endfacet
  facet normal 0 -1 0
    outer loop
      vertex 28 25 10
      vertex 28 25 9.5
      vertex 28.8484 25 9.55561
    endloop
  endfacet
  facet normal 0 -1 0
    outer loop
      vertex 33.4789 25 8.85982
      vertex 33.5 25 8
      vertex 33.5 25 8.87837
    endloop
  endfacet
  facet normal 0 -1 0
    outer loop
      vertex 32.5 25 8.20577
      vertex 33.5 25 8
      vertex 33.4789 25 8.85982
    endloop
  endfacet
  facet normal 0 -1 0
    outer loop
      vertex 33.5 25 8
      vertex 32.5 25 8.20577
      vertex 32.0827 25 8
    endloop
  endfacet
  facet normal 0 1 -0
    outer loop
      vertex 33.5 31 8
      vertex 33.4789 31 8.85982
      vertex 33.5 31 8.87837
    endloop
  endfacet
  facet normal 0 1 0
    outer loop
      vertex 33.5 31 8
      vertex 32.5 31 8.20577
      vertex 33.4789 31 8.85982
    endloop
  endfacet
  facet normal 0 1 0
    outer loop
      vertex 32.5 31 8.20577
      vertex 33.5 31 8
      vertex 32.0827 31 8
    endloop
  endfacet
  facet normal 0 1 -0
    outer loop
      vertex 31.9569 31 10.8432
      vertex 31.3125 31 11
      vertex 32.1357 31 11
    endloop
  endfacet
  facet normal 0 1 0
    outer loop
      vertex 31.25 31 10.3708
      vertex 31.3125 31 11
      vertex 31.9569 31 10.8432
    endloop
  endfacet
  facet normal 0 1 0
    outer loop
      vertex 31.3125 31 11
      vertex 31.25 31 10.3708
      vertex 30.2961 31 10.4567
    endloop
  endfacet
  facet normal 0 1 -0
    outer loop
      vertex 30.4874 31 9.99478
      vertex 30.2961 31 10.4567
      vertex 31.25 31 10.3708
    endloop
  endfacet
  facet normal 0 1 0
    outer loop
      vertex 30.2961 31 10.4567
      vertex 29.6823 31 9.72148
      vertex 29.1705 31 10.1153
    endloop
  endfacet
  facet normal 0 1 0
    outer loop
      vertex 29.6823 31 9.72148
      vertex 30.2961 31 10.4567
      vertex 30.4874 31 9.99478
    endloop
  endfacet
  facet normal 0 1 0
    outer loop
      vertex 24.6875 31 11
      vertex 24.5 31 10.5379
      vertex 24.5 31 11
    endloop
  endfacet
  facet normal 0 1 -0
    outer loop
      vertex 24.75 31 10.3708
      vertex 24.6875 31 11
      vertex 25.7039 31 10.4567
    endloop
  endfacet
  facet normal 0 1 0
    outer loop
      vertex 24.6875 31 11
      vertex 24.75 31 10.3708
      vertex 24.5 31 10.5379
    endloop
  endfacet
  facet normal 0 1 -0
    outer loop
      vertex 26.3177 31 9.72148
      vertex 25.7039 31 10.4567
      vertex 26.8295 31 10.1153
    endloop
  endfacet
  facet normal 0 1 0
    outer loop
      vertex 25.7039 31 10.4567
      vertex 25.5126 31 9.99478
      vertex 24.75 31 10.3708
    endloop
  endfacet
  facet normal 0 1 -0
    outer loop
      vertex 27.1516 31 9.55561
      vertex 26.8295 31 10.1153
      vertex 28 31 10
    endloop
  endfacet
  facet normal 0 1 0
    outer loop
      vertex 28.8484 31 9.55561
      vertex 29.1705 31 10.1153
      vertex 29.6823 31 9.72148
    endloop
  endfacet
  facet normal 0 1 0
    outer loop
      vertex 29.1705 31 10.1153
      vertex 28.8484 31 9.55561
      vertex 28 31 10
    endloop
  endfacet
  facet normal 0 1 0
    outer loop
      vertex 25.7039 31 10.4567
      vertex 26.3177 31 9.72148
      vertex 25.5126 31 9.99478
    endloop
  endfacet
  facet normal 0 1 0
    outer loop
      vertex 28 31 9.5
      vertex 28 31 10
      vertex 28.8484 31 9.55561
    endloop
  endfacet
  facet normal 0 1 0
    outer loop
      vertex 26.8295 31 10.1153
      vertex 27.1516 31 9.55561
      vertex 26.3177 31 9.72148
    endloop
  endfacet
  facet normal 0 1 0
    outer loop
      vertex 28 31 10
      vertex 28 31 9.5
      vertex 27.1516 31 9.55561
    endloop
  endfacet
  facet normal 1 0 0
    outer loop
      vertex 46 26.25 8
      vertex 46 19 8
      vertex 46 26.25 7.4641
    endloop
  endfacet
  facet normal 1 0 0
    outer loop
      vertex 46 29.75 7.4641
      vertex 46 37 8
      vertex 46 29.75 8
    endloop
  endfacet
  facet normal 1 0 0
    outer loop
      vertex 46 37 8
      vertex 46 29.75 7.4641
      vertex 46 37 7.34161
    endloop
  endfacet
  facet normal 1 -0 0
    outer loop
      vertex 46 26.25 7.4641
      vertex 46 37 7.34161
      vertex 46 29.75 7.4641
    endloop
  endfacet
  facet normal 1 0 0
    outer loop
      vertex 46 26.25 7.4641
      vertex 46 19 7.34161
      vertex 46 37 7.34161
    endloop
  endfacet
  facet normal 1 0 0
    outer loop
      vertex 46 19 7.34161
      vertex 46 26.25 7.4641
      vertex 46 19 8
    endloop
  endfacet
  facet normal -1 0 0
    outer loop
      vertex 35.5 25 8
      vertex 35.5 31 11
      vertex 35.5 31 8
    endloop
  endfacet
  facet normal -1 -0 0
    outer loop
      vertex 35.5 31 11
      vertex 35.5 25 8
      vertex 35.5 25 11
    endloop
  endfacet
  facet normal 0 0 1
    outer loop
      vertex 43.2323 31 11
      vertex 38.7624 29.75 11
      vertex 43.2323 29.75 11
    endloop
  endfacet
  facet normal 0 0 1
    outer loop
      vertex 38.7624 29.75 11
      vertex 35.5 31 11
      vertex 38.7624 26.25 11
    endloop
  endfacet
  facet normal -0 0 1
    outer loop
      vertex 35.5 31 11
      vertex 38.7624 29.75 11
      vertex 43.2323 31 11
    endloop
  endfacet
  facet normal -0 0 1
    outer loop
      vertex 38.7624 26.25 11
      vertex 43.2323 25 11
      vertex 43.2323 26.25 11
    endloop
  endfacet
  facet normal 0 0 1
    outer loop
      vertex 38.7624 26.25 11
      vertex 35.5 25 11
      vertex 43.2323 25 11
    endloop
  endfacet
  facet normal 0 0 1
    outer loop
      vertex 35.5 25 11
      vertex 38.7624 26.25 11
      vertex 35.5 31 11
    endloop
  endfacet
  facet normal 1 0 0
    outer loop
      vertex 44.5 26.25 10.5427
      vertex 44.5 25 10.5427
      vertex 44.5 26.25 8.43227
    endloop
  endfacet
  facet normal 1 0 0
    outer loop
      vertex 44.5 29.75 8.43227
      vertex 44.5 31 10.5427
      vertex 44.5 29.75 10.5427
    endloop
  endfacet
  facet normal 1 0 0
    outer loop
      vertex 44.5 31 10.5427
      vertex 44.5 29.75 8.43227
      vertex 44.5 31 8
    endloop
  endfacet
  facet normal 1 -0 0
    outer loop
      vertex 44.5 26.25 8.43227
      vertex 44.5 31 8
      vertex 44.5 29.75 8.43227
    endloop
  endfacet
  facet normal 1 0 0
    outer loop
      vertex 44.5 26.25 8.43227
      vertex 44.5 25 8
      vertex 44.5 31 8
    endloop
  endfacet
  facet normal 1 0 0
    outer loop
      vertex 44.5 25 8
      vertex 44.5 26.25 8.43227
      vertex 44.5 25 10.5427
    endloop
  endfacet
  facet normal 0 -1 0
    outer loop
      vertex 35.5 25 8
      vertex 43.2323 25 11
      vertex 35.5 25 11
    endloop
  endfacet
  facet normal 0 -1 0
    outer loop
      vertex 44.5 25 8
      vertex 43.2323 25 11
      vertex 35.5 25 8
    endloop
  endfacet
  facet normal 0 -1 0
    outer loop
      vertex 43.2323 25 11
      vertex 44.5 25 8
      vertex 43.4078 25 10.9134
    endloop
  endfacet
  facet normal 0 -1 0
    outer loop
      vertex 43.4078 25 10.9134
      vertex 44.5 25 8
      vertex 44.5 25 10.5427
    endloop
  endfacet
  facet normal 0 1 0
    outer loop
      vertex 44.5 31 8
      vertex 43.2323 31 11
      vertex 43.4078 31 10.9134
    endloop
  endfacet
  facet normal 0 1 -0
    outer loop
      vertex 44.5 31 8
      vertex 43.4078 31 10.9134
      vertex 44.5 31 10.5427
    endloop
  endfacet
  facet normal 0 1 0
    outer loop
      vertex 43.2323 31 11
      vertex 44.5 31 8
      vertex 35.5 31 8
    endloop
  endfacet
  facet normal 0 1 0
    outer loop
      vertex 43.2323 31 11
      vertex 35.5 31 8
      vertex 35.5 31 11
    endloop
  endfacet
  facet normal -0.981324 0 -0.192364
    outer loop
      vertex 45.3819 19 4.16337
      vertex 45.2179 37 5
      vertex 45.3819 37 4.16337
    endloop
  endfacet
  facet normal -0.981324 -0 -0.192364
    outer loop
      vertex 45.2179 37 5
      vertex 45.3819 19 4.16337
      vertex 45.2179 19 5
    endloop
  endfacet
  facet normal -0.192365 0 0.981323
    outer loop
      vertex 55.7832 37 9.25915
      vertex 55.1088 31 9.12695
      vertex 55.7832 29.75 9.25915
    endloop
  endfacet
  facet normal -0.192344 -2.50876e-06 0.981328
    outer loop
      vertex 46 37 7.34161
      vertex 55.1088 31 9.12695
      vertex 55.7832 37 9.25915
    endloop
  endfacet
  facet normal -0.192355 0 0.981326
    outer loop
      vertex 46.2768 31 7.39587
      vertex 46.0635 29.75 7.35406
      vertex 46.2768 29.75 7.39587
    endloop
  endfacet
  facet normal -0.1924 0 0.981317
    outer loop
      vertex 46.0635 29.75 7.35406
      vertex 46 37 7.34161
      vertex 46.0635 26.25 7.35406
    endloop
  endfacet
  facet normal -0.192357 3.92337e-07 0.981325
    outer loop
      vertex 46.2768 31 7.39587
      vertex 46 37 7.34161
      vertex 46.0635 29.75 7.35406
    endloop
  endfacet
  facet normal -0.192341 1.13659e-06 0.981328
    outer loop
      vertex 55.1088 31 9.12695
      vertex 46 37 7.34161
      vertex 46.2768 31 7.39587
    endloop
  endfacet
  facet normal -0.192365 0 0.981323
    outer loop
      vertex 55.7832 29.75 9.25915
      vertex 55.1088 31 9.12695
      vertex 55.1088 29.75 9.12695
    endloop
  endfacet
  facet normal -0.192355 0 0.981326
    outer loop
      vertex 46.2768 26.25 7.39587
      vertex 46.0635 26.25 7.35406
      vertex 46.2768 25 7.39587
    endloop
  endfacet
  facet normal -0.192365 0 0.981323
    outer loop
      vertex 55.1088 25 9.12695
      vertex 55.7832 26.25 9.25915
      vertex 55.1088 26.25 9.12695
    endloop
  endfacet
  facet normal -0.192365 0 0.981323
    outer loop
      vertex 55.7832 26.25 9.25915
      vertex 55.1088 25 9.12695
      vertex 55.7832 19 9.25915
    endloop
  endfacet
  facet normal -0.192341 -1.13659e-06 0.981328
    outer loop
      vertex 46 19 7.34161
      vertex 55.1088 25 9.12695
      vertex 46.2768 25 7.39587
    endloop
  endfacet
  facet normal -0.192344 2.50876e-06 0.981328
    outer loop
      vertex 55.1088 25 9.12695
      vertex 46 19 7.34161
      vertex 55.7832 19 9.25915
    endloop
  endfacet
  facet normal -0.192357 -3.92337e-07 0.981325
    outer loop
      vertex 46.0635 26.25 7.35406
      vertex 46 19 7.34161
      vertex 46.2768 25 7.39587
    endloop
  endfacet
  facet normal -0.1924 0 0.981317
    outer loop
      vertex 46 19 7.34161
      vertex 46.0635 26.25 7.35406
      vertex 46 37 7.34161
    endloop
  endfacet
  facet normal 0.981315 -0 0.192407
    outer loop
      vertex 57.0026 19 7.26303
      vertex 57.1578 37 6.47148
      vertex 57.0026 37 7.26303
    endloop
  endfacet
  facet normal 0.981315 0 0.192407
    outer loop
      vertex 57.1578 37 6.47148
      vertex 57.0026 19 7.26303
      vertex 57.1578 19 6.47148
    endloop
  endfacet
  facet normal 0.192343 0 -0.981328
    outer loop
      vertex 45.3819 19 4.16337
      vertex 57.1578 37 6.47148
      vertex 57.1578 19 6.47148
    endloop
  endfacet
  facet normal 0.192343 0 -0.981328
    outer loop
      vertex 57.1578 37 6.47148
      vertex 45.3819 19 4.16337
      vertex 45.3819 37 4.16337
    endloop
  endfacet
  facet normal -0.981329 0 -0.192337
    outer loop
      vertex 46.2768 25 7.39587
      vertex 45.7184 26.25 10.2449
      vertex 46.2768 26.25 7.39587
    endloop
  endfacet
  facet normal -0.981329 -0 -0.192337
    outer loop
      vertex 45.7184 26.25 10.2449
      vertex 46.2768 25 7.39587
      vertex 45.7184 25 10.2449
    endloop
  endfacet
  facet normal -0.981329 0 -0.192337
    outer loop
      vertex 46.2768 29.75 7.39587
      vertex 45.7184 31 10.2449
      vertex 46.2768 31 7.39587
    endloop
  endfacet
  facet normal -0.981329 -0 -0.192337
    outer loop
      vertex 45.7184 31 10.2449
      vertex 46.2768 29.75 7.39587
      vertex 45.7184 29.75 10.2449
    endloop
  endfacet
  facet normal 0.981327 -0 0.192346
    outer loop
      vertex 54.752 29.75 10.9473
      vertex 55.1088 31 9.12695
      vertex 54.752 31 10.9473
    endloop
  endfacet
  facet normal 0.981327 0 0.192346
    outer loop
      vertex 55.1088 31 9.12695
      vertex 54.752 29.75 10.9473
      vertex 55.1088 29.75 9.12695
    endloop
  endfacet
  facet normal 0.981327 -0 0.192346
    outer loop
      vertex 54.752 25 10.9473
      vertex 55.1088 26.25 9.12695
      vertex 54.752 26.25 10.9473
    endloop
  endfacet
  facet normal 0.981327 0 0.192346
    outer loop
      vertex 55.1088 26.25 9.12695
      vertex 54.752 25 10.9473
      vertex 55.1088 25 9.12695
    endloop
  endfacet
  facet normal 0 1 0
    outer loop
      vertex 59.5911 31 25.1058
      vertex 59.9448 31 27.0072
      vertex 61.7982 31 27.0853
    endloop
  endfacet
  facet normal 0 1 0
    outer loop
      vertex 59.9448 31 27.0072
      vertex 59.5911 31 25.1058
      vertex 59.0866 31 26.5922
    endloop
  endfacet
  facet normal 0 1 0
    outer loop
      vertex 61.7982 31 27.0853
      vertex 59.8973 31 23.5663
      vertex 59.5911 31 25.1058
    endloop
  endfacet
  facet normal 0 1 0
    outer loop
      vertex 61.7982 31 27.0853
      vertex 60 31 22
      vertex 59.8973 31 23.5663
    endloop
  endfacet
  facet normal 0 1 0
    outer loop
      vertex 62.177 31 18.0933
      vertex 60 31 22
      vertex 61.7982 31 27.0853
    endloop
  endfacet
  facet normal 0 1 0
    outer loop
      vertex 60 31 22
      vertex 62.177 31 18.0933
      vertex 59.8973 31 20.4337
    endloop
  endfacet
  facet normal 0 1 -0
    outer loop
      vertex 60.3237 31 18.0152
      vertex 59.8973 31 20.4337
      vertex 62.177 31 18.0933
    endloop
  endfacet
  facet normal 0 1 0
    outer loop
      vertex 59.8973 31 20.4337
      vertex 60.3237 31 18.0152
      vertex 59.5911 31 18.8942
    endloop
  endfacet
  facet normal 0 1 0
    outer loop
      vertex 60.3237 31 18.0152
      vertex 59.0866 31 17.4078
      vertex 59.5911 31 18.8942
    endloop
  endfacet
  facet normal 0 1 0
    outer loop
      vertex 61.7805 31 16.8669
      vertex 59.0866 31 17.4078
      vertex 60.3237 31 18.0152
    endloop
  endfacet
  facet normal 0 1 0
    outer loop
      vertex 61.7805 31 16.8669
      vertex 58.3923 31 16
      vertex 59.0866 31 17.4078
    endloop
  endfacet
  facet normal 0 1 0
    outer loop
      vertex 61.7805 31 16.8669
      vertex 57.5202 31 14.6949
      vertex 58.3923 31 16
    endloop
  endfacet
  facet normal 0 1 0
    outer loop
      vertex 56.2087 31 9.79891
      vertex 57.5202 31 14.6949
      vertex 61.7805 31 16.8669
    endloop
  endfacet
  facet normal 0 1 0
    outer loop
      vertex 57.5202 31 14.6949
      vertex 56.2087 31 9.79891
      vertex 56.4853 31 13.5147
    endloop
  endfacet
  facet normal 0 1 0
    outer loop
      vertex 55.3051 31 12.4798
      vertex 54.752 31 10.9473
      vertex 54 31 11.6077
    endloop
  endfacet
  facet normal 0 1 0
    outer loop
      vertex 56.4853 31 13.5147
      vertex 56.2087 31 9.79891
      vertex 55.3051 31 12.4798
    endloop
  endfacet
  facet normal 0 1 0
    outer loop
      vertex 55.3051 31 12.4798
      vertex 56.2087 31 9.79891
      vertex 54.752 31 10.9473
    endloop
  endfacet
  facet normal 0 1 0
    outer loop
      vertex 53.7984 31 33.5815
      vertex 54 31 32.3923
      vertex 52.5922 31 33.0866
    endloop
  endfacet
  facet normal 0 1 0
    outer loop
      vertex 55.1534 31 34.8483
      vertex 54 31 32.3923
      vertex 53.7984 31 33.5815
    endloop
  endfacet
  facet normal 0 1 0
    outer loop
      vertex 55.1534 31 34.8483
      vertex 55.3051 31 31.5202
      vertex 54 31 32.3923
    endloop
  endfacet
  facet normal 0 1 0
    outer loop
      vertex 55.1534 31 34.8483
      vertex 56.4853 31 30.4853
      vertex 55.3051 31 31.5202
    endloop
  endfacet
  facet normal 0 1 0
    outer loop
      vertex 61.2998 31 28.2741
      vertex 56.4853 31 30.4853
      vertex 55.1534 31 34.8483
    endloop
  endfacet
  facet normal 0 1 0
    outer loop
      vertex 56.4853 31 30.4853
      vertex 61.2998 31 28.2741
      vertex 57.5202 31 29.3051
    endloop
  endfacet
  facet normal 0 1 0
    outer loop
      vertex 61.2998 31 28.2741
      vertex 58.3923 31 28
      vertex 57.5202 31 29.3051
    endloop
  endfacet
  facet normal 0 1 -0
    outer loop
      vertex 59.9448 31 27.0072
      vertex 58.3923 31 28
      vertex 61.2998 31 28.2741
    endloop
  endfacet
  facet normal 0 1 0
    outer loop
      vertex 58.3923 31 28
      vertex 59.9448 31 27.0072
      vertex 59.0866 31 26.5922
    endloop
  endfacet
  facet normal 0 1 0
    outer loop
      vertex 45.0545 31 36.4074
      vertex 49.5663 31 33.8973
      vertex 48 31 34
    endloop
  endfacet
  facet normal 0 1 0
    outer loop
      vertex 54.0008 31 35.4254
      vertex 51.1058 31 33.5911
      vertex 49.5663 31 33.8973
    endloop
  endfacet
  facet normal 0 1 0
    outer loop
      vertex 52.5922 31 33.0866
      vertex 54.0008 31 35.4254
      vertex 53.7984 31 33.5815
    endloop
  endfacet
  facet normal 0 1 0
    outer loop
      vertex 54.0008 31 35.4254
      vertex 52.5922 31 33.0866
      vertex 51.1058 31 33.5911
    endloop
  endfacet
  facet normal 0 1 -0
    outer loop
      vertex 49.5663 31 33.8973
      vertex 45.0545 31 36.4074
      vertex 54.0008 31 35.4254
    endloop
  endfacet
  facet normal 0 1 -0
    outer loop
      vertex 46.4337 31 33.8973
      vertex 45.0545 31 36.4074
      vertex 48 31 34
    endloop
  endfacet
  facet normal 0 1 0
    outer loop
      vertex 44.8942 31 33.5911
      vertex 45.0545 31 36.4074
      vertex 46.4337 31 33.8973
    endloop
  endfacet
  facet normal 0 1 0
    outer loop
      vertex 45.0545 31 36.4074
      vertex 44.8942 31 33.5911
      vertex 44.7396 31 33.5386
    endloop
  endfacet
  facet normal 0 1 0
    outer loop
      vertex 54.752 31 10.9473
      vertex 52.5922 31 10.9134
      vertex 54 31 11.6077
    endloop
  endfacet
  facet normal 0 1 0
    outer loop
      vertex 55.1088 31 9.12695
      vertex 52.5922 31 10.9134
      vertex 54.752 31 10.9473
    endloop
  endfacet
  facet normal 0 1 0
    outer loop
      vertex 52.5922 31 10.9134
      vertex 55.1088 31 9.12695
      vertex 51.1058 31 10.4089
    endloop
  endfacet
  facet normal 0 1 0
    outer loop
      vertex 46.2768 31 7.39587
      vertex 49.5663 31 10.1027
      vertex 55.1088 31 9.12695
    endloop
  endfacet
  facet normal 0 1 0
    outer loop
      vertex 51.1058 31 10.4089
      vertex 55.1088 31 9.12695
      vertex 49.5663 31 10.1027
    endloop
  endfacet
  facet normal 0 1 0
    outer loop
      vertex 49.5663 31 10.1027
      vertex 46.2768 31 7.39587
      vertex 48 31 10
    endloop
  endfacet
  facet normal 0 1 0
    outer loop
      vertex 46.4337 31 10.1027
      vertex 46.2768 31 7.39587
      vertex 45.7184 31 10.2449
    endloop
  endfacet
  facet normal 0 1 0
    outer loop
      vertex 48 31 10
      vertex 46.2768 31 7.39587
      vertex 46.4337 31 10.1027
    endloop
  endfacet
  facet normal 0 -1 0
    outer loop
      vertex 49.5663 25 33.8973
      vertex 45.0545 25 36.4074
      vertex 48 25 34
    endloop
  endfacet
  facet normal 0 -1 0
    outer loop
      vertex 45.0545 25 36.4074
      vertex 46.4337 25 33.8973
      vertex 48 25 34
    endloop
  endfacet
  facet normal 0 -1 -0
    outer loop
      vertex 45.0545 25 36.4074
      vertex 44.8942 25 33.5911
      vertex 46.4337 25 33.8973
    endloop
  endfacet
  facet normal -0 -1 0
    outer loop
      vertex 44.8942 25 33.5911
      vertex 45.0545 25 36.4074
      vertex 44.7396 25 33.5386
    endloop
  endfacet
  facet normal 0 -1 0
    outer loop
      vertex 45.0545 25 36.4074
      vertex 49.5663 25 33.8973
      vertex 54.0008 25 35.4254
    endloop
  endfacet
  facet normal 0 -1 0
    outer loop
      vertex 51.1058 25 33.5911
      vertex 54.0008 25 35.4254
      vertex 49.5663 25 33.8973
    endloop
  endfacet
  facet normal 0 -1 0
    outer loop
      vertex 52.5922 25 33.0866
      vertex 54.0008 25 35.4254
      vertex 51.1058 25 33.5911
    endloop
  endfacet
  facet normal 0 -1 0
    outer loop
      vertex 54.0008 25 35.4254
      vertex 52.5922 25 33.0866
      vertex 53.7984 25 33.5815
    endloop
  endfacet
  facet normal 0 -1 0
    outer loop
      vertex 54 25 32.3923
      vertex 53.7984 25 33.5815
      vertex 52.5922 25 33.0866
    endloop
  endfacet
  facet normal 0 -1 0
    outer loop
      vertex 54 25 32.3923
      vertex 55.1534 25 34.8483
      vertex 53.7984 25 33.5815
    endloop
  endfacet
  facet normal 0 -1 0
    outer loop
      vertex 55.3051 25 31.5202
      vertex 55.1534 25 34.8483
      vertex 54 25 32.3923
    endloop
  endfacet
  facet normal 0 -1 0
    outer loop
      vertex 56.4853 25 30.4853
      vertex 55.1534 25 34.8483
      vertex 55.3051 25 31.5202
    endloop
  endfacet
  facet normal 0 -1 0
    outer loop
      vertex 61.2998 25 28.2741
      vertex 56.4853 25 30.4853
      vertex 57.5202 25 29.3051
    endloop
  endfacet
  facet normal 0 -1 0
    outer loop
      vertex 56.4853 25 30.4853
      vertex 61.2998 25 28.2741
      vertex 55.1534 25 34.8483
    endloop
  endfacet
  facet normal 0 -1 0
    outer loop
      vertex 58.3923 25 28
      vertex 61.2998 25 28.2741
      vertex 57.5202 25 29.3051
    endloop
  endfacet
  facet normal 0 -1 0
    outer loop
      vertex 58.3923 25 28
      vertex 59.9448 25 27.0072
      vertex 61.2998 25 28.2741
    endloop
  endfacet
  facet normal -0 -1 0
    outer loop
      vertex 59.9448 25 27.0072
      vertex 58.3923 25 28
      vertex 59.0866 25 26.5922
    endloop
  endfacet
  facet normal 0 -1 0
    outer loop
      vertex 59.5911 25 25.1058
      vertex 59.9448 25 27.0072
      vertex 59.0866 25 26.5922
    endloop
  endfacet
  facet normal 0 -1 -0
    outer loop
      vertex 59.9448 25 27.0072
      vertex 59.5911 25 25.1058
      vertex 61.7982 25 27.0853
    endloop
  endfacet
  facet normal 0 -1 0
    outer loop
      vertex 59.8973 25 23.5663
      vertex 61.7982 25 27.0853
      vertex 59.5911 25 25.1058
    endloop
  endfacet
  facet normal 0 -1 0
    outer loop
      vertex 60 25 22
      vertex 61.7982 25 27.0853
      vertex 59.8973 25 23.5663
    endloop
  endfacet
  facet normal 0 -1 0
    outer loop
      vertex 62.177 25 18.0933
      vertex 60 25 22
      vertex 59.8973 25 20.4337
    endloop
  endfacet
  facet normal 0 -1 0
    outer loop
      vertex 60.3237 25 18.0152
      vertex 59.8973 25 20.4337
      vertex 59.5911 25 18.8942
    endloop
  endfacet
  facet normal 0 -1 0
    outer loop
      vertex 60 25 22
      vertex 62.177 25 18.0933
      vertex 61.7982 25 27.0853
    endloop
  endfacet
  facet normal 0 -1 0
    outer loop
      vertex 59.8973 25 20.4337
      vertex 60.3237 25 18.0152
      vertex 62.177 25 18.0933
    endloop
  endfacet
  facet normal 0 -1 0
    outer loop
      vertex 59.0866 25 17.4078
      vertex 60.3237 25 18.0152
      vertex 59.5911 25 18.8942
    endloop
  endfacet
  facet normal 0 -1 0
    outer loop
      vertex 59.0866 25 17.4078
      vertex 61.7805 25 16.8669
      vertex 60.3237 25 18.0152
    endloop
  endfacet
  facet normal 0 -1 0
    outer loop
      vertex 58.3923 25 16
      vertex 61.7805 25 16.8669
      vertex 59.0866 25 17.4078
    endloop
  endfacet
  facet normal 0 -1 0
    outer loop
      vertex 57.5202 25 14.6949
      vertex 61.7805 25 16.8669
      vertex 58.3923 25 16
    endloop
  endfacet
  facet normal 0 -1 0
    outer loop
      vertex 56.2087 25 9.79891
      vertex 57.5202 25 14.6949
      vertex 56.4853 25 13.5147
    endloop
  endfacet
  facet normal 0 -1 0
    outer loop
      vertex 56.2087 25 9.79891
      vertex 56.4853 25 13.5147
      vertex 55.3051 25 12.4798
    endloop
  endfacet
  facet normal 0 -1 0
    outer loop
      vertex 54.752 25 10.9473
      vertex 55.3051 25 12.4798
      vertex 54 25 11.6077
    endloop
  endfacet
  facet normal 0 -1 0
    outer loop
      vertex 56.2087 25 9.79891
      vertex 55.3051 25 12.4798
      vertex 54.752 25 10.9473
    endloop
  endfacet
  facet normal 0 -1 -0
    outer loop
      vertex 57.5202 25 14.6949
      vertex 56.2087 25 9.79891
      vertex 61.7805 25 16.8669
    endloop
  endfacet
  facet normal 0 -1 0
    outer loop
      vertex 46.2768 25 7.39587
      vertex 48 25 10
      vertex 46.4337 25 10.1027
    endloop
  endfacet
  facet normal 0 -1 -0
    outer loop
      vertex 48 25 10
      vertex 46.2768 25 7.39587
      vertex 55.1088 25 9.12695
    endloop
  endfacet
  facet normal 0 -1 0
    outer loop
      vertex 46.2768 25 7.39587
      vertex 46.4337 25 10.1027
      vertex 45.7184 25 10.2449
    endloop
  endfacet
  facet normal 0 -1 0
    outer loop
      vertex 52.5922 25 10.9134
      vertex 54.752 25 10.9473
      vertex 54 25 11.6077
    endloop
  endfacet
  facet normal 0 -1 0
    outer loop
      vertex 55.1088 25 9.12695
      vertex 52.5922 25 10.9134
      vertex 51.1058 25 10.4089
    endloop
  endfacet
  facet normal 0 -1 0
    outer loop
      vertex 55.1088 25 9.12695
      vertex 51.1058 25 10.4089
      vertex 49.5663 25 10.1027
    endloop
  endfacet
  facet normal 0 -1 0
    outer loop
      vertex 52.5922 25 10.9134
      vertex 55.1088 25 9.12695
      vertex 54.752 25 10.9473
    endloop
  endfacet
  facet normal 0 -1 0
    outer loop
      vertex 55.1088 25 9.12695
      vertex 49.5663 25 10.1027
      vertex 48 25 10
    endloop
  endfacet
  facet normal -0.619055 0 -0.785348
    outer loop
      vertex 57.0026 19 7.26303
      vertex 57.6361 37 6.76367
      vertex 57.6361 19 6.76367
    endloop
  endfacet
  facet normal -0.619055 0 -0.785348
    outer loop
      vertex 57.6361 37 6.76367
      vertex 57.0026 19 7.26303
      vertex 57.0026 37 7.26303
    endloop
  endfacet
  facet normal -0.785326 0 0.619083
    outer loop
      vertex 55.7832 26.25 9.25915
      vertex 56.2087 25 9.79891
      vertex 56.2087 26.25 9.79891
    endloop
  endfacet
  facet normal -0.785325 -9.30177e-08 0.619083
    outer loop
      vertex 56.2087 25 9.79891
      vertex 55.7832 19 9.25915
      vertex 61.7805 25 16.8669
    endloop
  endfacet
  facet normal -0.785326 0 0.619083
    outer loop
      vertex 55.7832 19 9.25915
      vertex 56.2087 25 9.79891
      vertex 55.7832 26.25 9.25915
    endloop
  endfacet
  facet normal -0.785328 -3.76288e-07 0.61908
    outer loop
      vertex 55.7832 37 9.25915
      vertex 56.2087 31 9.79891
      vertex 62.2059 37 17.4066
    endloop
  endfacet
  facet normal -0.785326 0 0.619083
    outer loop
      vertex 55.7832 29.75 9.25915
      vertex 56.2087 31 9.79891
      vertex 55.7832 37 9.25915
    endloop
  endfacet
  facet normal -0.785326 0 0.619083
    outer loop
      vertex 56.2087 31 9.79891
      vertex 55.7832 29.75 9.25915
      vertex 56.2087 29.75 9.79891
    endloop
  endfacet
  facet normal -0.785325 -6.99094e-06 0.619083
    outer loop
      vertex 61.7805 31 16.8669
      vertex 62.2059 37 17.4066
      vertex 56.2087 31 9.79891
    endloop
  endfacet
  facet normal -0.785363 0 0.619035
    outer loop
      vertex 61.7805 25 16.8669
      vertex 62.2059 37 17.4066
      vertex 61.7805 31 16.8669
    endloop
  endfacet
  facet normal -0.785363 0 0.619035
    outer loop
      vertex 61.7805 25 16.8669
      vertex 62.2059 19 17.4066
      vertex 62.2059 37 17.4066
    endloop
  endfacet
  facet normal -0.785328 6.52171e-06 0.61908
    outer loop
      vertex 62.2059 19 17.4066
      vertex 61.7805 25 16.8669
      vertex 55.7832 19 9.25915
    endloop
  endfacet
  facet normal 0.619085 0 0.785324
    outer loop
      vertex 64.4316 37 16.687
      vertex 65.0651 19 16.1876
      vertex 65.0651 37 16.1876
    endloop
  endfacet
  facet normal 0.619085 0 0.785324
    outer loop
      vertex 65.0651 19 16.1876
      vertex 64.4316 37 16.687
      vertex 64.4316 19 16.687
    endloop
  endfacet
  facet normal 0.785326 0 -0.619082
    outer loop
      vertex 65.0651 19 16.1876
      vertex 57.6361 37 6.76367
      vertex 65.0651 37 16.1876
    endloop
  endfacet
  facet normal 0.785326 0 -0.619082
    outer loop
      vertex 57.6361 37 6.76367
      vertex 65.0651 19 16.1876
      vertex 57.6361 19 6.76367
    endloop
  endfacet
  facet normal -0.619101 0 -0.785312
    outer loop
      vertex 54.752 25 10.9473
      vertex 56.2087 26.25 9.79891
      vertex 56.2087 25 9.79891
    endloop
  endfacet
  facet normal -0.619101 0 -0.785312
    outer loop
      vertex 56.2087 26.25 9.79891
      vertex 54.752 25 10.9473
      vertex 54.752 26.25 10.9473
    endloop
  endfacet
  facet normal -0.619101 0 -0.785312
    outer loop
      vertex 54.752 29.75 10.9473
      vertex 56.2087 31 9.79891
      vertex 56.2087 29.75 9.79891
    endloop
  endfacet
  facet normal -0.619101 0 -0.785312
    outer loop
      vertex 56.2087 31 9.79891
      vertex 54.752 29.75 10.9473
      vertex 54.752 31 10.9473
    endloop
  endfacet
  facet normal 0.618872 0 0.785492
    outer loop
      vertex 61.7805 31 16.8669
      vertex 61.5 29.75 17.0879
      vertex 61.7805 25 16.8669
    endloop
  endfacet
  facet normal 0.619045 -6.26861e-05 0.785356
    outer loop
      vertex 60.3237 31 18.0152
      vertex 61.5 29.75 17.0879
      vertex 61.7805 31 16.8669
    endloop
  endfacet
  facet normal 0.619086 0 0.785323
    outer loop
      vertex 61.5 29.75 17.0879
      vertex 60.3237 31 18.0152
      vertex 60.3237 29.75 18.0152
    endloop
  endfacet
  facet normal 0.618872 -0 0.785492
    outer loop
      vertex 61.5 26.25 17.0879
      vertex 61.7805 25 16.8669
      vertex 61.5 29.75 17.0879
    endloop
  endfacet
  facet normal 0.619086 -0 0.785323
    outer loop
      vertex 60.3237 25 18.0152
      vertex 61.5 26.25 17.0879
      vertex 60.3237 26.25 18.0152
    endloop
  endfacet
  facet normal 0.619045 6.26861e-05 0.785356
    outer loop
      vertex 61.5 26.25 17.0879
      vertex 60.3237 25 18.0152
      vertex 61.7805 25 16.8669
    endloop
  endfacet
  facet normal 0.0420276 0 -0.999116
    outer loop
      vertex 64.4316 19 16.687
      vertex 65.2375 37 16.7209
      vertex 65.2375 19 16.7209
    endloop
  endfacet
  facet normal 0.0420276 0 -0.999116
    outer loop
      vertex 65.2375 37 16.7209
      vertex 64.4316 19 16.687
      vertex 64.4316 37 16.687
    endloop
  endfacet
  facet normal -0.999114 -5.17016e-06 -0.0420932
    outer loop
      vertex 62.2059 37 17.4066
      vertex 62.177 31 18.0933
      vertex 61.7692 37 27.772
    endloop
  endfacet
  facet normal -0.999116 0 -0.0420481
    outer loop
      vertex 62.2059 37 17.4066
      vertex 62.177 25 18.0933
      vertex 62.177 31 18.0933
    endloop
  endfacet
  facet normal -0.999114 4.68816e-06 -0.042089
    outer loop
      vertex 62.177 25 18.0933
      vertex 62.2059 19 17.4066
      vertex 61.7982 25 27.0853
    endloop
  endfacet
  facet normal -0.999116 0 -0.0420481
    outer loop
      vertex 62.2059 19 17.4066
      vertex 62.177 25 18.0933
      vertex 62.2059 37 17.4066
    endloop
  endfacet
  facet normal -0.999114 -1.19637e-05 -0.042089
    outer loop
      vertex 61.7982 31 27.0853
      vertex 61.7692 37 27.772
      vertex 62.177 31 18.0933
    endloop
  endfacet
  facet normal -0.999109 0 -0.0421934
    outer loop
      vertex 61.7982 25 27.0853
      vertex 61.7692 37 27.772
      vertex 61.7982 31 27.0853
    endloop
  endfacet
  facet normal -0.999109 0 -0.0421934
    outer loop
      vertex 61.7982 25 27.0853
      vertex 61.7692 19 27.772
      vertex 61.7692 37 27.772
    endloop
  endfacet
  facet normal -0.999114 1.14817e-05 -0.0420932
    outer loop
      vertex 61.7692 19 27.772
      vertex 61.7982 25 27.0853
      vertex 62.2059 19 17.4066
    endloop
  endfacet
  facet normal -0.0421514 0 0.999111
    outer loop
      vertex 63.9265 37 28.6763
      vertex 64.7324 19 28.7103
      vertex 64.7324 37 28.7103
    endloop
  endfacet
  facet normal -0.0421514 0 0.999111
    outer loop
      vertex 64.7324 19 28.7103
      vertex 63.9265 37 28.6763
      vertex 63.9265 19 28.6763
    endloop
  endfacet
  facet normal 0.999114 -0 0.0420915
    outer loop
      vertex 64.7324 19 28.7103
      vertex 65.2375 37 16.7209
      vertex 64.7324 37 28.7103
    endloop
  endfacet
  facet normal 0.999114 0 0.0420915
    outer loop
      vertex 65.2375 37 16.7209
      vertex 64.7324 19 28.7103
      vertex 65.2375 19 16.7209
    endloop
  endfacet
  facet normal 0.0420602 0 -0.999115
    outer loop
      vertex 62.177 25 18.0933
      vertex 61.5 26.25 18.0648
      vertex 62.177 31 18.0933
    endloop
  endfacet
  facet normal 0.0421037 2.35694e-05 -0.999113
    outer loop
      vertex 60.3237 25 18.0152
      vertex 61.5 26.25 18.0648
      vertex 62.177 25 18.0933
    endloop
  endfacet
  facet normal 0.0421287 0 -0.999112
    outer loop
      vertex 61.5 26.25 18.0648
      vertex 60.3237 25 18.0152
      vertex 60.3237 26.25 18.0152
    endloop
  endfacet
  facet normal 0.0420602 0 -0.999115
    outer loop
      vertex 61.5 29.75 18.0648
      vertex 62.177 31 18.0933
      vertex 61.5 26.25 18.0648
    endloop
  endfacet
  facet normal 0.0421287 0 -0.999112
    outer loop
      vertex 60.3237 31 18.0152
      vertex 61.5 29.75 18.0648
      vertex 60.3237 29.75 18.0152
    endloop
  endfacet
  facet normal 0.0421037 -2.35694e-05 -0.999113
    outer loop
      vertex 61.5 29.75 18.0648
      vertex 60.3237 31 18.0152
      vertex 62.177 31 18.0933
    endloop
  endfacet
  facet normal -0.0418814 0 0.999123
    outer loop
      vertex 61.7982 31 27.0853
      vertex 61.5 29.75 27.0728
      vertex 61.7982 25 27.0853
    endloop
  endfacet
  facet normal -0.0421014 5.25788e-05 0.999113
    outer loop
      vertex 59.9448 31 27.0072
      vertex 61.5 29.75 27.0728
      vertex 61.7982 31 27.0853
    endloop
  endfacet
  facet normal -0.0421436 0 0.999112
    outer loop
      vertex 61.5 29.75 27.0728
      vertex 59.9448 31 27.0072
      vertex 59.9448 29.75 27.0072
    endloop
  endfacet
  facet normal -0.0418814 0 0.999123
    outer loop
      vertex 61.5 26.25 27.0728
      vertex 61.7982 25 27.0853
      vertex 61.5 29.75 27.0728
    endloop
  endfacet
  facet normal -0.0421436 0 0.999112
    outer loop
      vertex 59.9448 25 27.0072
      vertex 61.5 26.25 27.0728
      vertex 59.9448 26.25 27.0072
    endloop
  endfacet
  facet normal -0.0421014 -5.25788e-05 0.999113
    outer loop
      vertex 61.5 26.25 27.0728
      vertex 59.9448 25 27.0072
      vertex 61.7982 25 27.0853
    endloop
  endfacet
  facet normal 0.682967 0 -0.730449
    outer loop
      vertex 63.9265 19 28.6763
      vertex 64.5157 37 29.2272
      vertex 64.5157 19 29.2272
    endloop
  endfacet
  facet normal 0.682967 0 -0.730449
    outer loop
      vertex 64.5157 37 29.2272
      vertex 63.9265 19 28.6763
      vertex 63.9265 37 28.6763
    endloop
  endfacet
  facet normal -0.730477 -2.85891e-06 -0.682938
    outer loop
      vertex 61.7692 37 27.772
      vertex 61.2998 31 28.2741
      vertex 54.684 37 35.3504
    endloop
  endfacet
  facet normal -0.73044 -9.02974e-06 -0.682977
    outer loop
      vertex 61.7692 37 27.772
      vertex 61.7418 29.75 27.8014
      vertex 61.2998 31 28.2741
    endloop
  endfacet
  facet normal -0.731552 0 -0.681786
    outer loop
      vertex 61.7692 37 27.772
      vertex 61.7418 26.25 27.8014
      vertex 61.7418 29.75 27.8014
    endloop
  endfacet
  facet normal -0.730428 0 -0.68299
    outer loop
      vertex 61.7418 26.25 27.8014
      vertex 61.2998 25 28.2741
      vertex 61.2998 26.25 28.2741
    endloop
  endfacet
  facet normal -0.730474 3.29559e-06 -0.68294
    outer loop
      vertex 61.2998 25 28.2741
      vertex 61.7692 19 27.772
      vertex 55.1534 25 34.8483
    endloop
  endfacet
  facet normal -0.73044 9.02974e-06 -0.682977
    outer loop
      vertex 61.7418 26.25 27.8014
      vertex 61.7692 19 27.772
      vertex 61.2998 25 28.2741
    endloop
  endfacet
  facet normal -0.731552 0 -0.681786
    outer loop
      vertex 61.7692 19 27.772
      vertex 61.7418 26.25 27.8014
      vertex 61.7692 37 27.772
    endloop
  endfacet
  facet normal -0.730474 3.29559e-06 -0.68294
    outer loop
      vertex 55.1534 31 34.8483
      vertex 54.684 37 35.3504
      vertex 61.2998 31 28.2741
    endloop
  endfacet
  facet normal -0.730494 0 -0.682919
    outer loop
      vertex 54.684 29.75 35.3504
      vertex 55.1534 31 34.8483
      vertex 55.1534 29.75 34.8483
    endloop
  endfacet
  facet normal -0.730494 0 -0.682919
    outer loop
      vertex 55.1534 31 34.8483
      vertex 54.684 29.75 35.3504
      vertex 54.684 37 35.3504
    endloop
  endfacet
  facet normal -0.730428 -0 -0.68299
    outer loop
      vertex 61.2998 31 28.2741
      vertex 61.7418 29.75 27.8014
      vertex 61.2998 29.75 28.2741
    endloop
  endfacet
  facet normal -0.730494 0 -0.682919
    outer loop
      vertex 55.1534 25 34.8483
      vertex 54.684 26.25 35.3504
      vertex 55.1534 26.25 34.8483
    endloop
  endfacet
  facet normal -0.730494 0 -0.682919
    outer loop
      vertex 55.1534 25 34.8483
      vertex 54.684 19 35.3504
      vertex 54.684 26.25 35.3504
    endloop
  endfacet
  facet normal -0.730477 -2.85891e-06 -0.682938
    outer loop
      vertex 54.684 19 35.3504
      vertex 55.1534 25 34.8483
      vertex 61.7692 19 27.772
    endloop
  endfacet
  facet normal -0.682905 0 0.730507
    outer loop
      vertex 55.7311 37 37.442
      vertex 56.3204 19 37.9929
      vertex 56.3204 37 37.9929
    endloop
  endfacet
  facet normal -0.682905 0 0.730507
    outer loop
      vertex 56.3204 19 37.9929
      vertex 55.7311 37 37.442
      vertex 55.7311 19 37.442
    endloop
  endfacet
  facet normal 0.730474 -0 0.682941
    outer loop
      vertex 56.3204 19 37.9929
      vertex 64.5157 37 29.2272
      vertex 56.3204 37 37.9929
    endloop
  endfacet
  facet normal 0.730474 0 0.682941
    outer loop
      vertex 64.5157 37 29.2272
      vertex 56.3204 19 37.9929
      vertex 64.5157 19 29.2272
    endloop
  endfacet
  facet normal 0.682961 0 -0.730454
    outer loop
      vertex 59.9448 25 27.0072
      vertex 61.2998 26.25 28.2741
      vertex 61.2998 25 28.2741
    endloop
  endfacet
  facet normal 0.682961 0 -0.730454
    outer loop
      vertex 61.2998 26.25 28.2741
      vertex 59.9448 25 27.0072
      vertex 59.9448 26.25 27.0072
    endloop
  endfacet
  facet normal 0.682961 0 -0.730454
    outer loop
      vertex 59.9448 29.75 27.0072
      vertex 61.2998 31 28.2741
      vertex 61.2998 29.75 28.2741
    endloop
  endfacet
  facet normal 0.682961 0 -0.730454
    outer loop
      vertex 61.2998 31 28.2741
      vertex 59.9448 29.75 27.0072
      vertex 59.9448 31 27.0072
    endloop
  endfacet
  facet normal -0.682933 0 0.730481
    outer loop
      vertex 53.7984 31 33.5815
      vertex 55.1534 29.75 34.8483
      vertex 55.1534 31 34.8483
    endloop
  endfacet
  facet normal -0.682933 0 0.730481
    outer loop
      vertex 55.1534 29.75 34.8483
      vertex 53.7984 31 33.5815
      vertex 53.7984 29.75 33.5815
    endloop
  endfacet
  facet normal -0.682933 0 0.730481
    outer loop
      vertex 53.7984 26.25 33.5815
      vertex 55.1534 25 34.8483
      vertex 55.1534 26.25 34.8483
    endloop
  endfacet
  facet normal -0.682933 0 0.730481
    outer loop
      vertex 55.1534 25 34.8483
      vertex 53.7984 26.25 33.5815
      vertex 53.7984 25 33.5815
    endloop
  endfacet
  facet normal 0.994018 0 -0.10922
    outer loop
      vertex 55.8192 19 38.2438
      vertex 55.7311 37 37.442
      vertex 55.8192 37 38.2438
    endloop
  endfacet
  facet normal 0.994018 0 -0.10922
    outer loop
      vertex 55.7311 37 37.442
      vertex 55.8192 19 38.2438
      vertex 55.7311 19 37.442
    endloop
  endfacet
  facet normal -0.109122 0 -0.994028
    outer loop
      vertex 54.684 19 35.3504
      vertex 54.0008 25 35.4254
      vertex 54.684 26.25 35.3504
    endloop
  endfacet
  facet normal -0.109112 1.13938e-06 -0.994029
    outer loop
      vertex 44.6947 19 36.4469
      vertex 54.0008 25 35.4254
      vertex 54.684 19 35.3504
    endloop
  endfacet
  facet normal -0.109128 0 -0.994028
    outer loop
      vertex 45.0545 25 36.4074
      vertex 44.6947 19 36.4469
      vertex 45.0545 31 36.4074
    endloop
  endfacet
  facet normal -0.109111 -1.02314e-06 -0.99403
    outer loop
      vertex 54.0008 25 35.4254
      vertex 44.6947 19 36.4469
      vertex 45.0545 25 36.4074
    endloop
  endfacet
  facet normal -0.109122 0 -0.994028
    outer loop
      vertex 54.684 26.25 35.3504
      vertex 54.0008 25 35.4254
      vertex 54.0008 26.25 35.4254
    endloop
  endfacet
  facet normal -0.109122 -0 -0.994028
    outer loop
      vertex 54.0008 31 35.4254
      vertex 54.684 29.75 35.3504
      vertex 54.0008 29.75 35.4254
    endloop
  endfacet
  facet normal -0.109122 0 -0.994028
    outer loop
      vertex 54.684 29.75 35.3504
      vertex 54.0008 31 35.4254
      vertex 54.684 37 35.3504
    endloop
  endfacet
  facet normal -0.109111 1.02314e-06 -0.99403
    outer loop
      vertex 44.6947 37 36.4469
      vertex 54.0008 31 35.4254
      vertex 45.0545 31 36.4074
    endloop
  endfacet
  facet normal -0.109112 -1.13938e-06 -0.994029
    outer loop
      vertex 54.0008 31 35.4254
      vertex 44.6947 37 36.4469
      vertex 54.684 37 35.3504
    endloop
  endfacet
  facet normal -0.109128 -0 -0.994028
    outer loop
      vertex 44.6947 37 36.4469
      vertex 45.0545 31 36.4074
      vertex 44.6947 19 36.4469
    endloop
  endfacet
  facet normal -0.994034 0 0.109071
    outer loop
      vertex 43.8301 19 39
      vertex 43.8908 37 39.5532
      vertex 43.8301 37 39
    endloop
  endfacet
  facet normal -0.994034 0 0.109071
    outer loop
      vertex 43.8908 37 39.5532
      vertex 43.8301 19 39
      vertex 43.8908 19 39.5532
    endloop
  endfacet
  facet normal 0.109116 0 0.994029
    outer loop
      vertex 43.8908 37 39.5532
      vertex 55.8192 19 38.2438
      vertex 55.8192 37 38.2438
    endloop
  endfacet
  facet normal 0.109116 0 0.994029
    outer loop
      vertex 55.8192 19 38.2438
      vertex 43.8908 37 39.5532
      vertex 43.8908 19 39.5532
    endloop
  endfacet
  facet normal 0.994029 0 -0.109112
    outer loop
      vertex 54.0008 25 35.4254
      vertex 53.7984 26.25 33.5815
      vertex 54.0008 26.25 35.4254
    endloop
  endfacet
  facet normal 0.994029 0 -0.109112
    outer loop
      vertex 53.7984 26.25 33.5815
      vertex 54.0008 25 35.4254
      vertex 53.7984 25 33.5815
    endloop
  endfacet
  facet normal 0.994029 0 -0.109112
    outer loop
      vertex 54.0008 29.75 35.4254
      vertex 53.7984 31 33.5815
      vertex 54.0008 31 35.4254
    endloop
  endfacet
  facet normal 0.994029 0 -0.109112
    outer loop
      vertex 53.7984 31 33.5815
      vertex 54.0008 29.75 35.4254
      vertex 53.7984 29.75 33.5815
    endloop
  endfacet
  facet normal -0.99403 0 0.109107
    outer loop
      vertex 44.7396 26.25 33.5386
      vertex 44.7396 25 33.5386
      vertex 44.9936 26.25 35.8527
    endloop
  endfacet
  facet normal -0.99403 0 0.109107
    outer loop
      vertex 44.9936 29.75 35.8527
      vertex 44.7396 31 33.5386
      vertex 44.7396 29.75 33.5386
    endloop
  endfacet
  facet normal -0.994029 9.67141e-06 0.109112
    outer loop
      vertex 44.7396 31 33.5386
      vertex 44.9936 29.75 35.8527
      vertex 45.0545 31 36.4074
    endloop
  endfacet
  facet normal -0.994027 0 0.109133
    outer loop
      vertex 44.9936 26.25 35.8527
      vertex 45.0545 31 36.4074
      vertex 44.9936 29.75 35.8527
    endloop
  endfacet
  facet normal -0.994027 0 0.109133
    outer loop
      vertex 44.9936 26.25 35.8527
      vertex 45.0545 25 36.4074
      vertex 45.0545 31 36.4074
    endloop
  endfacet
  facet normal -0.994029 -9.67141e-06 0.109112
    outer loop
      vertex 45.0545 25 36.4074
      vertex 44.9936 26.25 35.8527
      vertex 44.7396 25 33.5386
    endloop
  endfacet
  facet normal 1 -0 0
    outer loop
      vertex 44.6947 19 36.4469
      vertex 44.6947 37 36
      vertex 44.6947 37 36.4469
    endloop
  endfacet
  facet normal 1 0 0
    outer loop
      vertex 44.6947 37 36
      vertex 44.6947 19 36.4469
      vertex 44.6947 19 36
    endloop
  endfacet
  facet normal 0 0 -1
    outer loop
      vertex 44.6947 19 36
      vertex 43.1947 25 36
      vertex 44.6947 37 36
    endloop
  endfacet
  facet normal 0 0 -1
    outer loop
      vertex 44.6947 19 36
      vertex 34.1947 25 36
      vertex 43.1947 25 36
    endloop
  endfacet
  facet normal 0 0 -1
    outer loop
      vertex 34.1947 25 36
      vertex 32.1947 25 36
      vertex 34.1947 31 36
    endloop
  endfacet
  facet normal 0 0 -1
    outer loop
      vertex 44.6947 19 36
      vertex 32.1947 25 36
      vertex 34.1947 25 36
    endloop
  endfacet
  facet normal 0 0 -1
    outer loop
      vertex 44.6947 19 36
      vertex 23.1947 25 36
      vertex 32.1947 25 36
    endloop
  endfacet
  facet normal 0 0 -1
    outer loop
      vertex 23.1947 25 36
      vertex 21.1947 25 36
      vertex 23.1947 31 36
    endloop
  endfacet
  facet normal 0 0 -1
    outer loop
      vertex 44.6947 19 36
      vertex 21.1947 25 36
      vertex 23.1947 25 36
    endloop
  endfacet
  facet normal 0 0 -1
    outer loop
      vertex 44.6947 19 36
      vertex 12.1947 25 36
      vertex 21.1947 25 36
    endloop
  endfacet
  facet normal 0 0 -1
    outer loop
      vertex 12.1947 25 36
      vertex 10.1947 25 36
      vertex 12.1947 31 36
    endloop
  endfacet
  facet normal 0 0 -1
    outer loop
      vertex 44.6947 19 36
      vertex 10.1947 25 36
      vertex 12.1947 25 36
    endloop
  endfacet
  facet normal 0 0 -1
    outer loop
      vertex 44.6947 19 36
      vertex 1.19469 25 36
      vertex 10.1947 25 36
    endloop
  endfacet
  facet normal 0 0 -1
    outer loop
      vertex 1.19469 25 36
      vertex -0.805314 25 36
      vertex 1.19469 31 36
    endloop
  endfacet
  facet normal 0 0 -1
    outer loop
      vertex 44.6947 19 36
      vertex -0.805314 25 36
      vertex 1.19469 25 36
    endloop
  endfacet
  facet normal 0 0 -1
    outer loop
      vertex -44.3053 19 36
      vertex -0.805314 25 36
      vertex 44.6947 19 36
    endloop
  endfacet
  facet normal 0 0 -1
    outer loop
      vertex -9.80531 25 36
      vertex -11.8053 25 36
      vertex -9.80531 31 36
    endloop
  endfacet
  facet normal -0 0 -1
    outer loop
      vertex -0.805314 25 36
      vertex -44.3053 19 36
      vertex -9.80531 25 36
    endloop
  endfacet
  facet normal -0 0 -1
    outer loop
      vertex -9.80531 25 36
      vertex -44.3053 19 36
      vertex -11.8053 25 36
    endloop
  endfacet
  facet normal 0 0 -1
    outer loop
      vertex -20.8053 25 36
      vertex -22.8053 25 36
      vertex -20.8053 31 36
    endloop
  endfacet
  facet normal -0 0 -1
    outer loop
      vertex -11.8053 25 36
      vertex -44.3053 19 36
      vertex -20.8053 25 36
    endloop
  endfacet
  facet normal -0 0 -1
    outer loop
      vertex -20.8053 25 36
      vertex -44.3053 19 36
      vertex -22.8053 25 36
    endloop
  endfacet
  facet normal 0 0 -1
    outer loop
      vertex -31.8053 25 36
      vertex -33.8053 25 36
      vertex -31.8053 31 36
    endloop
  endfacet
  facet normal -0 0 -1
    outer loop
      vertex -22.8053 25 36
      vertex -44.3053 19 36
      vertex -31.8053 25 36
    endloop
  endfacet
  facet normal -0 0 -1
    outer loop
      vertex -31.8053 25 36
      vertex -44.3053 19 36
      vertex -33.8053 25 36
    endloop
  endfacet
  facet normal -0 0 -1
    outer loop
      vertex -42.8053 25 36
      vertex -44.3053 19 36
      vertex -42.8053 31 36
    endloop
  endfacet
  facet normal -0 0 -1
    outer loop
      vertex -33.8053 25 36
      vertex -44.3053 19 36
      vertex -42.8053 25 36
    endloop
  endfacet
  facet normal 0 0 -1
    outer loop
      vertex 43.1947 31 36
      vertex 44.6947 37 36
      vertex 43.1947 25 36
    endloop
  endfacet
  facet normal 0 0 -1
    outer loop
      vertex 34.1947 31 36
      vertex 44.6947 37 36
      vertex 43.1947 31 36
    endloop
  endfacet
  facet normal 0 0 -1
    outer loop
      vertex 32.1947 31 36
      vertex 34.1947 31 36
      vertex 32.1947 25 36
    endloop
  endfacet
  facet normal 0 0 -1
    outer loop
      vertex 32.1947 31 36
      vertex 44.6947 37 36
      vertex 34.1947 31 36
    endloop
  endfacet
  facet normal 0 0 -1
    outer loop
      vertex 23.1947 31 36
      vertex 44.6947 37 36
      vertex 32.1947 31 36
    endloop
  endfacet
  facet normal 0 0 -1
    outer loop
      vertex 21.1947 31 36
      vertex 23.1947 31 36
      vertex 21.1947 25 36
    endloop
  endfacet
  facet normal 0 0 -1
    outer loop
      vertex 21.1947 31 36
      vertex 44.6947 37 36
      vertex 23.1947 31 36
    endloop
  endfacet
  facet normal 0 0 -1
    outer loop
      vertex 12.1947 31 36
      vertex 44.6947 37 36
      vertex 21.1947 31 36
    endloop
  endfacet
  facet normal 0 0 -1
    outer loop
      vertex 10.1947 31 36
      vertex 12.1947 31 36
      vertex 10.1947 25 36
    endloop
  endfacet
  facet normal 0 0 -1
    outer loop
      vertex 10.1947 31 36
      vertex 44.6947 37 36
      vertex 12.1947 31 36
    endloop
  endfacet
  facet normal 0 0 -1
    outer loop
      vertex 1.19469 31 36
      vertex 44.6947 37 36
      vertex 10.1947 31 36
    endloop
  endfacet
  facet normal 0 0 -1
    outer loop
      vertex -0.805314 31 36
      vertex 1.19469 31 36
      vertex -0.805314 25 36
    endloop
  endfacet
  facet normal 0 0 -1
    outer loop
      vertex -0.805314 31 36
      vertex 44.6947 37 36
      vertex 1.19469 31 36
    endloop
  endfacet
  facet normal 0 0 -1
    outer loop
      vertex -44.3053 37 36
      vertex -0.805314 31 36
      vertex -9.80531 31 36
    endloop
  endfacet
  facet normal 0 0 -1
    outer loop
      vertex -11.8053 31 36
      vertex -9.80531 31 36
      vertex -11.8053 25 36
    endloop
  endfacet
  facet normal 0 0 -1
    outer loop
      vertex -44.3053 37 36
      vertex -9.80531 31 36
      vertex -11.8053 31 36
    endloop
  endfacet
  facet normal 0 0 -1
    outer loop
      vertex -44.3053 37 36
      vertex -11.8053 31 36
      vertex -20.8053 31 36
    endloop
  endfacet
  facet normal 0 0 -1
    outer loop
      vertex -22.8053 31 36
      vertex -20.8053 31 36
      vertex -22.8053 25 36
    endloop
  endfacet
  facet normal 0 0 -1
    outer loop
      vertex -44.3053 37 36
      vertex -20.8053 31 36
      vertex -22.8053 31 36
    endloop
  endfacet
  facet normal 0 0 -1
    outer loop
      vertex -44.3053 37 36
      vertex -22.8053 31 36
      vertex -31.8053 31 36
    endloop
  endfacet
  facet normal 0 0 -1
    outer loop
      vertex -33.8053 31 36
      vertex -31.8053 31 36
      vertex -33.8053 25 36
    endloop
  endfacet
  facet normal 0 0 -1
    outer loop
      vertex -44.3053 37 36
      vertex -31.8053 31 36
      vertex -33.8053 31 36
    endloop
  endfacet
  facet normal 0 0 -1
    outer loop
      vertex -44.3053 37 36
      vertex -33.8053 31 36
      vertex -42.8053 31 36
    endloop
  endfacet
  facet normal 0 0 -1
    outer loop
      vertex -0.805314 31 36
      vertex -44.3053 37 36
      vertex 44.6947 37 36
    endloop
  endfacet
  facet normal 0 0 -1
    outer loop
      vertex -44.3053 37 36
      vertex -42.8053 31 36
      vertex -44.3053 19 36
    endloop
  endfacet
  facet normal -0 0 1
    outer loop
      vertex -43.4137 37 39
      vertex 43.8301 19 39
      vertex 43.8301 37 39
    endloop
  endfacet
  facet normal 0 0 1
    outer loop
      vertex 43.8301 19 39
      vertex -43.4137 37 39
      vertex -43.4137 19 39
    endloop
  endfacet
  facet normal 1 0 0
    outer loop
      vertex 43.1947 31 36
      vertex 43.1947 29.75 35.5
      vertex 43.1947 31 33
    endloop
  endfacet
  facet normal 1 0 0
    outer loop
      vertex 43.1947 31 36
      vertex 43.1947 26.25 35.5
      vertex 43.1947 29.75 35.5
    endloop
  endfacet
  facet normal 1 -0 0
    outer loop
      vertex 43.1947 25 36
      vertex 43.1947 26.25 35.5
      vertex 43.1947 31 36
    endloop
  endfacet
  facet normal 1 0 0
    outer loop
      vertex 43.1947 25 33
      vertex 43.1947 26.25 35.5
      vertex 43.1947 25 36
    endloop
  endfacet
  facet normal 1 0 0
    outer loop
      vertex 43.1947 26.25 35.5
      vertex 43.1947 25 33
      vertex 43.1947 26.25 33
    endloop
  endfacet
  facet normal 1 0 0
    outer loop
      vertex 43.1947 31 33
      vertex 43.1947 29.75 35.5
      vertex 43.1947 29.75 33
    endloop
  endfacet
  facet normal 0 0 -1
    outer loop
      vertex 43.1947 25 33
      vertex 38.7624 26.25 33
      vertex 43.1947 26.25 33
    endloop
  endfacet
  facet normal -0 0 -1
    outer loop
      vertex 38.7624 26.25 33
      vertex 34.1947 25 33
      vertex 38.7624 29.75 33
    endloop
  endfacet
  facet normal 0 0 -1
    outer loop
      vertex 34.1947 25 33
      vertex 38.7624 26.25 33
      vertex 43.1947 25 33
    endloop
  endfacet
  facet normal 0 0 -1
    outer loop
      vertex 38.7624 29.75 33
      vertex 43.1947 31 33
      vertex 43.1947 29.75 33
    endloop
  endfacet
  facet normal 0 0 -1
    outer loop
      vertex 38.7624 29.75 33
      vertex 34.1947 31 33
      vertex 43.1947 31 33
    endloop
  endfacet
  facet normal 0 0 -1
    outer loop
      vertex 34.1947 31 33
      vertex 38.7624 29.75 33
      vertex 34.1947 25 33
    endloop
  endfacet
  facet normal -1 0 0
    outer loop
      vertex 34.1947 25 33
      vertex 34.1947 31 36
      vertex 34.1947 31 33
    endloop
  endfacet
  facet normal -1 -0 0
    outer loop
      vertex 34.1947 31 36
      vertex 34.1947 25 33
      vertex 34.1947 25 36
    endloop
  endfacet
  facet normal 0 -1 0
    outer loop
      vertex 34.1947 25 33
      vertex 43.1947 25 36
      vertex 34.1947 25 36
    endloop
  endfacet
  facet normal 0 -1 -0
    outer loop
      vertex 43.1947 25 36
      vertex 34.1947 25 33
      vertex 43.1947 25 33
    endloop
  endfacet
  facet normal 0 1 -0
    outer loop
      vertex 43.1947 31 33
      vertex 34.1947 31 36
      vertex 43.1947 31 36
    endloop
  endfacet
  facet normal 0 1 0
    outer loop
      vertex 34.1947 31 36
      vertex 43.1947 31 33
      vertex 34.1947 31 33
    endloop
  endfacet
  facet normal 1 -0 0
    outer loop
      vertex 32.1947 25 36
      vertex 32.1947 31 33
      vertex 32.1947 31 36
    endloop
  endfacet
  facet normal 1 0 0
    outer loop
      vertex 32.1947 31 33
      vertex 32.1947 25 36
      vertex 32.1947 25 33
    endloop
  endfacet
  facet normal 0 0 -1
    outer loop
      vertex 23.1947 25 33
      vertex 32.1947 31 33
      vertex 32.1947 25 33
    endloop
  endfacet
  facet normal -0 0 -1
    outer loop
      vertex 32.1947 31 33
      vertex 23.1947 25 33
      vertex 23.1947 31 33
    endloop
  endfacet
  facet normal -1 0 0
    outer loop
      vertex 23.1947 25 33
      vertex 23.1947 31 36
      vertex 23.1947 31 33
    endloop
  endfacet
  facet normal -1 -0 0
    outer loop
      vertex 23.1947 31 36
      vertex 23.1947 25 33
      vertex 23.1947 25 36
    endloop
  endfacet
  facet normal 0 -1 0
    outer loop
      vertex 23.1947 25 33
      vertex 32.1947 25 36
      vertex 23.1947 25 36
    endloop
  endfacet
  facet normal 0 -1 -0
    outer loop
      vertex 32.1947 25 36
      vertex 23.1947 25 33
      vertex 32.1947 25 33
    endloop
  endfacet
  facet normal 0 1 -0
    outer loop
      vertex 32.1947 31 33
      vertex 23.1947 31 36
      vertex 32.1947 31 36
    endloop
  endfacet
  facet normal 0 1 0
    outer loop
      vertex 23.1947 31 36
      vertex 32.1947 31 33
      vertex 23.1947 31 33
    endloop
  endfacet
  facet normal 1 -0 0
    outer loop
      vertex 21.1947 25 36
      vertex 21.1947 31 33
      vertex 21.1947 31 36
    endloop
  endfacet
  facet normal 1 0 0
    outer loop
      vertex 21.1947 31 33
      vertex 21.1947 25 36
      vertex 21.1947 25 33
    endloop
  endfacet
  facet normal 0 0 -1
    outer loop
      vertex 12.1947 25 33
      vertex 21.1947 31 33
      vertex 21.1947 25 33
    endloop
  endfacet
  facet normal -0 0 -1
    outer loop
      vertex 21.1947 31 33
      vertex 12.1947 25 33
      vertex 12.1947 31 33
    endloop
  endfacet
  facet normal -1 0 0
    outer loop
      vertex 12.1947 25 33
      vertex 12.1947 31 36
      vertex 12.1947 31 33
    endloop
  endfacet
  facet normal -1 -0 0
    outer loop
      vertex 12.1947 31 36
      vertex 12.1947 25 33
      vertex 12.1947 25 36
    endloop
  endfacet
  facet normal 0 -1 0
    outer loop
      vertex 12.1947 25 33
      vertex 21.1947 25 36
      vertex 12.1947 25 36
    endloop
  endfacet
  facet normal 0 -1 -0
    outer loop
      vertex 21.1947 25 36
      vertex 12.1947 25 33
      vertex 21.1947 25 33
    endloop
  endfacet
  facet normal 0 1 -0
    outer loop
      vertex 21.1947 31 33
      vertex 12.1947 31 36
      vertex 21.1947 31 36
    endloop
  endfacet
  facet normal 0 1 0
    outer loop
      vertex 12.1947 31 36
      vertex 21.1947 31 33
      vertex 12.1947 31 33
    endloop
  endfacet
  facet normal 1 -0 0
    outer loop
      vertex 10.1947 25 36
      vertex 10.1947 31 33
      vertex 10.1947 31 36
    endloop
  endfacet
  facet normal 1 0 0
    outer loop
      vertex 10.1947 31 33
      vertex 10.1947 25 36
      vertex 10.1947 25 33
    endloop
  endfacet
  facet normal 0 0 -1
    outer loop
      vertex 1.19469 25 33
      vertex 10.1947 31 33
      vertex 10.1947 25 33
    endloop
  endfacet
  facet normal -0 0 -1
    outer loop
      vertex 10.1947 31 33
      vertex 1.19469 25 33
      vertex 1.19469 31 33
    endloop
  endfacet
  facet normal -1 0 0
    outer loop
      vertex 1.19469 25 33
      vertex 1.19469 31 36
      vertex 1.19469 31 33
    endloop
  endfacet
  facet normal -1 -0 0
    outer loop
      vertex 1.19469 31 36
      vertex 1.19469 25 33
      vertex 1.19469 25 36
    endloop
  endfacet
  facet normal 0 -1 0
    outer loop
      vertex 1.19469 25 33
      vertex 10.1947 25 36
      vertex 1.19469 25 36
    endloop
  endfacet
  facet normal 0 -1 -0
    outer loop
      vertex 10.1947 25 36
      vertex 1.19469 25 33
      vertex 10.1947 25 33
    endloop
  endfacet
  facet normal 0 1 -0
    outer loop
      vertex 10.1947 31 33
      vertex 1.19469 31 36
      vertex 10.1947 31 36
    endloop
  endfacet
  facet normal 0 1 0
    outer loop
      vertex 1.19469 31 36
      vertex 10.1947 31 33
      vertex 1.19469 31 33
    endloop
  endfacet
  facet normal 1 -0 0
    outer loop
      vertex -0.805314 25 36
      vertex -0.805314 31 33
      vertex -0.805314 31 36
    endloop
  endfacet
  facet normal 1 0 0
    outer loop
      vertex -0.805314 31 33
      vertex -0.805314 25 36
      vertex -0.805314 25 33
    endloop
  endfacet
  facet normal 0 0 -1
    outer loop
      vertex -9.80531 25 33
      vertex -0.805314 31 33
      vertex -0.805314 25 33
    endloop
  endfacet
  facet normal -0 0 -1
    outer loop
      vertex -0.805314 31 33
      vertex -9.80531 25 33
      vertex -9.80531 31 33
    endloop
  endfacet
  facet normal -1 0 0
    outer loop
      vertex -9.80531 25 33
      vertex -9.80531 31 36
      vertex -9.80531 31 33
    endloop
  endfacet
  facet normal -1 -0 0
    outer loop
      vertex -9.80531 31 36
      vertex -9.80531 25 33
      vertex -9.80531 25 36
    endloop
  endfacet
  facet normal 0 -1 0
    outer loop
      vertex -9.80531 25 33
      vertex -0.805314 25 36
      vertex -9.80531 25 36
    endloop
  endfacet
  facet normal 0 -1 -0
    outer loop
      vertex -0.805314 25 36
      vertex -9.80531 25 33
      vertex -0.805314 25 33
    endloop
  endfacet
  facet normal 0 1 -0
    outer loop
      vertex -0.805314 31 33
      vertex -9.80531 31 36
      vertex -0.805314 31 36
    endloop
  endfacet
  facet normal 0 1 0
    outer loop
      vertex -9.80531 31 36
      vertex -0.805314 31 33
      vertex -9.80531 31 33
    endloop
  endfacet
  facet normal 1 -0 0
    outer loop
      vertex -11.8053 25 36
      vertex -11.8053 31 33
      vertex -11.8053 31 36
    endloop
  endfacet
  facet normal 1 0 0
    outer loop
      vertex -11.8053 31 33
      vertex -11.8053 25 36
      vertex -11.8053 25 33
    endloop
  endfacet
  facet normal 0 0 -1
    outer loop
      vertex -20.8053 25 33
      vertex -11.8053 31 33
      vertex -11.8053 25 33
    endloop
  endfacet
  facet normal -0 0 -1
    outer loop
      vertex -11.8053 31 33
      vertex -20.8053 25 33
      vertex -20.8053 31 33
    endloop
  endfacet
  facet normal -1 0 0
    outer loop
      vertex -20.8053 25 33
      vertex -20.8053 31 36
      vertex -20.8053 31 33
    endloop
  endfacet
  facet normal -1 -0 0
    outer loop
      vertex -20.8053 31 36
      vertex -20.8053 25 33
      vertex -20.8053 25 36
    endloop
  endfacet
  facet normal 0 -1 0
    outer loop
      vertex -20.8053 25 33
      vertex -11.8053 25 36
      vertex -20.8053 25 36
    endloop
  endfacet
  facet normal 0 -1 -0
    outer loop
      vertex -11.8053 25 36
      vertex -20.8053 25 33
      vertex -11.8053 25 33
    endloop
  endfacet
  facet normal 0 1 -0
    outer loop
      vertex -11.8053 31 33
      vertex -20.8053 31 36
      vertex -11.8053 31 36
    endloop
  endfacet
  facet normal 0 1 0
    outer loop
      vertex -20.8053 31 36
      vertex -11.8053 31 33
      vertex -20.8053 31 33
    endloop
  endfacet
  facet normal 1 -0 0
    outer loop
      vertex -22.8053 25 36
      vertex -22.8053 31 33
      vertex -22.8053 31 36
    endloop
  endfacet
  facet normal 1 0 0
    outer loop
      vertex -22.8053 31 33
      vertex -22.8053 25 36
      vertex -22.8053 25 33
    endloop
  endfacet
  facet normal 0 0 -1
    outer loop
      vertex -31.8053 25 33
      vertex -22.8053 31 33
      vertex -22.8053 25 33
    endloop
  endfacet
  facet normal -0 0 -1
    outer loop
      vertex -22.8053 31 33
      vertex -31.8053 25 33
      vertex -31.8053 31 33
    endloop
  endfacet
  facet normal -1 0 0
    outer loop
      vertex -31.8053 25 33
      vertex -31.8053 31 36
      vertex -31.8053 31 33
    endloop
  endfacet
  facet normal -1 -0 0
    outer loop
      vertex -31.8053 31 36
      vertex -31.8053 25 33
      vertex -31.8053 25 36
    endloop
  endfacet
  facet normal 0 -1 0
    outer loop
      vertex -31.8053 25 33
      vertex -22.8053 25 36
      vertex -31.8053 25 36
    endloop
  endfacet
  facet normal 0 -1 -0
    outer loop
      vertex -22.8053 25 36
      vertex -31.8053 25 33
      vertex -22.8053 25 33
    endloop
  endfacet
  facet normal 0 1 -0
    outer loop
      vertex -22.8053 31 33
      vertex -31.8053 31 36
      vertex -22.8053 31 36
    endloop
  endfacet
  facet normal 0 1 0
    outer loop
      vertex -31.8053 31 36
      vertex -22.8053 31 33
      vertex -31.8053 31 33
    endloop
  endfacet
  facet normal -1 0 0
    outer loop
      vertex -44.3053 19 36
      vertex -44.3053 37 36.3617
      vertex -44.3053 37 36
    endloop
  endfacet
  facet normal -1 -0 0
    outer loop
      vertex -44.3053 37 36.3617
      vertex -44.3053 19 36
      vertex -44.3053 19 36.3617
    endloop
  endfacet
  facet normal 1 -0 0
    outer loop
      vertex -33.8053 25 36
      vertex -33.8053 31 33
      vertex -33.8053 31 36
    endloop
  endfacet
  facet normal 1 0 0
    outer loop
      vertex -33.8053 31 33
      vertex -33.8053 25 36
      vertex -33.8053 25 33
    endloop
  endfacet
  facet normal 0 0 -1
    outer loop
      vertex -42.8053 25 33
      vertex -33.8053 31 33
      vertex -33.8053 25 33
    endloop
  endfacet
  facet normal -0 0 -1
    outer loop
      vertex -33.8053 31 33
      vertex -42.8053 25 33
      vertex -42.8053 31 33
    endloop
  endfacet
  facet normal -1 0 0
    outer loop
      vertex -42.8053 25 33
      vertex -42.8053 31 36
      vertex -42.8053 31 33
    endloop
  endfacet
  facet normal -1 -0 0
    outer loop
      vertex -42.8053 31 36
      vertex -42.8053 25 33
      vertex -42.8053 25 36
    endloop
  endfacet
  facet normal 0 -1 0
    outer loop
      vertex -42.8053 25 33
      vertex -33.8053 25 36
      vertex -42.8053 25 36
    endloop
  endfacet
  facet normal 0 -1 -0
    outer loop
      vertex -33.8053 25 36
      vertex -42.8053 25 33
      vertex -33.8053 25 33
    endloop
  endfacet
  facet normal 0 1 -0
    outer loop
      vertex -33.8053 31 33
      vertex -42.8053 31 36
      vertex -33.8053 31 36
    endloop
  endfacet
  facet normal 0 1 0
    outer loop
      vertex -42.8053 31 36
      vertex -33.8053 31 33
      vertex -42.8053 31 33
    endloop
  endfacet
  facet normal 0.996459 -0 0.0840846
    outer loop
      vertex -43.4512 19 39.4444
      vertex -43.4137 37 39
      vertex -43.4512 37 39.4444
    endloop
  endfacet
  facet normal 0.996459 0 0.0840846
    outer loop
      vertex -43.4137 37 39
      vertex -43.4512 19 39.4444
      vertex -43.4137 19 39
    endloop
  endfacet
  facet normal 0.0841925 0 -0.99645
    outer loop
      vertex -44.3053 19 36.3617
      vertex -44.6935 25 36.3289
      vertex -44.3053 37 36.3617
    endloop
  endfacet
  facet normal 0.0841102 -5.36217e-06 -0.996456
    outer loop
      vertex -44.3053 19 36.3617
      vertex -53.6617 25 35.5719
      vertex -44.6935 25 36.3289
    endloop
  endfacet
  facet normal 0.0841052 0 -0.996457
    outer loop
      vertex -53.6617 25 35.5719
      vertex -54.3465 19 35.5141
      vertex -53.6617 31 35.5719
    endloop
  endfacet
  facet normal 0.0841131 -9.11655e-07 -0.996456
    outer loop
      vertex -54.3465 19 35.5141
      vertex -53.6617 25 35.5719
      vertex -44.3053 19 36.3617
    endloop
  endfacet
  facet normal 0.0841925 0 -0.99645
    outer loop
      vertex -44.6935 31 36.3289
      vertex -44.3053 37 36.3617
      vertex -44.6935 25 36.3289
    endloop
  endfacet
  facet normal 0.0841102 5.36217e-06 -0.996456
    outer loop
      vertex -53.6617 31 35.5719
      vertex -44.3053 37 36.3617
      vertex -44.6935 31 36.3289
    endloop
  endfacet
  facet normal 0.0841131 9.11655e-07 -0.996456
    outer loop
      vertex -53.6617 31 35.5719
      vertex -54.3465 37 35.5141
      vertex -44.3053 37 36.3617
    endloop
  endfacet
  facet normal 0.0841052 0 -0.996457
    outer loop
      vertex -54.3465 37 35.5141
      vertex -53.6617 31 35.5719
      vertex -54.3465 19 35.5141
    endloop
  endfacet
  facet normal -0.996451 0 -0.084174
    outer loop
      vertex -55.3408 19 37.6313
      vertex -55.4087 37 38.4351
      vertex -55.3408 37 37.6313
    endloop
  endfacet
  facet normal -0.996451 -0 -0.084174
    outer loop
      vertex -55.4087 37 38.4351
      vertex -55.3408 19 37.6313
      vertex -55.4087 19 38.4351
    endloop
  endfacet
  facet normal -0.0841082 0 0.996457
    outer loop
      vertex -55.4087 37 38.4351
      vertex -43.4512 19 39.4444
      vertex -43.4512 37 39.4444
    endloop
  endfacet
  facet normal -0.0841082 0 0.996457
    outer loop
      vertex -43.4512 19 39.4444
      vertex -55.4087 37 38.4351
      vertex -55.4087 19 38.4351
    endloop
  endfacet
  facet normal 0.996457 -0 0.0840988
    outer loop
      vertex -44.6935 25 36.3289
      vertex -44.4497 31 33.4402
      vertex -44.6935 31 36.3289
    endloop
  endfacet
  facet normal 0.996457 0 0.0840988
    outer loop
      vertex -44.4497 31 33.4402
      vertex -44.6935 25 36.3289
      vertex -44.4497 25 33.4402
    endloop
  endfacet
  facet normal -0.996453 0 -0.0841519
    outer loop
      vertex -53.5056 25 33.7235
      vertex -53.6617 31 35.5719
      vertex -53.5056 31 33.7235
    endloop
  endfacet
  facet normal -0.996453 -0 -0.0841519
    outer loop
      vertex -53.6617 31 35.5719
      vertex -53.5056 25 33.7235
      vertex -53.6617 25 35.5719
    endloop
  endfacet
  facet normal 0 -1 0
    outer loop
      vertex -59.5911 25 25.1058
      vertex -59.8153 25 27.3057
      vertex -61.6661 25 27.4303
    endloop
  endfacet
  facet normal 0 -1 0
    outer loop
      vertex -59.8153 25 27.3057
      vertex -59.5911 25 25.1058
      vertex -59.0866 25 26.5922
    endloop
  endfacet
  facet normal 0 -1 0
    outer loop
      vertex -61.6661 25 27.4303
      vertex -59.8973 25 23.5663
      vertex -59.5911 25 25.1058
    endloop
  endfacet
  facet normal 0 -1 0
    outer loop
      vertex -61.6661 25 27.4303
      vertex -60 25 22
      vertex -59.8973 25 23.5663
    endloop
  endfacet
  facet normal 0 -1 0
    outer loop
      vertex -62.2707 25 18.4506
      vertex -60 25 22
      vertex -61.6661 25 27.4303
    endloop
  endfacet
  facet normal 0 -1 -0
    outer loop
      vertex -60 25 22
      vertex -62.2707 25 18.4506
      vertex -59.8973 25 20.4337
    endloop
  endfacet
  facet normal 0 -1 0
    outer loop
      vertex -60.4199 25 18.326
      vertex -59.8973 25 20.4337
      vertex -62.2707 25 18.4506
    endloop
  endfacet
  facet normal 0 -1 -0
    outer loop
      vertex -59.8973 25 20.4337
      vertex -60.4199 25 18.326
      vertex -59.5911 25 18.8942
    endloop
  endfacet
  facet normal 0 -1 0
    outer loop
      vertex -60.4199 25 18.326
      vertex -59.0866 25 17.4078
      vertex -59.5911 25 18.8942
    endloop
  endfacet
  facet normal 0 -1 0
    outer loop
      vertex -61.905 25 17.2146
      vertex -59.0866 25 17.4078
      vertex -60.4199 25 18.326
    endloop
  endfacet
  facet normal 0 -1 0
    outer loop
      vertex -61.905 25 17.2146
      vertex -58.3923 25 16
      vertex -59.0866 25 17.4078
    endloop
  endfacet
  facet normal 0 -1 0
    outer loop
      vertex -61.905 25 17.2146
      vertex -57.5202 25 14.6949
      vertex -58.3923 25 16
    endloop
  endfacet
  facet normal 0 -1 0
    outer loop
      vertex -56.5126 25 10.0089
      vertex -57.5202 25 14.6949
      vertex -61.905 25 17.2146
    endloop
  endfacet
  facet normal 0 -1 0
    outer loop
      vertex -57.5202 25 14.6949
      vertex -56.5126 25 10.0089
      vertex -56.4853 25 13.5147
    endloop
  endfacet
  facet normal 0 -1 -0
    outer loop
      vertex -55.3051 25 12.4798
      vertex -56.5126 25 10.0089
      vertex -54.1988 25 11.7405
    endloop
  endfacet
  facet normal 0 -1 -0
    outer loop
      vertex -56.4853 25 13.5147
      vertex -56.5126 25 10.0089
      vertex -55.3051 25 12.4798
    endloop
  endfacet
  facet normal 0 -1 0
    outer loop
      vertex -53.5056 25 33.7235
      vertex -52.5922 25 33.0866
      vertex -51.1058 25 33.5911
    endloop
  endfacet
  facet normal 0 -1 -0
    outer loop
      vertex -53.5056 25 33.7235
      vertex -54 25 32.3923
      vertex -52.5922 25 33.0866
    endloop
  endfacet
  facet normal 0 -1 0
    outer loop
      vertex -54.8284 25 35.024
      vertex -54 25 32.3923
      vertex -53.5056 25 33.7235
    endloop
  endfacet
  facet normal 0 -1 -0
    outer loop
      vertex -54.8284 25 35.024
      vertex -55.3051 25 31.5202
      vertex -54 25 32.3923
    endloop
  endfacet
  facet normal 0 -1 0
    outer loop
      vertex -54.8284 25 35.024
      vertex -56.4853 25 30.4853
      vertex -55.3051 25 31.5202
    endloop
  endfacet
  facet normal 0 -1 0
    outer loop
      vertex -61.1381 25 28.6062
      vertex -56.4853 25 30.4853
      vertex -54.8284 25 35.024
    endloop
  endfacet
  facet normal 0 -1 0
    outer loop
      vertex -56.4853 25 30.4853
      vertex -61.1381 25 28.6062
      vertex -57.5202 25 29.3051
    endloop
  endfacet
  facet normal 0 -1 0
    outer loop
      vertex -61.1381 25 28.6062
      vertex -58.3923 25 28
      vertex -57.5202 25 29.3051
    endloop
  endfacet
  facet normal 0 -1 0
    outer loop
      vertex -59.8153 25 27.3057
      vertex -58.3923 25 28
      vertex -61.1381 25 28.6062
    endloop
  endfacet
  facet normal 0 -1 0
    outer loop
      vertex -58.3923 25 28
      vertex -59.8153 25 27.3057
      vertex -59.0866 25 26.5922
    endloop
  endfacet
  facet normal 0 -1 0
    outer loop
      vertex -44.6935 25 36.3289
      vertex -49.5663 25 33.8973
      vertex -48 25 34
    endloop
  endfacet
  facet normal 0 -1 0
    outer loop
      vertex -51.1058 25 33.5911
      vertex -53.6617 25 35.5719
      vertex -53.5056 25 33.7235
    endloop
  endfacet
  facet normal 0 -1 0
    outer loop
      vertex -53.6617 25 35.5719
      vertex -51.1058 25 33.5911
      vertex -49.5663 25 33.8973
    endloop
  endfacet
  facet normal 0 -1 0
    outer loop
      vertex -49.5663 25 33.8973
      vertex -44.6935 25 36.3289
      vertex -53.6617 25 35.5719
    endloop
  endfacet
  facet normal 0 -1 0
    outer loop
      vertex -46.4337 25 33.8973
      vertex -44.6935 25 36.3289
      vertex -48 25 34
    endloop
  endfacet
  facet normal 0 -1 0
    outer loop
      vertex -44.8942 25 33.5911
      vertex -44.6935 25 36.3289
      vertex -46.4337 25 33.8973
    endloop
  endfacet
  facet normal 0 -1 -0
    outer loop
      vertex -44.6935 25 36.3289
      vertex -44.8942 25 33.5911
      vertex -44.4497 25 33.4402
    endloop
  endfacet
  facet normal 0 1 0
    outer loop
      vertex -49.5663 31 33.8973
      vertex -44.6935 31 36.3289
      vertex -48 31 34
    endloop
  endfacet
  facet normal 0 1 0
    outer loop
      vertex -44.6935 31 36.3289
      vertex -46.4337 31 33.8973
      vertex -48 31 34
    endloop
  endfacet
  facet normal 0 1 0
    outer loop
      vertex -44.6935 31 36.3289
      vertex -44.8942 31 33.5911
      vertex -46.4337 31 33.8973
    endloop
  endfacet
  facet normal -0 1 0
    outer loop
      vertex -44.8942 31 33.5911
      vertex -44.6935 31 36.3289
      vertex -44.4497 31 33.4402
    endloop
  endfacet
  facet normal 0 1 0
    outer loop
      vertex -44.6935 31 36.3289
      vertex -49.5663 31 33.8973
      vertex -53.6617 31 35.5719
    endloop
  endfacet
  facet normal 0 1 -0
    outer loop
      vertex -51.1058 31 33.5911
      vertex -53.6617 31 35.5719
      vertex -49.5663 31 33.8973
    endloop
  endfacet
  facet normal 0 1 0
    outer loop
      vertex -53.6617 31 35.5719
      vertex -51.1058 31 33.5911
      vertex -53.5056 31 33.7235
    endloop
  endfacet
  facet normal 0 1 -0
    outer loop
      vertex -52.5922 31 33.0866
      vertex -53.5056 31 33.7235
      vertex -51.1058 31 33.5911
    endloop
  endfacet
  facet normal 0 1 0
    outer loop
      vertex -54 31 32.3923
      vertex -53.5056 31 33.7235
      vertex -52.5922 31 33.0866
    endloop
  endfacet
  facet normal 0 1 -0
    outer loop
      vertex -54 31 32.3923
      vertex -54.8284 31 35.024
      vertex -53.5056 31 33.7235
    endloop
  endfacet
  facet normal 0 1 0
    outer loop
      vertex -55.3051 31 31.5202
      vertex -54.8284 31 35.024
      vertex -54 31 32.3923
    endloop
  endfacet
  facet normal 0 1 0
    outer loop
      vertex -56.4853 31 30.4853
      vertex -54.8284 31 35.024
      vertex -55.3051 31 31.5202
    endloop
  endfacet
  facet normal 0 1 0
    outer loop
      vertex -61.1381 31 28.6062
      vertex -56.4853 31 30.4853
      vertex -57.5202 31 29.3051
    endloop
  endfacet
  facet normal 0 1 -0
    outer loop
      vertex -56.4853 31 30.4853
      vertex -61.1381 31 28.6062
      vertex -54.8284 31 35.024
    endloop
  endfacet
  facet normal 0 1 -0
    outer loop
      vertex -58.3923 31 28
      vertex -61.1381 31 28.6062
      vertex -57.5202 31 29.3051
    endloop
  endfacet
  facet normal 0 1 0
    outer loop
      vertex -58.3923 31 28
      vertex -59.8153 31 27.3057
      vertex -61.1381 31 28.6062
    endloop
  endfacet
  facet normal -0 1 0
    outer loop
      vertex -59.8153 31 27.3057
      vertex -58.3923 31 28
      vertex -59.0866 31 26.5922
    endloop
  endfacet
  facet normal 0 1 -0
    outer loop
      vertex -59.5911 31 25.1058
      vertex -59.8153 31 27.3057
      vertex -59.0866 31 26.5922
    endloop
  endfacet
  facet normal 0 1 0
    outer loop
      vertex -59.8153 31 27.3057
      vertex -59.5911 31 25.1058
      vertex -61.6661 31 27.4303
    endloop
  endfacet
  facet normal 0 1 -0
    outer loop
      vertex -59.8973 31 23.5663
      vertex -61.6661 31 27.4303
      vertex -59.5911 31 25.1058
    endloop
  endfacet
  facet normal 0 1 -0
    outer loop
      vertex -60 31 22
      vertex -61.6661 31 27.4303
      vertex -59.8973 31 23.5663
    endloop
  endfacet
  facet normal 0 1 0
    outer loop
      vertex -62.2707 31 18.4506
      vertex -60 31 22
      vertex -59.8973 31 20.4337
    endloop
  endfacet
  facet normal 0 1 0
    outer loop
      vertex -60.4199 31 18.326
      vertex -59.8973 31 20.4337
      vertex -59.5911 31 18.8942
    endloop
  endfacet
  facet normal 0 1 0
    outer loop
      vertex -60 31 22
      vertex -62.2707 31 18.4506
      vertex -61.6661 31 27.4303
    endloop
  endfacet
  facet normal 0 1 0
    outer loop
      vertex -59.8973 31 20.4337
      vertex -60.4199 31 18.326
      vertex -62.2707 31 18.4506
    endloop
  endfacet
  facet normal 0 1 0
    outer loop
      vertex -59.0866 31 17.4078
      vertex -60.4199 31 18.326
      vertex -59.5911 31 18.8942
    endloop
  endfacet
  facet normal 0 1 0
    outer loop
      vertex -59.0866 31 17.4078
      vertex -61.905 31 17.2146
      vertex -60.4199 31 18.326
    endloop
  endfacet
  facet normal 0 1 0
    outer loop
      vertex -58.3923 31 16
      vertex -61.905 31 17.2146
      vertex -59.0866 31 17.4078
    endloop
  endfacet
  facet normal 0 1 0
    outer loop
      vertex -57.5202 31 14.6949
      vertex -61.905 31 17.2146
      vertex -58.3923 31 16
    endloop
  endfacet
  facet normal 0 1 -0
    outer loop
      vertex -56.5126 31 10.0089
      vertex -57.5202 31 14.6949
      vertex -56.4853 31 13.5147
    endloop
  endfacet
  facet normal 0 1 0
    outer loop
      vertex -56.5126 31 10.0089
      vertex -56.4853 31 13.5147
      vertex -55.3051 31 12.4798
    endloop
  endfacet
  facet normal 0 1 0
    outer loop
      vertex -57.5202 31 14.6949
      vertex -56.5126 31 10.0089
      vertex -61.905 31 17.2146
    endloop
  endfacet
  facet normal 0 1 0
    outer loop
      vertex -56.5126 31 10.0089
      vertex -55.3051 31 12.4798
      vertex -54.1988 31 11.7405
    endloop
  endfacet
  facet normal 0.701069 0 0.713094
    outer loop
      vertex -55.916 37 38.1968
      vertex -55.3408 19 37.6313
      vertex -55.3408 37 37.6313
    endloop
  endfacet
  facet normal 0.701069 0 0.713094
    outer loop
      vertex -55.3408 19 37.6313
      vertex -55.916 37 38.1968
      vertex -55.916 19 38.1968
    endloop
  endfacet
  facet normal 0.713086 -6.47188e-06 -0.701076
    outer loop
      vertex -54.3465 37 35.5141
      vertex -54.8284 31 35.024
      vertex -61.6199 37 28.1161
    endloop
  endfacet
  facet normal 0.713047 0 -0.701117
    outer loop
      vertex -54.3465 37 35.5141
      vertex -54.8284 25 35.024
      vertex -54.8284 31 35.024
    endloop
  endfacet
  facet normal 0.713087 6.55276e-06 -0.701076
    outer loop
      vertex -54.8284 25 35.024
      vertex -54.3465 19 35.5141
      vertex -61.1381 25 28.6062
    endloop
  endfacet
  facet normal 0.713047 0 -0.701117
    outer loop
      vertex -54.3465 19 35.5141
      vertex -54.8284 25 35.024
      vertex -54.3465 37 35.5141
    endloop
  endfacet
  facet normal 0.713087 -5.33202e-06 -0.701076
    outer loop
      vertex -61.1381 31 28.6062
      vertex -61.6199 37 28.1161
      vertex -54.8284 31 35.024
    endloop
  endfacet
  facet normal 0.713119 0 -0.701043
    outer loop
      vertex -61.1381 25 28.6062
      vertex -61.6199 37 28.1161
      vertex -61.1381 31 28.6062
    endloop
  endfacet
  facet normal 0.713119 0 -0.701043
    outer loop
      vertex -61.1381 25 28.6062
      vertex -61.6199 19 28.1161
      vertex -61.6199 37 28.1161
    endloop
  endfacet
  facet normal 0.713086 5.41289e-06 -0.701076
    outer loop
      vertex -61.6199 19 28.1161
      vertex -61.1381 25 28.6062
      vertex -54.3465 19 35.5141
    endloop
  endfacet
  facet normal -0.701069 0 -0.713094
    outer loop
      vertex -64.3289 19 29.6398
      vertex -63.7537 37 29.0743
      vertex -63.7537 19 29.0743
    endloop
  endfacet
  facet normal -0.701069 0 -0.713094
    outer loop
      vertex -63.7537 37 29.0743
      vertex -64.3289 19 29.6398
      vertex -64.3289 37 29.6398
    endloop
  endfacet
  facet normal -0.713085 0 0.701077
    outer loop
      vertex -64.3289 19 29.6398
      vertex -55.916 37 38.1968
      vertex -64.3289 37 29.6398
    endloop
  endfacet
  facet normal -0.713085 0 0.701077
    outer loop
      vertex -55.916 37 38.1968
      vertex -64.3289 19 29.6398
      vertex -55.916 19 38.1968
    endloop
  endfacet
  facet normal 0.701071 0 0.713092
    outer loop
      vertex -54.8284 31 35.024
      vertex -53.5056 25 33.7235
      vertex -53.5056 31 33.7235
    endloop
  endfacet
  facet normal 0.701071 0 0.713092
    outer loop
      vertex -53.5056 25 33.7235
      vertex -54.8284 31 35.024
      vertex -54.8284 25 35.024
    endloop
  endfacet
  facet normal -0.701071 0 -0.713092
    outer loop
      vertex -61.1381 25 28.6062
      vertex -59.8153 31 27.3057
      vertex -59.8153 25 27.3057
    endloop
  endfacet
  facet normal -0.701071 0 -0.713092
    outer loop
      vertex -59.8153 31 27.3057
      vertex -61.1381 25 28.6062
      vertex -61.1381 31 28.6062
    endloop
  endfacet
  facet normal 0.0671937 0 0.99774
    outer loop
      vertex -64.5585 37 29.1285
      vertex -63.7537 19 29.0743
      vertex -63.7537 37 29.0743
    endloop
  endfacet
  facet normal 0.0671937 0 0.99774
    outer loop
      vertex -63.7537 19 29.0743
      vertex -64.5585 37 29.1285
      vertex -64.5585 19 29.1285
    endloop
  endfacet
  facet normal 0.997741 -4.68161e-06 -0.0671735
    outer loop
      vertex -61.6199 37 28.1161
      vertex -61.6661 31 27.4303
      vertex -62.3168 37 17.7649
    endloop
  endfacet
  facet normal 0.997739 0 -0.0672142
    outer loop
      vertex -61.6199 37 28.1161
      vertex -61.6661 25 27.4303
      vertex -61.6661 31 27.4303
    endloop
  endfacet
  facet normal 0.997741 4.21221e-06 -0.0671775
    outer loop
      vertex -61.6661 25 27.4303
      vertex -61.6199 19 28.1161
      vertex -62.2707 25 18.4506
    endloop
  endfacet
  facet normal 0.997739 0 -0.0672142
    outer loop
      vertex -61.6199 19 28.1161
      vertex -61.6661 25 27.4303
      vertex -61.6199 37 28.1161
    endloop
  endfacet
  facet normal 0.997741 -1.12972e-05 -0.0671775
    outer loop
      vertex -62.2707 31 18.4506
      vertex -62.3168 37 17.7649
      vertex -61.6661 31 27.4303
    endloop
  endfacet
  facet normal 0.997748 0 -0.0670791
    outer loop
      vertex -62.2707 25 18.4506
      vertex -62.3168 37 17.7649
      vertex -62.2707 31 18.4506
    endloop
  endfacet
  facet normal 0.997748 0 -0.0670791
    outer loop
      vertex -62.2707 25 18.4506
      vertex -62.3168 19 17.7649
      vertex -62.3168 37 17.7649
    endloop
  endfacet
  facet normal 0.997741 1.08279e-05 -0.0671735
    outer loop
      vertex -62.3168 19 17.7649
      vertex -62.2707 25 18.4506
      vertex -61.6199 19 28.1161
    endloop
  endfacet
  facet normal -0.0671937 0 -0.99774
    outer loop
      vertex -65.3647 19 17.1556
      vertex -64.5599 37 17.1014
      vertex -64.5599 19 17.1014
    endloop
  endfacet
  facet normal -0.0671937 0 -0.99774
    outer loop
      vertex -64.5599 37 17.1014
      vertex -65.3647 19 17.1556
      vertex -65.3647 37 17.1556
    endloop
  endfacet
  facet normal -0.997741 0 0.0671833
    outer loop
      vertex -65.3647 19 17.1556
      vertex -64.5585 37 29.1285
      vertex -65.3647 37 17.1556
    endloop
  endfacet
  facet normal -0.997741 0 0.0671833
    outer loop
      vertex -64.5585 37 29.1285
      vertex -65.3647 19 17.1556
      vertex -64.5585 19 29.1285
    endloop
  endfacet
  facet normal 0.0671702 0 0.997742
    outer loop
      vertex -61.6661 31 27.4303
      vertex -59.8153 25 27.3057
      vertex -59.8153 31 27.3057
    endloop
  endfacet
  facet normal 0.0671702 0 0.997742
    outer loop
      vertex -59.8153 25 27.3057
      vertex -61.6661 31 27.4303
      vertex -61.6661 25 27.4303
    endloop
  endfacet
  facet normal -0.0671702 0 -0.997742
    outer loop
      vertex -62.2707 25 18.4506
      vertex -60.4199 31 18.326
      vertex -60.4199 25 18.326
    endloop
  endfacet
  facet normal -0.0671702 0 -0.997742
    outer loop
      vertex -60.4199 31 18.326
      vertex -62.2707 25 18.4506
      vertex -62.2707 31 18.4506
    endloop
  endfacet
  facet normal -0.599167 0 0.800624
    outer loop
      vertex -65.2057 37 16.6181
      vertex -64.5599 19 17.1014
      vertex -64.5599 37 17.1014
    endloop
  endfacet
  facet normal -0.599167 0 0.800624
    outer loop
      vertex -64.5599 19 17.1014
      vertex -65.2057 37 16.6181
      vertex -65.2057 19 16.6181
    endloop
  endfacet
  facet normal 0.800633 -2.41592e-06 0.599155
    outer loop
      vertex -56.5126 31 10.0089
      vertex -62.3168 37 17.7649
      vertex -61.905 31 17.2146
    endloop
  endfacet
  facet normal 0.800646 0 0.599138
    outer loop
      vertex -62.3168 37 17.7649
      vertex -61.905 25 17.2146
      vertex -61.905 31 17.2146
    endloop
  endfacet
  facet normal 0.800633 2.41592e-06 0.599155
    outer loop
      vertex -61.905 25 17.2146
      vertex -62.3168 19 17.7649
      vertex -56.5126 25 10.0089
    endloop
  endfacet
  facet normal 0.800646 -0 0.599138
    outer loop
      vertex -62.3168 19 17.7649
      vertex -61.905 25 17.2146
      vertex -62.3168 37 17.7649
    endloop
  endfacet
  facet normal 0.800633 -7.95845e-07 0.599154
    outer loop
      vertex -62.3168 37 17.7649
      vertex -56.5126 31 10.0089
      vertex -55.6139 37 8.808
    endloop
  endfacet
  facet normal 0.800632 -0 0.599157
    outer loop
      vertex -56.5126 25 10.0089
      vertex -55.6139 37 8.808
      vertex -56.5126 31 10.0089
    endloop
  endfacet
  facet normal 0.800632 0 0.599157
    outer loop
      vertex -56.5126 25 10.0089
      vertex -55.6139 19 8.808
      vertex -55.6139 37 8.808
    endloop
  endfacet
  facet normal 0.800633 7.95845e-07 0.599154
    outer loop
      vertex -55.6139 19 8.808
      vertex -56.5126 25 10.0089
      vertex -62.3168 19 17.7649
    endloop
  endfacet
  facet normal 0.599158 0 -0.800631
    outer loop
      vertex -58.0158 19 7.01052
      vertex -55.6139 37 8.808
      vertex -55.6139 19 8.808
    endloop
  endfacet
  facet normal 0.599158 0 -0.800631
    outer loop
      vertex -55.6139 37 8.808
      vertex -58.0158 19 7.01052
      vertex -58.0158 37 7.01052
    endloop
  endfacet
  facet normal -0.800631 0 -0.599158
    outer loop
      vertex -58.0158 19 7.01052
      vertex -65.2057 37 16.6181
      vertex -58.0158 37 7.01052
    endloop
  endfacet
  facet normal -0.800631 -0 -0.599158
    outer loop
      vertex -65.2057 37 16.6181
      vertex -58.0158 19 7.01052
      vertex -65.2057 19 16.6181
    endloop
  endfacet
  facet normal -0.599163 0 0.800627
    outer loop
      vertex -61.905 31 17.2146
      vertex -60.4199 25 18.326
      vertex -60.4199 31 18.326
    endloop
  endfacet
  facet normal -0.599163 0 0.800627
    outer loop
      vertex -60.4199 25 18.326
      vertex -61.905 31 17.2146
      vertex -61.905 25 17.2146
    endloop
  endfacet
  facet normal 0.599169 0 -0.800622
    outer loop
      vertex -56.5126 25 10.0089
      vertex -54.1988 31 11.7405
      vertex -54.1988 25 11.7405
    endloop
  endfacet
  facet normal 0.599169 0 -0.800622
    outer loop
      vertex -54.1988 31 11.7405
      vertex -56.5126 25 10.0089
      vertex -56.5126 31 10.0089
    endloop
  endfacet
endsolid OpenSCAD_Model
